dataset,threads,iteration,backend,kind,phase,seconds,sampled_columns
ecology1.mtx,1,0,CSC-control,wall,total,0.24643833700000001,0
ecology1.mtx,1,0,CSC-control,wall,native_call_and_free,0.24643807700000001,0
ecology1.mtx,1,0,DCSC-control,wall,total,0.36733961500000001,0
ecology1.mtx,1,0,DCSC-control,wall,native_call_and_free,0.36733933499999999,0
ecology1.mtx,1,0,CombBLAS-control,wall,total,0.37304996800000001,0
ecology1.mtx,1,0,CombBLAS-control,wall,native_call_and_free,0.37304968799999999,0
ecology1.mtx,1,0,CSC-profile,wall,total,0.26121323600000002,0
ecology1.mtx,1,0,CSC-profile,wall,validate,6.8199999999999999e-07,0
ecology1.mtx,1,0,CSC-profile,wall,lookup_build,4.0000000000000001e-08,0
ecology1.mtx,1,0,CSC-profile,wall,scratch_setup,0.00125658,0
ecology1.mtx,1,0,CSC-profile,wall,work_bound,0.0074992130000000002,0
ecology1.mtx,1,0,CSC-profile,wall,symbolic_capacity,0.0035692660000000002,0
ecology1.mtx,1,0,CSC-profile,wall,symbolic,0.063069556999999998,0
ecology1.mtx,1,0,CSC-profile,wall,prefix_numeric_capacity,0.0024696470000000002,0
ecology1.mtx,1,0,CSC-profile,wall,output_allocate,0.01105332,0
ecology1.mtx,1,0,CSC-profile,wall,numeric,0.17229259699999999,0
ecology1.mtx,1,0,CSC-profile,wall,return_cleanup,1.5030000000000001e-06,0
ecology1.mtx,1,0,CSC-profile,wall,output_free,7.61e-07,0
ecology1.mtx,1,0,DCSC-profile,wall,total,0.37002787199999998,0
ecology1.mtx,1,0,DCSC-profile,wall,validate,5.0100000000000005e-07,0
ecology1.mtx,1,0,DCSC-profile,wall,lookup_build,0.013971938,0
ecology1.mtx,1,0,DCSC-profile,wall,scratch_setup,0.001420515,0
ecology1.mtx,1,0,DCSC-profile,wall,work_bound,0.037309729999999999,0
ecology1.mtx,1,0,DCSC-profile,wall,symbolic_capacity,0.0022339439999999999,0
ecology1.mtx,1,0,DCSC-profile,wall,symbolic,0.093743288999999994,0
ecology1.mtx,1,0,DCSC-profile,wall,prefix_numeric_capacity,0.0023816390000000001,0
ecology1.mtx,1,0,DCSC-profile,wall,output_allocate,0.012230417,0
ecology1.mtx,1,0,DCSC-profile,wall,numeric,0.206732422,0
ecology1.mtx,1,0,DCSC-profile,wall,return_cleanup,2.796e-06,0
ecology1.mtx,1,0,DCSC-profile,wall,output_free,6.2099999999999996e-07,0
ecology1.mtx,1,0,CombBLAS-profile,wall,total,0.38745804299999997,0
ecology1.mtx,1,0,CombBLAS-profile,wall,lookup_build,0.000784284,0
ecology1.mtx,1,0,CombBLAS-profile,wall,thread_setup,2.8660000000000002e-06,0
ecology1.mtx,1,0,CombBLAS-profile,wall,work_bound,0.045968617000000003,0
ecology1.mtx,1,0,CombBLAS-profile,wall,work_prefix,0.00052826299999999995,0
ecology1.mtx,1,0,CombBLAS-profile,wall,symbolic,0.091424281999999996,0
ecology1.mtx,1,0,CombBLAS-profile,wall,output_prefix,0.00052534700000000001,0
ecology1.mtx,1,0,CombBLAS-profile,wall,output_allocate,0.016141349999999999,0
ecology1.mtx,1,0,CombBLAS-profile,wall,numeric_scratch_setup,0.0025164760000000001,0
ecology1.mtx,1,0,CombBLAS-profile,wall,numeric,0.22956215899999999,0
ecology1.mtx,1,0,CombBLAS-profile,wall,internal_cleanup,3.3069999999999998e-06,0
ecology1.mtx,1,0,CombBLAS-profile,wall,return_cleanup,5.1099999999999996e-07,0
ecology1.mtx,1,0,CombBLAS-profile,wall,output_free,5.1099999999999996e-07,0
ecology1.mtx,1,0,DCSC-sampled,wall,total,0.37385534199999998,0
ecology1.mtx,1,0,DCSC-sampled,wall,validate,4.6100000000000001e-07,0
ecology1.mtx,1,0,DCSC-sampled,wall,lookup_build,0.013882396,0
ecology1.mtx,1,0,DCSC-sampled,wall,scratch_setup,0.001321044,0
ecology1.mtx,1,0,DCSC-sampled,wall,work_bound,0.037238143000000001,0
ecology1.mtx,1,0,DCSC-sampled,wall,symbolic_capacity,0.0022515180000000001,0
ecology1.mtx,1,0,DCSC-sampled,wall,symbolic,0.093877496000000005,0
ecology1.mtx,1,0,DCSC-sampled,wall,prefix_numeric_capacity,0.0023879999999999999,0
ecology1.mtx,1,0,DCSC-sampled,wall,output_allocate,0.012307116,0
ecology1.mtx,1,0,DCSC-sampled,wall,numeric,0.21058618300000001,0
ecology1.mtx,1,0,DCSC-sampled,wall,return_cleanup,2.024e-06,0
ecology1.mtx,1,0,DCSC-sampled,wall,output_free,8.9100000000000002e-07,0
ecology1.mtx,1,0,DCSC-sampled,sampled_worker,lookup,0,8197
ecology1.mtx,1,0,DCSC-sampled,sampled_worker,alloc_init,0.00031492699999999339,8197
ecology1.mtx,1,0,DCSC-sampled,sampled_worker,lookup_multiply_hash,0.0010549970000000239,8197
ecology1.mtx,1,0,DCSC-sampled,sampled_worker,compact,0.00042819199999997434,8197
ecology1.mtx,1,0,DCSC-sampled,sampled_worker,sort,0.00058862000000003175,8197
ecology1.mtx,1,0,DCSC-sampled,sampled_worker,write,0.00033997799999997713,8197
ecology1.mtx,1,0,DCSC-sampled,sampled_worker,scratch_free,0.00032186199999998907,8197
ecology1.mtx,1,0,CombBLAS-sampled,wall,total,0.39134771299999999,0
ecology1.mtx,1,0,CombBLAS-sampled,wall,lookup_build,0.001697797,0
ecology1.mtx,1,0,CombBLAS-sampled,wall,thread_setup,2.9050000000000001e-06,0
ecology1.mtx,1,0,CombBLAS-sampled,wall,work_bound,0.045769565999999998,0
ecology1.mtx,1,0,CombBLAS-sampled,wall,work_prefix,0.00052898400000000003,0
ecology1.mtx,1,0,CombBLAS-sampled,wall,symbolic,0.091992742000000002,0
ecology1.mtx,1,0,CombBLAS-sampled,wall,output_prefix,0.00052665999999999998,0
ecology1.mtx,1,0,CombBLAS-sampled,wall,output_allocate,0.016091233,0
ecology1.mtx,1,0,CombBLAS-sampled,wall,numeric_scratch_setup,0.0025042129999999999,0
ecology1.mtx,1,0,CombBLAS-sampled,wall,numeric,0.232227872,0
ecology1.mtx,1,0,CombBLAS-sampled,wall,internal_cleanup,4.6689999999999997e-06,0
ecology1.mtx,1,0,CombBLAS-sampled,wall,return_cleanup,5.0100000000000005e-07,0
ecology1.mtx,1,0,CombBLAS-sampled,wall,output_free,5.0100000000000005e-07,0
ecology1.mtx,1,0,CombBLAS-sampled,sampled_worker,lookup,0.00060172700000003961,8197
ecology1.mtx,1,0,CombBLAS-sampled,sampled_worker,alloc_init,0.00040787599999993478,8197
ecology1.mtx,1,0,CombBLAS-sampled,sampled_worker,lookup_multiply_hash,0.00076246400000002615,8197
ecology1.mtx,1,0,CombBLAS-sampled,sampled_worker,compact,0.00038720699999995526,8197
ecology1.mtx,1,0,CombBLAS-sampled,sampled_worker,sort,0.00060916800000001864,8197
ecology1.mtx,1,0,CombBLAS-sampled,sampled_worker,write,0.00032770499999998506,8197
ecology1.mtx,1,0,CombBLAS-sampled,sampled_worker,scratch_free,0.00032342399999998721,8197
ecology1.mtx,1,0,CombBLAS-conversion,wall,total,0.41859223800000001,0
ecology1.mtx,1,0,CombBLAS-conversion,wall,native_call,0.37188788900000003,0
ecology1.mtx,1,0,CombBLAS-conversion,wall,tuple_to_dcsc,0.046700402000000002,0
ecology1.mtx,1,0,CombBLAS-conversion,wall,dcsc_free,2.8150000000000002e-06,0
ecology1.mtx,1,0,CombBLAS-conversion,wall,output_free,1.0720000000000001e-06,0
ecology1.mtx,1,0,DCSC-dense-lookup,wall,total,0.26344033700000002,0
ecology1.mtx,1,0,DCSC-dense-lookup,wall,output_free,0.26344007699999999,0
ecology1.mtx,1,0,DCSC-static,wall,total,0.37727053300000002,0
ecology1.mtx,1,0,DCSC-static,wall,output_free,0.377270253,0
ecology1.mtx,1,0,DCSC-dense-static,wall,total,0.25115565499999998,0
ecology1.mtx,1,0,DCSC-dense-static,wall,output_free,0.25115536500000002,0
ecology1.mtx,1,1,CSC-control,wall,total,0.24848309900000001,0
ecology1.mtx,1,1,CSC-control,wall,native_call_and_free,0.24848283900000001,0
ecology1.mtx,1,1,DCSC-dense-static,wall,total,0.25015752099999999,0
ecology1.mtx,1,1,DCSC-dense-static,wall,output_free,0.25015725,0
ecology1.mtx,1,1,DCSC-static,wall,total,0.37720780300000001,0
ecology1.mtx,1,1,DCSC-static,wall,output_free,0.37720733200000001,0
ecology1.mtx,1,1,DCSC-dense-lookup,wall,total,0.25972321799999998,0
ecology1.mtx,1,1,DCSC-dense-lookup,wall,output_free,0.25972316699999998,0
ecology1.mtx,1,1,CombBLAS-conversion,wall,total,0.417770272,0
ecology1.mtx,1,1,CombBLAS-conversion,wall,native_call,0.37144113299999998,0
ecology1.mtx,1,1,CombBLAS-conversion,wall,tuple_to_dcsc,0.046325031000000003,0
ecology1.mtx,1,1,CombBLAS-conversion,wall,dcsc_free,3.0149999999999999e-06,0
ecology1.mtx,1,1,CombBLAS-conversion,wall,output_free,1.0419999999999999e-06,0
ecology1.mtx,1,1,CombBLAS-sampled,wall,total,0.38884189699999999,0
ecology1.mtx,1,1,CombBLAS-sampled,wall,lookup_build,0.00077288200000000002,0
ecology1.mtx,1,1,CombBLAS-sampled,wall,thread_setup,7.1840000000000002e-06,0
ecology1.mtx,1,1,CombBLAS-sampled,wall,work_bound,0.045792380000000001,0
ecology1.mtx,1,1,CombBLAS-sampled,wall,work_prefix,0.00054719899999999995,0
ecology1.mtx,1,1,CombBLAS-sampled,wall,symbolic,0.090911016999999997,0
ecology1.mtx,1,1,CombBLAS-sampled,wall,output_prefix,0.00055226899999999998,0
ecology1.mtx,1,1,CombBLAS-sampled,wall,output_allocate,0.01614194,0
ecology1.mtx,1,1,CombBLAS-sampled,wall,numeric_scratch_setup,0.002508943,0
ecology1.mtx,1,1,CombBLAS-sampled,wall,numeric,0.23160320300000001,0
ecology1.mtx,1,1,CombBLAS-sampled,wall,internal_cleanup,3.968e-06,0
ecology1.mtx,1,1,CombBLAS-sampled,wall,return_cleanup,5.4099999999999999e-07,0
ecology1.mtx,1,1,CombBLAS-sampled,wall,output_free,3.1100000000000002e-07,0
ecology1.mtx,1,1,CombBLAS-sampled,sampled_worker,lookup,0.00060292700000003931,8197
ecology1.mtx,1,1,CombBLAS-sampled,sampled_worker,alloc_init,0.00040901999999993566,8197
ecology1.mtx,1,1,CombBLAS-sampled,sampled_worker,lookup_multiply_hash,0.00076730700000002261,8197
ecology1.mtx,1,1,CombBLAS-sampled,sampled_worker,compact,0.00038457499999995561,8197
ecology1.mtx,1,1,CombBLAS-sampled,sampled_worker,sort,0.00062207600000002499,8197
ecology1.mtx,1,1,CombBLAS-sampled,sampled_worker,write,0.00032681199999998612,8197
ecology1.mtx,1,1,CombBLAS-sampled,sampled_worker,scratch_free,0.00047237499999989996,8197
ecology1.mtx,1,1,DCSC-sampled,wall,total,0.372032417,0
ecology1.mtx,1,1,DCSC-sampled,wall,validate,5.4099999999999999e-07,0
ecology1.mtx,1,1,DCSC-sampled,wall,lookup_build,0.013875534,0
ecology1.mtx,1,1,DCSC-sampled,wall,scratch_setup,0.0013360220000000001,0
ecology1.mtx,1,1,DCSC-sampled,wall,work_bound,0.037295543,0
ecology1.mtx,1,1,DCSC-sampled,wall,symbolic_capacity,0.0021852109999999998,0
ecology1.mtx,1,1,DCSC-sampled,wall,symbolic,0.093876534999999997,0
ecology1.mtx,1,1,DCSC-sampled,wall,prefix_numeric_capacity,0.0023851139999999998,0
ecology1.mtx,1,1,DCSC-sampled,wall,output_allocate,0.012195762000000001,0
ecology1.mtx,1,1,DCSC-sampled,wall,numeric,0.20887939,0
ecology1.mtx,1,1,DCSC-sampled,wall,return_cleanup,2.0329999999999998e-06,0
ecology1.mtx,1,1,DCSC-sampled,wall,output_free,6.7199999999999998e-07,0
ecology1.mtx,1,1,DCSC-sampled,sampled_worker,lookup,0,8197
ecology1.mtx,1,1,DCSC-sampled,sampled_worker,alloc_init,0.00031458499999999245,8197
ecology1.mtx,1,1,DCSC-sampled,sampled_worker,lookup_multiply_hash,0.0010617240000000304,8197
ecology1.mtx,1,1,DCSC-sampled,sampled_worker,compact,0.00041912599999996506,8197
ecology1.mtx,1,1,DCSC-sampled,sampled_worker,sort,0.00060045300000002811,8197
ecology1.mtx,1,1,DCSC-sampled,sampled_worker,write,0.00044580199999997834,8197
ecology1.mtx,1,1,DCSC-sampled,sampled_worker,scratch_free,0.000317873999999991,8197
ecology1.mtx,1,1,CombBLAS-profile,wall,total,0.38846749899999999,0
ecology1.mtx,1,1,CombBLAS-profile,wall,lookup_build,0.00077805300000000001,0
ecology1.mtx,1,1,CombBLAS-profile,wall,thread_setup,3.5370000000000002e-06,0
ecology1.mtx,1,1,CombBLAS-profile,wall,work_bound,0.045713057000000001,0
ecology1.mtx,1,1,CombBLAS-profile,wall,work_prefix,0.00053160000000000002,0
ecology1.mtx,1,1,CombBLAS-profile,wall,symbolic,0.092645683000000006,0
ecology1.mtx,1,1,CombBLAS-profile,wall,output_prefix,0.00071109400000000001,0
ecology1.mtx,1,1,CombBLAS-profile,wall,output_allocate,0.016203338000000001,0
ecology1.mtx,1,1,CombBLAS-profile,wall,numeric_scratch_setup,0.0025038830000000002,0
ecology1.mtx,1,1,CombBLAS-profile,wall,numeric,0.22937268499999999,0
ecology1.mtx,1,1,CombBLAS-profile,wall,internal_cleanup,3.4869999999999998e-06,0
ecology1.mtx,1,1,CombBLAS-profile,wall,return_cleanup,5.1099999999999996e-07,0
ecology1.mtx,1,1,CombBLAS-profile,wall,output_free,5.0100000000000005e-07,0
ecology1.mtx,1,1,DCSC-profile,wall,total,0.368045609,0
ecology1.mtx,1,1,DCSC-profile,wall,validate,4.7100000000000002e-07,0
ecology1.mtx,1,1,DCSC-profile,wall,lookup_build,0.013869331,0
ecology1.mtx,1,1,DCSC-profile,wall,scratch_setup,0.001327076,0
ecology1.mtx,1,1,DCSC-profile,wall,work_bound,0.037216721000000001,0
ecology1.mtx,1,1,DCSC-profile,wall,symbolic_capacity,0.0022350870000000002,0
ecology1.mtx,1,1,DCSC-profile,wall,symbolic,0.093636855000000005,0
ecology1.mtx,1,1,DCSC-profile,wall,prefix_numeric_capacity,0.0023829099999999998,0
ecology1.mtx,1,1,DCSC-profile,wall,output_allocate,0.012195281000000001,0
ecology1.mtx,1,1,DCSC-profile,wall,numeric,0.205179423,0
ecology1.mtx,1,1,DCSC-profile,wall,return_cleanup,1.733e-06,0
ecology1.mtx,1,1,DCSC-profile,wall,output_free,6.61e-07,0
ecology1.mtx,1,1,CSC-profile,wall,total,0.26082981999999999,0
ecology1.mtx,1,1,CSC-profile,wall,validate,5.0100000000000005e-07,0
ecology1.mtx,1,1,CSC-profile,wall,lookup_build,2.9999999999999997e-08,0
ecology1.mtx,1,1,CSC-profile,wall,scratch_setup,0.0012490960000000001,0
ecology1.mtx,1,1,CSC-profile,wall,work_bound,0.0075039119999999997,0
ecology1.mtx,1,1,CSC-profile,wall,symbolic_capacity,0.0031606519999999999,0
ecology1.mtx,1,1,CSC-profile,wall,symbolic,0.062597561999999995,0
ecology1.mtx,1,1,CSC-profile,wall,prefix_numeric_capacity,0.00237732,0
ecology1.mtx,1,1,CSC-profile,wall,output_allocate,0.01105311,0
ecology1.mtx,1,1,CSC-profile,wall,numeric,0.17288515199999999,0
ecology1.mtx,1,1,CSC-profile,wall,return_cleanup,1.6339999999999999e-06,0
ecology1.mtx,1,1,CSC-profile,wall,output_free,7.8100000000000002e-07,0
ecology1.mtx,1,1,CombBLAS-control,wall,total,0.37387414899999999,0
ecology1.mtx,1,1,CombBLAS-control,wall,native_call_and_free,0.37387389900000001,0
ecology1.mtx,1,1,DCSC-control,wall,total,0.37025763299999997,0
ecology1.mtx,1,1,DCSC-control,wall,native_call_and_free,0.37025734199999999,0
ecology1.mtx,1,2,CombBLAS-control,wall,total,0.374357887,0
ecology1.mtx,1,2,CombBLAS-control,wall,native_call_and_free,0.37435758600000002,0
ecology1.mtx,1,2,CSC-profile,wall,total,0.26088352300000001,0
ecology1.mtx,1,2,CSC-profile,wall,validate,6.8100000000000002e-07,0
ecology1.mtx,1,2,CSC-profile,wall,lookup_build,2.9999999999999997e-08,0
ecology1.mtx,1,2,CSC-profile,wall,scratch_setup,0.0012533939999999999,0
ecology1.mtx,1,2,CSC-profile,wall,work_bound,0.0075107960000000001,0
ecology1.mtx,1,2,CSC-profile,wall,symbolic_capacity,0.003568454,0
ecology1.mtx,1,2,CSC-profile,wall,symbolic,0.062565229999999999,0
ecology1.mtx,1,2,CSC-profile,wall,prefix_numeric_capacity,0.0023843330000000002,0
ecology1.mtx,1,2,CSC-profile,wall,output_allocate,0.011043191000000001,0
ecology1.mtx,1,2,CSC-profile,wall,numeric,0.172555019,0
ecology1.mtx,1,2,CSC-profile,wall,return_cleanup,1.5829999999999999e-06,0
ecology1.mtx,1,2,CSC-profile,wall,output_free,7.5199999999999996e-07,0
ecology1.mtx,1,2,DCSC-profile,wall,total,0.368879289,0
ecology1.mtx,1,2,DCSC-profile,wall,validate,4.9100000000000004e-07,0
ecology1.mtx,1,2,DCSC-profile,wall,lookup_build,0.014032414,0
ecology1.mtx,1,2,DCSC-profile,wall,scratch_setup,0.0013138500000000001,0
ecology1.mtx,1,2,DCSC-profile,wall,work_bound,0.037230737999999999,0
ecology1.mtx,1,2,DCSC-profile,wall,symbolic_capacity,0.0022081760000000001,0
ecology1.mtx,1,2,DCSC-profile,wall,symbolic,0.093774679,0
ecology1.mtx,1,2,DCSC-profile,wall,prefix_numeric_capacity,0.002373843,0
ecology1.mtx,1,2,DCSC-profile,wall,output_allocate,0.012218715999999999,0
ecology1.mtx,1,2,DCSC-profile,wall,numeric,0.20572379700000001,0
ecology1.mtx,1,2,DCSC-profile,wall,return_cleanup,1.883e-06,0
ecology1.mtx,1,2,DCSC-profile,wall,output_free,6.5099999999999999e-07,0
ecology1.mtx,1,2,CombBLAS-profile,wall,total,0.38502606700000003,0
ecology1.mtx,1,2,CombBLAS-profile,wall,lookup_build,0.00089200100000000001,0
ecology1.mtx,1,2,CombBLAS-profile,wall,thread_setup,2.9550000000000001e-06,0
ecology1.mtx,1,2,CombBLAS-profile,wall,work_bound,0.045699431999999998,0
ecology1.mtx,1,2,CombBLAS-profile,wall,work_prefix,0.00052630899999999998,0
ecology1.mtx,1,2,CombBLAS-profile,wall,symbolic,0.090821244999999995,0
ecology1.mtx,1,2,CombBLAS-profile,wall,output_prefix,0.000528273,0
ecology1.mtx,1,2,CombBLAS-profile,wall,output_allocate,0.016092545,0
ecology1.mtx,1,2,CombBLAS-profile,wall,numeric_scratch_setup,0.002508602,0
ecology1.mtx,1,2,CombBLAS-profile,wall,numeric,0.227950127,0
ecology1.mtx,1,2,CombBLAS-profile,wall,internal_cleanup,3.5769999999999998e-06,0
ecology1.mtx,1,2,CombBLAS-profile,wall,return_cleanup,5.2099999999999997e-07,0
ecology1.mtx,1,2,CombBLAS-profile,wall,output_free,4.2100000000000002e-07,0
ecology1.mtx,1,2,DCSC-sampled,wall,total,0.37306820299999999,0
ecology1.mtx,1,2,DCSC-sampled,wall,validate,4.6100000000000001e-07,0
ecology1.mtx,1,2,DCSC-sampled,wall,lookup_build,0.013888909,0
ecology1.mtx,1,2,DCSC-sampled,wall,scratch_setup,0.0013173460000000001,0
ecology1.mtx,1,2,DCSC-sampled,wall,work_bound,0.037347432,0
ecology1.mtx,1,2,DCSC-sampled,wall,symbolic_capacity,0.0021763849999999999,0
ecology1.mtx,1,2,DCSC-sampled,wall,symbolic,0.093710505999999999,0
ecology1.mtx,1,2,DCSC-sampled,wall,prefix_numeric_capacity,0.0023716789999999998,0
ecology1.mtx,1,2,DCSC-sampled,wall,output_allocate,0.012182765999999999,0
ecology1.mtx,1,2,DCSC-sampled,wall,numeric,0.21006999400000001,0
ecology1.mtx,1,2,DCSC-sampled,wall,return_cleanup,1.973e-06,0
ecology1.mtx,1,2,DCSC-sampled,wall,output_free,6.8199999999999999e-07,0
ecology1.mtx,1,2,DCSC-sampled,sampled_worker,lookup,0,8197
ecology1.mtx,1,2,DCSC-sampled,sampled_worker,alloc_init,0.00031510599999999268,8197
ecology1.mtx,1,2,DCSC-sampled,sampled_worker,lookup_multiply_hash,0.0010547510000000202,8197
ecology1.mtx,1,2,DCSC-sampled,sampled_worker,compact,0.00042156099999996556,8197
ecology1.mtx,1,2,DCSC-sampled,sampled_worker,sort,0.00058553900000003572,8197
ecology1.mtx,1,2,DCSC-sampled,sampled_worker,write,0.00034666799999997317,8197
ecology1.mtx,1,2,DCSC-sampled,sampled_worker,scratch_free,0.00032243399999998821,8197
ecology1.mtx,1,2,CombBLAS-sampled,wall,total,0.38918774,0
ecology1.mtx,1,2,CombBLAS-sampled,wall,lookup_build,0.00078198999999999999,0
ecology1.mtx,1,2,CombBLAS-sampled,wall,thread_setup,3.1559999999999999e-06,0
ecology1.mtx,1,2,CombBLAS-sampled,wall,work_bound,0.045904394000000001,0
ecology1.mtx,1,2,CombBLAS-sampled,wall,work_prefix,0.00054369300000000004,0
ecology1.mtx,1,2,CombBLAS-sampled,wall,symbolic,0.091372571999999999,0
ecology1.mtx,1,2,CombBLAS-sampled,wall,output_prefix,0.00053085800000000005,0
ecology1.mtx,1,2,CombBLAS-sampled,wall,output_allocate,0.016294923999999999,0
ecology1.mtx,1,2,CombBLAS-sampled,wall,numeric_scratch_setup,0.0026337819999999999,0
ecology1.mtx,1,2,CombBLAS-sampled,wall,numeric,0.23111768199999999,0
ecology1.mtx,1,2,CombBLAS-sampled,wall,internal_cleanup,3.5669999999999999e-06,0
ecology1.mtx,1,2,CombBLAS-sampled,wall,return_cleanup,5.2099999999999997e-07,0
ecology1.mtx,1,2,CombBLAS-sampled,wall,output_free,5.3099999999999998e-07,0
ecology1.mtx,1,2,CombBLAS-sampled,sampled_worker,lookup,0.00060197400000004046,8197
ecology1.mtx,1,2,CombBLAS-sampled,sampled_worker,alloc_init,0.0004083129999999363,8197
ecology1.mtx,1,2,CombBLAS-sampled,sampled_worker,lookup_multiply_hash,0.00078229200000002187,8197
ecology1.mtx,1,2,CombBLAS-sampled,sampled_worker,compact,0.00038892299999995322,8197
ecology1.mtx,1,2,CombBLAS-sampled,sampled_worker,sort,0.00060681200000002773,8197
ecology1.mtx,1,2,CombBLAS-sampled,sampled_worker,write,0.00032726099999998506,8197
ecology1.mtx,1,2,CombBLAS-sampled,sampled_worker,scratch_free,0.00032279699999998709,8197
ecology1.mtx,1,2,CombBLAS-conversion,wall,total,0.41817214200000002,0
ecology1.mtx,1,2,CombBLAS-conversion,wall,native_call,0.37163306000000002,0
ecology1.mtx,1,2,CombBLAS-conversion,wall,tuple_to_dcsc,0.046534724,0
ecology1.mtx,1,2,CombBLAS-conversion,wall,dcsc_free,3.2160000000000002e-06,0
ecology1.mtx,1,2,CombBLAS-conversion,wall,output_free,1.0720000000000001e-06,0
ecology1.mtx,1,2,DCSC-dense-lookup,wall,total,0.25860921100000001,0
ecology1.mtx,1,2,DCSC-dense-lookup,wall,output_free,0.25860896999999999,0
ecology1.mtx,1,2,DCSC-static,wall,total,0.377503429,0
ecology1.mtx,1,2,DCSC-static,wall,output_free,0.37750315899999998,0
ecology1.mtx,1,2,DCSC-dense-static,wall,total,0.25106339799999999,0
ecology1.mtx,1,2,DCSC-dense-static,wall,output_free,0.25106311799999997,0
ecology1.mtx,1,2,CSC-control,wall,total,0.24801258700000001,0
ecology1.mtx,1,2,CSC-control,wall,native_call_and_free,0.248012337,0
ecology1.mtx,1,2,DCSC-control,wall,total,0.367300821,0
ecology1.mtx,1,2,DCSC-control,wall,native_call_and_free,0.36730054099999998,0
ecology1.mtx,1,3,CombBLAS-control,wall,total,0.37394993399999998,0
ecology1.mtx,1,3,CombBLAS-control,wall,native_call_and_free,0.373949482,0
ecology1.mtx,1,3,DCSC-control,wall,total,0.36746505699999998,0
ecology1.mtx,1,3,DCSC-control,wall,native_call_and_free,0.36746474600000001,0
ecology1.mtx,1,3,CSC-control,wall,total,0.246121068,0
ecology1.mtx,1,3,CSC-control,wall,native_call_and_free,0.24612082900000001,0
ecology1.mtx,1,3,DCSC-dense-static,wall,total,0.25009197500000002,0
ecology1.mtx,1,3,DCSC-dense-static,wall,output_free,0.25009171499999999,0
ecology1.mtx,1,3,DCSC-static,wall,total,0.379357626,0
ecology1.mtx,1,3,DCSC-static,wall,output_free,0.37935711500000002,0
ecology1.mtx,1,3,DCSC-dense-lookup,wall,total,0.259429786,0
ecology1.mtx,1,3,DCSC-dense-lookup,wall,output_free,0.25942953400000002,0
ecology1.mtx,1,3,CombBLAS-conversion,wall,total,0.41969316899999998,0
ecology1.mtx,1,3,CombBLAS-conversion,wall,native_call,0.37336639500000002,0
ecology1.mtx,1,3,CombBLAS-conversion,wall,tuple_to_dcsc,0.046322716,0
ecology1.mtx,1,3,CombBLAS-conversion,wall,dcsc_free,2.8459999999999999e-06,0
ecology1.mtx,1,3,CombBLAS-conversion,wall,output_free,1.1519999999999999e-06,0
ecology1.mtx,1,3,CombBLAS-sampled,wall,total,0.389168974,0
ecology1.mtx,1,3,CombBLAS-sampled,wall,lookup_build,0.00079929299999999997,0
ecology1.mtx,1,3,CombBLAS-sampled,wall,thread_setup,5.9120000000000003e-06,0
ecology1.mtx,1,3,CombBLAS-sampled,wall,work_bound,0.045802668999999997,0
ecology1.mtx,1,3,CombBLAS-sampled,wall,work_prefix,0.00055411299999999996,0
ecology1.mtx,1,3,CombBLAS-sampled,wall,symbolic,0.091718965999999999,0
ecology1.mtx,1,3,CombBLAS-sampled,wall,output_prefix,0.000546679,0
ecology1.mtx,1,3,CombBLAS-sampled,wall,output_allocate,0.016403582,0
ecology1.mtx,1,3,CombBLAS-sampled,wall,numeric_scratch_setup,0.0025168170000000002,0
ecology1.mtx,1,3,CombBLAS-sampled,wall,numeric,0.23081671600000001,0
ecology1.mtx,1,3,CombBLAS-sampled,wall,internal_cleanup,3.3359999999999999e-06,0
ecology1.mtx,1,3,CombBLAS-sampled,wall,return_cleanup,5.2099999999999997e-07,0
ecology1.mtx,1,3,CombBLAS-sampled,wall,output_free,3.1100000000000002e-07,0
ecology1.mtx,1,3,CombBLAS-sampled,sampled_worker,lookup,0.00060187400000003975,8197
ecology1.mtx,1,3,CombBLAS-sampled,sampled_worker,alloc_init,0.00040898099999993662,8197
ecology1.mtx,1,3,CombBLAS-sampled,sampled_worker,lookup_multiply_hash,0.00076609700000002091,8197
ecology1.mtx,1,3,CombBLAS-sampled,sampled_worker,compact,0.00038429399999995688,8197
ecology1.mtx,1,3,CombBLAS-sampled,sampled_worker,sort,0.00062294200000002323,8197
ecology1.mtx,1,3,CombBLAS-sampled,sampled_worker,write,0.00032806799999998508,8197
ecology1.mtx,1,3,CombBLAS-sampled,sampled_worker,scratch_free,0.0003228049999999876,8197
ecology1.mtx,1,3,DCSC-sampled,wall,total,0.372745143,0
ecology1.mtx,1,3,DCSC-sampled,wall,validate,7.3099999999999997e-07,0
ecology1.mtx,1,3,DCSC-sampled,wall,lookup_build,0.013864873,0
ecology1.mtx,1,3,DCSC-sampled,wall,scratch_setup,0.0013591269999999999,0
ecology1.mtx,1,3,DCSC-sampled,wall,work_bound,0.037465348000000002,0
ecology1.mtx,1,3,DCSC-sampled,wall,symbolic_capacity,0.0021752220000000001,0
ecology1.mtx,1,3,DCSC-sampled,wall,symbolic,0.093832260000000001,0
ecology1.mtx,1,3,DCSC-sampled,wall,prefix_numeric_capacity,0.002373853,0
ecology1.mtx,1,3,DCSC-sampled,wall,output_allocate,0.012377089000000001,0
ecology1.mtx,1,3,DCSC-sampled,wall,numeric,0.209293644,0
ecology1.mtx,1,3,DCSC-sampled,wall,return_cleanup,2.2850000000000001e-06,0
ecology1.mtx,1,3,DCSC-sampled,wall,output_free,6.61e-07,0
ecology1.mtx,1,3,DCSC-sampled,sampled_worker,lookup,0,8197
ecology1.mtx,1,3,DCSC-sampled,sampled_worker,alloc_init,0.00032025899999999142,8197
ecology1.mtx,1,3,DCSC-sampled,sampled_worker,lookup_multiply_hash,0.0010501540000000251,8197
ecology1.mtx,1,3,DCSC-sampled,sampled_worker,compact,0.00042058299999996572,8197
ecology1.mtx,1,3,DCSC-sampled,sampled_worker,sort,0.00060431200000003401,8197
ecology1.mtx,1,3,DCSC-sampled,sampled_worker,write,0.00033989999999997742,8197
ecology1.mtx,1,3,DCSC-sampled,sampled_worker,scratch_free,0.00031575299999999246,8197
ecology1.mtx,1,3,CombBLAS-profile,wall,total,0.38426416699999999,0
ecology1.mtx,1,3,CombBLAS-profile,wall,lookup_build,0.00077534700000000002,0
ecology1.mtx,1,3,CombBLAS-profile,wall,thread_setup,2.926e-06,0
ecology1.mtx,1,3,CombBLAS-profile,wall,work_bound,0.045937047000000002,0
ecology1.mtx,1,3,CombBLAS-profile,wall,work_prefix,0.00052553799999999998,0
ecology1.mtx,1,3,CombBLAS-profile,wall,symbolic,0.090264837000000001,0
ecology1.mtx,1,3,CombBLAS-profile,wall,output_prefix,0.00052894499999999996,0
ecology1.mtx,1,3,CombBLAS-profile,wall,output_allocate,0.016111832,0
ecology1.mtx,1,3,CombBLAS-profile,wall,numeric_scratch_setup,0.0025203949999999999,0
ecology1.mtx,1,3,CombBLAS-profile,wall,numeric,0.227592451,0
ecology1.mtx,1,3,CombBLAS-profile,wall,internal_cleanup,3.7570000000000002e-06,0
ecology1.mtx,1,3,CombBLAS-profile,wall,return_cleanup,5.3099999999999998e-07,0
ecology1.mtx,1,3,CombBLAS-profile,wall,output_free,4.9100000000000004e-07,0
ecology1.mtx,1,3,DCSC-profile,wall,total,0.37064963499999998,0
ecology1.mtx,1,3,DCSC-profile,wall,validate,4.8100000000000003e-07,0
ecology1.mtx,1,3,DCSC-profile,wall,lookup_build,0.013876716000000001,0
ecology1.mtx,1,3,DCSC-profile,wall,scratch_setup,0.0013406410000000001,0
ecology1.mtx,1,3,DCSC-profile,wall,work_bound,0.037356420000000001,0
ecology1.mtx,1,3,DCSC-profile,wall,symbolic_capacity,0.0021972739999999999,0
ecology1.mtx,1,3,DCSC-profile,wall,symbolic,0.093870923999999994,0
ecology1.mtx,1,3,DCSC-profile,wall,prefix_numeric_capacity,0.0023794939999999998,0
ecology1.mtx,1,3,DCSC-profile,wall,output_allocate,0.012193066000000001,0
ecology1.mtx,1,3,DCSC-profile,wall,numeric,0.207431703,0
ecology1.mtx,1,3,DCSC-profile,wall,return_cleanup,2.1639999999999999e-06,0
ecology1.mtx,1,3,DCSC-profile,wall,output_free,6.8199999999999999e-07,0
ecology1.mtx,1,3,CSC-profile,wall,total,0.26063298299999998,0
ecology1.mtx,1,3,CSC-profile,wall,validate,4.8100000000000003e-07,0
ecology1.mtx,1,3,CSC-profile,wall,lookup_build,2.9999999999999997e-08,0
ecology1.mtx,1,3,CSC-profile,wall,scratch_setup,0.0012408,0
ecology1.mtx,1,3,CSC-profile,wall,work_bound,0.0075178490000000001,0
ecology1.mtx,1,3,CSC-profile,wall,symbolic_capacity,0.0023715889999999999,0
ecology1.mtx,1,3,CSC-profile,wall,symbolic,0.062644662000000004,0
ecology1.mtx,1,3,CSC-profile,wall,prefix_numeric_capacity,0.0023934300000000002,0
ecology1.mtx,1,3,CSC-profile,wall,output_allocate,0.011028593,0
ecology1.mtx,1,3,CSC-profile,wall,numeric,0.17343307399999999,0
ecology1.mtx,1,3,CSC-profile,wall,return_cleanup,1.6530000000000001e-06,0
ecology1.mtx,1,3,CSC-profile,wall,output_free,7.5099999999999999e-07,0
ecology1.mtx,1,4,DCSC-profile,wall,total,0.36917513600000001,0
ecology1.mtx,1,4,DCSC-profile,wall,validate,4.4099999999999999e-07,0
ecology1.mtx,1,4,DCSC-profile,wall,lookup_build,0.014022165,0
ecology1.mtx,1,4,DCSC-profile,wall,scratch_setup,0.0013220059999999999,0
ecology1.mtx,1,4,DCSC-profile,wall,work_bound,0.037207623000000002,0
ecology1.mtx,1,4,DCSC-profile,wall,symbolic_capacity,0.0021833880000000001,0
ecology1.mtx,1,4,DCSC-profile,wall,symbolic,0.093778716999999998,0
ecology1.mtx,1,4,DCSC-profile,wall,prefix_numeric_capacity,0.002384153,0
ecology1.mtx,1,4,DCSC-profile,wall,output_allocate,0.012319709,0
ecology1.mtx,1,4,DCSC-profile,wall,numeric,0.20595429900000001,0
ecology1.mtx,1,4,DCSC-profile,wall,return_cleanup,1.654e-06,0
ecology1.mtx,1,4,DCSC-profile,wall,output_free,9.2099999999999995e-07,0
ecology1.mtx,1,4,CombBLAS-profile,wall,total,0.38547004899999998,0
ecology1.mtx,1,4,CombBLAS-profile,wall,lookup_build,0.00080274000000000003,0
ecology1.mtx,1,4,CombBLAS-profile,wall,thread_setup,2.9560000000000002e-06,0
ecology1.mtx,1,4,CombBLAS-profile,wall,work_bound,0.045745358999999999,0
ecology1.mtx,1,4,CombBLAS-profile,wall,work_prefix,0.00052809299999999999,0
ecology1.mtx,1,4,CombBLAS-profile,wall,symbolic,0.090927929000000005,0
ecology1.mtx,1,4,CombBLAS-profile,wall,output_prefix,0.00052915500000000001,0
ecology1.mtx,1,4,CombBLAS-profile,wall,output_allocate,0.016105841999999999,0
ecology1.mtx,1,4,CombBLAS-profile,wall,numeric_scratch_setup,0.0024766390000000001,0
ecology1.mtx,1,4,CombBLAS-profile,wall,numeric,0.22834689899999999,0
ecology1.mtx,1,4,CombBLAS-profile,wall,internal_cleanup,3.2959999999999999e-06,0
ecology1.mtx,1,4,CombBLAS-profile,wall,return_cleanup,5.2099999999999997e-07,0
ecology1.mtx,1,4,CombBLAS-profile,wall,output_free,5.6100000000000001e-07,0
ecology1.mtx,1,4,DCSC-sampled,wall,total,0.37332434399999997,0
ecology1.mtx,1,4,DCSC-sampled,wall,validate,4.8100000000000003e-07,0
ecology1.mtx,1,4,DCSC-sampled,wall,lookup_build,0.013985513999999999,0
ecology1.mtx,1,4,DCSC-sampled,wall,scratch_setup,0.001321825,0
ecology1.mtx,1,4,DCSC-sampled,wall,work_bound,0.037233282999999999,0
ecology1.mtx,1,4,DCSC-sampled,wall,symbolic_capacity,0.0021800220000000002,0
ecology1.mtx,1,4,DCSC-sampled,wall,symbolic,0.093787292999999994,0
ecology1.mtx,1,4,DCSC-sampled,wall,prefix_numeric_capacity,0.002373432,0
ecology1.mtx,1,4,DCSC-sampled,wall,output_allocate,0.012207964999999999,0
ecology1.mtx,1,4,DCSC-sampled,wall,numeric,0.21023141300000001,0
ecology1.mtx,1,4,DCSC-sampled,wall,return_cleanup,2.4140000000000001e-06,0
ecology1.mtx,1,4,DCSC-sampled,wall,output_free,6.4199999999999995e-07,0
ecology1.mtx,1,4,DCSC-sampled,sampled_worker,lookup,0,8197
ecology1.mtx,1,4,DCSC-sampled,sampled_worker,alloc_init,0.00031507099999999316,8197
ecology1.mtx,1,4,DCSC-sampled,sampled_worker,lookup_multiply_hash,0.0010474820000000197,8197
ecology1.mtx,1,4,DCSC-sampled,sampled_worker,compact,0.00042778399999996895,8197
ecology1.mtx,1,4,DCSC-sampled,sampled_worker,sort,0.00058687000000003401,8197
ecology1.mtx,1,4,DCSC-sampled,sampled_worker,write,0.00033975199999997693,8197
ecology1.mtx,1,4,DCSC-sampled,sampled_worker,scratch_free,0.00031706299999999157,8197
ecology1.mtx,1,4,CombBLAS-sampled,wall,total,0.38767784399999999,0
ecology1.mtx,1,4,CombBLAS-sampled,wall,lookup_build,0.00077308200000000002,0
ecology1.mtx,1,4,CombBLAS-sampled,wall,thread_setup,3.0759999999999999e-06,0
ecology1.mtx,1,4,CombBLAS-sampled,wall,work_bound,0.045785206000000002,0
ecology1.mtx,1,4,CombBLAS-sampled,wall,work_prefix,0.00054070699999999997,0
ecology1.mtx,1,4,CombBLAS-sampled,wall,symbolic,0.090778973999999998,0
ecology1.mtx,1,4,CombBLAS-sampled,wall,output_prefix,0.00052433500000000001,0
ecology1.mtx,1,4,CombBLAS-sampled,wall,output_allocate,0.016070683999999998,0
ecology1.mtx,1,4,CombBLAS-sampled,wall,numeric_scratch_setup,0.0025105050000000001,0
ecology1.mtx,1,4,CombBLAS-sampled,wall,numeric,0.23068656600000001,0
ecology1.mtx,1,4,CombBLAS-sampled,wall,internal_cleanup,3.817e-06,0
ecology1.mtx,1,4,CombBLAS-sampled,wall,return_cleanup,5.51e-07,0
ecology1.mtx,1,4,CombBLAS-sampled,wall,output_free,2.8099999999999999e-07,0
ecology1.mtx,1,4,CombBLAS-sampled,sampled_worker,lookup,0.00060340600000003894,8197
ecology1.mtx,1,4,CombBLAS-sampled,sampled_worker,alloc_init,0.00040782299999993639,8197
ecology1.mtx,1,4,CombBLAS-sampled,sampled_worker,lookup_multiply_hash,0.00076553200000002079,8197
ecology1.mtx,1,4,CombBLAS-sampled,sampled_worker,compact,0.00038336299999995599,8197
ecology1.mtx,1,4,CombBLAS-sampled,sampled_worker,sort,0.00060944800000002728,8197
ecology1.mtx,1,4,CombBLAS-sampled,sampled_worker,write,0.00032721099999998541,8197
ecology1.mtx,1,4,CombBLAS-sampled,sampled_worker,scratch_free,0.00032204599999998795,8197
ecology1.mtx,1,4,CombBLAS-conversion,wall,total,0.41809948200000002,0
ecology1.mtx,1,4,CombBLAS-conversion,wall,native_call,0.37177949100000002,0
ecology1.mtx,1,4,CombBLAS-conversion,wall,tuple_to_dcsc,0.046314972000000003,0
ecology1.mtx,1,4,CombBLAS-conversion,wall,dcsc_free,3.5659999999999998e-06,0
ecology1.mtx,1,4,CombBLAS-conversion,wall,output_free,1.3829999999999999e-06,0
ecology1.mtx,1,4,DCSC-dense-lookup,wall,total,0.26006781899999998,0
ecology1.mtx,1,4,DCSC-dense-lookup,wall,output_free,0.26006754799999998,0
ecology1.mtx,1,4,DCSC-static,wall,total,0.37877165299999999,0
ecology1.mtx,1,4,DCSC-static,wall,output_free,0.37877139199999998,0
ecology1.mtx,1,4,DCSC-dense-static,wall,total,0.25228429099999999,0
ecology1.mtx,1,4,DCSC-dense-static,wall,output_free,0.25228403900000002,0
ecology1.mtx,1,4,CSC-control,wall,total,0.24737785000000001,0
ecology1.mtx,1,4,CSC-control,wall,native_call_and_free,0.247377599,0
ecology1.mtx,1,4,DCSC-control,wall,total,0.36982891000000001,0
ecology1.mtx,1,4,DCSC-control,wall,native_call_and_free,0.36982863999999999,0
ecology1.mtx,1,4,CombBLAS-control,wall,total,0.374615631,0
ecology1.mtx,1,4,CombBLAS-control,wall,native_call_and_free,0.37461535099999999,0
ecology1.mtx,1,4,CSC-profile,wall,total,0.255513514,0
ecology1.mtx,1,4,CSC-profile,wall,validate,6.5099999999999999e-07,0
ecology1.mtx,1,4,CSC-profile,wall,lookup_build,2.9999999999999997e-08,0
ecology1.mtx,1,4,CSC-profile,wall,scratch_setup,0.001257663,0
ecology1.mtx,1,4,CSC-profile,wall,work_bound,0.007510414,0
ecology1.mtx,1,4,CSC-profile,wall,symbolic_capacity,0.0026772050000000002,0
ecology1.mtx,1,4,CSC-profile,wall,symbolic,0.058290561999999997,0
ecology1.mtx,1,4,CSC-profile,wall,prefix_numeric_capacity,0.0023880400000000001,0
ecology1.mtx,1,4,CSC-profile,wall,output_allocate,0.011046456,0
ecology1.mtx,1,4,CSC-profile,wall,numeric,0.17233975700000001,0
ecology1.mtx,1,4,CSC-profile,wall,return_cleanup,1.8840000000000001e-06,0
ecology1.mtx,1,4,CSC-profile,wall,output_free,7.9100000000000003e-07,0
ecology1.mtx,1,5,DCSC-profile,wall,total,0.37102407300000001,0
ecology1.mtx,1,5,DCSC-profile,wall,validate,5.2099999999999997e-07,0
ecology1.mtx,1,5,DCSC-profile,wall,lookup_build,0.013872597,0
ecology1.mtx,1,5,DCSC-profile,wall,scratch_setup,0.0013455310000000001,0
ecology1.mtx,1,5,DCSC-profile,wall,work_bound,0.037236999999999999,0
ecology1.mtx,1,5,DCSC-profile,wall,symbolic_capacity,0.0021902710000000001,0
ecology1.mtx,1,5,DCSC-profile,wall,symbolic,0.093629410999999996,0
ecology1.mtx,1,5,DCSC-profile,wall,prefix_numeric_capacity,0.0023797739999999999,0
ecology1.mtx,1,5,DCSC-profile,wall,output_allocate,0.012234025000000001,0
ecology1.mtx,1,5,DCSC-profile,wall,numeric,0.208131756,0
ecology1.mtx,1,5,DCSC-profile,wall,return_cleanup,2.475e-06,0
ecology1.mtx,1,5,DCSC-profile,wall,output_free,6.4099999999999998e-07,0
ecology1.mtx,1,5,CSC-profile,wall,total,0.259669645,0
ecology1.mtx,1,5,CSC-profile,wall,validate,4.8100000000000003e-07,0
ecology1.mtx,1,5,CSC-profile,wall,lookup_build,2.9999999999999997e-08,0
ecology1.mtx,1,5,CSC-profile,wall,scratch_setup,0.001244537,0
ecology1.mtx,1,5,CSC-profile,wall,work_bound,0.0075151339999999997,0
ecology1.mtx,1,5,CSC-profile,wall,symbolic_capacity,0.0023959350000000001,0
ecology1.mtx,1,5,CSC-profile,wall,symbolic,0.062603934,0
ecology1.mtx,1,5,CSC-profile,wall,prefix_numeric_capacity,0.0023935610000000002,0
ecology1.mtx,1,5,CSC-profile,wall,output_allocate,0.011233666,0
ecology1.mtx,1,5,CSC-profile,wall,numeric,0.17227944100000001,0
ecology1.mtx,1,5,CSC-profile,wall,return_cleanup,2.074e-06,0
ecology1.mtx,1,5,CSC-profile,wall,output_free,7.92e-07,0
ecology1.mtx,1,5,CombBLAS-control,wall,total,0.37381821100000001,0
ecology1.mtx,1,5,CombBLAS-control,wall,native_call_and_free,0.373817921,0
ecology1.mtx,1,5,DCSC-control,wall,total,0.375178872,0
ecology1.mtx,1,5,DCSC-control,wall,native_call_and_free,0.37517859100000001,0
ecology1.mtx,1,5,CSC-control,wall,total,0.246032579,0
ecology1.mtx,1,5,CSC-control,wall,native_call_and_free,0.24603229900000001,0
ecology1.mtx,1,5,DCSC-dense-static,wall,total,0.25122775400000003,0
ecology1.mtx,1,5,DCSC-dense-static,wall,output_free,0.25122746200000001,0
ecology1.mtx,1,5,DCSC-static,wall,total,0.378816769,0
ecology1.mtx,1,5,DCSC-static,wall,output_free,0.37881646800000002,0
ecology1.mtx,1,5,DCSC-dense-lookup,wall,total,0.25984660399999998,0
ecology1.mtx,1,5,DCSC-dense-lookup,wall,output_free,0.25984633499999998,0
ecology1.mtx,1,5,CombBLAS-conversion,wall,total,0.41752930900000002,0
ecology1.mtx,1,5,CombBLAS-conversion,wall,native_call,0.37111739199999999,0
ecology1.mtx,1,5,CombBLAS-conversion,wall,tuple_to_dcsc,0.046406867999999997,0
ecology1.mtx,1,5,CombBLAS-conversion,wall,dcsc_free,3.9870000000000001e-06,0
ecology1.mtx,1,5,CombBLAS-conversion,wall,output_free,1.0020000000000001e-06,0
ecology1.mtx,1,5,CombBLAS-sampled,wall,total,0.39205005100000001,0
ecology1.mtx,1,5,CombBLAS-sampled,wall,lookup_build,0.00082247799999999997,0
ecology1.mtx,1,5,CombBLAS-sampled,wall,thread_setup,4.6079999999999998e-06,0
ecology1.mtx,1,5,CombBLAS-sampled,wall,work_bound,0.045774414999999999,0
ecology1.mtx,1,5,CombBLAS-sampled,wall,work_prefix,0.00054985500000000003,0
ecology1.mtx,1,5,CombBLAS-sampled,wall,symbolic,0.091151218000000006,0
ecology1.mtx,1,5,CombBLAS-sampled,wall,output_prefix,0.00053026699999999996,0
ecology1.mtx,1,5,CombBLAS-sampled,wall,output_allocate,0.016556043999999999,0
ecology1.mtx,1,5,CombBLAS-sampled,wall,numeric_scratch_setup,0.0025151850000000001,0
ecology1.mtx,1,5,CombBLAS-sampled,wall,numeric,0.23414143200000001,0
ecology1.mtx,1,5,CombBLAS-sampled,wall,internal_cleanup,3.4570000000000001e-06,0
ecology1.mtx,1,5,CombBLAS-sampled,wall,return_cleanup,5.0100000000000005e-07,0
ecology1.mtx,1,5,CombBLAS-sampled,wall,output_free,5.3000000000000001e-07,0
ecology1.mtx,1,5,CombBLAS-sampled,sampled_worker,lookup,0.00060311100000004037,8197
ecology1.mtx,1,5,CombBLAS-sampled,sampled_worker,alloc_init,0.00040922399999993438,8197
ecology1.mtx,1,5,CombBLAS-sampled,sampled_worker,lookup_multiply_hash,0.00078599099999997343,8197
ecology1.mtx,1,5,CombBLAS-sampled,sampled_worker,compact,0.00039433899999995615,8197
ecology1.mtx,1,5,CombBLAS-sampled,sampled_worker,sort,0.00060729600000002494,8197
ecology1.mtx,1,5,CombBLAS-sampled,sampled_worker,write,0.00032767499999998518,8197
ecology1.mtx,1,5,CombBLAS-sampled,sampled_worker,scratch_free,0.00032289799999998705,8197
ecology1.mtx,1,5,DCSC-sampled,wall,total,0.37159735100000002,0
ecology1.mtx,1,5,DCSC-sampled,wall,validate,4.7100000000000002e-07,0
ecology1.mtx,1,5,DCSC-sampled,wall,lookup_build,0.013882396,0
ecology1.mtx,1,5,DCSC-sampled,wall,scratch_setup,0.0013235079999999999,0
ecology1.mtx,1,5,DCSC-sampled,wall,work_bound,0.037422005000000001,0
ecology1.mtx,1,5,DCSC-sampled,wall,symbolic_capacity,0.0022100800000000001,0
ecology1.mtx,1,5,DCSC-sampled,wall,symbolic,0.093859021000000001,0
ecology1.mtx,1,5,DCSC-sampled,wall,prefix_numeric_capacity,0.0023732319999999999,0
ecology1.mtx,1,5,DCSC-sampled,wall,output_allocate,0.012327694,0
ecology1.mtx,1,5,DCSC-sampled,wall,numeric,0.208196359,0
ecology1.mtx,1,5,DCSC-sampled,wall,return_cleanup,1.8339999999999999e-06,0
ecology1.mtx,1,5,DCSC-sampled,wall,output_free,7.0100000000000004e-07,0
ecology1.mtx,1,5,DCSC-sampled,sampled_worker,lookup,0,8197
ecology1.mtx,1,5,DCSC-sampled,sampled_worker,alloc_init,0.00031654199999999193,8197
ecology1.mtx,1,5,DCSC-sampled,sampled_worker,lookup_multiply_hash,0.0010467500000000205,8197
ecology1.mtx,1,5,DCSC-sampled,sampled_worker,compact,0.00042818699999996721,8197
ecology1.mtx,1,5,DCSC-sampled,sampled_worker,sort,0.00057960500000003455,8197
ecology1.mtx,1,5,DCSC-sampled,sampled_worker,write,0.00034632199999997456,8197
ecology1.mtx,1,5,DCSC-sampled,sampled_worker,scratch_free,0.00031762699999999237,8197
ecology1.mtx,1,5,CombBLAS-profile,wall,total,0.38881534600000001,0
ecology1.mtx,1,5,CombBLAS-profile,wall,lookup_build,0.00077513600000000005,0
ecology1.mtx,1,5,CombBLAS-profile,wall,thread_setup,2.836e-06,0
ecology1.mtx,1,5,CombBLAS-profile,wall,work_bound,0.045718868000000003,0
ecology1.mtx,1,5,CombBLAS-profile,wall,work_prefix,0.00053107899999999995,0
ecology1.mtx,1,5,CombBLAS-profile,wall,symbolic,0.094096746999999994,0
ecology1.mtx,1,5,CombBLAS-profile,wall,output_prefix,0.00052315300000000005,0
ecology1.mtx,1,5,CombBLAS-profile,wall,output_allocate,0.016166277,0
ecology1.mtx,1,5,CombBLAS-profile,wall,numeric_scratch_setup,0.002477202,0
ecology1.mtx,1,5,CombBLAS-profile,wall,numeric,0.22851943899999999,0
ecology1.mtx,1,5,CombBLAS-profile,wall,internal_cleanup,3.416e-06,0
ecology1.mtx,1,5,CombBLAS-profile,wall,return_cleanup,8.2200000000000003e-07,0
ecology1.mtx,1,5,CombBLAS-profile,wall,output_free,3.1e-07,0
ecology1.mtx,1,6,DCSC-sampled,wall,total,0.37277743600000002,0
ecology1.mtx,1,6,DCSC-sampled,wall,validate,4.6100000000000001e-07,0
ecology1.mtx,1,6,DCSC-sampled,wall,lookup_build,0.013995413,0
ecology1.mtx,1,6,DCSC-sampled,wall,scratch_setup,0.001321565,0
ecology1.mtx,1,6,DCSC-sampled,wall,work_bound,0.037238492999999998,0
ecology1.mtx,1,6,DCSC-sampled,wall,symbolic_capacity,0.0021803220000000002,0
ecology1.mtx,1,6,DCSC-sampled,wall,symbolic,0.093719834000000002,0
ecology1.mtx,1,6,DCSC-sampled,wall,prefix_numeric_capacity,0.0023750059999999998,0
ecology1.mtx,1,6,DCSC-sampled,wall,output_allocate,0.012174030000000001,0
ecology1.mtx,1,6,DCSC-sampled,wall,numeric,0.209769446,0
ecology1.mtx,1,6,DCSC-sampled,wall,return_cleanup,2.0540000000000002e-06,0
ecology1.mtx,1,6,DCSC-sampled,wall,output_free,7.5199999999999996e-07,0
ecology1.mtx,1,6,DCSC-sampled,sampled_worker,lookup,0,8197
ecology1.mtx,1,6,DCSC-sampled,sampled_worker,alloc_init,0.00031546799999999242,8197
ecology1.mtx,1,6,DCSC-sampled,sampled_worker,lookup_multiply_hash,0.0010613470000000287,8197
ecology1.mtx,1,6,DCSC-sampled,sampled_worker,compact,0.00042743699999996999,8197
ecology1.mtx,1,6,DCSC-sampled,sampled_worker,sort,0.00059368000000003043,8197
ecology1.mtx,1,6,DCSC-sampled,sampled_worker,write,0.00034012799999997683,8197
ecology1.mtx,1,6,DCSC-sampled,sampled_worker,scratch_free,0.00031687699999999227,8197
ecology1.mtx,1,6,CombBLAS-sampled,wall,total,0.391370157,0
ecology1.mtx,1,6,CombBLAS-sampled,wall,lookup_build,0.00077796300000000001,0
ecology1.mtx,1,6,CombBLAS-sampled,wall,thread_setup,2.835e-06,0
ecology1.mtx,1,6,CombBLAS-sampled,wall,work_bound,0.045825042000000003,0
ecology1.mtx,1,6,CombBLAS-sampled,wall,work_prefix,0.000527371,0
ecology1.mtx,1,6,CombBLAS-sampled,wall,symbolic,0.093838622999999996,0
ecology1.mtx,1,6,CombBLAS-sampled,wall,output_prefix,0.00052883400000000005,0
ecology1.mtx,1,6,CombBLAS-sampled,wall,output_allocate,0.016287969999999999,0
ecology1.mtx,1,6,CombBLAS-sampled,wall,numeric_scratch_setup,0.002500506,0
ecology1.mtx,1,6,CombBLAS-sampled,wall,numeric,0.23107693500000001,0
ecology1.mtx,1,6,CombBLAS-sampled,wall,internal_cleanup,3.1970000000000001e-06,0
ecology1.mtx,1,6,CombBLAS-sampled,wall,return_cleanup,5.0999999999999999e-07,0
ecology1.mtx,1,6,CombBLAS-sampled,wall,output_free,3.1100000000000002e-07,0
ecology1.mtx,1,6,CombBLAS-sampled,sampled_worker,lookup,0.00059974100000004021,8197
ecology1.mtx,1,6,CombBLAS-sampled,sampled_worker,alloc_init,0.00040805799999993765,8197
ecology1.mtx,1,6,CombBLAS-sampled,sampled_worker,lookup_multiply_hash,0.00076484700000002681,8197
ecology1.mtx,1,6,CombBLAS-sampled,sampled_worker,compact,0.00038052399999995558,8197
ecology1.mtx,1,6,CombBLAS-sampled,sampled_worker,sort,0.00060833300000002143,8197
ecology1.mtx,1,6,CombBLAS-sampled,sampled_worker,write,0.00032735899999998547,8197
ecology1.mtx,1,6,CombBLAS-sampled,sampled_worker,scratch_free,0.00032274799999998757,8197
ecology1.mtx,1,6,CombBLAS-conversion,wall,total,0.420330231,0
ecology1.mtx,1,6,CombBLAS-conversion,wall,native_call,0.37328326499999998,0
ecology1.mtx,1,6,CombBLAS-conversion,wall,tuple_to_dcsc,0.047042146999999999,0
ecology1.mtx,1,6,CombBLAS-conversion,wall,dcsc_free,3.777e-06,0
ecology1.mtx,1,6,CombBLAS-conversion,wall,output_free,9.7199999999999997e-07,0
ecology1.mtx,1,6,DCSC-dense-lookup,wall,total,0.26113278099999998,0
ecology1.mtx,1,6,DCSC-dense-lookup,wall,output_free,0.26113246099999998,0
ecology1.mtx,1,6,DCSC-static,wall,total,0.37721912499999999,0
ecology1.mtx,1,6,DCSC-static,wall,output_free,0.377218844,0
ecology1.mtx,1,6,DCSC-dense-static,wall,total,0.25256293499999999,0
ecology1.mtx,1,6,DCSC-dense-static,wall,output_free,0.252562644,0
ecology1.mtx,1,6,CSC-control,wall,total,0.245954951,0
ecology1.mtx,1,6,CSC-control,wall,native_call_and_free,0.24595471999999999,0
ecology1.mtx,1,6,DCSC-control,wall,total,0.36839506,0
ecology1.mtx,1,6,DCSC-control,wall,native_call_and_free,0.36839459899999999,0
ecology1.mtx,1,6,CombBLAS-control,wall,total,0.37377797400000001,0
ecology1.mtx,1,6,CombBLAS-control,wall,native_call_and_free,0.373777684,0
ecology1.mtx,1,6,CSC-profile,wall,total,0.26161368299999999,0
ecology1.mtx,1,6,CSC-profile,wall,validate,6.4099999999999998e-07,0
ecology1.mtx,1,6,CSC-profile,wall,lookup_build,4.0000000000000001e-08,0
ecology1.mtx,1,6,CSC-profile,wall,scratch_setup,0.0012651069999999999,0
ecology1.mtx,1,6,CSC-profile,wall,work_bound,0.0074999849999999998,0
ecology1.mtx,1,6,CSC-profile,wall,symbolic_capacity,0.0035481649999999998,0
ecology1.mtx,1,6,CSC-profile,wall,symbolic,0.062685069999999996,0
ecology1.mtx,1,6,CSC-profile,wall,prefix_numeric_capacity,0.002392178,0
ecology1.mtx,1,6,CSC-profile,wall,output_allocate,0.011045976000000001,0
ecology1.mtx,1,6,CSC-profile,wall,numeric,0.17317397600000001,0
ecology1.mtx,1,6,CSC-profile,wall,return_cleanup,1.714e-06,0
ecology1.mtx,1,6,CSC-profile,wall,output_free,7.7100000000000001e-07,0
ecology1.mtx,1,6,DCSC-profile,wall,total,0.36834007499999999,0
ecology1.mtx,1,6,DCSC-profile,wall,validate,4.4000000000000002e-07,0
ecology1.mtx,1,6,DCSC-profile,wall,lookup_build,0.013860796,0
ecology1.mtx,1,6,DCSC-profile,wall,scratch_setup,0.00132967,0
ecology1.mtx,1,6,DCSC-profile,wall,work_bound,0.037367289999999997,0
ecology1.mtx,1,6,DCSC-profile,wall,symbolic_capacity,0.0021732679999999999,0
ecology1.mtx,1,6,DCSC-profile,wall,symbolic,0.093748259,0
ecology1.mtx,1,6,DCSC-profile,wall,prefix_numeric_capacity,0.0023933909999999999,0
ecology1.mtx,1,6,DCSC-profile,wall,output_allocate,0.012203746,0
ecology1.mtx,1,6,DCSC-profile,wall,numeric,0.20526000799999999,0
ecology1.mtx,1,6,DCSC-profile,wall,return_cleanup,2.5050000000000002e-06,0
ecology1.mtx,1,6,DCSC-profile,wall,output_free,6.4099999999999998e-07,0
ecology1.mtx,1,6,CombBLAS-profile,wall,total,0.38650277100000002,0
ecology1.mtx,1,6,CombBLAS-profile,wall,lookup_build,0.00080807999999999997,0
ecology1.mtx,1,6,CombBLAS-profile,wall,thread_setup,3.517e-06,0
ecology1.mtx,1,6,CombBLAS-profile,wall,work_bound,0.045844860000000001,0
ecology1.mtx,1,6,CombBLAS-profile,wall,work_prefix,0.00052842299999999998,0
ecology1.mtx,1,6,CombBLAS-profile,wall,symbolic,0.092295692999999998,0
ecology1.mtx,1,6,CombBLAS-profile,wall,output_prefix,0.00052953500000000003,0
ecology1.mtx,1,6,CombBLAS-profile,wall,output_allocate,0.016077167,0
ecology1.mtx,1,6,CombBLAS-profile,wall,numeric_scratch_setup,0.0025287999999999999,0
ecology1.mtx,1,6,CombBLAS-profile,wall,numeric,0.227881475,0
ecology1.mtx,1,6,CombBLAS-profile,wall,internal_cleanup,4.1080000000000003e-06,0
ecology1.mtx,1,6,CombBLAS-profile,wall,return_cleanup,5.3200000000000005e-07,0
ecology1.mtx,1,6,CombBLAS-profile,wall,output_free,5.2099999999999997e-07,0
ecology1.mtx,1,7,DCSC-sampled,wall,total,0.371021928,0
ecology1.mtx,1,7,DCSC-sampled,wall,validate,4.9100000000000004e-07,0
ecology1.mtx,1,7,DCSC-sampled,wall,lookup_build,0.013870243000000001,0
ecology1.mtx,1,7,DCSC-sampled,wall,scratch_setup,0.0013237189999999999,0
ecology1.mtx,1,7,DCSC-sampled,wall,work_bound,0.037338976000000003,0
ecology1.mtx,1,7,DCSC-sampled,wall,symbolic_capacity,0.0021852210000000002,0
ecology1.mtx,1,7,DCSC-sampled,wall,symbolic,0.093632095999999998,0
ecology1.mtx,1,7,DCSC-sampled,wall,prefix_numeric_capacity,0.002374705,0
ecology1.mtx,1,7,DCSC-sampled,wall,output_allocate,0.012215258999999999,0
ecology1.mtx,1,7,DCSC-sampled,wall,numeric,0.20807801200000001,0
ecology1.mtx,1,7,DCSC-sampled,wall,return_cleanup,2.4949999999999998e-06,0
ecology1.mtx,1,7,DCSC-sampled,wall,output_free,6.5099999999999999e-07,0
ecology1.mtx,1,7,DCSC-sampled,sampled_worker,lookup,0,8197
ecology1.mtx,1,7,DCSC-sampled,sampled_worker,alloc_init,0.0003150869999999926,8197
ecology1.mtx,1,7,DCSC-sampled,sampled_worker,lookup_multiply_hash,0.0010514150000000202,8197
ecology1.mtx,1,7,DCSC-sampled,sampled_worker,compact,0.00042252499999997185,8197
ecology1.mtx,1,7,DCSC-sampled,sampled_worker,sort,0.00059073600000003547,8197
ecology1.mtx,1,7,DCSC-sampled,sampled_worker,write,0.00034131099999997757,8197
ecology1.mtx,1,7,DCSC-sampled,sampled_worker,scratch_free,0.00031850199999999243,8197
ecology1.mtx,1,7,CombBLAS-profile,wall,total,0.38430262100000001,0
ecology1.mtx,1,7,CombBLAS-profile,wall,lookup_build,0.00079093700000000002,0
ecology1.mtx,1,7,CombBLAS-profile,wall,thread_setup,2.1840000000000002e-06,0
ecology1.mtx,1,7,CombBLAS-profile,wall,work_bound,0.045720372000000002,0
ecology1.mtx,1,7,CombBLAS-profile,wall,work_prefix,0.000528163,0
ecology1.mtx,1,7,CombBLAS-profile,wall,symbolic,0.090596864999999999,0
ecology1.mtx,1,7,CombBLAS-profile,wall,output_prefix,0.00053000599999999997,0
ecology1.mtx,1,7,CombBLAS-profile,wall,output_allocate,0.016202807,0
ecology1.mtx,1,7,CombBLAS-profile,wall,numeric_scratch_setup,0.0025038019999999999,0
ecology1.mtx,1,7,CombBLAS-profile,wall,numeric,0.22742311700000001,0
ecology1.mtx,1,7,CombBLAS-profile,wall,internal_cleanup,3.366e-06,0
ecology1.mtx,1,7,CombBLAS-profile,wall,return_cleanup,4.8100000000000003e-07,0
ecology1.mtx,1,7,CombBLAS-profile,wall,output_free,4.51e-07,0
ecology1.mtx,1,7,DCSC-profile,wall,total,0.37005888100000001,0
ecology1.mtx,1,7,DCSC-profile,wall,validate,4.51e-07,0
ecology1.mtx,1,7,DCSC-profile,wall,lookup_build,0.013889099,0
ecology1.mtx,1,7,DCSC-profile,wall,scratch_setup,0.001315653,0
ecology1.mtx,1,7,DCSC-profile,wall,work_bound,0.037239585999999998,0
ecology1.mtx,1,7,DCSC-profile,wall,symbolic_capacity,0.0021758229999999999,0
ecology1.mtx,1,7,DCSC-profile,wall,symbolic,0.093933643999999997,0
ecology1.mtx,1,7,DCSC-profile,wall,prefix_numeric_capacity,0.0023874790000000001,0
ecology1.mtx,1,7,DCSC-profile,wall,output_allocate,0.012195661999999999,0
ecology1.mtx,1,7,DCSC-profile,wall,numeric,0.206918929,0
ecology1.mtx,1,7,DCSC-profile,wall,return_cleanup,1.8339999999999999e-06,0
ecology1.mtx,1,7,DCSC-profile,wall,output_free,6.7100000000000001e-07,0
ecology1.mtx,1,7,CSC-profile,wall,total,0.26042447299999999,0
ecology1.mtx,1,7,CSC-profile,wall,validate,5.4099999999999999e-07,0
ecology1.mtx,1,7,CSC-profile,wall,lookup_build,4.0000000000000001e-08,0
ecology1.mtx,1,7,CSC-profile,wall,scratch_setup,0.001248325,0
ecology1.mtx,1,7,CSC-profile,wall,work_bound,0.007555221,0
ecology1.mtx,1,7,CSC-profile,wall,symbolic_capacity,0.003562422,0
ecology1.mtx,1,7,CSC-profile,wall,symbolic,0.062310451000000003,0
ecology1.mtx,1,7,CSC-profile,wall,prefix_numeric_capacity,0.002405674,0
ecology1.mtx,1,7,CSC-profile,wall,output_allocate,0.011047259,0
ecology1.mtx,1,7,CSC-profile,wall,numeric,0.172292005,0
ecology1.mtx,1,7,CSC-profile,wall,return_cleanup,1.663e-06,0
ecology1.mtx,1,7,CSC-profile,wall,output_free,8.1200000000000002e-07,0
ecology1.mtx,1,7,CombBLAS-control,wall,total,0.37475055000000002,0
ecology1.mtx,1,7,CombBLAS-control,wall,native_call_and_free,0.37474998799999998,0
ecology1.mtx,1,7,DCSC-control,wall,total,0.36739949,0
ecology1.mtx,1,7,DCSC-control,wall,native_call_and_free,0.367399421,0
ecology1.mtx,1,7,CSC-control,wall,total,0.24672617899999999,0
ecology1.mtx,1,7,CSC-control,wall,native_call_and_free,0.24672590899999999,0
ecology1.mtx,1,7,DCSC-dense-static,wall,total,0.25155662400000001,0
ecology1.mtx,1,7,DCSC-dense-static,wall,output_free,0.25155636399999998,0
ecology1.mtx,1,7,DCSC-static,wall,total,0.37826926900000002,0
ecology1.mtx,1,7,DCSC-static,wall,output_free,0.37826899899999999,0
ecology1.mtx,1,7,DCSC-dense-lookup,wall,total,0.25872377099999999,0
ecology1.mtx,1,7,DCSC-dense-lookup,wall,output_free,0.25872346000000002,0
ecology1.mtx,1,7,CombBLAS-conversion,wall,total,0.41922931000000002,0
ecology1.mtx,1,7,CombBLAS-conversion,wall,native_call,0.37272917300000002,0
ecology1.mtx,1,7,CombBLAS-conversion,wall,tuple_to_dcsc,0.046494836999999997,0
ecology1.mtx,1,7,CombBLAS-conversion,wall,dcsc_free,4.3379999999999998e-06,0
ecology1.mtx,1,7,CombBLAS-conversion,wall,output_free,8.9199999999999999e-07,0
ecology1.mtx,1,7,CombBLAS-sampled,wall,total,0.395565683,0
ecology1.mtx,1,7,CombBLAS-sampled,wall,lookup_build,0.00077210099999999997,0
ecology1.mtx,1,7,CombBLAS-sampled,wall,thread_setup,7.0129999999999996e-06,0
ecology1.mtx,1,7,CombBLAS-sampled,wall,work_bound,0.045800946000000002,0
ecology1.mtx,1,7,CombBLAS-sampled,wall,work_prefix,0.00054549700000000004,0
ecology1.mtx,1,7,CombBLAS-sampled,wall,symbolic,0.093860444000000001,0
ecology1.mtx,1,7,CombBLAS-sampled,wall,output_prefix,0.00054453399999999995,0
ecology1.mtx,1,7,CombBLAS-sampled,wall,output_allocate,0.016277670000000001,0
ecology1.mtx,1,7,CombBLAS-sampled,wall,numeric_scratch_setup,0.0024793760000000001,0
ecology1.mtx,1,7,CombBLAS-sampled,wall,numeric,0.235273643,0
ecology1.mtx,1,7,CombBLAS-sampled,wall,internal_cleanup,3.597e-06,0
ecology1.mtx,1,7,CombBLAS-sampled,wall,return_cleanup,4.9100000000000004e-07,0
ecology1.mtx,1,7,CombBLAS-sampled,wall,output_free,3.0100000000000001e-07,0
ecology1.mtx,1,7,CombBLAS-sampled,sampled_worker,lookup,0.00060158700000004001,8197
ecology1.mtx,1,7,CombBLAS-sampled,sampled_worker,alloc_init,0.00040959399999993624,8197
ecology1.mtx,1,7,CombBLAS-sampled,sampled_worker,lookup_multiply_hash,0.00078452399999999229,8197
ecology1.mtx,1,7,CombBLAS-sampled,sampled_worker,compact,0.00039505599999995719,8197
ecology1.mtx,1,7,CombBLAS-sampled,sampled_worker,sort,0.00061360200000001896,8197
ecology1.mtx,1,7,CombBLAS-sampled,sampled_worker,write,0.00032825399999998541,8197
ecology1.mtx,1,7,CombBLAS-sampled,sampled_worker,scratch_free,0.00032289899999998756,8197
ecology1.mtx,1,8,CombBLAS-conversion,wall,total,0.42024860400000003,0
ecology1.mtx,1,8,CombBLAS-conversion,wall,native_call,0.37386201600000002,0
ecology1.mtx,1,8,CombBLAS-conversion,wall,tuple_to_dcsc,0.046382450999999998,0
ecology1.mtx,1,8,CombBLAS-conversion,wall,dcsc_free,3.1470000000000001e-06,0
ecology1.mtx,1,8,CombBLAS-conversion,wall,output_free,9.3200000000000003e-07,0
ecology1.mtx,1,8,DCSC-dense-lookup,wall,total,0.264133006,0
ecology1.mtx,1,8,DCSC-dense-lookup,wall,output_free,0.264132745,0
ecology1.mtx,1,8,DCSC-static,wall,total,0.37727395000000002,0
ecology1.mtx,1,8,DCSC-static,wall,output_free,0.37727370900000001,0
ecology1.mtx,1,8,DCSC-dense-static,wall,total,0.25224165900000001,0
ecology1.mtx,1,8,DCSC-dense-static,wall,output_free,0.25224137800000002,0
ecology1.mtx,1,8,CSC-control,wall,total,0.247079667,0
ecology1.mtx,1,8,CSC-control,wall,native_call_and_free,0.24707938700000001,0
ecology1.mtx,1,8,DCSC-control,wall,total,0.36723829099999999,0
ecology1.mtx,1,8,DCSC-control,wall,native_call_and_free,0.36723802100000003,0
ecology1.mtx,1,8,CombBLAS-control,wall,total,0.37614675800000003,0
ecology1.mtx,1,8,CombBLAS-control,wall,native_call_and_free,0.37614646699999998,0
ecology1.mtx,1,8,CSC-profile,wall,total,0.259772693,0
ecology1.mtx,1,8,CSC-profile,wall,validate,9.0100000000000003e-07,0
ecology1.mtx,1,8,CSC-profile,wall,lookup_build,2.9999999999999997e-08,0
ecology1.mtx,1,8,CSC-profile,wall,scratch_setup,0.0012713290000000001,0
ecology1.mtx,1,8,CSC-profile,wall,work_bound,0.007485317,0
ecology1.mtx,1,8,CSC-profile,wall,symbolic_capacity,0.0024599380000000001,0
ecology1.mtx,1,8,CSC-profile,wall,symbolic,0.063027325999999995,0
ecology1.mtx,1,8,CSC-profile,wall,prefix_numeric_capacity,0.0023919879999999998,0
ecology1.mtx,1,8,CSC-profile,wall,output_allocate,0.011057107,0
ecology1.mtx,1,8,CSC-profile,wall,numeric,0.172076121,0
ecology1.mtx,1,8,CSC-profile,wall,return_cleanup,1.604e-06,0
ecology1.mtx,1,8,CSC-profile,wall,output_free,9.7100000000000011e-07,0
ecology1.mtx,1,8,DCSC-profile,wall,total,0.37060856599999997,0
ecology1.mtx,1,8,DCSC-profile,wall,validate,7.0200000000000001e-07,0
ecology1.mtx,1,8,DCSC-profile,wall,lookup_build,0.013886324,0
ecology1.mtx,1,8,DCSC-profile,wall,scratch_setup,0.00131419,0
ecology1.mtx,1,8,DCSC-profile,wall,work_bound,0.037202103,0
ecology1.mtx,1,8,DCSC-profile,wall,symbolic_capacity,0.002207194,0
ecology1.mtx,1,8,DCSC-profile,wall,symbolic,0.093686619999999998,0
ecology1.mtx,1,8,DCSC-profile,wall,prefix_numeric_capacity,0.0023815479999999998,0
ecology1.mtx,1,8,DCSC-profile,wall,output_allocate,0.012175603,0
ecology1.mtx,1,8,DCSC-profile,wall,numeric,0.20775133600000001,0
ecology1.mtx,1,8,DCSC-profile,wall,return_cleanup,2.384e-06,0
ecology1.mtx,1,8,DCSC-profile,wall,output_free,5.0100000000000005e-07,0
ecology1.mtx,1,8,CombBLAS-profile,wall,total,0.38704059200000002,0
ecology1.mtx,1,8,CombBLAS-profile,wall,lookup_build,0.00080644600000000005,0
ecology1.mtx,1,8,CombBLAS-profile,wall,thread_setup,3.0359999999999998e-06,0
ecology1.mtx,1,8,CombBLAS-profile,wall,work_bound,0.045817787999999998,0
ecology1.mtx,1,8,CombBLAS-profile,wall,work_prefix,0.00053673000000000002,0
ecology1.mtx,1,8,CombBLAS-profile,wall,symbolic,0.092042035999999994,0
ecology1.mtx,1,8,CombBLAS-profile,wall,output_prefix,0.00052964600000000004,0
ecology1.mtx,1,8,CombBLAS-profile,wall,output_allocate,0.016163923,0
ecology1.mtx,1,8,CombBLAS-profile,wall,numeric_scratch_setup,0.0024817490000000001,0
ecology1.mtx,1,8,CombBLAS-profile,wall,numeric,0.22865486900000001,0
ecology1.mtx,1,8,CombBLAS-profile,wall,internal_cleanup,3.3469999999999999e-06,0
ecology1.mtx,1,8,CombBLAS-profile,wall,return_cleanup,4.8100000000000003e-07,0
ecology1.mtx,1,8,CombBLAS-profile,wall,output_free,4.8999999999999997e-07,0
ecology1.mtx,1,8,DCSC-sampled,wall,total,0.37375510000000001,0
ecology1.mtx,1,8,DCSC-sampled,wall,validate,6.7199999999999998e-07,0
ecology1.mtx,1,8,DCSC-sampled,wall,lookup_build,0.013867667,0
ecology1.mtx,1,8,DCSC-sampled,wall,scratch_setup,0.001322637,0
ecology1.mtx,1,8,DCSC-sampled,wall,work_bound,0.037321211999999999,0
ecology1.mtx,1,8,DCSC-sampled,wall,symbolic_capacity,0.002175883,0
ecology1.mtx,1,8,DCSC-sampled,wall,symbolic,0.093848721999999996,0
ecology1.mtx,1,8,DCSC-sampled,wall,prefix_numeric_capacity,0.0023744339999999999,0
ecology1.mtx,1,8,DCSC-sampled,wall,output_allocate,0.012186463999999999,0
ecology1.mtx,1,8,DCSC-sampled,wall,numeric,0.210654544,0
ecology1.mtx,1,8,DCSC-sampled,wall,return_cleanup,2.1639999999999999e-06,0
ecology1.mtx,1,8,DCSC-sampled,wall,output_free,6.5099999999999999e-07,0
ecology1.mtx,1,8,DCSC-sampled,sampled_worker,lookup,0,8197
ecology1.mtx,1,8,DCSC-sampled,sampled_worker,alloc_init,0.00031401999999999374,8197
ecology1.mtx,1,8,DCSC-sampled,sampled_worker,lookup_multiply_hash,0.0010480050000000205,8197
ecology1.mtx,1,8,DCSC-sampled,sampled_worker,compact,0.00042630499999997049,8197
ecology1.mtx,1,8,DCSC-sampled,sampled_worker,sort,0.00059353000000002677,8197
ecology1.mtx,1,8,DCSC-sampled,sampled_worker,write,0.00034090899999997775,8197
ecology1.mtx,1,8,DCSC-sampled,sampled_worker,scratch_free,0.00031709999999999199,8197
ecology1.mtx,1,8,CombBLAS-sampled,wall,total,0.38867395399999999,0
ecology1.mtx,1,8,CombBLAS-sampled,wall,lookup_build,0.00077689000000000002,0
ecology1.mtx,1,8,CombBLAS-sampled,wall,thread_setup,2.655e-06,0
ecology1.mtx,1,8,CombBLAS-sampled,wall,work_bound,0.045828057999999998,0
ecology1.mtx,1,8,CombBLAS-sampled,wall,work_prefix,0.000528734,0
ecology1.mtx,1,8,CombBLAS-sampled,wall,symbolic,0.091504345000000001,0
ecology1.mtx,1,8,CombBLAS-sampled,wall,output_prefix,0.00052676000000000003,0
ecology1.mtx,1,8,CombBLAS-sampled,wall,output_allocate,0.016135117000000001,0
ecology1.mtx,1,8,CombBLAS-sampled,wall,numeric_scratch_setup,0.0025177289999999998,0
ecology1.mtx,1,8,CombBLAS-sampled,wall,numeric,0.23084960900000001,0
ecology1.mtx,1,8,CombBLAS-sampled,wall,internal_cleanup,3.1860000000000001e-06,0
ecology1.mtx,1,8,CombBLAS-sampled,wall,return_cleanup,5.1099999999999996e-07,0
ecology1.mtx,1,8,CombBLAS-sampled,wall,output_free,2.8999999999999998e-07,0
ecology1.mtx,1,8,CombBLAS-sampled,sampled_worker,lookup,0.00060311700000004013,8197
ecology1.mtx,1,8,CombBLAS-sampled,sampled_worker,alloc_init,0.0004126659999999361,8197
ecology1.mtx,1,8,CombBLAS-sampled,sampled_worker,lookup_multiply_hash,0.00076382600000002548,8197
ecology1.mtx,1,8,CombBLAS-sampled,sampled_worker,compact,0.00038356099999995504,8197
ecology1.mtx,1,8,CombBLAS-sampled,sampled_worker,sort,0.00061218500000001584,8197
ecology1.mtx,1,8,CombBLAS-sampled,sampled_worker,write,0.00033241299999998508,8197
ecology1.mtx,1,8,CombBLAS-sampled,sampled_worker,scratch_free,0.00032215899999998794,8197
ecology1.mtx,1,9,CombBLAS-conversion,wall,total,0.421882749,0
ecology1.mtx,1,9,CombBLAS-conversion,wall,native_call,0.37549407600000001,0
ecology1.mtx,1,9,CombBLAS-conversion,wall,tuple_to_dcsc,0.046383774000000003,0
ecology1.mtx,1,9,CombBLAS-conversion,wall,dcsc_free,3.8970000000000001e-06,0
ecology1.mtx,1,9,CombBLAS-conversion,wall,output_free,9.4200000000000004e-07,0
ecology1.mtx,1,9,CombBLAS-sampled,wall,total,0.389285769,0
ecology1.mtx,1,9,CombBLAS-sampled,wall,lookup_build,0.00076934499999999995,0
ecology1.mtx,1,9,CombBLAS-sampled,wall,thread_setup,6.0619999999999997e-06,0
ecology1.mtx,1,9,CombBLAS-sampled,wall,work_bound,0.045796787999999998,0
ecology1.mtx,1,9,CombBLAS-sampled,wall,work_prefix,0.00055248000000000005,0
ecology1.mtx,1,9,CombBLAS-sampled,wall,symbolic,0.091951151999999994,0
ecology1.mtx,1,9,CombBLAS-sampled,wall,output_prefix,0.00054235999999999998,0
ecology1.mtx,1,9,CombBLAS-sampled,wall,output_allocate,0.016315453000000001,0
ecology1.mtx,1,9,CombBLAS-sampled,wall,numeric_scratch_setup,0.0024739549999999999,0
ecology1.mtx,1,9,CombBLAS-sampled,wall,numeric,0.23087376500000001,0
ecology1.mtx,1,9,CombBLAS-sampled,wall,internal_cleanup,3.5260000000000002e-06,0
ecology1.mtx,1,9,CombBLAS-sampled,wall,return_cleanup,5.2099999999999997e-07,0
ecology1.mtx,1,9,CombBLAS-sampled,wall,output_free,2.91e-07,0
ecology1.mtx,1,9,CombBLAS-sampled,sampled_worker,lookup,0.00060475800000003974,8197
ecology1.mtx,1,9,CombBLAS-sampled,sampled_worker,alloc_init,0.00040803299999993622,8197
ecology1.mtx,1,9,CombBLAS-sampled,sampled_worker,lookup_multiply_hash,0.00075801900000003076,8197
ecology1.mtx,1,9,CombBLAS-sampled,sampled_worker,compact,0.00049419299999995813,8197
ecology1.mtx,1,9,CombBLAS-sampled,sampled_worker,sort,0.00061429800000001485,8197
ecology1.mtx,1,9,CombBLAS-sampled,sampled_worker,write,0.00032769499999998609,8197
ecology1.mtx,1,9,CombBLAS-sampled,sampled_worker,scratch_free,0.00032226999999998774,8197
ecology1.mtx,1,9,DCSC-sampled,wall,total,0.373817389,0
ecology1.mtx,1,9,DCSC-sampled,wall,validate,4.7999999999999996e-07,0
ecology1.mtx,1,9,DCSC-sampled,wall,lookup_build,0.013879561,0
ecology1.mtx,1,9,DCSC-sampled,wall,scratch_setup,0.001322868,0
ecology1.mtx,1,9,DCSC-sampled,wall,work_bound,0.037332664000000002,0
ecology1.mtx,1,9,DCSC-sampled,wall,symbolic_capacity,0.0021946190000000001,0
ecology1.mtx,1,9,DCSC-sampled,wall,symbolic,0.093794046000000006,0
ecology1.mtx,1,9,DCSC-sampled,wall,prefix_numeric_capacity,0.0023825999999999999,0
ecology1.mtx,1,9,DCSC-sampled,wall,output_allocate,0.012234416,0
ecology1.mtx,1,9,DCSC-sampled,wall,numeric,0.21067271900000001,0
ecology1.mtx,1,9,DCSC-sampled,wall,return_cleanup,2.6249999999999999e-06,0
ecology1.mtx,1,9,DCSC-sampled,wall,output_free,7.3099999999999997e-07,0
ecology1.mtx,1,9,DCSC-sampled,sampled_worker,lookup,0,8197
ecology1.mtx,1,9,DCSC-sampled,sampled_worker,alloc_init,0.00031660799999999291,8197
ecology1.mtx,1,9,DCSC-sampled,sampled_worker,lookup_multiply_hash,0.0010666220000000294,8197
ecology1.mtx,1,9,DCSC-sampled,sampled_worker,compact,0.00042575899999996981,8197
ecology1.mtx,1,9,DCSC-sampled,sampled_worker,sort,0.00060131600000003108,8197
ecology1.mtx,1,9,DCSC-sampled,sampled_worker,write,0.00034146699999997791,8197
ecology1.mtx,1,9,DCSC-sampled,sampled_worker,scratch_free,0.00031690799999999222,8197
ecology1.mtx,1,9,CombBLAS-profile,wall,total,0.38786014400000002,0
ecology1.mtx,1,9,CombBLAS-profile,wall,lookup_build,0.00077909400000000003,0
ecology1.mtx,1,9,CombBLAS-profile,wall,thread_setup,3.4570000000000001e-06,0
ecology1.mtx,1,9,CombBLAS-profile,wall,work_bound,0.045726373000000001,0
ecology1.mtx,1,9,CombBLAS-profile,wall,work_prefix,0.00052638000000000001,0
ecology1.mtx,1,9,CombBLAS-profile,wall,symbolic,0.092823134000000002,0
ecology1.mtx,1,9,CombBLAS-profile,wall,output_prefix,0.000528583,0
ecology1.mtx,1,9,CombBLAS-profile,wall,output_allocate,0.016026658999999999,0
ecology1.mtx,1,9,CombBLAS-profile,wall,numeric_scratch_setup,0.0024708899999999999,0
ecology1.mtx,1,9,CombBLAS-profile,wall,numeric,0.22897126500000001,0
ecology1.mtx,1,9,CombBLAS-profile,wall,internal_cleanup,3.467e-06,0
ecology1.mtx,1,9,CombBLAS-profile,wall,return_cleanup,4.9100000000000004e-07,0
ecology1.mtx,1,9,CombBLAS-profile,wall,output_free,2.9999999999999999e-07,0
ecology1.mtx,1,9,DCSC-profile,wall,total,0.37108986900000002,0
ecology1.mtx,1,9,DCSC-profile,wall,validate,6.8100000000000002e-07,0
ecology1.mtx,1,9,DCSC-profile,wall,lookup_build,0.013872206999999999,0
ecology1.mtx,1,9,DCSC-profile,wall,scratch_setup,0.001318839,0
ecology1.mtx,1,9,DCSC-profile,wall,work_bound,0.037253862999999998,0
ecology1.mtx,1,9,DCSC-profile,wall,symbolic_capacity,0.0021823960000000001,0
ecology1.mtx,1,9,DCSC-profile,wall,symbolic,0.094031231000000007,0
ecology1.mtx,1,9,DCSC-profile,wall,prefix_numeric_capacity,0.0023749359999999998,0
ecology1.mtx,1,9,DCSC-profile,wall,output_allocate,0.012192524999999999,0
ecology1.mtx,1,9,DCSC-profile,wall,numeric,0.20785964400000001,0
ecology1.mtx,1,9,DCSC-profile,wall,return_cleanup,2.5040000000000001e-06,0
ecology1.mtx,1,9,DCSC-profile,wall,output_free,9.7199999999999997e-07,0
ecology1.mtx,1,9,CSC-profile,wall,total,0.26013984699999998,0
ecology1.mtx,1,9,CSC-profile,wall,validate,4.8100000000000003e-07,0
ecology1.mtx,1,9,CSC-profile,wall,lookup_build,4.0000000000000001e-08,0
ecology1.mtx,1,9,CSC-profile,wall,scratch_setup,0.001257923,0
ecology1.mtx,1,9,CSC-profile,wall,work_bound,0.0075296709999999999,0
ecology1.mtx,1,9,CSC-profile,wall,symbolic_capacity,0.0035640770000000001,0
ecology1.mtx,1,9,CSC-profile,wall,symbolic,0.062096499999999999,0
ecology1.mtx,1,9,CSC-profile,wall,prefix_numeric_capacity,0.0024222459999999999,0
ecology1.mtx,1,9,CSC-profile,wall,output_allocate,0.011073289,0
ecology1.mtx,1,9,CSC-profile,wall,numeric,0.172193396,0
ecology1.mtx,1,9,CSC-profile,wall,return_cleanup,1.373e-06,0
ecology1.mtx,1,9,CSC-profile,wall,output_free,8.0100000000000004e-07,0
ecology1.mtx,1,9,CombBLAS-control,wall,total,0.37116033300000001,0
ecology1.mtx,1,9,CombBLAS-control,wall,native_call_and_free,0.37115960199999998,0
ecology1.mtx,1,9,DCSC-control,wall,total,0.36745599800000001,0
ecology1.mtx,1,9,DCSC-control,wall,native_call_and_free,0.36745570799999999,0
ecology1.mtx,1,9,CSC-control,wall,total,0.246746629,0
ecology1.mtx,1,9,CSC-control,wall,native_call_and_free,0.24674633800000001,0
ecology1.mtx,1,9,DCSC-dense-static,wall,total,0.25109007,0
ecology1.mtx,1,9,DCSC-dense-static,wall,output_free,0.25108944799999999,0
ecology1.mtx,1,9,DCSC-static,wall,total,0.376686874,0
ecology1.mtx,1,9,DCSC-static,wall,output_free,0.37668659300000001,0
ecology1.mtx,1,9,DCSC-dense-lookup,wall,total,0.25941498600000001,0
ecology1.mtx,1,9,DCSC-dense-lookup,wall,output_free,0.25941468600000001,0
ecology1.mtx,1,10,DCSC-static,wall,total,0.37816905699999998,0
ecology1.mtx,1,10,DCSC-static,wall,output_free,0.378168746,0
ecology1.mtx,1,10,DCSC-dense-static,wall,total,0.25274561499999998,0
ecology1.mtx,1,10,DCSC-dense-static,wall,output_free,0.25274533399999999,0
ecology1.mtx,1,10,CSC-control,wall,total,0.24890332500000001,0
ecology1.mtx,1,10,CSC-control,wall,native_call_and_free,0.24890303499999999,0
ecology1.mtx,1,10,DCSC-control,wall,total,0.36678746600000001,0
ecology1.mtx,1,10,DCSC-control,wall,native_call_and_free,0.36678721600000003,0
ecology1.mtx,1,10,CombBLAS-control,wall,total,0.37265136300000001,0
ecology1.mtx,1,10,CombBLAS-control,wall,native_call_and_free,0.37265110299999998,0
ecology1.mtx,1,10,CSC-profile,wall,total,0.26009680400000001,0
ecology1.mtx,1,10,CSC-profile,wall,validate,6.9100000000000003e-07,0
ecology1.mtx,1,10,CSC-profile,wall,lookup_build,4.0000000000000001e-08,0
ecology1.mtx,1,10,CSC-profile,wall,scratch_setup,0.0012736830000000001,0
ecology1.mtx,1,10,CSC-profile,wall,work_bound,0.0075582269999999998,0
ecology1.mtx,1,10,CSC-profile,wall,symbolic_capacity,0.0023913469999999998,0
ecology1.mtx,1,10,CSC-profile,wall,symbolic,0.063057444000000004,0
ecology1.mtx,1,10,CSC-profile,wall,prefix_numeric_capacity,0.0024017560000000001,0
ecology1.mtx,1,10,CSC-profile,wall,output_allocate,0.011033472000000001,0
ecology1.mtx,1,10,CSC-profile,wall,numeric,0.172377629,0
ecology1.mtx,1,10,CSC-profile,wall,return_cleanup,1.7239999999999999e-06,0
ecology1.mtx,1,10,CSC-profile,wall,output_free,7.2099999999999996e-07,0
ecology1.mtx,1,10,DCSC-profile,wall,total,0.37022492899999998,0
ecology1.mtx,1,10,DCSC-profile,wall,validate,4.3099999999999998e-07,0
ecology1.mtx,1,10,DCSC-profile,wall,lookup_build,0.013962901,0
ecology1.mtx,1,10,DCSC-profile,wall,scratch_setup,0.0013145909999999999,0
ecology1.mtx,1,10,DCSC-profile,wall,work_bound,0.037410614000000002,0
ecology1.mtx,1,10,DCSC-profile,wall,symbolic_capacity,0.002180272,0
ecology1.mtx,1,10,DCSC-profile,wall,symbolic,0.093728801,0
ecology1.mtx,1,10,DCSC-profile,wall,prefix_numeric_capacity,0.0023828500000000002,0
ecology1.mtx,1,10,DCSC-profile,wall,output_allocate,0.012216592,0
ecology1.mtx,1,10,DCSC-profile,wall,numeric,0.20702506300000001,0
ecology1.mtx,1,10,DCSC-profile,wall,return_cleanup,2.2239999999999998e-06,0
ecology1.mtx,1,10,DCSC-profile,wall,output_free,5.3099999999999998e-07,0
ecology1.mtx,1,10,CombBLAS-profile,wall,total,0.389397192,0
ecology1.mtx,1,10,CombBLAS-profile,wall,lookup_build,0.00080666799999999997,0
ecology1.mtx,1,10,CombBLAS-profile,wall,thread_setup,3.1350000000000001e-06,0
ecology1.mtx,1,10,CombBLAS-profile,wall,work_bound,0.045782430999999998,0
ecology1.mtx,1,10,CombBLAS-profile,wall,work_prefix,0.00052460600000000005,0
ecology1.mtx,1,10,CombBLAS-profile,wall,symbolic,0.093411923999999993,0
ecology1.mtx,1,10,CombBLAS-profile,wall,output_prefix,0.00052814300000000002,0
ecology1.mtx,1,10,CombBLAS-profile,wall,output_allocate,0.016130608000000001,0
ecology1.mtx,1,10,CombBLAS-profile,wall,numeric_scratch_setup,0.002516637,0
ecology1.mtx,1,10,CombBLAS-profile,wall,numeric,0.22968722899999999,0
ecology1.mtx,1,10,CombBLAS-profile,wall,internal_cleanup,4.4490000000000001e-06,0
ecology1.mtx,1,10,CombBLAS-profile,wall,return_cleanup,7.5099999999999999e-07,0
ecology1.mtx,1,10,CombBLAS-profile,wall,output_free,5.4099999999999999e-07,0
ecology1.mtx,1,10,DCSC-sampled,wall,total,0.37307006599999998,0
ecology1.mtx,1,10,DCSC-sampled,wall,validate,4.2100000000000002e-07,0
ecology1.mtx,1,10,DCSC-sampled,wall,lookup_build,0.013876243999999999,0
ecology1.mtx,1,10,DCSC-sampled,wall,scratch_setup,0.0013149520000000001,0
ecology1.mtx,1,10,DCSC-sampled,wall,work_bound,0.037350538000000003,0
ecology1.mtx,1,10,DCSC-sampled,wall,symbolic_capacity,0.0022125140000000001,0
ecology1.mtx,1,10,DCSC-sampled,wall,symbolic,0.093760011000000004,0
ecology1.mtx,1,10,DCSC-sampled,wall,prefix_numeric_capacity,0.0023791530000000002,0
ecology1.mtx,1,10,DCSC-sampled,wall,output_allocate,0.012222032000000001,0
ecology1.mtx,1,10,DCSC-sampled,wall,numeric,0.20995153599999999,0
ecology1.mtx,1,10,DCSC-sampled,wall,return_cleanup,1.7129999999999999e-06,0
ecology1.mtx,1,10,DCSC-sampled,wall,output_free,8.8199999999999998e-07,0
ecology1.mtx,1,10,DCSC-sampled,sampled_worker,lookup,0,8197
ecology1.mtx,1,10,DCSC-sampled,sampled_worker,alloc_init,0.00031496899999999221,8197
ecology1.mtx,1,10,DCSC-sampled,sampled_worker,lookup_multiply_hash,0.0010500560000000223,8197
ecology1.mtx,1,10,DCSC-sampled,sampled_worker,compact,0.0004246449999999688,8197
ecology1.mtx,1,10,DCSC-sampled,sampled_worker,sort,0.00058517200000003742,8197
ecology1.mtx,1,10,DCSC-sampled,sampled_worker,write,0.00034006099999997805,8197
ecology1.mtx,1,10,DCSC-sampled,sampled_worker,scratch_free,0.00031682199999999211,8197
ecology1.mtx,1,10,CombBLAS-sampled,wall,total,0.38880318200000002,0
ecology1.mtx,1,10,CombBLAS-sampled,wall,lookup_build,0.00077874400000000005,0
ecology1.mtx,1,10,CombBLAS-sampled,wall,thread_setup,2.7250000000000002e-06,0
ecology1.mtx,1,10,CombBLAS-sampled,wall,work_bound,0.045720301999999997,0
ecology1.mtx,1,10,CombBLAS-sampled,wall,work_prefix,0.00052914499999999996,0
ecology1.mtx,1,10,CombBLAS-sampled,wall,symbolic,0.091589146999999996,0
ecology1.mtx,1,10,CombBLAS-sampled,wall,output_prefix,0.00052400500000000002,0
ecology1.mtx,1,10,CombBLAS-sampled,wall,output_allocate,0.016013003000000001,0
ecology1.mtx,1,10,CombBLAS-sampled,wall,numeric_scratch_setup,0.0025120379999999999,0
ecology1.mtx,1,10,CombBLAS-sampled,wall,numeric,0.23112961600000001,0
ecology1.mtx,1,10,CombBLAS-sampled,wall,internal_cleanup,3.3560000000000001e-06,0
ecology1.mtx,1,10,CombBLAS-sampled,wall,return_cleanup,6.8100000000000002e-07,0
ecology1.mtx,1,10,CombBLAS-sampled,wall,output_free,3.5100000000000001e-07,0
ecology1.mtx,1,10,CombBLAS-sampled,sampled_worker,lookup,0.00060213300000004221,8197
ecology1.mtx,1,10,CombBLAS-sampled,sampled_worker,alloc_init,0.00040838699999993594,8197
ecology1.mtx,1,10,CombBLAS-sampled,sampled_worker,lookup_multiply_hash,0.00076285700000002584,8197
ecology1.mtx,1,10,CombBLAS-sampled,sampled_worker,compact,0.00038250399999995531,8197
ecology1.mtx,1,10,CombBLAS-sampled,sampled_worker,sort,0.00060585100000002117,8197
ecology1.mtx,1,10,CombBLAS-sampled,sampled_worker,write,0.00032767399999998522,8197
ecology1.mtx,1,10,CombBLAS-sampled,sampled_worker,scratch_free,0.00032268399999998786,8197
ecology1.mtx,1,10,CombBLAS-conversion,wall,total,0.41811087499999999,0
ecology1.mtx,1,10,CombBLAS-conversion,wall,native_call,0.37164412200000002,0
ecology1.mtx,1,10,CombBLAS-conversion,wall,tuple_to_dcsc,0.046461732999999998,0
ecology1.mtx,1,10,CombBLAS-conversion,wall,dcsc_free,3.9979999999999997e-06,0
ecology1.mtx,1,10,CombBLAS-conversion,wall,output_free,9.5199999999999995e-07,0
ecology1.mtx,1,10,DCSC-dense-lookup,wall,total,0.26339595300000002,0
ecology1.mtx,1,10,DCSC-dense-lookup,wall,output_free,0.26339568200000002,0
ecology1.mtx,1,11,DCSC-static,wall,total,0.37875413800000002,0
ecology1.mtx,1,11,DCSC-static,wall,output_free,0.37875383899999998,0
ecology1.mtx,1,11,DCSC-dense-lookup,wall,total,0.25991116800000003,0
ecology1.mtx,1,11,DCSC-dense-lookup,wall,output_free,0.259910908,0
ecology1.mtx,1,11,CombBLAS-conversion,wall,total,0.41869690900000001,0
ecology1.mtx,1,11,CombBLAS-conversion,wall,native_call,0.37232726199999999,0
ecology1.mtx,1,11,CombBLAS-conversion,wall,tuple_to_dcsc,0.046364535999999998,0
ecology1.mtx,1,11,CombBLAS-conversion,wall,dcsc_free,3.4869999999999998e-06,0
ecology1.mtx,1,11,CombBLAS-conversion,wall,output_free,1.553e-06,0
ecology1.mtx,1,11,CombBLAS-sampled,wall,total,0.395015528,0
ecology1.mtx,1,11,CombBLAS-sampled,wall,lookup_build,0.00078729899999999998,0
ecology1.mtx,1,11,CombBLAS-sampled,wall,thread_setup,7.2239999999999998e-06,0
ecology1.mtx,1,11,CombBLAS-sampled,wall,work_bound,0.045774695999999997,0
ecology1.mtx,1,11,CombBLAS-sampled,wall,work_prefix,0.00055073600000000002,0
ecology1.mtx,1,11,CombBLAS-sampled,wall,symbolic,0.093039208999999998,0
ecology1.mtx,1,11,CombBLAS-sampled,wall,output_prefix,0.00054093800000000003,0
ecology1.mtx,1,11,CombBLAS-sampled,wall,output_allocate,0.016441122999999998,0
ecology1.mtx,1,11,CombBLAS-sampled,wall,numeric_scratch_setup,0.0024635049999999999,0
ecology1.mtx,1,11,CombBLAS-sampled,wall,numeric,0.235406699,0
ecology1.mtx,1,11,CombBLAS-sampled,wall,internal_cleanup,3.207e-06,0
ecology1.mtx,1,11,CombBLAS-sampled,wall,return_cleanup,5.3000000000000001e-07,0
ecology1.mtx,1,11,CombBLAS-sampled,wall,output_free,2.91e-07,0
ecology1.mtx,1,11,CombBLAS-sampled,sampled_worker,lookup,0.00059849400000004075,8197
ecology1.mtx,1,11,CombBLAS-sampled,sampled_worker,alloc_init,0.000409056999999935,8197
ecology1.mtx,1,11,CombBLAS-sampled,sampled_worker,lookup_multiply_hash,0.00079001199999997342,8197
ecology1.mtx,1,11,CombBLAS-sampled,sampled_worker,compact,0.00038847399999995905,8197
ecology1.mtx,1,11,CombBLAS-sampled,sampled_worker,sort,0.00061704000000001942,8197
ecology1.mtx,1,11,CombBLAS-sampled,sampled_worker,write,0.00032643799999998582,8197
ecology1.mtx,1,11,CombBLAS-sampled,sampled_worker,scratch_free,0.00032161399999998814,8197
ecology1.mtx,1,11,DCSC-sampled,wall,total,0.37121556999999999,0
ecology1.mtx,1,11,DCSC-sampled,wall,validate,5.0100000000000005e-07,0
ecology1.mtx,1,11,DCSC-sampled,wall,lookup_build,0.013885873,0
ecology1.mtx,1,11,DCSC-sampled,wall,scratch_setup,0.0013253920000000001,0
ecology1.mtx,1,11,DCSC-sampled,wall,work_bound,0.037400254000000001,0
ecology1.mtx,1,11,DCSC-sampled,wall,symbolic_capacity,0.0022106700000000001,0
ecology1.mtx,1,11,DCSC-sampled,wall,symbolic,0.093659437999999998,0
ecology1.mtx,1,11,DCSC-sampled,wall,prefix_numeric_capacity,0.0023893230000000001,0
ecology1.mtx,1,11,DCSC-sampled,wall,output_allocate,0.012231298999999999,0
ecology1.mtx,1,11,DCSC-sampled,wall,numeric,0.208110094,0
ecology1.mtx,1,11,DCSC-sampled,wall,return_cleanup,1.984e-06,0
ecology1.mtx,1,11,DCSC-sampled,wall,output_free,6.8199999999999999e-07,0
ecology1.mtx,1,11,DCSC-sampled,sampled_worker,lookup,0,8197
ecology1.mtx,1,11,DCSC-sampled,sampled_worker,alloc_init,0.00031650299999999272,8197
ecology1.mtx,1,11,DCSC-sampled,sampled_worker,lookup_multiply_hash,0.0010499960000000187,8197
ecology1.mtx,1,11,DCSC-sampled,sampled_worker,compact,0.00042444399999997046,8197
ecology1.mtx,1,11,DCSC-sampled,sampled_worker,sort,0.00059006200000003115,8197
ecology1.mtx,1,11,DCSC-sampled,sampled_worker,write,0.00033987899999997768,8197
ecology1.mtx,1,11,DCSC-sampled,sampled_worker,scratch_free,0.00031822599999999161,8197
ecology1.mtx,1,11,CombBLAS-profile,wall,total,0.38785797999999999,0
ecology1.mtx,1,11,CombBLAS-profile,wall,lookup_build,0.00077733100000000003,0
ecology1.mtx,1,11,CombBLAS-profile,wall,thread_setup,2.295e-06,0
ecology1.mtx,1,11,CombBLAS-profile,wall,work_bound,0.045729709,0
ecology1.mtx,1,11,CombBLAS-profile,wall,work_prefix,0.00053021700000000004,0
ecology1.mtx,1,11,CombBLAS-profile,wall,symbolic,0.091735648000000003,0
ecology1.mtx,1,11,CombBLAS-profile,wall,output_prefix,0.000530848,0
ecology1.mtx,1,11,CombBLAS-profile,wall,output_allocate,0.016145277,0
ecology1.mtx,1,11,CombBLAS-profile,wall,numeric_scratch_setup,0.0025040629999999999,0
ecology1.mtx,1,11,CombBLAS-profile,wall,numeric,0.22989852399999999,0
ecology1.mtx,1,11,CombBLAS-profile,wall,internal_cleanup,3.1860000000000001e-06,0
ecology1.mtx,1,11,CombBLAS-profile,wall,return_cleanup,5.4099999999999999e-07,0
ecology1.mtx,1,11,CombBLAS-profile,wall,output_free,2.8099999999999999e-07,0
ecology1.mtx,1,11,DCSC-profile,wall,total,0.36886563300000003,0
ecology1.mtx,1,11,DCSC-profile,wall,validate,4.8100000000000003e-07,0
ecology1.mtx,1,11,DCSC-profile,wall,lookup_build,0.01387941,0
ecology1.mtx,1,11,DCSC-profile,wall,scratch_setup,0.0013210540000000001,0
ecology1.mtx,1,11,DCSC-profile,wall,work_bound,0.037241498999999997,0
ecology1.mtx,1,11,DCSC-profile,wall,symbolic_capacity,0.0021955809999999998,0
ecology1.mtx,1,11,DCSC-profile,wall,symbolic,0.093837029000000002,0
ecology1.mtx,1,11,DCSC-profile,wall,prefix_numeric_capacity,0.0023773090000000002,0
ecology1.mtx,1,11,DCSC-profile,wall,output_allocate,0.012187075,0
ecology1.mtx,1,11,DCSC-profile,wall,numeric,0.20582292799999999,0
ecology1.mtx,1,11,DCSC-profile,wall,return_cleanup,2.5150000000000001e-06,0
ecology1.mtx,1,11,DCSC-profile,wall,output_free,6.8100000000000002e-07,0
ecology1.mtx,1,11,CSC-profile,wall,total,0.25953387500000002,0
ecology1.mtx,1,11,CSC-profile,wall,validate,4.9100000000000004e-07,0
ecology1.mtx,1,11,CSC-profile,wall,lookup_build,4.0000000000000001e-08,0
ecology1.mtx,1,11,CSC-profile,wall,scratch_setup,0.0012625519999999999,0
ecology1.mtx,1,11,CSC-profile,wall,work_bound,0.0076690389999999999,0
ecology1.mtx,1,11,CSC-profile,wall,symbolic_capacity,0.00239858,0
ecology1.mtx,1,11,CSC-profile,wall,symbolic,0.062255946999999999,0
ecology1.mtx,1,11,CSC-profile,wall,prefix_numeric_capacity,0.0023815479999999998,0
ecology1.mtx,1,11,CSC-profile,wall,output_allocate,0.011042529000000001,0
ecology1.mtx,1,11,CSC-profile,wall,numeric,0.17252063400000001,0
ecology1.mtx,1,11,CSC-profile,wall,return_cleanup,1.6729999999999999e-06,0
ecology1.mtx,1,11,CSC-profile,wall,output_free,7.8199999999999999e-07,0
ecology1.mtx,1,11,CombBLAS-control,wall,total,0.37599975600000002,0
ecology1.mtx,1,11,CombBLAS-control,wall,native_call_and_free,0.37599945400000001,0
ecology1.mtx,1,11,DCSC-control,wall,total,0.370024034,0
ecology1.mtx,1,11,DCSC-control,wall,native_call_and_free,0.37002375399999998,0
ecology1.mtx,1,11,CSC-control,wall,total,0.24713840000000001,0
ecology1.mtx,1,11,CSC-control,wall,native_call_and_free,0.24713809,0
ecology1.mtx,1,11,DCSC-dense-static,wall,total,0.25158058999999999,0
ecology1.mtx,1,11,DCSC-dense-static,wall,output_free,0.25158032000000002,0
ecology1.mtx,16,0,CSC-control,wall,total,0.042594084999999997,0
ecology1.mtx,16,0,CSC-control,wall,native_call_and_free,0.042593673999999998,0
ecology1.mtx,16,0,DCSC-control,wall,total,0.062051663999999999,0
ecology1.mtx,16,0,DCSC-control,wall,native_call_and_free,0.062051344000000001,0
ecology1.mtx,16,0,CombBLAS-control,wall,total,0.048428354999999999,0
ecology1.mtx,16,0,CombBLAS-control,wall,native_call_and_free,0.048428045000000003,0
ecology1.mtx,16,0,CSC-profile,wall,total,0.042787335000000003,0
ecology1.mtx,16,0,CSC-profile,wall,validate,9.1200000000000001e-07,0
ecology1.mtx,16,0,CSC-profile,wall,lookup_build,4.0000000000000001e-08,0
ecology1.mtx,16,0,CSC-profile,wall,scratch_setup,0.0013494990000000001,0
ecology1.mtx,16,0,CSC-profile,wall,work_bound,0.0023990109999999999,0
ecology1.mtx,16,0,CSC-profile,wall,symbolic_capacity,0.002738903,0
ecology1.mtx,16,0,CSC-profile,wall,symbolic,0.0046380659999999997,0
ecology1.mtx,16,0,CSC-profile,wall,prefix_numeric_capacity,0.0052329769999999998,0
ecology1.mtx,16,0,CSC-profile,wall,output_allocate,0.011292629,0
ecology1.mtx,16,0,CSC-profile,wall,numeric,0.015130330000000001,0
ecology1.mtx,16,0,CSC-profile,wall,return_cleanup,3.597e-06,0
ecology1.mtx,16,0,CSC-profile,wall,output_free,1.302e-06,0
ecology1.mtx,16,0,DCSC-profile,wall,total,0.061803098000000001,0
ecology1.mtx,16,0,DCSC-profile,wall,validate,4.9100000000000004e-07,0
ecology1.mtx,16,0,DCSC-profile,wall,lookup_build,0.013986246000000001,0
ecology1.mtx,16,0,DCSC-profile,wall,scratch_setup,0.00151732,0
ecology1.mtx,16,0,DCSC-profile,wall,work_bound,0.003536754,0
ecology1.mtx,16,0,DCSC-profile,wall,symbolic_capacity,0.0022963039999999999,0
ecology1.mtx,16,0,DCSC-profile,wall,symbolic,0.0069769020000000001,0
ecology1.mtx,16,0,DCSC-profile,wall,prefix_numeric_capacity,0.004775268,0
ecology1.mtx,16,0,DCSC-profile,wall,output_allocate,0.012410203,0
ecology1.mtx,16,0,DCSC-profile,wall,numeric,0.016300314,0
ecology1.mtx,16,0,DCSC-profile,wall,return_cleanup,2.3939999999999999e-06,0
ecology1.mtx,16,0,DCSC-profile,wall,output_free,8.4200000000000005e-07,0
ecology1.mtx,16,0,CombBLAS-profile,wall,total,0.048123020000000002,0
ecology1.mtx,16,0,CombBLAS-profile,wall,lookup_build,0.00077579700000000005,0
ecology1.mtx,16,0,CombBLAS-profile,wall,thread_setup,8.2670000000000006e-06,0
ecology1.mtx,16,0,CombBLAS-profile,wall,work_bound,0.0038303460000000001,0
ecology1.mtx,16,0,CombBLAS-profile,wall,work_prefix,0.000218199,0
ecology1.mtx,16,0,CombBLAS-profile,wall,symbolic,0.0071287019999999998,0
ecology1.mtx,16,0,CombBLAS-profile,wall,output_prefix,0.00015281299999999999,0
ecology1.mtx,16,0,CombBLAS-profile,wall,output_allocate,0.017155164000000001,0
ecology1.mtx,16,0,CombBLAS-profile,wall,numeric_scratch_setup,0.0029902349999999999,0
ecology1.mtx,16,0,CombBLAS-profile,wall,numeric,0.015855411,0
ecology1.mtx,16,0,CombBLAS-profile,wall,internal_cleanup,4.4279999999999998e-06,0
ecology1.mtx,16,0,CombBLAS-profile,wall,return_cleanup,2.8660000000000002e-06,0
ecology1.mtx,16,0,CombBLAS-profile,wall,output_free,7.4099999999999998e-07,0
ecology1.mtx,16,0,DCSC-sampled,wall,total,0.062152849000000003,0
ecology1.mtx,16,0,DCSC-sampled,wall,validate,6.7100000000000001e-07,0
ecology1.mtx,16,0,DCSC-sampled,wall,lookup_build,0.013927953999999999,0
ecology1.mtx,16,0,DCSC-sampled,wall,scratch_setup,0.001383734,0
ecology1.mtx,16,0,DCSC-sampled,wall,work_bound,0.0038467179999999998,0
ecology1.mtx,16,0,DCSC-sampled,wall,symbolic_capacity,0.002383362,0
ecology1.mtx,16,0,DCSC-sampled,wall,symbolic,0.0069156139999999996,0
ecology1.mtx,16,0,DCSC-sampled,wall,prefix_numeric_capacity,0.0048005269999999997,0
ecology1.mtx,16,0,DCSC-sampled,wall,output_allocate,0.012587302,0
ecology1.mtx,16,0,DCSC-sampled,wall,numeric,0.016302497999999999,0
ecology1.mtx,16,0,DCSC-sampled,wall,return_cleanup,3.5370000000000002e-06,0
ecology1.mtx,16,0,DCSC-sampled,wall,output_free,8.7199999999999997e-07,0
ecology1.mtx,16,0,DCSC-sampled,sampled_worker,lookup,0,8197
ecology1.mtx,16,0,DCSC-sampled,sampled_worker,alloc_init,0.0003684139999999985,8197
ecology1.mtx,16,0,DCSC-sampled,sampled_worker,lookup_multiply_hash,0.0014126160000000043,8197
ecology1.mtx,16,0,DCSC-sampled,sampled_worker,compact,0.00042696100000000066,8197
ecology1.mtx,16,0,DCSC-sampled,sampled_worker,sort,0.00060698299999999898,8197
ecology1.mtx,16,0,DCSC-sampled,sampled_worker,write,0.0003630299999999978,8197
ecology1.mtx,16,0,DCSC-sampled,sampled_worker,scratch_free,0.00038704099999999813,8197
ecology1.mtx,16,0,CombBLAS-sampled,wall,total,0.047640483999999997,0
ecology1.mtx,16,0,CombBLAS-sampled,wall,lookup_build,0.00077445499999999996,0
ecology1.mtx,16,0,CombBLAS-sampled,wall,thread_setup,9.0569999999999999e-06,0
ecology1.mtx,16,0,CombBLAS-sampled,wall,work_bound,0.0037606330000000002,0
ecology1.mtx,16,0,CombBLAS-sampled,wall,work_prefix,0.00022378,0
ecology1.mtx,16,0,CombBLAS-sampled,wall,symbolic,0.007053368,0
ecology1.mtx,16,0,CombBLAS-sampled,wall,output_prefix,0.000150008,0
ecology1.mtx,16,0,CombBLAS-sampled,wall,output_allocate,0.016774974000000002,0
ecology1.mtx,16,0,CombBLAS-sampled,wall,numeric_scratch_setup,0.0030252830000000001,0
ecology1.mtx,16,0,CombBLAS-sampled,wall,numeric,0.015861592000000001,0
ecology1.mtx,16,0,CombBLAS-sampled,wall,internal_cleanup,4.0679999999999998e-06,0
ecology1.mtx,16,0,CombBLAS-sampled,wall,return_cleanup,2.6749999999999998e-06,0
ecology1.mtx,16,0,CombBLAS-sampled,wall,output_free,5.3099999999999998e-07,0
ecology1.mtx,16,0,CombBLAS-sampled,sampled_worker,lookup,0.00066462199999999807,8197
ecology1.mtx,16,0,CombBLAS-sampled,sampled_worker,alloc_init,0.00044459200000000206,8197
ecology1.mtx,16,0,CombBLAS-sampled,sampled_worker,lookup_multiply_hash,0.00080969500000000469,8197
ecology1.mtx,16,0,CombBLAS-sampled,sampled_worker,compact,0.00040229300000000045,8197
ecology1.mtx,16,0,CombBLAS-sampled,sampled_worker,sort,0.00061665299999999902,8197
ecology1.mtx,16,0,CombBLAS-sampled,sampled_worker,write,0.00033016699999999775,8197
ecology1.mtx,16,0,CombBLAS-sampled,sampled_worker,scratch_free,0.00033029699999999806,8197
ecology1.mtx,16,0,CombBLAS-conversion,wall,total,0.096659842999999995,0
ecology1.mtx,16,0,CombBLAS-conversion,wall,native_call,0.048099564999999997,0
ecology1.mtx,16,0,CombBLAS-conversion,wall,tuple_to_dcsc,0.048555969999999997,0
ecology1.mtx,16,0,CombBLAS-conversion,wall,dcsc_free,2.9859999999999999e-06,0
ecology1.mtx,16,0,CombBLAS-conversion,wall,output_free,1.2619999999999999e-06,0
ecology1.mtx,16,0,DCSC-dense-lookup,wall,total,0.043268557999999999,0
ecology1.mtx,16,0,DCSC-dense-lookup,wall,output_free,0.043268279,0
ecology1.mtx,16,0,DCSC-static,wall,total,0.059848379,0
ecology1.mtx,16,0,DCSC-static,wall,output_free,0.059848067999999997,0
ecology1.mtx,16,0,DCSC-dense-static,wall,total,0.041981150000000002,0
ecology1.mtx,16,0,DCSC-dense-static,wall,output_free,0.041980769000000001,0
ecology1.mtx,16,1,CSC-control,wall,total,0.042713354000000002,0
ecology1.mtx,16,1,CSC-control,wall,native_call_and_free,0.042713053000000001,0
ecology1.mtx,16,1,DCSC-dense-static,wall,total,0.042487259999999999,0
ecology1.mtx,16,1,DCSC-dense-static,wall,output_free,0.042486990000000002,0
ecology1.mtx,16,1,DCSC-static,wall,total,0.059862766999999997,0
ecology1.mtx,16,1,DCSC-static,wall,output_free,0.059862235999999999,0
ecology1.mtx,16,1,DCSC-dense-lookup,wall,total,0.044568422000000003,0
ecology1.mtx,16,1,DCSC-dense-lookup,wall,output_free,0.044567880999999997,0
ecology1.mtx,16,1,CombBLAS-conversion,wall,total,0.096405946000000006,0
ecology1.mtx,16,1,CombBLAS-conversion,wall,native_call,0.047711030000000001,0
ecology1.mtx,16,1,CombBLAS-conversion,wall,tuple_to_dcsc,0.048689606000000003,0
ecology1.mtx,16,1,CombBLAS-conversion,wall,dcsc_free,3.8569999999999997e-06,0
ecology1.mtx,16,1,CombBLAS-conversion,wall,output_free,1.3829999999999999e-06,0
ecology1.mtx,16,1,CombBLAS-sampled,wall,total,0.047845959,0
ecology1.mtx,16,1,CombBLAS-sampled,wall,lookup_build,0.00086319599999999999,0
ecology1.mtx,16,1,CombBLAS-sampled,wall,thread_setup,1.0169e-05,0
ecology1.mtx,16,1,CombBLAS-sampled,wall,work_bound,0.003709726,0
ecology1.mtx,16,1,CombBLAS-sampled,wall,work_prefix,0.000118347,0
ecology1.mtx,16,1,CombBLAS-sampled,wall,symbolic,0.0070155759999999999,0
ecology1.mtx,16,1,CombBLAS-sampled,wall,output_prefix,0.00013578,0
ecology1.mtx,16,1,CombBLAS-sampled,wall,output_allocate,0.017005847000000001,0
ecology1.mtx,16,1,CombBLAS-sampled,wall,numeric_scratch_setup,0.003031845,0
ecology1.mtx,16,1,CombBLAS-sampled,wall,numeric,0.015947376999999999,0
ecology1.mtx,16,1,CombBLAS-sampled,wall,internal_cleanup,4.0280000000000002e-06,0
ecology1.mtx,16,1,CombBLAS-sampled,wall,return_cleanup,3.517e-06,0
ecology1.mtx,16,1,CombBLAS-sampled,wall,output_free,4.8999999999999997e-07,0
ecology1.mtx,16,1,CombBLAS-sampled,sampled_worker,lookup,0.00066121199999999794,8197
ecology1.mtx,16,1,CombBLAS-sampled,sampled_worker,alloc_init,0.0004146750000000021,8197
ecology1.mtx,16,1,CombBLAS-sampled,sampled_worker,lookup_multiply_hash,0.00077507800000000478,8197
ecology1.mtx,16,1,CombBLAS-sampled,sampled_worker,compact,0.00039358700000000026,8197
ecology1.mtx,16,1,CombBLAS-sampled,sampled_worker,sort,0.0006388189999999988,8197
ecology1.mtx,16,1,CombBLAS-sampled,sampled_worker,write,0.0003305249999999978,8197
ecology1.mtx,16,1,CombBLAS-sampled,sampled_worker,scratch_free,0.00032939699999999798,8197
ecology1.mtx,16,1,DCSC-sampled,wall,total,0.062008472000000002,0
ecology1.mtx,16,1,DCSC-sampled,wall,validate,7.1200000000000002e-07,0
ecology1.mtx,16,1,DCSC-sampled,wall,lookup_build,0.013915019000000001,0
ecology1.mtx,16,1,DCSC-sampled,wall,scratch_setup,0.001420064,0
ecology1.mtx,16,1,DCSC-sampled,wall,work_bound,0.0038393329999999999,0
ecology1.mtx,16,1,DCSC-sampled,wall,symbolic_capacity,0.0022786909999999998,0
ecology1.mtx,16,1,DCSC-sampled,wall,symbolic,0.0069584260000000002,0
ecology1.mtx,16,1,DCSC-sampled,wall,prefix_numeric_capacity,0.0048126610000000002,0
ecology1.mtx,16,1,DCSC-sampled,wall,output_allocate,0.012418619000000001,0
ecology1.mtx,16,1,DCSC-sampled,wall,numeric,0.016360880000000001,0
ecology1.mtx,16,1,DCSC-sampled,wall,return_cleanup,3.1259999999999998e-06,0
ecology1.mtx,16,1,DCSC-sampled,wall,output_free,8.71e-07,0
ecology1.mtx,16,1,DCSC-sampled,sampled_worker,lookup,0,8197
ecology1.mtx,16,1,DCSC-sampled,sampled_worker,alloc_init,0.00037129999999999851,8197
ecology1.mtx,16,1,DCSC-sampled,sampled_worker,lookup_multiply_hash,0.0013695600000000034,8197
ecology1.mtx,16,1,DCSC-sampled,sampled_worker,compact,0.00042844900000000051,8197
ecology1.mtx,16,1,DCSC-sampled,sampled_worker,sort,0.00061190899999999891,8197
ecology1.mtx,16,1,DCSC-sampled,sampled_worker,write,0.00038799399999999779,8197
ecology1.mtx,16,1,DCSC-sampled,sampled_worker,scratch_free,0.00035904899999999822,8197
ecology1.mtx,16,1,CombBLAS-profile,wall,total,0.047971898999999998,0
ecology1.mtx,16,1,CombBLAS-profile,wall,lookup_build,0.00077404500000000001,0
ecology1.mtx,16,1,CombBLAS-profile,wall,thread_setup,7.5140000000000004e-06,0
ecology1.mtx,16,1,CombBLAS-profile,wall,work_bound,0.0038653339999999998,0
ecology1.mtx,16,1,CombBLAS-profile,wall,work_prefix,0.00023932900000000001,0
ecology1.mtx,16,1,CombBLAS-profile,wall,symbolic,0.0071534110000000001,0
ecology1.mtx,16,1,CombBLAS-profile,wall,output_prefix,0.000151841,0
ecology1.mtx,16,1,CombBLAS-profile,wall,output_allocate,0.016890084999999999,0
ecology1.mtx,16,1,CombBLAS-profile,wall,numeric_scratch_setup,0.0029919180000000001,0
ecology1.mtx,16,1,CombBLAS-profile,wall,numeric,0.015891018999999999,0
ecology1.mtx,16,1,CombBLAS-profile,wall,internal_cleanup,3.5669999999999999e-06,0
ecology1.mtx,16,1,CombBLAS-profile,wall,return_cleanup,3.2959999999999999e-06,0
ecology1.mtx,16,1,CombBLAS-profile,wall,output_free,4.8100000000000003e-07,0
ecology1.mtx,16,1,DCSC-profile,wall,total,0.061862611999999997,0
ecology1.mtx,16,1,DCSC-profile,wall,validate,6.7100000000000001e-07,0
ecology1.mtx,16,1,DCSC-profile,wall,lookup_build,0.013935168,0
ecology1.mtx,16,1,DCSC-profile,wall,scratch_setup,0.001381319,0
ecology1.mtx,16,1,DCSC-profile,wall,work_bound,0.0038220910000000001,0
ecology1.mtx,16,1,DCSC-profile,wall,symbolic_capacity,0.0023346180000000001,0
ecology1.mtx,16,1,DCSC-profile,wall,symbolic,0.0069030000000000003,0
ecology1.mtx,16,1,DCSC-profile,wall,prefix_numeric_capacity,0.0046288680000000004,0
ecology1.mtx,16,1,DCSC-profile,wall,output_allocate,0.01255997,0
ecology1.mtx,16,1,DCSC-profile,wall,numeric,0.0162934,0
ecology1.mtx,16,1,DCSC-profile,wall,return_cleanup,2.5150000000000001e-06,0
ecology1.mtx,16,1,DCSC-profile,wall,output_free,9.3200000000000003e-07,0
ecology1.mtx,16,1,CSC-profile,wall,total,0.043408536999999997,0
ecology1.mtx,16,1,CSC-profile,wall,validate,5.1099999999999996e-07,0
ecology1.mtx,16,1,CSC-profile,wall,lookup_build,4.0000000000000001e-08,0
ecology1.mtx,16,1,CSC-profile,wall,scratch_setup,0.0014135910000000001,0
ecology1.mtx,16,1,CSC-profile,wall,work_bound,0.0020749100000000001,0
ecology1.mtx,16,1,CSC-profile,wall,symbolic_capacity,0.0036809799999999999,0
ecology1.mtx,16,1,CSC-profile,wall,symbolic,0.0046242189999999997,0
ecology1.mtx,16,1,CSC-profile,wall,prefix_numeric_capacity,0.0051738840000000001,0
ecology1.mtx,16,1,CSC-profile,wall,output_allocate,0.011276517999999999,0
ecology1.mtx,16,1,CSC-profile,wall,numeric,0.015160287,0
ecology1.mtx,16,1,CSC-profile,wall,return_cleanup,2.5749999999999999e-06,0
ecology1.mtx,16,1,CSC-profile,wall,output_free,9.5199999999999995e-07,0
ecology1.mtx,16,1,CombBLAS-control,wall,total,0.047522456999999997,0
ecology1.mtx,16,1,CombBLAS-control,wall,native_call_and_free,0.047521255999999998,0
ecology1.mtx,16,1,DCSC-control,wall,total,0.062425371,0
ecology1.mtx,16,1,DCSC-control,wall,native_call_and_free,0.062425301000000002,0
ecology1.mtx,16,2,CombBLAS-control,wall,total,0.048218843999999997,0
ecology1.mtx,16,2,CombBLAS-control,wall,native_call_and_free,0.048218573000000001,0
ecology1.mtx,16,2,CSC-profile,wall,total,0.042561491999999999,0
ecology1.mtx,16,2,CSC-profile,wall,validate,7.2099999999999996e-07,0
ecology1.mtx,16,2,CSC-profile,wall,lookup_build,2.9999999999999997e-08,0
ecology1.mtx,16,2,CSC-profile,wall,scratch_setup,0.0013783140000000001,0
ecology1.mtx,16,2,CSC-profile,wall,work_bound,0.0023548969999999999,0
ecology1.mtx,16,2,CSC-profile,wall,symbolic_capacity,0.002560831,0
ecology1.mtx,16,2,CSC-profile,wall,symbolic,0.0046506100000000003,0
ecology1.mtx,16,2,CSC-profile,wall,prefix_numeric_capacity,0.0051856259999999996,0
ecology1.mtx,16,2,CSC-profile,wall,output_allocate,0.011300233999999999,0
ecology1.mtx,16,2,CSC-profile,wall,numeric,0.015126092000000001,0
ecology1.mtx,16,2,CSC-profile,wall,return_cleanup,3.0850000000000001e-06,0
ecology1.mtx,16,2,CSC-profile,wall,output_free,9.6200000000000006e-07,0
ecology1.mtx,16,2,DCSC-profile,wall,total,0.061748954000000002,0
ecology1.mtx,16,2,DCSC-profile,wall,validate,5.1099999999999996e-07,0
ecology1.mtx,16,2,DCSC-profile,wall,lookup_build,0.013966808000000001,0
ecology1.mtx,16,2,DCSC-profile,wall,scratch_setup,0.0015428589999999999,0
ecology1.mtx,16,2,DCSC-profile,wall,work_bound,0.0035149119999999998,0
ecology1.mtx,16,2,DCSC-profile,wall,symbolic_capacity,0.0022798530000000001,0
ecology1.mtx,16,2,DCSC-profile,wall,symbolic,0.0069515330000000002,0
ecology1.mtx,16,2,DCSC-profile,wall,prefix_numeric_capacity,0.0048126100000000002,0
ecology1.mtx,16,2,DCSC-profile,wall,output_allocate,0.012413349000000001,0
ecology1.mtx,16,2,DCSC-profile,wall,numeric,0.016262460999999999,0
ecology1.mtx,16,2,DCSC-profile,wall,return_cleanup,3.2969999999999999e-06,0
ecology1.mtx,16,2,DCSC-profile,wall,output_free,6.9100000000000003e-07,0
ecology1.mtx,16,2,CombBLAS-profile,wall,total,0.047874352000000002,0
ecology1.mtx,16,2,CombBLAS-profile,wall,lookup_build,0.00077609900000000004,0
ecology1.mtx,16,2,CombBLAS-profile,wall,thread_setup,9.6679999999999996e-06,0
ecology1.mtx,16,2,CombBLAS-profile,wall,work_bound,0.0038633090000000001,0
ecology1.mtx,16,2,CombBLAS-profile,wall,work_prefix,0.00022190600000000001,0
ecology1.mtx,16,2,CombBLAS-profile,wall,symbolic,0.0071152869999999997,0
ecology1.mtx,16,2,CombBLAS-profile,wall,output_prefix,0.00015151100000000001,0
ecology1.mtx,16,2,CombBLAS-profile,wall,output_allocate,0.016725249000000001,0
ecology1.mtx,16,2,CombBLAS-profile,wall,numeric_scratch_setup,0.0030489179999999999,0
ecology1.mtx,16,2,CombBLAS-profile,wall,numeric,0.015954790999999999,0
ecology1.mtx,16,2,CombBLAS-profile,wall,internal_cleanup,4.0169999999999998e-06,0
ecology1.mtx,16,2,CombBLAS-profile,wall,return_cleanup,3.2169999999999999e-06,0
ecology1.mtx,16,2,CombBLAS-profile,wall,output_free,3.2000000000000001e-07,0
ecology1.mtx,16,2,DCSC-sampled,wall,total,0.062062877000000002,0
ecology1.mtx,16,2,DCSC-sampled,wall,validate,4.4099999999999999e-07,0
ecology1.mtx,16,2,DCSC-sampled,wall,lookup_build,0.013916883,0
ecology1.mtx,16,2,DCSC-sampled,wall,scratch_setup,0.0013800869999999999,0
ecology1.mtx,16,2,DCSC-sampled,wall,work_bound,0.0038196060000000001,0
ecology1.mtx,16,2,DCSC-sampled,wall,symbolic_capacity,0.0023142990000000001,0
ecology1.mtx,16,2,DCSC-sampled,wall,symbolic,0.0069076179999999999,0
ecology1.mtx,16,2,DCSC-sampled,wall,prefix_numeric_capacity,0.0048439010000000003,0
ecology1.mtx,16,2,DCSC-sampled,wall,output_allocate,0.012569488,0
ecology1.mtx,16,2,DCSC-sampled,wall,numeric,0.016306425999999999,0
ecology1.mtx,16,2,DCSC-sampled,wall,return_cleanup,3.4369999999999999e-06,0
ecology1.mtx,16,2,DCSC-sampled,wall,output_free,6.2099999999999996e-07,0
ecology1.mtx,16,2,DCSC-sampled,sampled_worker,lookup,0,8197
ecology1.mtx,16,2,DCSC-sampled,sampled_worker,alloc_init,0.00036520799999999854,8197
ecology1.mtx,16,2,DCSC-sampled,sampled_worker,lookup_multiply_hash,0.0013992910000000037,8197
ecology1.mtx,16,2,DCSC-sampled,sampled_worker,compact,0.00042570100000000055,8197
ecology1.mtx,16,2,DCSC-sampled,sampled_worker,sort,0.00060398899999999911,8197
ecology1.mtx,16,2,DCSC-sampled,sampled_worker,write,0.00038976499999999781,8197
ecology1.mtx,16,2,DCSC-sampled,sampled_worker,scratch_free,0.00035450399999999822,8197
ecology1.mtx,16,2,CombBLAS-sampled,wall,total,0.047622680000000001,0
ecology1.mtx,16,2,CombBLAS-sampled,wall,lookup_build,0.00077528700000000005,0
ecology1.mtx,16,2,CombBLAS-sampled,wall,thread_setup,6.2720000000000003e-06,0
ecology1.mtx,16,2,CombBLAS-sampled,wall,work_bound,0.0037893279999999998,0
ecology1.mtx,16,2,CombBLAS-sampled,wall,work_prefix,0.000219361,0
ecology1.mtx,16,2,CombBLAS-sampled,wall,symbolic,0.006891838,0
ecology1.mtx,16,2,CombBLAS-sampled,wall,output_prefix,0.00015181099999999999,0
ecology1.mtx,16,2,CombBLAS-sampled,wall,output_allocate,0.016724447999999999,0
ecology1.mtx,16,2,CombBLAS-sampled,wall,numeric_scratch_setup,0.0029982400000000001,0
ecology1.mtx,16,2,CombBLAS-sampled,wall,numeric,0.016059522,0
ecology1.mtx,16,2,CombBLAS-sampled,wall,internal_cleanup,3.2660000000000002e-06,0
ecology1.mtx,16,2,CombBLAS-sampled,wall,return_cleanup,2.976e-06,0
ecology1.mtx,16,2,CombBLAS-sampled,wall,output_free,2.7099999999999998e-07,0
ecology1.mtx,16,2,CombBLAS-sampled,sampled_worker,lookup,0.00066140299999999802,8197
ecology1.mtx,16,2,CombBLAS-sampled,sampled_worker,alloc_init,0.00041602100000000215,8197
ecology1.mtx,16,2,CombBLAS-sampled,sampled_worker,lookup_multiply_hash,0.00080457800000000414,8197
ecology1.mtx,16,2,CombBLAS-sampled,sampled_worker,compact,0.00040149900000000026,8197
ecology1.mtx,16,2,CombBLAS-sampled,sampled_worker,sort,0.00061520099999999903,8197
ecology1.mtx,16,2,CombBLAS-sampled,sampled_worker,write,0.00033260799999999775,8197
ecology1.mtx,16,2,CombBLAS-sampled,sampled_worker,scratch_free,0.00033086099999999816,8197
ecology1.mtx,16,2,CombBLAS-conversion,wall,total,0.096658141000000003,0
ecology1.mtx,16,2,CombBLAS-conversion,wall,native_call,0.048085909000000003,0
ecology1.mtx,16,2,CombBLAS-conversion,wall,tuple_to_dcsc,0.048568474,0
ecology1.mtx,16,2,CombBLAS-conversion,wall,dcsc_free,2.745e-06,0
ecology1.mtx,16,2,CombBLAS-conversion,wall,output_free,9.6200000000000006e-07,0
ecology1.mtx,16,2,DCSC-dense-lookup,wall,total,0.043250062999999998,0
ecology1.mtx,16,2,DCSC-dense-lookup,wall,output_free,0.043249572,0
ecology1.mtx,16,2,DCSC-static,wall,total,0.059987485,0
ecology1.mtx,16,2,DCSC-static,wall,output_free,0.059986944,0
ecology1.mtx,16,2,DCSC-dense-static,wall,total,0.042246519000000003,0
ecology1.mtx,16,2,DCSC-dense-static,wall,output_free,0.042246018000000003,0
ecology1.mtx,16,2,CSC-control,wall,total,0.042610657000000003,0
ecology1.mtx,16,2,CSC-control,wall,native_call_and_free,0.042610597,0
ecology1.mtx,16,2,DCSC-control,wall,total,0.062016667999999997,0
ecology1.mtx,16,2,DCSC-control,wall,native_call_and_free,0.062016386999999999,0
ecology1.mtx,16,3,CombBLAS-control,wall,total,0.048132488000000001,0
ecology1.mtx,16,3,CombBLAS-control,wall,native_call_and_free,0.048131997000000003,0
ecology1.mtx,16,3,DCSC-control,wall,total,0.062334747000000003,0
ecology1.mtx,16,3,DCSC-control,wall,native_call_and_free,0.062334687999999999,0
ecology1.mtx,16,3,CSC-control,wall,total,0.042228202999999999,0
ecology1.mtx,16,3,CSC-control,wall,native_call_and_free,0.042227713,0
ecology1.mtx,16,3,DCSC-dense-static,wall,total,0.041962052999999999,0
ecology1.mtx,16,3,DCSC-dense-static,wall,output_free,0.041961773000000001,0
ecology1.mtx,16,3,DCSC-static,wall,total,0.059718269999999997,0
ecology1.mtx,16,3,DCSC-static,wall,output_free,0.059717709000000001,0
ecology1.mtx,16,3,DCSC-dense-lookup,wall,total,0.044280760000000002,0
ecology1.mtx,16,3,DCSC-dense-lookup,wall,output_free,0.044280268999999997,0
ecology1.mtx,16,3,CombBLAS-conversion,wall,total,0.096897258,0
ecology1.mtx,16,3,CombBLAS-conversion,wall,native_call,0.048063736000000003,0
ecology1.mtx,16,3,CombBLAS-conversion,wall,tuple_to_dcsc,0.048829665000000001,0
ecology1.mtx,16,3,CombBLAS-conversion,wall,dcsc_free,2.745e-06,0
ecology1.mtx,16,3,CombBLAS-conversion,wall,output_free,1.0419999999999999e-06,0
ecology1.mtx,16,3,CombBLAS-sampled,wall,total,0.047689167999999997,0
ecology1.mtx,16,3,CombBLAS-sampled,wall,lookup_build,0.00099759400000000008,0
ecology1.mtx,16,3,CombBLAS-sampled,wall,thread_setup,1.3675999999999999e-05,0
ecology1.mtx,16,3,CombBLAS-sampled,wall,work_bound,0.0037162580000000001,0
ecology1.mtx,16,3,CombBLAS-sampled,wall,work_prefix,0.00012442900000000001,0
ecology1.mtx,16,3,CombBLAS-sampled,wall,symbolic,0.0071484499999999998,0
ecology1.mtx,16,3,CombBLAS-sampled,wall,output_prefix,0.00013841600000000001,0
ecology1.mtx,16,3,CombBLAS-sampled,wall,output_allocate,0.016509614999999998,0
ecology1.mtx,16,3,CombBLAS-sampled,wall,numeric_scratch_setup,0.0030364939999999998,0
ecology1.mtx,16,3,CombBLAS-sampled,wall,numeric,0.015996410999999999,0
ecology1.mtx,16,3,CombBLAS-sampled,wall,internal_cleanup,4.3379999999999998e-06,0
ecology1.mtx,16,3,CombBLAS-sampled,wall,return_cleanup,2.9560000000000002e-06,0
ecology1.mtx,16,3,CombBLAS-sampled,wall,output_free,4.8100000000000003e-07,0
ecology1.mtx,16,3,CombBLAS-sampled,sampled_worker,lookup,0.00065772199999999796,8197
ecology1.mtx,16,3,CombBLAS-sampled,sampled_worker,alloc_init,0.00043853000000000208,8197
ecology1.mtx,16,3,CombBLAS-sampled,sampled_worker,lookup_multiply_hash,0.00077272500000000503,8197
ecology1.mtx,16,3,CombBLAS-sampled,sampled_worker,compact,0.00039480400000000012,8197
ecology1.mtx,16,3,CombBLAS-sampled,sampled_worker,sort,0.00064481799999999926,8197
ecology1.mtx,16,3,CombBLAS-sampled,sampled_worker,write,0.00033068099999999782,8197
ecology1.mtx,16,3,CombBLAS-sampled,sampled_worker,scratch_free,0.00032885899999999802,8197
ecology1.mtx,16,3,DCSC-sampled,wall,total,0.061998382999999997,0
ecology1.mtx,16,3,DCSC-sampled,wall,validate,6.8199999999999999e-07,0
ecology1.mtx,16,3,DCSC-sampled,wall,lookup_build,0.013922533000000001,0
ecology1.mtx,16,3,DCSC-sampled,wall,scratch_setup,0.001374657,0
ecology1.mtx,16,3,DCSC-sampled,wall,work_bound,0.0038399250000000001,0
ecology1.mtx,16,3,DCSC-sampled,wall,symbolic_capacity,0.0023427029999999998,0
ecology1.mtx,16,3,DCSC-sampled,wall,symbolic,0.0069171170000000004,0
ecology1.mtx,16,3,DCSC-sampled,wall,prefix_numeric_capacity,0.0047141819999999999,0
ecology1.mtx,16,3,DCSC-sampled,wall,output_allocate,0.012574217,0
ecology1.mtx,16,3,DCSC-sampled,wall,numeric,0.016307868,0
ecology1.mtx,16,3,DCSC-sampled,wall,return_cleanup,3.4070000000000002e-06,0
ecology1.mtx,16,3,DCSC-sampled,wall,output_free,1.0419999999999999e-06,0
ecology1.mtx,16,3,DCSC-sampled,sampled_worker,lookup,0,8197
ecology1.mtx,16,3,DCSC-sampled,sampled_worker,alloc_init,0.0003627779999999985,8197
ecology1.mtx,16,3,DCSC-sampled,sampled_worker,lookup_multiply_hash,0.0013552070000000039,8197
ecology1.mtx,16,3,DCSC-sampled,sampled_worker,compact,0.00042902200000000047,8197
ecology1.mtx,16,3,DCSC-sampled,sampled_worker,sort,0.00060899299999999886,8197
ecology1.mtx,16,3,DCSC-sampled,sampled_worker,write,0.00036577999999999773,8197
ecology1.mtx,16,3,DCSC-sampled,sampled_worker,scratch_free,0.00035383099999999819,8197
ecology1.mtx,16,3,CombBLAS-profile,wall,total,0.047706500999999998,0
ecology1.mtx,16,3,CombBLAS-profile,wall,lookup_build,0.00077513699999999996,0
ecology1.mtx,16,3,CombBLAS-profile,wall,thread_setup,8.9269999999999994e-06,0
ecology1.mtx,16,3,CombBLAS-profile,wall,work_bound,0.0037454440000000001,0
ecology1.mtx,16,3,CombBLAS-profile,wall,work_prefix,0.00022251700000000001,0
ecology1.mtx,16,3,CombBLAS-profile,wall,symbolic,0.006993333,0
ecology1.mtx,16,3,CombBLAS-profile,wall,output_prefix,0.00014965700000000001,0
ecology1.mtx,16,3,CombBLAS-profile,wall,output_allocate,0.016964377999999999,0
ecology1.mtx,16,3,CombBLAS-profile,wall,numeric_scratch_setup,0.0030396500000000001,0
ecology1.mtx,16,3,CombBLAS-profile,wall,numeric,0.015800003999999999,0
ecology1.mtx,16,3,CombBLAS-profile,wall,internal_cleanup,3.507e-06,0
ecology1.mtx,16,3,CombBLAS-profile,wall,return_cleanup,3.557e-06,0
ecology1.mtx,16,3,CombBLAS-profile,wall,output_free,3.2099999999999998e-07,0
ecology1.mtx,16,3,DCSC-profile,wall,total,0.062738812000000005,0
ecology1.mtx,16,3,DCSC-profile,wall,validate,7.0100000000000004e-07,0
ecology1.mtx,16,3,DCSC-profile,wall,lookup_build,0.013908176,0
ecology1.mtx,16,3,DCSC-profile,wall,scratch_setup,0.0014098439999999999,0
ecology1.mtx,16,3,DCSC-profile,wall,work_bound,0.0038134039999999998,0
ecology1.mtx,16,3,DCSC-profile,wall,symbolic_capacity,0.0022914950000000002,0
ecology1.mtx,16,3,DCSC-profile,wall,symbolic,0.0069316550000000001,0
ecology1.mtx,16,3,DCSC-profile,wall,prefix_numeric_capacity,0.0048104259999999996,0
ecology1.mtx,16,3,DCSC-profile,wall,output_allocate,0.012566763,0
ecology1.mtx,16,3,DCSC-profile,wall,numeric,0.017001869999999999,0
ecology1.mtx,16,3,DCSC-profile,wall,return_cleanup,3.3859999999999999e-06,0
ecology1.mtx,16,3,DCSC-profile,wall,output_free,1.032e-06,0
ecology1.mtx,16,3,CSC-profile,wall,total,0.043668335000000003,0
ecology1.mtx,16,3,CSC-profile,wall,validate,5.0100000000000005e-07,0
ecology1.mtx,16,3,CSC-profile,wall,lookup_build,2.9000000000000002e-08,0
ecology1.mtx,16,3,CSC-profile,wall,scratch_setup,0.001565734,0
ecology1.mtx,16,3,CSC-profile,wall,work_bound,0.002058388,0
ecology1.mtx,16,3,CSC-profile,wall,symbolic_capacity,0.0036636070000000001,0
ecology1.mtx,16,3,CSC-profile,wall,symbolic,0.0046503689999999997,0
ecology1.mtx,16,3,CSC-profile,wall,prefix_numeric_capacity,0.0053765219999999999,0
ecology1.mtx,16,3,CSC-profile,wall,output_allocate,0.011218446999999999,0
ecology1.mtx,16,3,CSC-profile,wall,numeric,0.015129388000000001,0
ecology1.mtx,16,3,CSC-profile,wall,return_cleanup,3.817e-06,0
ecology1.mtx,16,3,CSC-profile,wall,output_free,1.4729999999999999e-06,0
ecology1.mtx,16,4,DCSC-profile,wall,total,0.062004134000000002,0
ecology1.mtx,16,4,DCSC-profile,wall,validate,5.51e-07,0
ecology1.mtx,16,4,DCSC-profile,wall,lookup_build,0.01403016,0
ecology1.mtx,16,4,DCSC-profile,wall,scratch_setup,0.001467435,0
ecology1.mtx,16,4,DCSC-profile,wall,work_bound,0.0035267440000000001,0
ecology1.mtx,16,4,DCSC-profile,wall,symbolic_capacity,0.0023927089999999998,0
ecology1.mtx,16,4,DCSC-profile,wall,symbolic,0.0068820699999999997,0
ecology1.mtx,16,4,DCSC-profile,wall,prefix_numeric_capacity,0.004858579,0
ecology1.mtx,16,4,DCSC-profile,wall,output_allocate,0.012585588999999999,0
ecology1.mtx,16,4,DCSC-profile,wall,numeric,0.016256420000000001,0
ecology1.mtx,16,4,DCSC-profile,wall,return_cleanup,2.9749999999999999e-06,0
ecology1.mtx,16,4,DCSC-profile,wall,output_free,8.3200000000000004e-07,0
ecology1.mtx,16,4,CombBLAS-profile,wall,total,0.048024901000000002,0
ecology1.mtx,16,4,CombBLAS-profile,wall,lookup_build,0.00077504600000000005,0
ecology1.mtx,16,4,CombBLAS-profile,wall,thread_setup,8.5259999999999993e-06,0
ecology1.mtx,16,4,CombBLAS-profile,wall,work_bound,0.0038004599999999999,0
ecology1.mtx,16,4,CombBLAS-profile,wall,work_prefix,0.000223969,0
ecology1.mtx,16,4,CombBLAS-profile,wall,symbolic,0.007057827,0
ecology1.mtx,16,4,CombBLAS-profile,wall,output_prefix,0.000151571,0
ecology1.mtx,16,4,CombBLAS-profile,wall,output_allocate,0.016760425999999998,0
ecology1.mtx,16,4,CombBLAS-profile,wall,numeric_scratch_setup,0.0030248520000000002,0
ecology1.mtx,16,4,CombBLAS-profile,wall,numeric,0.016215401000000001,0
ecology1.mtx,16,4,CombBLAS-profile,wall,internal_cleanup,3.4369999999999999e-06,0
ecology1.mtx,16,4,CombBLAS-profile,wall,return_cleanup,2.785e-06,0
ecology1.mtx,16,4,CombBLAS-profile,wall,output_free,5.4099999999999999e-07,0
ecology1.mtx,16,4,DCSC-sampled,wall,total,0.061837813999999998,0
ecology1.mtx,16,4,DCSC-sampled,wall,validate,4.8100000000000003e-07,0
ecology1.mtx,16,4,DCSC-sampled,wall,lookup_build,0.013921691,0
ecology1.mtx,16,4,DCSC-sampled,wall,scratch_setup,0.00141826,0
ecology1.mtx,16,4,DCSC-sampled,wall,work_bound,0.0037970629999999998,0
ecology1.mtx,16,4,DCSC-sampled,wall,symbolic_capacity,0.002303458,0
ecology1.mtx,16,4,DCSC-sampled,wall,symbolic,0.0069496200000000001,0
ecology1.mtx,16,4,DCSC-sampled,wall,prefix_numeric_capacity,0.0046789939999999997,0
ecology1.mtx,16,4,DCSC-sampled,wall,output_allocate,0.01240869,0
ecology1.mtx,16,4,DCSC-sampled,wall,numeric,0.01635582,0
ecology1.mtx,16,4,DCSC-sampled,wall,return_cleanup,2.5050000000000002e-06,0
ecology1.mtx,16,4,DCSC-sampled,wall,output_free,1.172e-06,0
ecology1.mtx,16,4,DCSC-sampled,sampled_worker,lookup,0,8197
ecology1.mtx,16,4,DCSC-sampled,sampled_worker,alloc_init,0.00036243999999999838,8197
ecology1.mtx,16,4,DCSC-sampled,sampled_worker,lookup_multiply_hash,0.0013768390000000034,8197
ecology1.mtx,16,4,DCSC-sampled,sampled_worker,compact,0.00042364500000000065,8197
ecology1.mtx,16,4,DCSC-sampled,sampled_worker,sort,0.00060321299999999915,8197
ecology1.mtx,16,4,DCSC-sampled,sampled_worker,write,0.0003669859999999978,8197
ecology1.mtx,16,4,DCSC-sampled,sampled_worker,scratch_free,0.00035909699999999827,8197
ecology1.mtx,16,4,CombBLAS-sampled,wall,total,0.047842252000000002,0
ecology1.mtx,16,4,CombBLAS-sampled,wall,lookup_build,0.00082223699999999997,0
ecology1.mtx,16,4,CombBLAS-sampled,wall,thread_setup,8.8270000000000004e-06,0
ecology1.mtx,16,4,CombBLAS-sampled,wall,work_bound,0.003763639,0
ecology1.mtx,16,4,CombBLAS-sampled,wall,work_prefix,0.00023022099999999999,0
ecology1.mtx,16,4,CombBLAS-sampled,wall,symbolic,0.007143862,0
ecology1.mtx,16,4,CombBLAS-sampled,wall,output_prefix,0.00015171100000000001,0
ecology1.mtx,16,4,CombBLAS-sampled,wall,output_allocate,0.016750226999999999,0
ecology1.mtx,16,4,CombBLAS-sampled,wall,numeric_scratch_setup,0.0030018179999999998,0
ecology1.mtx,16,4,CombBLAS-sampled,wall,numeric,0.015961985000000001,0
ecology1.mtx,16,4,CombBLAS-sampled,wall,internal_cleanup,4.2880000000000003e-06,0
ecology1.mtx,16,4,CombBLAS-sampled,wall,return_cleanup,2.875e-06,0
ecology1.mtx,16,4,CombBLAS-sampled,wall,output_free,4.9200000000000001e-07,0
ecology1.mtx,16,4,CombBLAS-sampled,sampled_worker,lookup,0.0006663329999999979,8197
ecology1.mtx,16,4,CombBLAS-sampled,sampled_worker,alloc_init,0.00041775100000000196,8197
ecology1.mtx,16,4,CombBLAS-sampled,sampled_worker,lookup_multiply_hash,0.00078245600000000494,8197
ecology1.mtx,16,4,CombBLAS-sampled,sampled_worker,compact,0.00039775700000000021,8197
ecology1.mtx,16,4,CombBLAS-sampled,sampled_worker,sort,0.00061482399999999895,8197
ecology1.mtx,16,4,CombBLAS-sampled,sampled_worker,write,0.0003293619999999977,8197
ecology1.mtx,16,4,CombBLAS-sampled,sampled_worker,scratch_free,0.00033146599999999804,8197
ecology1.mtx,16,4,CombBLAS-conversion,wall,total,0.097745685999999998,0
ecology1.mtx,16,4,CombBLAS-conversion,wall,native_call,0.048247648999999997,0
ecology1.mtx,16,4,CombBLAS-conversion,wall,tuple_to_dcsc,0.049493457999999997,0
ecology1.mtx,16,4,CombBLAS-conversion,wall,dcsc_free,3.4869999999999998e-06,0
ecology1.mtx,16,4,CombBLAS-conversion,wall,output_free,1.0419999999999999e-06,0
ecology1.mtx,16,4,DCSC-dense-lookup,wall,total,0.043328163000000003,0
ecology1.mtx,16,4,DCSC-dense-lookup,wall,output_free,0.043327663000000002,0
ecology1.mtx,16,4,DCSC-static,wall,total,0.059835803999999999,0
ecology1.mtx,16,4,DCSC-static,wall,output_free,0.059835314000000001,0
ecology1.mtx,16,4,DCSC-dense-static,wall,total,0.042214818000000001,0
ecology1.mtx,16,4,DCSC-dense-static,wall,output_free,0.042214487000000002,0
ecology1.mtx,16,4,CSC-control,wall,total,0.042548838999999998,0
ecology1.mtx,16,4,CSC-control,wall,native_call_and_free,0.042548158000000003,0
ecology1.mtx,16,4,DCSC-control,wall,total,0.061978644999999999,0
ecology1.mtx,16,4,DCSC-control,wall,native_call_and_free,0.061978374000000003,0
ecology1.mtx,16,4,CombBLAS-control,wall,total,0.047909881000000001,0
ecology1.mtx,16,4,CombBLAS-control,wall,native_call_and_free,0.047909561000000003,0
ecology1.mtx,16,4,CSC-profile,wall,total,0.043901823999999999,0
ecology1.mtx,16,4,CSC-profile,wall,validate,1.012e-06,0
ecology1.mtx,16,4,CSC-profile,wall,lookup_build,2.9999999999999997e-08,0
ecology1.mtx,16,4,CSC-profile,wall,scratch_setup,0.00140223,0
ecology1.mtx,16,4,CSC-profile,wall,work_bound,0.0023578520000000001,0
ecology1.mtx,16,4,CSC-profile,wall,symbolic_capacity,0.0036934839999999999,0
ecology1.mtx,16,4,CSC-profile,wall,symbolic,0.0046661000000000003,0
ecology1.mtx,16,4,CSC-profile,wall,prefix_numeric_capacity,0.0054343029999999997,0
ecology1.mtx,16,4,CSC-profile,wall,output_allocate,0.011196184,0
ecology1.mtx,16,4,CSC-profile,wall,numeric,0.015146401,0
ecology1.mtx,16,4,CSC-profile,wall,return_cleanup,2.7350000000000001e-06,0
ecology1.mtx,16,4,CSC-profile,wall,output_free,1.4330000000000001e-06,0
ecology1.mtx,16,5,DCSC-profile,wall,total,0.061695422,0
ecology1.mtx,16,5,DCSC-profile,wall,validate,7.1099999999999995e-07,0
ecology1.mtx,16,5,DCSC-profile,wall,lookup_build,0.013977729,0
ecology1.mtx,16,5,DCSC-profile,wall,scratch_setup,0.0014785460000000001,0
ecology1.mtx,16,5,DCSC-profile,wall,work_bound,0.003526754,0
ecology1.mtx,16,5,DCSC-profile,wall,symbolic_capacity,0.0022591130000000001,0
ecology1.mtx,16,5,DCSC-profile,wall,symbolic,0.0069181390000000002,0
ecology1.mtx,16,5,DCSC-profile,wall,prefix_numeric_capacity,0.004656922,0
ecology1.mtx,16,5,DCSC-profile,wall,output_allocate,0.012571462,0
ecology1.mtx,16,5,DCSC-profile,wall,numeric,0.016302167999999999,0
ecology1.mtx,16,5,DCSC-profile,wall,return_cleanup,2.7949999999999999e-06,0
ecology1.mtx,16,5,DCSC-profile,wall,output_free,1.012e-06,0
ecology1.mtx,16,5,CSC-profile,wall,total,0.042506056,0
ecology1.mtx,16,5,CSC-profile,wall,validate,4.8100000000000003e-07,0
ecology1.mtx,16,5,CSC-profile,wall,lookup_build,2.9999999999999997e-08,0
ecology1.mtx,16,5,CSC-profile,wall,scratch_setup,0.0014298519999999999,0
ecology1.mtx,16,5,CSC-profile,wall,work_bound,0.0020716630000000001,0
ecology1.mtx,16,5,CSC-profile,wall,symbolic_capacity,0.002624885,0
ecology1.mtx,16,5,CSC-profile,wall,symbolic,0.0046762089999999997,0
ecology1.mtx,16,5,CSC-profile,wall,prefix_numeric_capacity,0.0053152049999999999,0
ecology1.mtx,16,5,CSC-profile,wall,output_allocate,0.011229177,0
ecology1.mtx,16,5,CSC-profile,wall,numeric,0.015153885000000001,0
ecology1.mtx,16,5,CSC-profile,wall,return_cleanup,3.3469999999999999e-06,0
ecology1.mtx,16,5,CSC-profile,wall,output_free,1.2720000000000001e-06,0
ecology1.mtx,16,5,CombBLAS-control,wall,total,0.047691412000000002,0
ecology1.mtx,16,5,CombBLAS-control,wall,native_call_and_free,0.047690901000000001,0
ecology1.mtx,16,5,DCSC-control,wall,total,0.062373591999999999,0
ecology1.mtx,16,5,DCSC-control,wall,native_call_and_free,0.062373261999999999,0
ecology1.mtx,16,5,CSC-control,wall,total,0.042206371999999999,0
ecology1.mtx,16,5,CSC-control,wall,native_call_and_free,0.042206302000000001,0
ecology1.mtx,16,5,DCSC-dense-static,wall,total,0.042123692999999997,0
ecology1.mtx,16,5,DCSC-dense-static,wall,output_free,0.042123161999999999,0
ecology1.mtx,16,5,DCSC-static,wall,total,0.059893254999999999,0
ecology1.mtx,16,5,DCSC-static,wall,output_free,0.059892684000000002,0
ecology1.mtx,16,5,DCSC-dense-lookup,wall,total,0.044243820000000003,0
ecology1.mtx,16,5,DCSC-dense-lookup,wall,output_free,0.044243339,0
ecology1.mtx,16,5,CombBLAS-conversion,wall,total,0.096816724000000007,0
ecology1.mtx,16,5,CombBLAS-conversion,wall,native_call,0.047941101,0
ecology1.mtx,16,5,CombBLAS-conversion,wall,tuple_to_dcsc,0.048871064999999998,0
ecology1.mtx,16,5,CombBLAS-conversion,wall,dcsc_free,3.647e-06,0
ecology1.mtx,16,5,CombBLAS-conversion,wall,output_free,8.4099999999999997e-07,0
ecology1.mtx,16,5,CombBLAS-sampled,wall,total,0.047977239999999997,0
ecology1.mtx,16,5,CombBLAS-sampled,wall,lookup_build,0.00086084099999999999,0
ecology1.mtx,16,5,CombBLAS-sampled,wall,thread_setup,1.0881e-05,0
ecology1.mtx,16,5,CombBLAS-sampled,wall,work_bound,0.0037423180000000001,0
ecology1.mtx,16,5,CombBLAS-sampled,wall,work_prefix,0.000117846,0
ecology1.mtx,16,5,CombBLAS-sampled,wall,symbolic,0.0072586619999999999,0
ecology1.mtx,16,5,CombBLAS-sampled,wall,output_prefix,0.00013670199999999999,0
ecology1.mtx,16,5,CombBLAS-sampled,wall,output_allocate,0.016818658,0
ecology1.mtx,16,5,CombBLAS-sampled,wall,numeric_scratch_setup,0.0030530449999999999,0
ecology1.mtx,16,5,CombBLAS-sampled,wall,numeric,0.015970392,0
ecology1.mtx,16,5,CombBLAS-sampled,wall,internal_cleanup,4.0670000000000002e-06,0
ecology1.mtx,16,5,CombBLAS-sampled,wall,return_cleanup,3.2370000000000001e-06,0
ecology1.mtx,16,5,CombBLAS-sampled,wall,output_free,5.4099999999999999e-07,0
ecology1.mtx,16,5,CombBLAS-sampled,sampled_worker,lookup,0.00066119899999999817,8197
ecology1.mtx,16,5,CombBLAS-sampled,sampled_worker,alloc_init,0.00048919500000000249,8197
ecology1.mtx,16,5,CombBLAS-sampled,sampled_worker,lookup_multiply_hash,0.00077548800000000462,8197
ecology1.mtx,16,5,CombBLAS-sampled,sampled_worker,compact,0.00039457200000000026,8197
ecology1.mtx,16,5,CombBLAS-sampled,sampled_worker,sort,0.00061942199999999871,8197
ecology1.mtx,16,5,CombBLAS-sampled,sampled_worker,write,0.00033145599999999782,8197
ecology1.mtx,16,5,CombBLAS-sampled,sampled_worker,scratch_free,0.00032787399999999797,8197
ecology1.mtx,16,5,DCSC-sampled,wall,total,0.061852562999999999,0
ecology1.mtx,16,5,DCSC-sampled,wall,validate,1.012e-06,0
ecology1.mtx,16,5,DCSC-sampled,wall,lookup_build,0.013916362,0
ecology1.mtx,16,5,DCSC-sampled,wall,scratch_setup,0.001378694,0
ecology1.mtx,16,5,DCSC-sampled,wall,work_bound,0.0038405760000000001,0
ecology1.mtx,16,5,DCSC-sampled,wall,symbolic_capacity,0.002211462,0
ecology1.mtx,16,5,DCSC-sampled,wall,symbolic,0.0069435570000000004,0
ecology1.mtx,16,5,DCSC-sampled,wall,prefix_numeric_capacity,0.004720274,0
ecology1.mtx,16,5,DCSC-sampled,wall,output_allocate,0.012464406000000001,0
ecology1.mtx,16,5,DCSC-sampled,wall,numeric,0.016371740999999999,0
ecology1.mtx,16,5,DCSC-sampled,wall,return_cleanup,3.4170000000000001e-06,0
ecology1.mtx,16,5,DCSC-sampled,wall,output_free,1.0020000000000001e-06,0
ecology1.mtx,16,5,DCSC-sampled,sampled_worker,lookup,0,8197
ecology1.mtx,16,5,DCSC-sampled,sampled_worker,alloc_init,0.00036313199999999849,8197
ecology1.mtx,16,5,DCSC-sampled,sampled_worker,lookup_multiply_hash,0.0013680260000000033,8197
ecology1.mtx,16,5,DCSC-sampled,sampled_worker,compact,0.00042897200000000061,8197
ecology1.mtx,16,5,DCSC-sampled,sampled_worker,sort,0.00060837399999999909,8197
ecology1.mtx,16,5,DCSC-sampled,sampled_worker,write,0.00036639399999999775,8197
ecology1.mtx,16,5,DCSC-sampled,sampled_worker,scratch_free,0.00036038299999999819,8197
ecology1.mtx,16,5,CombBLAS-profile,wall,total,0.047487479999999999,0
ecology1.mtx,16,5,CombBLAS-profile,wall,lookup_build,0.00082948099999999997,0
ecology1.mtx,16,5,CombBLAS-profile,wall,thread_setup,6.5719999999999999e-06,0
ecology1.mtx,16,5,CombBLAS-profile,wall,work_bound,0.0037347740000000002,0
ecology1.mtx,16,5,CombBLAS-profile,wall,work_prefix,0.000223599,0
ecology1.mtx,16,5,CombBLAS-profile,wall,symbolic,0.006933097,0
ecology1.mtx,16,5,CombBLAS-profile,wall,output_prefix,0.00015447700000000001,0
ecology1.mtx,16,5,CombBLAS-profile,wall,output_allocate,0.016810241,0
ecology1.mtx,16,5,CombBLAS-profile,wall,numeric_scratch_setup,0.0029869789999999998,0
ecology1.mtx,16,5,CombBLAS-profile,wall,numeric,0.015799704000000001,0
ecology1.mtx,16,5,CombBLAS-profile,wall,internal_cleanup,4.3579999999999996e-06,0
ecology1.mtx,16,5,CombBLAS-profile,wall,return_cleanup,3.3869999999999999e-06,0
ecology1.mtx,16,5,CombBLAS-profile,wall,output_free,7.4099999999999998e-07,0
ecology1.mtx,16,6,DCSC-sampled,wall,total,0.062075310000000002,0
ecology1.mtx,16,6,DCSC-sampled,wall,validate,2.91e-07,0
ecology1.mtx,16,6,DCSC-sampled,wall,lookup_build,0.013939897,0
ecology1.mtx,16,6,DCSC-sampled,wall,scratch_setup,0.0013837140000000001,0
ecology1.mtx,16,6,DCSC-sampled,wall,work_bound,0.0038408660000000001,0
ecology1.mtx,16,6,DCSC-sampled,wall,symbolic_capacity,0.0023764480000000002,0
ecology1.mtx,16,6,DCSC-sampled,wall,symbolic,0.0069487079999999996,0
ecology1.mtx,16,6,DCSC-sampled,wall,prefix_numeric_capacity,0.0048482389999999998,0
ecology1.mtx,16,6,DCSC-sampled,wall,output_allocate,0.012436081999999999,0
ecology1.mtx,16,6,DCSC-sampled,wall,numeric,0.016297217999999999,0
ecology1.mtx,16,6,DCSC-sampled,wall,return_cleanup,2.9160000000000001e-06,0
ecology1.mtx,16,6,DCSC-sampled,wall,output_free,8.5099999999999998e-07,0
ecology1.mtx,16,6,DCSC-sampled,sampled_worker,lookup,0,8197
ecology1.mtx,16,6,DCSC-sampled,sampled_worker,alloc_init,0.00037132799999999846,8197
ecology1.mtx,16,6,DCSC-sampled,sampled_worker,lookup_multiply_hash,0.0013706350000000033,8197
ecology1.mtx,16,6,DCSC-sampled,sampled_worker,compact,0.00045185000000000044,8197
ecology1.mtx,16,6,DCSC-sampled,sampled_worker,sort,0.00060341799999999901,8197
ecology1.mtx,16,6,DCSC-sampled,sampled_worker,write,0.0003615079999999978,8197
ecology1.mtx,16,6,DCSC-sampled,sampled_worker,scratch_free,0.00035571199999999816,8197
ecology1.mtx,16,6,CombBLAS-sampled,wall,total,0.047543427999999999,0
ecology1.mtx,16,6,CombBLAS-sampled,wall,lookup_build,0.00077394499999999995,0
ecology1.mtx,16,6,CombBLAS-sampled,wall,thread_setup,8.9069999999999996e-06,0
ecology1.mtx,16,6,CombBLAS-sampled,wall,work_bound,0.0038072520000000001,0
ecology1.mtx,16,6,CombBLAS-sampled,wall,work_prefix,0.000223439,0
ecology1.mtx,16,6,CombBLAS-sampled,wall,symbolic,0.007063087,0
ecology1.mtx,16,6,CombBLAS-sampled,wall,output_prefix,0.00014985700000000001,0
ecology1.mtx,16,6,CombBLAS-sampled,wall,output_allocate,0.016565582999999998,0
ecology1.mtx,16,6,CombBLAS-sampled,wall,numeric_scratch_setup,0.0030462219999999999,0
ecology1.mtx,16,6,CombBLAS-sampled,wall,numeric,0.015896028999999999,0
ecology1.mtx,16,6,CombBLAS-sampled,wall,internal_cleanup,5.541e-06,0
ecology1.mtx,16,6,CombBLAS-sampled,wall,return_cleanup,2.9450000000000002e-06,0
ecology1.mtx,16,6,CombBLAS-sampled,wall,output_free,5.7100000000000002e-07,0
ecology1.mtx,16,6,CombBLAS-sampled,sampled_worker,lookup,0.00065617999999999796,8197
ecology1.mtx,16,6,CombBLAS-sampled,sampled_worker,alloc_init,0.00041554100000000207,8197
ecology1.mtx,16,6,CombBLAS-sampled,sampled_worker,lookup_multiply_hash,0.00078403400000000485,8197
ecology1.mtx,16,6,CombBLAS-sampled,sampled_worker,compact,0.0003971290000000003,8197
ecology1.mtx,16,6,CombBLAS-sampled,sampled_worker,sort,0.00062515499999999909,8197
ecology1.mtx,16,6,CombBLAS-sampled,sampled_worker,write,0.00033025299999999775,8197
ecology1.mtx,16,6,CombBLAS-sampled,sampled_worker,scratch_free,0.0003315259999999979,8197
ecology1.mtx,16,6,CombBLAS-conversion,wall,total,0.096518452000000005,0
ecology1.mtx,16,6,CombBLAS-conversion,wall,native_call,0.048036083,0
ecology1.mtx,16,6,CombBLAS-conversion,wall,tuple_to_dcsc,0.048477278999999998,0
ecology1.mtx,16,6,CombBLAS-conversion,wall,dcsc_free,3.9979999999999997e-06,0
ecology1.mtx,16,6,CombBLAS-conversion,wall,output_free,1.032e-06,0
ecology1.mtx,16,6,DCSC-dense-lookup,wall,total,0.043852969999999998,0
ecology1.mtx,16,6,DCSC-dense-lookup,wall,output_free,0.043852699000000002,0
ecology1.mtx,16,6,DCSC-static,wall,total,0.059704633999999999,0
ecology1.mtx,16,6,DCSC-static,wall,output_free,0.059704081999999999,0
ecology1.mtx,16,6,DCSC-dense-static,wall,total,0.041824619,0
ecology1.mtx,16,6,DCSC-dense-static,wall,output_free,0.041824308999999997,0
ecology1.mtx,16,6,CSC-control,wall,total,0.042553546999999997,0
ecology1.mtx,16,6,CSC-control,wall,native_call_and_free,0.042553256999999997,0
ecology1.mtx,16,6,DCSC-control,wall,total,0.061777268000000003,0
ecology1.mtx,16,6,DCSC-control,wall,native_call_and_free,0.061776968000000002,0
ecology1.mtx,16,6,CombBLAS-control,wall,total,0.047975587,0
ecology1.mtx,16,6,CombBLAS-control,wall,native_call_and_free,0.047974886000000001,0
ecology1.mtx,16,6,CSC-profile,wall,total,0.042798627999999998,0
ecology1.mtx,16,6,CSC-profile,wall,validate,7.2200000000000003e-07,0
ecology1.mtx,16,6,CSC-profile,wall,lookup_build,4.0000000000000001e-08,0
ecology1.mtx,16,6,CSC-profile,wall,scratch_setup,0.0013833529999999999,0
ecology1.mtx,16,6,CSC-profile,wall,work_bound,0.002388631,0
ecology1.mtx,16,6,CSC-profile,wall,symbolic_capacity,0.0026052470000000002,0
ecology1.mtx,16,6,CSC-profile,wall,symbolic,0.0046842639999999996,0
ecology1.mtx,16,6,CSC-profile,wall,prefix_numeric_capacity,0.0053166680000000001,0
ecology1.mtx,16,6,CSC-profile,wall,output_allocate,0.011205302,0
ecology1.mtx,16,6,CSC-profile,wall,numeric,0.015209952000000001,0
ecology1.mtx,16,6,CSC-profile,wall,return_cleanup,3.647e-06,0
ecology1.mtx,16,6,CSC-profile,wall,output_free,7.4199999999999995e-07,0
ecology1.mtx,16,6,DCSC-profile,wall,total,0.061798640000000002,0
ecology1.mtx,16,6,DCSC-profile,wall,validate,5.1099999999999996e-07,0
ecology1.mtx,16,6,DCSC-profile,wall,lookup_build,0.013938153,0
ecology1.mtx,16,6,DCSC-profile,wall,scratch_setup,0.0014680959999999999,0
ecology1.mtx,16,6,DCSC-profile,wall,work_bound,0.0035282270000000001,0
ecology1.mtx,16,6,DCSC-profile,wall,symbolic_capacity,0.0022621590000000001,0
ecology1.mtx,16,6,DCSC-profile,wall,symbolic,0.0069398200000000002,0
ecology1.mtx,16,6,DCSC-profile,wall,prefix_numeric_capacity,0.0047662019999999998,0
ecology1.mtx,16,6,DCSC-profile,wall,output_allocate,0.012543699,0
ecology1.mtx,16,6,DCSC-profile,wall,numeric,0.016346973000000001,0
ecology1.mtx,16,6,DCSC-profile,wall,return_cleanup,3.3969999999999998e-06,0
ecology1.mtx,16,6,DCSC-profile,wall,output_free,1.3319999999999999e-06,0
ecology1.mtx,16,6,CombBLAS-profile,wall,total,0.047531956,0
ecology1.mtx,16,6,CombBLAS-profile,wall,lookup_build,0.00090542699999999999,0
ecology1.mtx,16,6,CombBLAS-profile,wall,thread_setup,6.0410000000000003e-06,0
ecology1.mtx,16,6,CombBLAS-profile,wall,work_bound,0.0037233510000000002,0
ecology1.mtx,16,6,CombBLAS-profile,wall,work_prefix,0.00022517199999999999,0
ecology1.mtx,16,6,CombBLAS-profile,wall,symbolic,0.0070412249999999999,0
ecology1.mtx,16,6,CombBLAS-profile,wall,output_prefix,0.000148916,0
ecology1.mtx,16,6,CombBLAS-profile,wall,output_allocate,0.016637420999999999,0
ecology1.mtx,16,6,CombBLAS-profile,wall,numeric_scratch_setup,0.0029956850000000001,0
ecology1.mtx,16,6,CombBLAS-profile,wall,numeric,0.015840032,0
ecology1.mtx,16,6,CombBLAS-profile,wall,internal_cleanup,4.8790000000000002e-06,0
ecology1.mtx,16,6,CombBLAS-profile,wall,return_cleanup,3.4259999999999999e-06,0
ecology1.mtx,16,6,CombBLAS-profile,wall,output_free,3.2099999999999998e-07,0
ecology1.mtx,16,7,DCSC-sampled,wall,total,0.061990968,0
ecology1.mtx,16,7,DCSC-sampled,wall,validate,4.6100000000000001e-07,0
ecology1.mtx,16,7,DCSC-sampled,wall,lookup_build,0.013942832,0
ecology1.mtx,16,7,DCSC-sampled,wall,scratch_setup,0.001385006,0
ecology1.mtx,16,7,DCSC-sampled,wall,work_bound,0.0038428210000000002,0
ecology1.mtx,16,7,DCSC-sampled,wall,symbolic_capacity,0.0023684219999999998,0
ecology1.mtx,16,7,DCSC-sampled,wall,symbolic,0.006942246,0
ecology1.mtx,16,7,DCSC-sampled,wall,prefix_numeric_capacity,0.0048129310000000003,0
ecology1.mtx,16,7,DCSC-sampled,wall,output_allocate,0.012386197,0
ecology1.mtx,16,7,DCSC-sampled,wall,numeric,0.016306075,0
ecology1.mtx,16,7,DCSC-sampled,wall,return_cleanup,3.066e-06,0
ecology1.mtx,16,7,DCSC-sampled,wall,output_free,8.4099999999999997e-07,0
ecology1.mtx,16,7,DCSC-sampled,sampled_worker,lookup,0,8197
ecology1.mtx,16,7,DCSC-sampled,sampled_worker,alloc_init,0.0003589159999999984,8197
ecology1.mtx,16,7,DCSC-sampled,sampled_worker,lookup_multiply_hash,0.0013851800000000039,8197
ecology1.mtx,16,7,DCSC-sampled,sampled_worker,compact,0.00042834600000000051,8197
ecology1.mtx,16,7,DCSC-sampled,sampled_worker,sort,0.00060173599999999942,8197
ecology1.mtx,16,7,DCSC-sampled,sampled_worker,write,0.00036573799999999783,8197
ecology1.mtx,16,7,DCSC-sampled,sampled_worker,scratch_free,0.00035889299999999837,8197
ecology1.mtx,16,7,CombBLAS-profile,wall,total,0.047720347000000003,0
ecology1.mtx,16,7,CombBLAS-profile,wall,lookup_build,0.00077529699999999999,0
ecology1.mtx,16,7,CombBLAS-profile,wall,thread_setup,6.3330000000000002e-06,0
ecology1.mtx,16,7,CombBLAS-profile,wall,work_bound,0.0038084439999999998,0
ecology1.mtx,16,7,CombBLAS-profile,wall,work_prefix,0.00022049299999999999,0
ecology1.mtx,16,7,CombBLAS-profile,wall,symbolic,0.0070984949999999998,0
ecology1.mtx,16,7,CombBLAS-profile,wall,output_prefix,0.00015207099999999999,0
ecology1.mtx,16,7,CombBLAS-profile,wall,output_allocate,0.016757000000000001,0
ecology1.mtx,16,7,CombBLAS-profile,wall,numeric_scratch_setup,0.0030365140000000001,0
ecology1.mtx,16,7,CombBLAS-profile,wall,numeric,0.015857024000000001,0
ecology1.mtx,16,7,CombBLAS-profile,wall,internal_cleanup,5.1599999999999997e-06,0
ecology1.mtx,16,7,CombBLAS-profile,wall,return_cleanup,2.9459999999999998e-06,0
ecology1.mtx,16,7,CombBLAS-profile,wall,output_free,5.2099999999999997e-07,0
ecology1.mtx,16,7,DCSC-profile,wall,total,0.06160098,0
ecology1.mtx,16,7,DCSC-profile,wall,validate,6.5099999999999999e-07,0
ecology1.mtx,16,7,DCSC-profile,wall,lookup_build,0.013915469999999999,0
ecology1.mtx,16,7,DCSC-profile,wall,scratch_setup,0.0013923,0
ecology1.mtx,16,7,DCSC-profile,wall,work_bound,0.0038220609999999999,0
ecology1.mtx,16,7,DCSC-profile,wall,symbolic_capacity,0.002176795,0
ecology1.mtx,16,7,DCSC-profile,wall,symbolic,0.0069245009999999996,0
ecology1.mtx,16,7,DCSC-profile,wall,prefix_numeric_capacity,0.0047338190000000002,0
ecology1.mtx,16,7,DCSC-profile,wall,output_allocate,0.012382961,0
ecology1.mtx,16,7,DCSC-profile,wall,numeric,0.016247633000000001,0
ecology1.mtx,16,7,DCSC-profile,wall,return_cleanup,3.6169999999999998e-06,0
ecology1.mtx,16,7,DCSC-profile,wall,output_free,1.102e-06,0
ecology1.mtx,16,7,CSC-profile,wall,total,0.042480867999999998,0
ecology1.mtx,16,7,CSC-profile,wall,validate,4.9200000000000001e-07,0
ecology1.mtx,16,7,CSC-profile,wall,lookup_build,2.4999999999999999e-07,0
ecology1.mtx,16,7,CSC-profile,wall,scratch_setup,0.0015860220000000001,0
ecology1.mtx,16,7,CSC-profile,wall,work_bound,0.002047447,0
ecology1.mtx,16,7,CSC-profile,wall,symbolic_capacity,0.0026519170000000002,0
ecology1.mtx,16,7,CSC-profile,wall,symbolic,0.0046005029999999997,0
ecology1.mtx,16,7,CSC-profile,wall,prefix_numeric_capacity,0.0051357,0
ecology1.mtx,16,7,CSC-profile,wall,output_allocate,0.011277511,0
ecology1.mtx,16,7,CSC-profile,wall,numeric,0.015177128999999999,0
ecology1.mtx,16,7,CSC-profile,wall,return_cleanup,2.565e-06,0
ecology1.mtx,16,7,CSC-profile,wall,output_free,1.2729999999999999e-06,0
ecology1.mtx,16,7,CombBLAS-control,wall,total,0.047709406000000003,0
ecology1.mtx,16,7,CombBLAS-control,wall,native_call_and_free,0.047709106000000001,0
ecology1.mtx,16,7,DCSC-control,wall,total,0.061951102000000001,0
ecology1.mtx,16,7,DCSC-control,wall,native_call_and_free,0.061950790999999998,0
ecology1.mtx,16,7,CSC-control,wall,total,0.042266667000000001,0
ecology1.mtx,16,7,CSC-control,wall,native_call_and_free,0.042266606999999998,0
ecology1.mtx,16,7,DCSC-dense-static,wall,total,0.041745047,0
ecology1.mtx,16,7,DCSC-dense-static,wall,output_free,0.041744556000000002,0
ecology1.mtx,16,7,DCSC-static,wall,total,0.059951917,0
ecology1.mtx,16,7,DCSC-static,wall,output_free,0.059951416,0
ecology1.mtx,16,7,DCSC-dense-lookup,wall,total,0.044508577000000001,0
ecology1.mtx,16,7,DCSC-dense-lookup,wall,output_free,0.044508036000000001,0
ecology1.mtx,16,7,CombBLAS-conversion,wall,total,0.096213718000000004,0
ecology1.mtx,16,7,CombBLAS-conversion,wall,native_call,0.047610446000000001,0
ecology1.mtx,16,7,CombBLAS-conversion,wall,tuple_to_dcsc,0.048599693999999999,0
ecology1.mtx,16,7,CombBLAS-conversion,wall,dcsc_free,2.435e-06,0
ecology1.mtx,16,7,CombBLAS-conversion,wall,output_free,1.082e-06,0
ecology1.mtx,16,7,CombBLAS-sampled,wall,total,0.047692724999999998,0
ecology1.mtx,16,7,CombBLAS-sampled,wall,lookup_build,0.00086209299999999997,0
ecology1.mtx,16,7,CombBLAS-sampled,wall,thread_setup,9.098e-06,0
ecology1.mtx,16,7,CombBLAS-sampled,wall,work_bound,0.003744912,0
ecology1.mtx,16,7,CombBLAS-sampled,wall,work_prefix,0.000117044,0
ecology1.mtx,16,7,CombBLAS-sampled,wall,symbolic,0.0070206260000000003,0
ecology1.mtx,16,7,CombBLAS-sampled,wall,output_prefix,0.00014229299999999999,0
ecology1.mtx,16,7,CombBLAS-sampled,wall,output_allocate,0.016922316999999999,0
ecology1.mtx,16,7,CombBLAS-sampled,wall,numeric_scratch_setup,0.0030009160000000002,0
ecology1.mtx,16,7,CombBLAS-sampled,wall,numeric,0.015864587999999999,0
ecology1.mtx,16,7,CombBLAS-sampled,wall,internal_cleanup,4.729e-06,0
ecology1.mtx,16,7,CombBLAS-sampled,wall,return_cleanup,3.4659999999999999e-06,0
ecology1.mtx,16,7,CombBLAS-sampled,wall,output_free,5.7199999999999999e-07,0
ecology1.mtx,16,7,CombBLAS-sampled,sampled_worker,lookup,0.00065434199999999808,8197
ecology1.mtx,16,7,CombBLAS-sampled,sampled_worker,alloc_init,0.00041851000000000204,8197
ecology1.mtx,16,7,CombBLAS-sampled,sampled_worker,lookup_multiply_hash,0.00077426700000000469,8197
ecology1.mtx,16,7,CombBLAS-sampled,sampled_worker,compact,0.00039454900000000011,8197
ecology1.mtx,16,7,CombBLAS-sampled,sampled_worker,sort,0.00062057699999999878,8197
ecology1.mtx,16,7,CombBLAS-sampled,sampled_worker,write,0.00032908299999999787,8197
ecology1.mtx,16,7,CombBLAS-sampled,sampled_worker,scratch_free,0.00032858899999999806,8197
ecology1.mtx,16,8,CombBLAS-conversion,wall,total,0.096723075000000006,0
ecology1.mtx,16,8,CombBLAS-conversion,wall,native_call,0.048002488000000003,0
ecology1.mtx,16,8,CombBLAS-conversion,wall,tuple_to_dcsc,0.048714685000000001,0
ecology1.mtx,16,8,CombBLAS-conversion,wall,dcsc_free,4.3579999999999996e-06,0
ecology1.mtx,16,8,CombBLAS-conversion,wall,output_free,1.474e-06,0
ecology1.mtx,16,8,DCSC-dense-lookup,wall,total,0.043507938000000003,0
ecology1.mtx,16,8,DCSC-dense-lookup,wall,output_free,0.043507557000000002,0
ecology1.mtx,16,8,DCSC-static,wall,total,0.060023474,0
ecology1.mtx,16,8,DCSC-static,wall,output_free,0.060022934,0
ecology1.mtx,16,8,DCSC-dense-static,wall,total,0.042177676999999997,0
ecology1.mtx,16,8,DCSC-dense-static,wall,output_free,0.042177145999999999,0
ecology1.mtx,16,8,CSC-control,wall,total,0.042733622999999998,0
ecology1.mtx,16,8,CSC-control,wall,native_call_and_free,0.042733342000000001,0
ecology1.mtx,16,8,DCSC-control,wall,total,0.061841832999999999,0
ecology1.mtx,16,8,DCSC-control,wall,native_call_and_free,0.061841541999999999,0
ecology1.mtx,16,8,CombBLAS-control,wall,total,0.048582019999999997,0
ecology1.mtx,16,8,CombBLAS-control,wall,native_call_and_free,0.048581738999999999,0
ecology1.mtx,16,8,CSC-profile,wall,total,0.042763560999999999,0
ecology1.mtx,16,8,CSC-profile,wall,validate,9.0100000000000003e-07,0
ecology1.mtx,16,8,CSC-profile,wall,lookup_build,4.0000000000000001e-08,0
ecology1.mtx,16,8,CSC-profile,wall,scratch_setup,0.001372212,0
ecology1.mtx,16,8,CSC-profile,wall,work_bound,0.0023635729999999999,0
ecology1.mtx,16,8,CSC-profile,wall,symbolic_capacity,0.0025910299999999998,0
ecology1.mtx,16,8,CSC-profile,wall,symbolic,0.0046841740000000002,0
ecology1.mtx,16,8,CSC-profile,wall,prefix_numeric_capacity,0.0053958799999999996,0
ecology1.mtx,16,8,CSC-profile,wall,output_allocate,0.011218366,0
ecology1.mtx,16,8,CSC-profile,wall,numeric,0.015132635,0
ecology1.mtx,16,8,CSC-profile,wall,return_cleanup,3.0759999999999999e-06,0
ecology1.mtx,16,8,CSC-profile,wall,output_free,1.6029999999999999e-06,0
ecology1.mtx,16,8,DCSC-profile,wall,total,0.061998002000000003,0
ecology1.mtx,16,8,DCSC-profile,wall,validate,7.0200000000000001e-07,0
ecology1.mtx,16,8,DCSC-profile,wall,lookup_build,0.013985564000000001,0
ecology1.mtx,16,8,DCSC-profile,wall,scratch_setup,0.00147562,0
ecology1.mtx,16,8,DCSC-profile,wall,work_bound,0.0035464419999999999,0
ecology1.mtx,16,8,DCSC-profile,wall,symbolic_capacity,0.0023258910000000001,0
ecology1.mtx,16,8,DCSC-profile,wall,symbolic,0.0069339900000000001,0
ecology1.mtx,16,8,DCSC-profile,wall,prefix_numeric_capacity,0.0048934750000000004,0
ecology1.mtx,16,8,DCSC-profile,wall,output_allocate,0.012583324999999999,0
ecology1.mtx,16,8,DCSC-profile,wall,numeric,0.016248324000000001,0
ecology1.mtx,16,8,DCSC-profile,wall,return_cleanup,3.4869999999999998e-06,0
ecology1.mtx,16,8,DCSC-profile,wall,output_free,1.1119999999999999e-06,0
ecology1.mtx,16,8,CombBLAS-profile,wall,total,0.047387099000000002,0
ecology1.mtx,16,8,CombBLAS-profile,wall,lookup_build,0.00077735,0
ecology1.mtx,16,8,CombBLAS-profile,wall,thread_setup,8.507e-06,0
ecology1.mtx,16,8,CombBLAS-profile,wall,work_bound,0.003797964,0
ecology1.mtx,16,8,CombBLAS-profile,wall,work_prefix,0.00022346900000000001,0
ecology1.mtx,16,8,CombBLAS-profile,wall,symbolic,0.0070451719999999997,0
ecology1.mtx,16,8,CombBLAS-profile,wall,output_prefix,0.00014981799999999999,0
ecology1.mtx,16,8,CombBLAS-profile,wall,output_allocate,0.016571263999999999,0
ecology1.mtx,16,8,CombBLAS-profile,wall,numeric_scratch_setup,0.0030247709999999999,0
ecology1.mtx,16,8,CombBLAS-profile,wall,numeric,0.015780597,0
ecology1.mtx,16,8,CombBLAS-profile,wall,internal_cleanup,3.7869999999999999e-06,0
ecology1.mtx,16,8,CombBLAS-profile,wall,return_cleanup,3.777e-06,0
ecology1.mtx,16,8,CombBLAS-profile,wall,output_free,5.6100000000000001e-07,0
ecology1.mtx,16,8,DCSC-sampled,wall,total,0.062026637000000003,0
ecology1.mtx,16,8,DCSC-sampled,wall,validate,7.0100000000000004e-07,0
ecology1.mtx,16,8,DCSC-sampled,wall,lookup_build,0.013922032000000001,0
ecology1.mtx,16,8,DCSC-sampled,wall,scratch_setup,0.001401949,0
ecology1.mtx,16,8,DCSC-sampled,wall,work_bound,0.0038180739999999999,0
ecology1.mtx,16,8,DCSC-sampled,wall,symbolic_capacity,0.0023635829999999998,0
ecology1.mtx,16,8,DCSC-sampled,wall,symbolic,0.0069333980000000003,0
ecology1.mtx,16,8,DCSC-sampled,wall,prefix_numeric_capacity,0.0048461149999999998,0
ecology1.mtx,16,8,DCSC-sampled,wall,output_allocate,0.012402658,0
ecology1.mtx,16,8,DCSC-sampled,wall,numeric,0.016334379,0
ecology1.mtx,16,8,DCSC-sampled,wall,return_cleanup,2.8459999999999999e-06,0
ecology1.mtx,16,8,DCSC-sampled,wall,output_free,8.4099999999999997e-07,0
ecology1.mtx,16,8,DCSC-sampled,sampled_worker,lookup,0,8197
ecology1.mtx,16,8,DCSC-sampled,sampled_worker,alloc_init,0.00040394699999999863,8197
ecology1.mtx,16,8,DCSC-sampled,sampled_worker,lookup_multiply_hash,0.0013689810000000033,8197
ecology1.mtx,16,8,DCSC-sampled,sampled_worker,compact,0.00043233200000000044,8197
ecology1.mtx,16,8,DCSC-sampled,sampled_worker,sort,0.00061778699999999942,8197
ecology1.mtx,16,8,DCSC-sampled,sampled_worker,write,0.0003634049999999978,8197
ecology1.mtx,16,8,DCSC-sampled,sampled_worker,scratch_free,0.00036199999999999817,8197
ecology1.mtx,16,8,CombBLAS-sampled,wall,total,0.048237229,0
ecology1.mtx,16,8,CombBLAS-sampled,wall,lookup_build,0.00077523700000000002,0
ecology1.mtx,16,8,CombBLAS-sampled,wall,thread_setup,8.4260000000000003e-06,0
ecology1.mtx,16,8,CombBLAS-sampled,wall,work_bound,0.0039436439999999996,0
ecology1.mtx,16,8,CombBLAS-sampled,wall,work_prefix,0.000221745,0
ecology1.mtx,16,8,CombBLAS-sampled,wall,symbolic,0.0071765539999999999,0
ecology1.mtx,16,8,CombBLAS-sampled,wall,output_prefix,0.000152032,0
ecology1.mtx,16,8,CombBLAS-sampled,wall,output_allocate,0.016810694000000001,0
ecology1.mtx,16,8,CombBLAS-sampled,wall,numeric_scratch_setup,0.003049759,0
ecology1.mtx,16,8,CombBLAS-sampled,wall,numeric,0.016090321000000001,0
ecology1.mtx,16,8,CombBLAS-sampled,wall,internal_cleanup,5.5099999999999998e-06,0
ecology1.mtx,16,8,CombBLAS-sampled,wall,return_cleanup,2.8660000000000002e-06,0
ecology1.mtx,16,8,CombBLAS-sampled,wall,output_free,3.8000000000000001e-07,0
ecology1.mtx,16,8,CombBLAS-sampled,sampled_worker,lookup,0.00065854099999999806,8197
ecology1.mtx,16,8,CombBLAS-sampled,sampled_worker,alloc_init,0.00041770600000000212,8197
ecology1.mtx,16,8,CombBLAS-sampled,sampled_worker,lookup_multiply_hash,0.000795309000000005,8197
ecology1.mtx,16,8,CombBLAS-sampled,sampled_worker,compact,0.00040129800000000029,8197
ecology1.mtx,16,8,CombBLAS-sampled,sampled_worker,sort,0.00061691799999999896,8197
ecology1.mtx,16,8,CombBLAS-sampled,sampled_worker,write,0.00035125099999999774,8197
ecology1.mtx,16,8,CombBLAS-sampled,sampled_worker,scratch_free,0.00033102899999999799,8197
ecology1.mtx,16,9,CombBLAS-conversion,wall,total,0.097229305000000002,0
ecology1.mtx,16,9,CombBLAS-conversion,wall,native_call,0.048473932999999997,0
ecology1.mtx,16,9,CombBLAS-conversion,wall,tuple_to_dcsc,0.048750892999999997,0
ecology1.mtx,16,9,CombBLAS-conversion,wall,dcsc_free,3.3469999999999999e-06,0
ecology1.mtx,16,9,CombBLAS-conversion,wall,output_free,1.062e-06,0
ecology1.mtx,16,9,CombBLAS-sampled,wall,total,0.047467783999999999,0
ecology1.mtx,16,9,CombBLAS-sampled,wall,lookup_build,0.00096810699999999995,0
ecology1.mtx,16,9,CombBLAS-sampled,wall,thread_setup,1.0020000000000001e-05,0
ecology1.mtx,16,9,CombBLAS-sampled,wall,work_bound,0.0036876420000000001,0
ecology1.mtx,16,9,CombBLAS-sampled,wall,work_prefix,0.000117726,0
ecology1.mtx,16,9,CombBLAS-sampled,wall,symbolic,0.0068592360000000003,0
ecology1.mtx,16,9,CombBLAS-sampled,wall,output_prefix,0.000156651,0
ecology1.mtx,16,9,CombBLAS-sampled,wall,output_allocate,0.016718455,0
ecology1.mtx,16,9,CombBLAS-sampled,wall,numeric_scratch_setup,0.002930541,0
ecology1.mtx,16,9,CombBLAS-sampled,wall,numeric,0.016011951,0
ecology1.mtx,16,9,CombBLAS-sampled,wall,internal_cleanup,3.9179999999999996e-06,0
ecology1.mtx,16,9,CombBLAS-sampled,wall,return_cleanup,2.655e-06,0
ecology1.mtx,16,9,CombBLAS-sampled,wall,output_free,8.0100000000000004e-07,0
ecology1.mtx,16,9,CombBLAS-sampled,sampled_worker,lookup,0.00066238499999999808,8197
ecology1.mtx,16,9,CombBLAS-sampled,sampled_worker,alloc_init,0.00041494000000000199,8197
ecology1.mtx,16,9,CombBLAS-sampled,sampled_worker,lookup_multiply_hash,0.00078666700000000467,8197
ecology1.mtx,16,9,CombBLAS-sampled,sampled_worker,compact,0.00038804600000000018,8197
ecology1.mtx,16,9,CombBLAS-sampled,sampled_worker,sort,0.00061337499999999912,8197
ecology1.mtx,16,9,CombBLAS-sampled,sampled_worker,write,0.00033143899999999772,8197
ecology1.mtx,16,9,CombBLAS-sampled,sampled_worker,scratch_free,0.00032982199999999801,8197
ecology1.mtx,16,9,DCSC-sampled,wall,total,0.062077203999999997,0
ecology1.mtx,16,9,DCSC-sampled,wall,validate,4.8100000000000003e-07,0
ecology1.mtx,16,9,DCSC-sampled,wall,lookup_build,0.013960416,0
ecology1.mtx,16,9,DCSC-sampled,wall,scratch_setup,0.0013870499999999999,0
ecology1.mtx,16,9,DCSC-sampled,wall,work_bound,0.0038516280000000002,0
ecology1.mtx,16,9,DCSC-sampled,wall,symbolic_capacity,0.0023747239999999999,0
ecology1.mtx,16,9,DCSC-sampled,wall,symbolic,0.0069074289999999997,0
ecology1.mtx,16,9,DCSC-sampled,wall,prefix_numeric_capacity,0.0048088530000000001,0
ecology1.mtx,16,9,DCSC-sampled,wall,output_allocate,0.012478955,0
ecology1.mtx,16,9,DCSC-sampled,wall,numeric,0.016304642000000001,0
ecology1.mtx,16,9,DCSC-sampled,wall,return_cleanup,2.0839999999999999e-06,0
ecology1.mtx,16,9,DCSC-sampled,wall,output_free,8.7199999999999997e-07,0
ecology1.mtx,16,9,DCSC-sampled,sampled_worker,lookup,0,8197
ecology1.mtx,16,9,DCSC-sampled,sampled_worker,alloc_init,0.00041558499999999843,8197
ecology1.mtx,16,9,DCSC-sampled,sampled_worker,lookup_multiply_hash,0.0014344610000000038,8197
ecology1.mtx,16,9,DCSC-sampled,sampled_worker,compact,0.00042604000000000036,8197
ecology1.mtx,16,9,DCSC-sampled,sampled_worker,sort,0.00061420699999999899,8197
ecology1.mtx,16,9,DCSC-sampled,sampled_worker,write,0.00036125299999999785,8197
ecology1.mtx,16,9,DCSC-sampled,sampled_worker,scratch_free,0.00035627799999999829,8197
ecology1.mtx,16,9,CombBLAS-profile,wall,total,0.047753631999999997,0
ecology1.mtx,16,9,CombBLAS-profile,wall,lookup_build,0.00077403400000000005,0
ecology1.mtx,16,9,CombBLAS-profile,wall,thread_setup,9.0569999999999999e-06,0
ecology1.mtx,16,9,CombBLAS-profile,wall,work_bound,0.0038071619999999998,0
ecology1.mtx,16,9,CombBLAS-profile,wall,work_prefix,0.00022456099999999999,0
ecology1.mtx,16,9,CombBLAS-profile,wall,symbolic,0.0069622039999999996,0
ecology1.mtx,16,9,CombBLAS-profile,wall,output_prefix,0.00015118999999999999,0
ecology1.mtx,16,9,CombBLAS-profile,wall,output_allocate,0.016765164999999999,0
ecology1.mtx,16,9,CombBLAS-profile,wall,numeric_scratch_setup,0.0030380070000000001,0
ecology1.mtx,16,9,CombBLAS-profile,wall,numeric,0.016014065000000001,0
ecology1.mtx,16,9,CombBLAS-profile,wall,internal_cleanup,4.7090000000000001e-06,0
ecology1.mtx,16,9,CombBLAS-profile,wall,return_cleanup,2.8559999999999998e-06,0
ecology1.mtx,16,9,CombBLAS-profile,wall,output_free,5.6100000000000001e-07,0
ecology1.mtx,16,9,DCSC-profile,wall,total,0.061677115999999997,0
ecology1.mtx,16,9,DCSC-profile,wall,validate,4.6100000000000001e-07,0
ecology1.mtx,16,9,DCSC-profile,wall,lookup_build,0.013912753999999999,0
ecology1.mtx,16,9,DCSC-profile,wall,scratch_setup,0.0014491090000000001,0
ecology1.mtx,16,9,DCSC-profile,wall,work_bound,0.003813735,0
ecology1.mtx,16,9,DCSC-profile,wall,symbolic_capacity,0.002256428,0
ecology1.mtx,16,9,DCSC-profile,wall,symbolic,0.0069184800000000003,0
ecology1.mtx,16,9,DCSC-profile,wall,prefix_numeric_capacity,0.0046701169999999997,0
ecology1.mtx,16,9,DCSC-profile,wall,output_allocate,0.012406876000000001,0
ecology1.mtx,16,9,DCSC-profile,wall,numeric,0.016244657999999999,0
ecology1.mtx,16,9,DCSC-profile,wall,return_cleanup,3.7469999999999999e-06,0
ecology1.mtx,16,9,DCSC-profile,wall,output_free,6.9100000000000003e-07,0
ecology1.mtx,16,9,CSC-profile,wall,total,0.04241938,0
ecology1.mtx,16,9,CSC-profile,wall,validate,4.8100000000000003e-07,0
ecology1.mtx,16,9,CSC-profile,wall,lookup_build,4.0000000000000001e-08,0
ecology1.mtx,16,9,CSC-profile,wall,scratch_setup,0.0015156169999999999,0
ecology1.mtx,16,9,CSC-profile,wall,work_bound,0.0020596999999999998,0
ecology1.mtx,16,9,CSC-profile,wall,symbolic_capacity,0.0026223399999999999,0
ecology1.mtx,16,9,CSC-profile,wall,symbolic,0.0045852740000000003,0
ecology1.mtx,16,9,CSC-profile,wall,prefix_numeric_capacity,0.0051834919999999996,0
ecology1.mtx,16,9,CSC-profile,wall,output_allocate,0.011290926,0
ecology1.mtx,16,9,CSC-profile,wall,numeric,0.015156951,0
ecology1.mtx,16,9,CSC-profile,wall,return_cleanup,3.0960000000000001e-06,0
ecology1.mtx,16,9,CSC-profile,wall,output_free,1.393e-06,0
ecology1.mtx,16,9,CombBLAS-control,wall,total,0.047409632,0
ecology1.mtx,16,9,CombBLAS-control,wall,native_call_and_free,0.047408480000000003,0
ecology1.mtx,16,9,DCSC-control,wall,total,0.062173818999999998,0
ecology1.mtx,16,9,DCSC-control,wall,native_call_and_free,0.062173528999999998,0
ecology1.mtx,16,9,CSC-control,wall,total,0.042541454999999999,0
ecology1.mtx,16,9,CSC-control,wall,native_call_and_free,0.042541174000000001,0
ecology1.mtx,16,9,DCSC-dense-static,wall,total,0.041980899000000002,0
ecology1.mtx,16,9,DCSC-dense-static,wall,output_free,0.041980609000000002,0
ecology1.mtx,16,9,DCSC-static,wall,total,0.059771622000000003,0
ecology1.mtx,16,9,DCSC-static,wall,output_free,0.059771199999999997,0
ecology1.mtx,16,9,DCSC-dense-lookup,wall,total,0.044675037000000001,0
ecology1.mtx,16,9,DCSC-dense-lookup,wall,output_free,0.044674605999999999,0
ecology1.mtx,16,10,DCSC-static,wall,total,0.059921558999999999,0
ecology1.mtx,16,10,DCSC-static,wall,output_free,0.059920998000000003,0
ecology1.mtx,16,10,DCSC-dense-static,wall,total,0.042467591999999998,0
ecology1.mtx,16,10,DCSC-dense-static,wall,output_free,0.042467102,0
ecology1.mtx,16,10,CSC-control,wall,total,0.042650954999999997,0
ecology1.mtx,16,10,CSC-control,wall,native_call_and_free,0.042650674,0
ecology1.mtx,16,10,DCSC-control,wall,total,0.062042207000000002,0
ecology1.mtx,16,10,DCSC-control,wall,native_call_and_free,0.062041896999999999,0
ecology1.mtx,16,10,CombBLAS-control,wall,total,0.047657427000000002,0
ecology1.mtx,16,10,CombBLAS-control,wall,native_call_and_free,0.047657126000000001,0
ecology1.mtx,16,10,CSC-profile,wall,total,0.042632018000000001,0
ecology1.mtx,16,10,CSC-profile,wall,validate,6.8199999999999999e-07,0
ecology1.mtx,16,10,CSC-profile,wall,lookup_build,2.9999999999999997e-08,0
ecology1.mtx,16,10,CSC-profile,wall,scratch_setup,0.0014506720000000001,0
ecology1.mtx,16,10,CSC-profile,wall,work_bound,0.0023381550000000002,0
ecology1.mtx,16,10,CSC-profile,wall,symbolic_capacity,0.0026023410000000002,0
ecology1.mtx,16,10,CSC-profile,wall,symbolic,0.0047133799999999997,0
ecology1.mtx,16,10,CSC-profile,wall,prefix_numeric_capacity,0.0050704849999999996,0
ecology1.mtx,16,10,CSC-profile,wall,output_allocate,0.0112874,0
ecology1.mtx,16,10,CSC-profile,wall,numeric,0.015163362999999999,0
ecology1.mtx,16,10,CSC-profile,wall,return_cleanup,4.1180000000000002e-06,0
ecology1.mtx,16,10,CSC-profile,wall,output_free,1.2729999999999999e-06,0
ecology1.mtx,16,10,DCSC-profile,wall,total,0.061657018000000001,0
ecology1.mtx,16,10,DCSC-profile,wall,validate,8.2099999999999995e-07,0
ecology1.mtx,16,10,DCSC-profile,wall,lookup_build,0.013955126,0
ecology1.mtx,16,10,DCSC-profile,wall,scratch_setup,0.0015015899999999999,0
ecology1.mtx,16,10,DCSC-profile,wall,work_bound,0.0035287980000000001,0
ecology1.mtx,16,10,DCSC-profile,wall,symbolic_capacity,0.002206342,0
ecology1.mtx,16,10,DCSC-profile,wall,symbolic,0.0069686560000000002,0
ecology1.mtx,16,10,DCSC-profile,wall,prefix_numeric_capacity,0.004773996,0
ecology1.mtx,16,10,DCSC-profile,wall,output_allocate,0.012404271999999999,0
ecology1.mtx,16,10,DCSC-profile,wall,numeric,0.016313378999999999,0
ecology1.mtx,16,10,DCSC-profile,wall,return_cleanup,3.416e-06,0
ecology1.mtx,16,10,DCSC-profile,wall,output_free,5.5199999999999997e-07,0
ecology1.mtx,16,10,CombBLAS-profile,wall,total,0.047766556000000002,0
ecology1.mtx,16,10,CombBLAS-profile,wall,lookup_build,0.00089236100000000004,0
ecology1.mtx,16,10,CombBLAS-profile,wall,thread_setup,9.6090000000000007e-06,0
ecology1.mtx,16,10,CombBLAS-profile,wall,work_bound,0.0037225100000000001,0
ecology1.mtx,16,10,CombBLAS-profile,wall,work_prefix,0.000221294,0
ecology1.mtx,16,10,CombBLAS-profile,wall,symbolic,0.0070896880000000002,0
ecology1.mtx,16,10,CombBLAS-profile,wall,output_prefix,0.00014965700000000001,0
ecology1.mtx,16,10,CombBLAS-profile,wall,output_allocate,0.016864646,0
ecology1.mtx,16,10,CombBLAS-profile,wall,numeric_scratch_setup,0.002923017,0
ecology1.mtx,16,10,CombBLAS-profile,wall,numeric,0.015886339999999999,0
ecology1.mtx,16,10,CombBLAS-profile,wall,internal_cleanup,3.907e-06,0
ecology1.mtx,16,10,CombBLAS-profile,wall,return_cleanup,2.9560000000000002e-06,0
ecology1.mtx,16,10,CombBLAS-profile,wall,output_free,5.1099999999999996e-07,0
ecology1.mtx,16,10,DCSC-sampled,wall,total,0.062063828000000001,0
ecology1.mtx,16,10,DCSC-sampled,wall,validate,6.9100000000000003e-07,0
ecology1.mtx,16,10,DCSC-sampled,wall,lookup_build,0.013940297000000001,0
ecology1.mtx,16,10,DCSC-sampled,wall,scratch_setup,0.0013834940000000001,0
ecology1.mtx,16,10,DCSC-sampled,wall,work_bound,0.003807693,0
ecology1.mtx,16,10,DCSC-sampled,wall,symbolic_capacity,0.0023479730000000002,0
ecology1.mtx,16,10,DCSC-sampled,wall,symbolic,0.0068942630000000003,0
ecology1.mtx,16,10,DCSC-sampled,wall,prefix_numeric_capacity,0.0048164189999999997,0
ecology1.mtx,16,10,DCSC-sampled,wall,output_allocate,0.012524742,0
ecology1.mtx,16,10,DCSC-sampled,wall,numeric,0.016343567,0
ecology1.mtx,16,10,DCSC-sampled,wall,return_cleanup,3.5159999999999999e-06,0
ecology1.mtx,16,10,DCSC-sampled,wall,output_free,1.113e-06,0
ecology1.mtx,16,10,DCSC-sampled,sampled_worker,lookup,0,8197
ecology1.mtx,16,10,DCSC-sampled,sampled_worker,alloc_init,0.00036499399999999848,8197
ecology1.mtx,16,10,DCSC-sampled,sampled_worker,lookup_multiply_hash,0.0013664780000000039,8197
ecology1.mtx,16,10,DCSC-sampled,sampled_worker,compact,0.00042715400000000044,8197
ecology1.mtx,16,10,DCSC-sampled,sampled_worker,sort,0.00062858699999999903,8197
ecology1.mtx,16,10,DCSC-sampled,sampled_worker,write,0.00036510699999999787,8197
ecology1.mtx,16,10,DCSC-sampled,sampled_worker,scratch_free,0.00035459799999999829,8197
ecology1.mtx,16,10,CombBLAS-sampled,wall,total,0.047840738000000001,0
ecology1.mtx,16,10,CombBLAS-sampled,wall,lookup_build,0.00076926499999999999,0
ecology1.mtx,16,10,CombBLAS-sampled,wall,thread_setup,8.9379999999999998e-06,0
ecology1.mtx,16,10,CombBLAS-sampled,wall,work_bound,0.0037722239999999998,0
ecology1.mtx,16,10,CombBLAS-sampled,wall,work_prefix,0.00022379999999999999,0
ecology1.mtx,16,10,CombBLAS-sampled,wall,symbolic,0.0069702289999999997,0
ecology1.mtx,16,10,CombBLAS-sampled,wall,output_prefix,0.000150829,0
ecology1.mtx,16,10,CombBLAS-sampled,wall,output_allocate,0.016961843000000001,0
ecology1.mtx,16,10,CombBLAS-sampled,wall,numeric_scratch_setup,0.0030306320000000001,0
ecology1.mtx,16,10,CombBLAS-sampled,wall,numeric,0.015945804000000001,0
ecology1.mtx,16,10,CombBLAS-sampled,wall,internal_cleanup,3.698e-06,0
ecology1.mtx,16,10,CombBLAS-sampled,wall,return_cleanup,2.9249999999999999e-06,0
ecology1.mtx,16,10,CombBLAS-sampled,wall,output_free,5.0100000000000005e-07,0
ecology1.mtx,16,10,CombBLAS-sampled,sampled_worker,lookup,0.0006706579999999977,8197
ecology1.mtx,16,10,CombBLAS-sampled,sampled_worker,alloc_init,0.00041622500000000222,8197
ecology1.mtx,16,10,CombBLAS-sampled,sampled_worker,lookup_multiply_hash,0.00078065900000000494,8197
ecology1.mtx,16,10,CombBLAS-sampled,sampled_worker,compact,0.00040342400000000032,8197
ecology1.mtx,16,10,CombBLAS-sampled,sampled_worker,sort,0.00061502599999999877,8197
ecology1.mtx,16,10,CombBLAS-sampled,sampled_worker,write,0.00032979599999999782,8197
ecology1.mtx,16,10,CombBLAS-sampled,sampled_worker,scratch_free,0.00032945699999999801,8197
ecology1.mtx,16,10,CombBLAS-conversion,wall,total,0.097094787000000002,0
ecology1.mtx,16,10,CombBLAS-conversion,wall,native_call,0.048162416,0
ecology1.mtx,16,10,CombBLAS-conversion,wall,tuple_to_dcsc,0.048928604000000001,0
ecology1.mtx,16,10,CombBLAS-conversion,wall,dcsc_free,2.8660000000000002e-06,0
ecology1.mtx,16,10,CombBLAS-conversion,wall,output_free,8.4099999999999997e-07,0
ecology1.mtx,16,10,DCSC-dense-lookup,wall,total,0.043232900999999997,0
ecology1.mtx,16,10,DCSC-dense-lookup,wall,output_free,0.043232841000000001,0
ecology1.mtx,16,11,DCSC-static,wall,total,0.059924433999999999,0
ecology1.mtx,16,11,DCSC-static,wall,output_free,0.059923863000000001,0
ecology1.mtx,16,11,DCSC-dense-lookup,wall,total,0.044361164000000002,0
ecology1.mtx,16,11,DCSC-dense-lookup,wall,output_free,0.044360493000000001,0
ecology1.mtx,16,11,CombBLAS-conversion,wall,total,0.097034892999999997,0
ecology1.mtx,16,11,CombBLAS-conversion,wall,native_call,0.048273297999999999,0
ecology1.mtx,16,11,CombBLAS-conversion,wall,tuple_to_dcsc,0.048758047999999998,0
ecology1.mtx,16,11,CombBLAS-conversion,wall,dcsc_free,2.6249999999999999e-06,0
ecology1.mtx,16,11,CombBLAS-conversion,wall,output_free,8.6099999999999999e-07,0
ecology1.mtx,16,11,CombBLAS-sampled,wall,total,0.048276173999999998,0
ecology1.mtx,16,11,CombBLAS-sampled,wall,lookup_build,0.00093744800000000001,0
ecology1.mtx,16,11,CombBLAS-sampled,wall,thread_setup,9.1880000000000008e-06,0
ecology1.mtx,16,11,CombBLAS-sampled,wall,work_bound,0.003653197,0
ecology1.mtx,16,11,CombBLAS-sampled,wall,work_prefix,0.00012874699999999999,0
ecology1.mtx,16,11,CombBLAS-sampled,wall,symbolic,0.0071857220000000003,0
ecology1.mtx,16,11,CombBLAS-sampled,wall,output_prefix,0.000134788,0
ecology1.mtx,16,11,CombBLAS-sampled,wall,output_allocate,0.017243714,0
ecology1.mtx,16,11,CombBLAS-sampled,wall,numeric_scratch_setup,0.0029417620000000001,0
ecology1.mtx,16,11,CombBLAS-sampled,wall,numeric,0.016032581000000001,0
ecology1.mtx,16,11,CombBLAS-sampled,wall,internal_cleanup,5.0289999999999996e-06,0
ecology1.mtx,16,11,CombBLAS-sampled,wall,return_cleanup,3.1360000000000001e-06,0
ecology1.mtx,16,11,CombBLAS-sampled,wall,output_free,7.92e-07,0
ecology1.mtx,16,11,CombBLAS-sampled,sampled_worker,lookup,0.00068497899999999821,8197
ecology1.mtx,16,11,CombBLAS-sampled,sampled_worker,alloc_init,0.00041369300000000203,8197
ecology1.mtx,16,11,CombBLAS-sampled,sampled_worker,lookup_multiply_hash,0.0007754450000000047,8197
ecology1.mtx,16,11,CombBLAS-sampled,sampled_worker,compact,0.00039365600000000015,8197
ecology1.mtx,16,11,CombBLAS-sampled,sampled_worker,sort,0.00061510299999999901,8197
ecology1.mtx,16,11,CombBLAS-sampled,sampled_worker,write,0.00033028399999999769,8197
ecology1.mtx,16,11,CombBLAS-sampled,sampled_worker,scratch_free,0.00032968599999999798,8197
ecology1.mtx,16,11,DCSC-sampled,wall,total,0.062115818000000003,0
ecology1.mtx,16,11,DCSC-sampled,wall,validate,7.2099999999999996e-07,0
ecology1.mtx,16,11,DCSC-sampled,wall,lookup_build,0.013930078,0
ecology1.mtx,16,11,DCSC-sampled,wall,scratch_setup,0.0013879319999999999,0
ecology1.mtx,16,11,DCSC-sampled,wall,work_bound,0.0038230120000000002,0
ecology1.mtx,16,11,DCSC-sampled,wall,symbolic_capacity,0.002425001,0
ecology1.mtx,16,11,DCSC-sampled,wall,symbolic,0.0069104850000000001,0
ecology1.mtx,16,11,DCSC-sampled,wall,prefix_numeric_capacity,0.0048103160000000002,0
ecology1.mtx,16,11,DCSC-sampled,wall,output_allocate,0.01250298,0
ecology1.mtx,16,11,DCSC-sampled,wall,numeric,0.016321004,0
ecology1.mtx,16,11,DCSC-sampled,wall,return_cleanup,3.517e-06,0
ecology1.mtx,16,11,DCSC-sampled,wall,output_free,7.0100000000000004e-07,0
ecology1.mtx,16,11,DCSC-sampled,sampled_worker,lookup,0,8197
ecology1.mtx,16,11,DCSC-sampled,sampled_worker,alloc_init,0.00037208699999999843,8197
ecology1.mtx,16,11,DCSC-sampled,sampled_worker,lookup_multiply_hash,0.0013665070000000038,8197
ecology1.mtx,16,11,DCSC-sampled,sampled_worker,compact,0.00042751700000000041,8197
ecology1.mtx,16,11,DCSC-sampled,sampled_worker,sort,0.00062909299999999908,8197
ecology1.mtx,16,11,DCSC-sampled,sampled_worker,write,0.00036158999999999779,8197
ecology1.mtx,16,11,DCSC-sampled,sampled_worker,scratch_free,0.0003585379999999982,8197
ecology1.mtx,16,11,CombBLAS-profile,wall,total,0.047842371000000002,0
ecology1.mtx,16,11,CombBLAS-profile,wall,lookup_build,0.00077350300000000004,0
ecology1.mtx,16,11,CombBLAS-profile,wall,thread_setup,9.4180000000000003e-06,0
ecology1.mtx,16,11,CombBLAS-profile,wall,work_bound,0.00376932,0
ecology1.mtx,16,11,CombBLAS-profile,wall,work_prefix,0.00021925100000000001,0
ecology1.mtx,16,11,CombBLAS-profile,wall,symbolic,0.0072029349999999997,0
ecology1.mtx,16,11,CombBLAS-profile,wall,output_prefix,0.00015148000000000001,0
ecology1.mtx,16,11,CombBLAS-profile,wall,output_allocate,0.016830952,0
ecology1.mtx,16,11,CombBLAS-profile,wall,numeric_scratch_setup,0.0030279980000000001,0
ecology1.mtx,16,11,CombBLAS-profile,wall,numeric,0.015849990000000001,0
ecology1.mtx,16,11,CombBLAS-profile,wall,internal_cleanup,4.1880000000000004e-06,0
ecology1.mtx,16,11,CombBLAS-profile,wall,return_cleanup,2.7750000000000001e-06,0
ecology1.mtx,16,11,CombBLAS-profile,wall,output_free,4.9100000000000004e-07,0
ecology1.mtx,16,11,DCSC-profile,wall,total,0.061626018999999997,0
ecology1.mtx,16,11,DCSC-profile,wall,validate,4.7e-07,0
ecology1.mtx,16,11,DCSC-profile,wall,lookup_build,0.013915039000000001,0
ecology1.mtx,16,11,DCSC-profile,wall,scratch_setup,0.0014413850000000001,0
ecology1.mtx,16,11,DCSC-profile,wall,work_bound,0.0038162090000000001,0
ecology1.mtx,16,11,DCSC-profile,wall,symbolic_capacity,0.0022317309999999998,0
ecology1.mtx,16,11,DCSC-profile,wall,symbolic,0.0069311640000000001,0
ecology1.mtx,16,11,DCSC-profile,wall,prefix_numeric_capacity,0.0046465719999999999,0
ecology1.mtx,16,11,DCSC-profile,wall,output_allocate,0.012387057999999999,0
ecology1.mtx,16,11,DCSC-profile,wall,numeric,0.016251601000000001,0
ecology1.mtx,16,11,DCSC-profile,wall,return_cleanup,3.7170000000000002e-06,0
ecology1.mtx,16,11,DCSC-profile,wall,output_free,1.012e-06,0
ecology1.mtx,16,11,CSC-profile,wall,total,0.043613961,0
ecology1.mtx,16,11,CSC-profile,wall,validate,4.9100000000000004e-07,0
ecology1.mtx,16,11,CSC-profile,wall,lookup_build,4.0000000000000001e-08,0
ecology1.mtx,16,11,CSC-profile,wall,scratch_setup,0.0015099860000000001,0
ecology1.mtx,16,11,CSC-profile,wall,work_bound,0.0020556630000000001,0
ecology1.mtx,16,11,CSC-profile,wall,symbolic_capacity,0.0036402520000000001,0
ecology1.mtx,16,11,CSC-profile,wall,symbolic,0.0046282470000000003,0
ecology1.mtx,16,11,CSC-profile,wall,prefix_numeric_capacity,0.005414655,0
ecology1.mtx,16,11,CSC-profile,wall,output_allocate,0.011187127,0
ecology1.mtx,16,11,CSC-profile,wall,numeric,0.015173373,0
ecology1.mtx,16,11,CSC-profile,wall,return_cleanup,2.915e-06,0
ecology1.mtx,16,11,CSC-profile,wall,output_free,1.142e-06,0
ecology1.mtx,16,11,CombBLAS-control,wall,total,0.047730236000000002,0
ecology1.mtx,16,11,CombBLAS-control,wall,native_call_and_free,0.047729735000000002,0
ecology1.mtx,16,11,DCSC-control,wall,total,0.062211241,0
ecology1.mtx,16,11,DCSC-control,wall,native_call_and_free,0.062210929999999998,0
ecology1.mtx,16,11,CSC-control,wall,total,0.042227491999999998,0
ecology1.mtx,16,11,CSC-control,wall,native_call_and_free,0.042227101000000003,0
ecology1.mtx,16,11,DCSC-dense-static,wall,total,0.041943266999999999,0
ecology1.mtx,16,11,DCSC-dense-static,wall,output_free,0.041942736000000001,0
ecology1.mtx,128,0,CSC-control,wall,total,0.057715928999999999,0
ecology1.mtx,128,0,CSC-control,wall,native_call_and_free,0.057715257999999998,0
ecology1.mtx,128,0,DCSC-control,wall,total,0.079564375000000007,0
ecology1.mtx,128,0,DCSC-control,wall,native_call_and_free,0.079563021999999997,0
ecology1.mtx,128,0,CombBLAS-control,wall,total,0.047323587,0
ecology1.mtx,128,0,CombBLAS-control,wall,native_call_and_free,0.047323306000000002,0
ecology1.mtx,128,0,CSC-profile,wall,total,0.059042784000000001,0
ecology1.mtx,128,0,CSC-profile,wall,validate,9.7199999999999997e-07,0
ecology1.mtx,128,0,CSC-profile,wall,lookup_build,4.0000000000000001e-08,0
ecology1.mtx,128,0,CSC-profile,wall,scratch_setup,0.002837202,0
ecology1.mtx,128,0,CSC-profile,wall,work_bound,0.0025798280000000002,0
ecology1.mtx,128,0,CSC-profile,wall,symbolic_capacity,0.0037053469999999999,0
ecology1.mtx,128,0,CSC-profile,wall,symbolic,0.0056993110000000003,0
ecology1.mtx,128,0,CSC-profile,wall,prefix_numeric_capacity,0.01166843,0
ecology1.mtx,128,0,CSC-profile,wall,output_allocate,0.017347292,0
ecology1.mtx,128,0,CSC-profile,wall,numeric,0.015197118000000001,0
ecology1.mtx,128,0,CSC-profile,wall,return_cleanup,4.8890000000000001e-06,0
ecology1.mtx,128,0,CSC-profile,wall,output_free,2.295e-06,0
ecology1.mtx,128,0,DCSC-profile,wall,total,0.079565617000000005,0
ecology1.mtx,128,0,DCSC-profile,wall,validate,7.5199999999999996e-07,0
ecology1.mtx,128,0,DCSC-profile,wall,lookup_build,0.015929591999999999,0
ecology1.mtx,128,0,DCSC-profile,wall,scratch_setup,0.0029486960000000002,0
ecology1.mtx,128,0,DCSC-profile,wall,work_bound,0.0045005820000000004,0
ecology1.mtx,128,0,DCSC-profile,wall,symbolic_capacity,0.0027066519999999999,0
ecology1.mtx,128,0,DCSC-profile,wall,symbolic,0.0072067720000000002,0
ecology1.mtx,128,0,DCSC-profile,wall,prefix_numeric_capacity,0.011817246,0
ecology1.mtx,128,0,DCSC-profile,wall,output_allocate,0.017756226,0
ecology1.mtx,128,0,DCSC-profile,wall,numeric,0.016691053000000001,0
ecology1.mtx,128,0,DCSC-profile,wall,return_cleanup,6.6830000000000002e-06,0
ecology1.mtx,128,0,DCSC-profile,wall,output_free,1.3030000000000001e-06,0
ecology1.mtx,128,0,CombBLAS-profile,wall,total,0.048631995999999997,0
ecology1.mtx,128,0,CombBLAS-profile,wall,lookup_build,0.0018482049999999999,0
ecology1.mtx,128,0,CombBLAS-profile,wall,thread_setup,4.8603000000000002e-05,0
ecology1.mtx,128,0,CombBLAS-profile,wall,work_bound,0.0023586639999999999,0
ecology1.mtx,128,0,CombBLAS-profile,wall,work_prefix,0.00065813199999999997,0
ecology1.mtx,128,0,CombBLAS-profile,wall,symbolic,0.002966149,0
ecology1.mtx,128,0,CombBLAS-profile,wall,output_prefix,0.00032443199999999999,0
ecology1.mtx,128,0,CombBLAS-profile,wall,output_allocate,0.027432897000000001,0
ecology1.mtx,128,0,CombBLAS-profile,wall,numeric_scratch_setup,0.0042273780000000004,0
ecology1.mtx,128,0,CombBLAS-profile,wall,numeric,0.0087383400000000007,0
ecology1.mtx,128,0,CombBLAS-profile,wall,internal_cleanup,5.3600000000000004e-06,0
ecology1.mtx,128,0,CombBLAS-profile,wall,return_cleanup,2.2453e-05,0
ecology1.mtx,128,0,CombBLAS-profile,wall,output_free,1.3230000000000001e-06,0
ecology1.mtx,128,0,DCSC-sampled,wall,total,0.078123559999999995,0
ecology1.mtx,128,0,DCSC-sampled,wall,validate,4.4099999999999999e-07,0
ecology1.mtx,128,0,DCSC-sampled,wall,lookup_build,0.014688743000000001,0
ecology1.mtx,128,0,DCSC-sampled,wall,scratch_setup,0.0020819430000000002,0
ecology1.mtx,128,0,DCSC-sampled,wall,work_bound,0.0042123799999999999,0
ecology1.mtx,128,0,DCSC-sampled,wall,symbolic_capacity,0.0024816899999999999,0
ecology1.mtx,128,0,DCSC-sampled,wall,symbolic,0.0071462560000000001,0
ecology1.mtx,128,0,DCSC-sampled,wall,prefix_numeric_capacity,0.011732423000000001,0
ecology1.mtx,128,0,DCSC-sampled,wall,output_allocate,0.018997456999999999,0
ecology1.mtx,128,0,DCSC-sampled,wall,numeric,0.016771998999999999,0
ecology1.mtx,128,0,DCSC-sampled,wall,return_cleanup,8.4160000000000004e-06,0
ecology1.mtx,128,0,DCSC-sampled,wall,output_free,1.7430000000000001e-06,0
ecology1.mtx,128,0,DCSC-sampled,sampled_worker,lookup,0,8197
ecology1.mtx,128,0,DCSC-sampled,sampled_worker,alloc_init,0.00085295999999999918,8197
ecology1.mtx,128,0,DCSC-sampled,sampled_worker,lookup_multiply_hash,0.13603205899999993,8197
ecology1.mtx,128,0,DCSC-sampled,sampled_worker,compact,0.00055559399999999964,8197
ecology1.mtx,128,0,DCSC-sampled,sampled_worker,sort,0.0019118079999999997,8197
ecology1.mtx,128,0,DCSC-sampled,sampled_worker,write,0.016220739000000008,8197
ecology1.mtx,128,0,DCSC-sampled,sampled_worker,scratch_free,0.016993831000000011,8197
ecology1.mtx,128,0,CombBLAS-sampled,wall,total,0.050930975000000003,0
ecology1.mtx,128,0,CombBLAS-sampled,wall,lookup_build,0.001793099,0
ecology1.mtx,128,0,CombBLAS-sampled,wall,thread_setup,5.1307999999999997e-05,0
ecology1.mtx,128,0,CombBLAS-sampled,wall,work_bound,0.0022655359999999999,0
ecology1.mtx,128,0,CombBLAS-sampled,wall,work_prefix,0.00066170900000000002,0
ecology1.mtx,128,0,CombBLAS-sampled,wall,symbolic,0.003854873,0
ecology1.mtx,128,0,CombBLAS-sampled,wall,output_prefix,0.000315987,0
ecology1.mtx,128,0,CombBLAS-sampled,wall,output_allocate,0.029343820999999999,0
ecology1.mtx,128,0,CombBLAS-sampled,wall,numeric_scratch_setup,0.0046280760000000001,0
ecology1.mtx,128,0,CombBLAS-sampled,wall,numeric,0.0079845650000000008,0
ecology1.mtx,128,0,CombBLAS-sampled,wall,internal_cleanup,6.0209999999999996e-06,0
ecology1.mtx,128,0,CombBLAS-sampled,wall,return_cleanup,2.5249000000000002e-05,0
ecology1.mtx,128,0,CombBLAS-sampled,wall,output_free,6.61e-07,0
ecology1.mtx,128,0,CombBLAS-sampled,sampled_worker,lookup,0.0025715379999999995,8197
ecology1.mtx,128,0,CombBLAS-sampled,sampled_worker,alloc_init,0.00095561900000000043,8197
ecology1.mtx,128,0,CombBLAS-sampled,sampled_worker,lookup_multiply_hash,0.0011380960000000012,8197
ecology1.mtx,128,0,CombBLAS-sampled,sampled_worker,compact,0.00042604799999999967,8197
ecology1.mtx,128,0,CombBLAS-sampled,sampled_worker,sort,0.0011750909999999996,8197
ecology1.mtx,128,0,CombBLAS-sampled,sampled_worker,write,0.00064341899999999957,8197
ecology1.mtx,128,0,CombBLAS-sampled,sampled_worker,scratch_free,0.0012884259999999983,8197
ecology1.mtx,128,0,CombBLAS-conversion,wall,total,0.10587384499999999,0
ecology1.mtx,128,0,CombBLAS-conversion,wall,native_call,0.038993259000000002,0
ecology1.mtx,128,0,CombBLAS-conversion,wall,tuple_to_dcsc,0.066877019999999995,0
ecology1.mtx,128,0,CombBLAS-conversion,wall,dcsc_free,2.4739999999999999e-06,0
ecology1.mtx,128,0,CombBLAS-conversion,wall,output_free,1.0330000000000001e-06,0
ecology1.mtx,128,0,DCSC-dense-lookup,wall,total,0.055260879999999998,0
ecology1.mtx,128,0,DCSC-dense-lookup,wall,output_free,0.05526081,0
ecology1.mtx,128,0,DCSC-static,wall,total,0.066605027999999997,0
ecology1.mtx,128,0,DCSC-static,wall,output_free,0.066604757000000001,0
ecology1.mtx,128,0,DCSC-dense-static,wall,total,0.048157595999999997,0
ecology1.mtx,128,0,DCSC-dense-static,wall,output_free,0.048157274999999999,0
ecology1.mtx,128,1,CSC-control,wall,total,0.057952091999999997,0
ecology1.mtx,128,1,CSC-control,wall,native_call_and_free,0.057952021999999999,0
ecology1.mtx,128,1,DCSC-dense-static,wall,total,0.046438048000000003,0
ecology1.mtx,128,1,DCSC-dense-static,wall,output_free,0.046437777,0
ecology1.mtx,128,1,DCSC-static,wall,total,0.059623027000000002,0
ecology1.mtx,128,1,DCSC-static,wall,output_free,0.059622556,0
ecology1.mtx,128,1,DCSC-dense-lookup,wall,total,0.061977181999999999,0
ecology1.mtx,128,1,DCSC-dense-lookup,wall,output_free,0.061976911000000003,0
ecology1.mtx,128,1,CombBLAS-conversion,wall,total,0.114416921,0
ecology1.mtx,128,1,CombBLAS-conversion,wall,native_call,0.046560642999999999,0
ecology1.mtx,128,1,CombBLAS-conversion,wall,tuple_to_dcsc,0.067852109999999993,0
ecology1.mtx,128,1,CombBLAS-conversion,wall,dcsc_free,2.9059999999999998e-06,0
ecology1.mtx,128,1,CombBLAS-conversion,wall,output_free,1.212e-06,0
ecology1.mtx,128,1,CombBLAS-sampled,wall,total,0.033403067000000002,0
ecology1.mtx,128,1,CombBLAS-sampled,wall,lookup_build,0.001796275,0
ecology1.mtx,128,1,CombBLAS-sampled,wall,thread_setup,5.0176000000000002e-05,0
ecology1.mtx,128,1,CombBLAS-sampled,wall,work_bound,0.001616351,0
ecology1.mtx,128,1,CombBLAS-sampled,wall,work_prefix,0.00033301899999999999,0
ecology1.mtx,128,1,CombBLAS-sampled,wall,symbolic,0.0027320999999999999,0
ecology1.mtx,128,1,CombBLAS-sampled,wall,output_prefix,6.5355e-05,0
ecology1.mtx,128,1,CombBLAS-sampled,wall,output_allocate,0.016576022999999999,0
ecology1.mtx,128,1,CombBLAS-sampled,wall,numeric_scratch_setup,0.0035124470000000001,0
ecology1.mtx,128,1,CombBLAS-sampled,wall,numeric,0.0066937380000000003,0
ecology1.mtx,128,1,CombBLAS-sampled,wall,internal_cleanup,4.8799999999999999e-06,0
ecology1.mtx,128,1,CombBLAS-sampled,wall,return_cleanup,2.2042e-05,0
ecology1.mtx,128,1,CombBLAS-sampled,wall,output_free,6.0100000000000005e-07,0
ecology1.mtx,128,1,CombBLAS-sampled,sampled_worker,lookup,0.002159639000000001,8197
ecology1.mtx,128,1,CombBLAS-sampled,sampled_worker,alloc_init,0.00081868400000000073,8197
ecology1.mtx,128,1,CombBLAS-sampled,sampled_worker,lookup_multiply_hash,0.0009843380000000004,8197
ecology1.mtx,128,1,CombBLAS-sampled,sampled_worker,compact,0.00041376899999999992,8197
ecology1.mtx,128,1,CombBLAS-sampled,sampled_worker,sort,0.00082610600000000039,8197
ecology1.mtx,128,1,CombBLAS-sampled,sampled_worker,write,0.00050306699999999962,8197
ecology1.mtx,128,1,CombBLAS-sampled,sampled_worker,scratch_free,0.0010538169999999994,8197
ecology1.mtx,128,1,DCSC-sampled,wall,total,0.078125735000000002,0
ecology1.mtx,128,1,DCSC-sampled,wall,validate,4.4099999999999999e-07,0
ecology1.mtx,128,1,DCSC-sampled,wall,lookup_build,0.014406891999999999,0
ecology1.mtx,128,1,DCSC-sampled,wall,scratch_setup,0.0020469860000000002,0
ecology1.mtx,128,1,DCSC-sampled,wall,work_bound,0.0042096740000000001,0
ecology1.mtx,128,1,DCSC-sampled,wall,symbolic_capacity,0.00270587,0
ecology1.mtx,128,1,DCSC-sampled,wall,symbolic,0.0071926560000000004,0
ecology1.mtx,128,1,DCSC-sampled,wall,prefix_numeric_capacity,0.011815793,0
ecology1.mtx,128,1,DCSC-sampled,wall,output_allocate,0.01866547,0
ecology1.mtx,128,1,DCSC-sampled,wall,numeric,0.01707496,0
ecology1.mtx,128,1,DCSC-sampled,wall,return_cleanup,5.6400000000000002e-06,0
ecology1.mtx,128,1,DCSC-sampled,wall,output_free,1.283e-06,0
ecology1.mtx,128,1,DCSC-sampled,sampled_worker,lookup,0,8197
ecology1.mtx,128,1,DCSC-sampled,sampled_worker,alloc_init,0.00071902199999999983,8197
ecology1.mtx,128,1,DCSC-sampled,sampled_worker,lookup_multiply_hash,0.13027881099999999,8197
ecology1.mtx,128,1,DCSC-sampled,sampled_worker,compact,0.00051464499999999956,8197
ecology1.mtx,128,1,DCSC-sampled,sampled_worker,sort,0.0019283219999999992,8197
ecology1.mtx,128,1,DCSC-sampled,sampled_worker,write,0.015576097000000007,8197
ecology1.mtx,128,1,DCSC-sampled,sampled_worker,scratch_free,0.015655445000000007,8197
ecology1.mtx,128,1,CombBLAS-profile,wall,total,0.047961288999999997,0
ecology1.mtx,128,1,CombBLAS-profile,wall,lookup_build,0.0016802729999999999,0
ecology1.mtx,128,1,CombBLAS-profile,wall,thread_setup,4.8903999999999998e-05,0
ecology1.mtx,128,1,CombBLAS-profile,wall,work_bound,0.0022117619999999999,0
ecology1.mtx,128,1,CombBLAS-profile,wall,work_prefix,0.00066450400000000001,0
ecology1.mtx,128,1,CombBLAS-profile,wall,symbolic,0.0028169229999999998,0
ecology1.mtx,128,1,CombBLAS-profile,wall,output_prefix,0.000329532,0
ecology1.mtx,128,1,CombBLAS-profile,wall,output_allocate,0.028417114,0
ecology1.mtx,128,1,CombBLAS-profile,wall,numeric_scratch_setup,0.0041925809999999999,0
ecology1.mtx,128,1,CombBLAS-profile,wall,numeric,0.0075724340000000003,0
ecology1.mtx,128,1,CombBLAS-profile,wall,internal_cleanup,4.2880000000000003e-06,0
ecology1.mtx,128,1,CombBLAS-profile,wall,return_cleanup,2.2534000000000001e-05,0
ecology1.mtx,128,1,CombBLAS-profile,wall,output_free,3.9000000000000002e-07,0
ecology1.mtx,128,1,DCSC-profile,wall,total,0.078027677000000004,0
ecology1.mtx,128,1,DCSC-profile,wall,validate,7.1200000000000002e-07,0
ecology1.mtx,128,1,DCSC-profile,wall,lookup_build,0.014670488000000001,0
ecology1.mtx,128,1,DCSC-profile,wall,scratch_setup,0.0021440919999999998,0
ecology1.mtx,128,1,DCSC-profile,wall,work_bound,0.0041916699999999998,0
ecology1.mtx,128,1,DCSC-profile,wall,symbolic_capacity,0.0026599710000000001,0
ecology1.mtx,128,1,DCSC-profile,wall,symbolic,0.007197335,0
ecology1.mtx,128,1,DCSC-profile,wall,prefix_numeric_capacity,0.01127735,0
ecology1.mtx,128,1,DCSC-profile,wall,output_allocate,0.018972007999999999,0
ecology1.mtx,128,1,DCSC-profile,wall,numeric,0.016907287999999999,0
ecology1.mtx,128,1,DCSC-profile,wall,return_cleanup,5.4609999999999999e-06,0
ecology1.mtx,128,1,DCSC-profile,wall,output_free,1.252e-06,0
ecology1.mtx,128,1,CSC-profile,wall,total,0.062670792000000003,0
ecology1.mtx,128,1,CSC-profile,wall,validate,8.9199999999999999e-07,0
ecology1.mtx,128,1,CSC-profile,wall,lookup_build,2.9999999999999997e-08,0
ecology1.mtx,128,1,CSC-profile,wall,scratch_setup,0.0064223370000000002,0
ecology1.mtx,128,1,CSC-profile,wall,work_bound,0.0023180269999999998,0
ecology1.mtx,128,1,CSC-profile,wall,symbolic_capacity,0.0034809760000000002,0
ecology1.mtx,128,1,CSC-profile,wall,symbolic,0.0053764520000000003,0
ecology1.mtx,128,1,CSC-profile,wall,prefix_numeric_capacity,0.013081661,0
ecology1.mtx,128,1,CSC-profile,wall,output_allocate,0.017079829000000001,0
ecology1.mtx,128,1,CSC-profile,wall,numeric,0.014900439,0
ecology1.mtx,128,1,CSC-profile,wall,return_cleanup,8.1650000000000006e-06,0
ecology1.mtx,128,1,CSC-profile,wall,output_free,1.7740000000000001e-06,0
ecology1.mtx,128,1,CombBLAS-control,wall,total,0.044795377999999997,0
ecology1.mtx,128,1,CombBLAS-control,wall,native_call_and_free,0.044794926999999998,0
ecology1.mtx,128,1,DCSC-control,wall,total,0.079434884999999997,0
ecology1.mtx,128,1,DCSC-control,wall,native_call_and_free,0.079434735000000006,0
ecology1.mtx,128,2,CombBLAS-control,wall,total,0.048341558999999999,0
ecology1.mtx,128,2,CombBLAS-control,wall,native_call_and_free,0.048341298999999997,0
ecology1.mtx,128,2,CSC-profile,wall,total,0.058086229000000003,0
ecology1.mtx,128,2,CSC-profile,wall,validate,8.9199999999999999e-07,0
ecology1.mtx,128,2,CSC-profile,wall,lookup_build,4.0000000000000001e-08,0
ecology1.mtx,128,2,CSC-profile,wall,scratch_setup,0.0029508189999999999,0
ecology1.mtx,128,2,CSC-profile,wall,work_bound,0.0024920710000000002,0
ecology1.mtx,128,2,CSC-profile,wall,symbolic_capacity,0.0027087750000000001,0
ecology1.mtx,128,2,CSC-profile,wall,symbolic,0.0056437340000000001,0
ecology1.mtx,128,2,CSC-profile,wall,prefix_numeric_capacity,0.011663141,0
ecology1.mtx,128,2,CSC-profile,wall,output_allocate,0.017458794999999999,0
ecology1.mtx,128,2,CSC-profile,wall,numeric,0.015159356000000001,0
ecology1.mtx,128,2,CSC-profile,wall,return_cleanup,6.2620000000000004e-06,0
ecology1.mtx,128,2,CSC-profile,wall,output_free,2.2840000000000001e-06,0
ecology1.mtx,128,2,DCSC-profile,wall,total,0.078598201000000006,0
ecology1.mtx,128,2,DCSC-profile,wall,validate,6.61e-07,0
ecology1.mtx,128,2,DCSC-profile,wall,lookup_build,0.015345012,0
ecology1.mtx,128,2,DCSC-profile,wall,scratch_setup,0.0029104220000000002,0
ecology1.mtx,128,2,DCSC-profile,wall,work_bound,0.0044302279999999996,0
ecology1.mtx,128,2,DCSC-profile,wall,symbolic_capacity,0.00278963,0
ecology1.mtx,128,2,DCSC-profile,wall,symbolic,0.0071123619999999997,0
ecology1.mtx,128,2,DCSC-profile,wall,prefix_numeric_capacity,0.012022318000000001,0
ecology1.mtx,128,2,DCSC-profile,wall,output_allocate,0.01753876,0
ecology1.mtx,128,2,DCSC-profile,wall,numeric,0.016437737000000001,0
ecology1.mtx,128,2,DCSC-profile,wall,return_cleanup,8.7669999999999992e-06,0
ecology1.mtx,128,2,DCSC-profile,wall,output_free,2.2539999999999999e-06,0
ecology1.mtx,128,2,CombBLAS-profile,wall,total,0.048446109000000001,0
ecology1.mtx,128,2,CombBLAS-profile,wall,lookup_build,0.001678339,0
ecology1.mtx,128,2,CombBLAS-profile,wall,thread_setup,4.7441000000000002e-05,0
ecology1.mtx,128,2,CombBLAS-profile,wall,work_bound,0.0024464019999999999,0
ecology1.mtx,128,2,CombBLAS-profile,wall,work_prefix,0.00066783100000000002,0
ecology1.mtx,128,2,CombBLAS-profile,wall,symbolic,0.003116237,0
ecology1.mtx,128,2,CombBLAS-profile,wall,output_prefix,0.00031431299999999998,0
ecology1.mtx,128,2,CombBLAS-profile,wall,output_allocate,0.027303678000000001,0
ecology1.mtx,128,2,CombBLAS-profile,wall,numeric_scratch_setup,0.0042513840000000004,0
ecology1.mtx,128,2,CombBLAS-profile,wall,numeric,0.0085923800000000002,0
ecology1.mtx,128,2,CombBLAS-profile,wall,internal_cleanup,4.9599999999999999e-06,0
ecology1.mtx,128,2,CombBLAS-profile,wall,return_cleanup,2.2824e-05,0
ecology1.mtx,128,2,CombBLAS-profile,wall,output_free,2.4999999999999999e-07,0
ecology1.mtx,128,2,DCSC-sampled,wall,total,0.077603584000000003,0
ecology1.mtx,128,2,DCSC-sampled,wall,validate,3.8000000000000001e-07,0
ecology1.mtx,128,2,DCSC-sampled,wall,lookup_build,0.014636392999999999,0
ecology1.mtx,128,2,DCSC-sampled,wall,scratch_setup,0.002105067,0
ecology1.mtx,128,2,DCSC-sampled,wall,work_bound,0.0041842260000000001,0
ecology1.mtx,128,2,DCSC-sampled,wall,symbolic_capacity,0.0025029700000000002,0
ecology1.mtx,128,2,DCSC-sampled,wall,symbolic,0.0071072519999999997,0
ecology1.mtx,128,2,DCSC-sampled,wall,prefix_numeric_capacity,0.011257461999999999,0
ecology1.mtx,128,2,DCSC-sampled,wall,output_allocate,0.019132716000000001,0
ecology1.mtx,128,2,DCSC-sampled,wall,numeric,0.016669351999999998,0
ecology1.mtx,128,2,DCSC-sampled,wall,return_cleanup,6.3119999999999999e-06,0
ecology1.mtx,128,2,DCSC-sampled,wall,output_free,1.3829999999999999e-06,0
ecology1.mtx,128,2,DCSC-sampled,sampled_worker,lookup,0,8197
ecology1.mtx,128,2,DCSC-sampled,sampled_worker,alloc_init,0.00058199199999999938,8197
ecology1.mtx,128,2,DCSC-sampled,sampled_worker,lookup_multiply_hash,0.12064959400000003,8197
ecology1.mtx,128,2,DCSC-sampled,sampled_worker,compact,0.0005050769999999995,8197
ecology1.mtx,128,2,DCSC-sampled,sampled_worker,sort,0.0014887749999999986,8197
ecology1.mtx,128,2,DCSC-sampled,sampled_worker,write,0.01415573100000001,8197
ecology1.mtx,128,2,DCSC-sampled,sampled_worker,scratch_free,0.013378179000000007,8197
ecology1.mtx,128,2,CombBLAS-sampled,wall,total,0.048751655999999997,0
ecology1.mtx,128,2,CombBLAS-sampled,wall,lookup_build,0.0017324630000000001,0
ecology1.mtx,128,2,CombBLAS-sampled,wall,thread_setup,4.9645999999999999e-05,0
ecology1.mtx,128,2,CombBLAS-sampled,wall,work_bound,0.0021690199999999998,0
ecology1.mtx,128,2,CombBLAS-sampled,wall,work_prefix,0.00066945299999999998,0
ecology1.mtx,128,2,CombBLAS-sampled,wall,symbolic,0.002784,0
ecology1.mtx,128,2,CombBLAS-sampled,wall,output_prefix,0.00031609699999999999,0
ecology1.mtx,128,2,CombBLAS-sampled,wall,output_allocate,0.028807101000000002,0
ecology1.mtx,128,2,CombBLAS-sampled,wall,numeric_scratch_setup,0.0042342719999999999,0
ecology1.mtx,128,2,CombBLAS-sampled,wall,numeric,0.0079622919999999993,0
ecology1.mtx,128,2,CombBLAS-sampled,wall,internal_cleanup,4.2080000000000002e-06,0
ecology1.mtx,128,2,CombBLAS-sampled,wall,return_cleanup,2.2583e-05,0
ecology1.mtx,128,2,CombBLAS-sampled,wall,output_free,4.7100000000000002e-07,0
ecology1.mtx,128,2,CombBLAS-sampled,sampled_worker,lookup,0.002333052,8197
ecology1.mtx,128,2,CombBLAS-sampled,sampled_worker,alloc_init,0.0013043799999999997,8197
ecology1.mtx,128,2,CombBLAS-sampled,sampled_worker,lookup_multiply_hash,0.001393499000000001,8197
ecology1.mtx,128,2,CombBLAS-sampled,sampled_worker,compact,0.00042841800000000023,8197
ecology1.mtx,128,2,CombBLAS-sampled,sampled_worker,sort,0.0010245070000000002,8197
ecology1.mtx,128,2,CombBLAS-sampled,sampled_worker,write,0.00058276599999999964,8197
ecology1.mtx,128,2,CombBLAS-sampled,sampled_worker,scratch_free,0.00092650299999999909,8197
ecology1.mtx,128,2,CombBLAS-conversion,wall,total,0.12633156300000001,0
ecology1.mtx,128,2,CombBLAS-conversion,wall,native_call,0.039182933000000003,0
ecology1.mtx,128,2,CombBLAS-conversion,wall,tuple_to_dcsc,0.087143108999999996,0
ecology1.mtx,128,2,CombBLAS-conversion,wall,dcsc_free,4.4490000000000001e-06,0
ecology1.mtx,128,2,CombBLAS-conversion,wall,output_free,1.012e-06,0
ecology1.mtx,128,2,DCSC-dense-lookup,wall,total,0.055942857999999998,0
ecology1.mtx,128,2,DCSC-dense-lookup,wall,output_free,0.055942066999999998,0
ecology1.mtx,128,2,DCSC-static,wall,total,0.065626271,0
ecology1.mtx,128,2,DCSC-static,wall,output_free,0.065625799999999998,0
ecology1.mtx,128,2,DCSC-dense-static,wall,total,0.048198433999999998,0
ecology1.mtx,128,2,DCSC-dense-static,wall,output_free,0.048197993000000001,0
ecology1.mtx,128,2,CSC-control,wall,total,0.060938619999999999,0
ecology1.mtx,128,2,CSC-control,wall,native_call_and_free,0.060938560000000003,0
ecology1.mtx,128,2,DCSC-control,wall,total,0.078524258999999999,0
ecology1.mtx,128,2,DCSC-control,wall,native_call_and_free,0.078523808,0
ecology1.mtx,128,3,CombBLAS-control,wall,total,0.047781643999999998,0
ecology1.mtx,128,3,CombBLAS-control,wall,native_call_and_free,0.047781183999999997,0
ecology1.mtx,128,3,DCSC-control,wall,total,0.077526294999999995,0
ecology1.mtx,128,3,DCSC-control,wall,native_call_and_free,0.077526044000000002,0
ecology1.mtx,128,3,CSC-control,wall,total,0.061092384999999999,0
ecology1.mtx,128,3,CSC-control,wall,native_call_and_free,0.061091913999999997,0
ecology1.mtx,128,3,DCSC-dense-static,wall,total,0.052612039999999999,0
ecology1.mtx,128,3,DCSC-dense-static,wall,output_free,0.052611348000000002,0
ecology1.mtx,128,3,DCSC-static,wall,total,0.059684594000000001,0
ecology1.mtx,128,3,DCSC-static,wall,output_free,0.059684323999999997,0
ecology1.mtx,128,3,DCSC-dense-lookup,wall,total,0.060883584999999997,0
ecology1.mtx,128,3,DCSC-dense-lookup,wall,output_free,0.060883314000000001,0
ecology1.mtx,128,3,CombBLAS-conversion,wall,total,0.11338116500000001,0
ecology1.mtx,128,3,CombBLAS-conversion,wall,native_call,0.045815533999999998,0
ecology1.mtx,128,3,CombBLAS-conversion,wall,tuple_to_dcsc,0.067561463000000002,0
ecology1.mtx,128,3,CombBLAS-conversion,wall,dcsc_free,2.5349999999999999e-06,0
ecology1.mtx,128,3,CombBLAS-conversion,wall,output_free,1.573e-06,0
ecology1.mtx,128,3,CombBLAS-sampled,wall,total,0.034675848000000002,0
ecology1.mtx,128,3,CombBLAS-sampled,wall,lookup_build,0.0020118789999999998,0
ecology1.mtx,128,3,CombBLAS-sampled,wall,thread_setup,5.1258000000000003e-05,0
ecology1.mtx,128,3,CombBLAS-sampled,wall,work_bound,0.001589238,0
ecology1.mtx,128,3,CombBLAS-sampled,wall,work_prefix,0.00034534300000000002,0
ecology1.mtx,128,3,CombBLAS-sampled,wall,symbolic,0.002815049,0
ecology1.mtx,128,3,CombBLAS-sampled,wall,output_prefix,6.4853999999999999e-05,0
ecology1.mtx,128,3,CombBLAS-sampled,wall,output_allocate,0.017308257000000001,0
ecology1.mtx,128,3,CombBLAS-sampled,wall,numeric_scratch_setup,0.0036400920000000002,0
ecology1.mtx,128,3,CombBLAS-sampled,wall,numeric,0.0068234869999999996,0
ecology1.mtx,128,3,CombBLAS-sampled,wall,internal_cleanup,3.6069999999999999e-06,0
ecology1.mtx,128,3,CombBLAS-sampled,wall,return_cleanup,2.2393999999999999e-05,0
ecology1.mtx,128,3,CombBLAS-sampled,wall,output_free,2.8999999999999998e-07,0
ecology1.mtx,128,3,CombBLAS-sampled,sampled_worker,lookup,0.0017950979999999993,8197
ecology1.mtx,128,3,CombBLAS-sampled,sampled_worker,alloc_init,0.0010737369999999997,8197
ecology1.mtx,128,3,CombBLAS-sampled,sampled_worker,lookup_multiply_hash,0.0011692630000000002,8197
ecology1.mtx,128,3,CombBLAS-sampled,sampled_worker,compact,0.00043377499999999996,8197
ecology1.mtx,128,3,CombBLAS-sampled,sampled_worker,sort,0.0008229340000000001,8197
ecology1.mtx,128,3,CombBLAS-sampled,sampled_worker,write,0.00045572199999999988,8197
ecology1.mtx,128,3,CombBLAS-sampled,sampled_worker,scratch_free,0.00067460399999999911,8197
ecology1.mtx,128,3,DCSC-sampled,wall,total,0.077831049999999999,0
ecology1.mtx,128,3,DCSC-sampled,wall,validate,1.032e-06,0
ecology1.mtx,128,3,DCSC-sampled,wall,lookup_build,0.014455566,0
ecology1.mtx,128,3,DCSC-sampled,wall,scratch_setup,0.0020535890000000002,0
ecology1.mtx,128,3,DCSC-sampled,wall,work_bound,0.0041968589999999998,0
ecology1.mtx,128,3,DCSC-sampled,wall,symbolic_capacity,0.0027269400000000002,0
ecology1.mtx,128,3,DCSC-sampled,wall,symbolic,0.0071421289999999997,0
ecology1.mtx,128,3,DCSC-sampled,wall,prefix_numeric_capacity,0.011662478,0
ecology1.mtx,128,3,DCSC-sampled,wall,output_allocate,0.018784169,0
ecology1.mtx,128,3,DCSC-sampled,wall,numeric,0.016801415,0
ecology1.mtx,128,3,DCSC-sampled,wall,return_cleanup,5.5899999999999998e-06,0
ecology1.mtx,128,3,DCSC-sampled,wall,output_free,1.223e-06,0
ecology1.mtx,128,3,DCSC-sampled,sampled_worker,lookup,0,8197
ecology1.mtx,128,3,DCSC-sampled,sampled_worker,alloc_init,0.00057770699999999935,8197
ecology1.mtx,128,3,DCSC-sampled,sampled_worker,lookup_multiply_hash,0.1193792,8197
ecology1.mtx,128,3,DCSC-sampled,sampled_worker,compact,0.00059230499999999978,8197
ecology1.mtx,128,3,DCSC-sampled,sampled_worker,sort,0.0016151849999999997,8197
ecology1.mtx,128,3,DCSC-sampled,sampled_worker,write,0.014153455000000006,8197
ecology1.mtx,128,3,DCSC-sampled,sampled_worker,scratch_free,0.010552894000000002,8197
ecology1.mtx,128,3,CombBLAS-profile,wall,total,0.048572953000000002,0
ecology1.mtx,128,3,CombBLAS-profile,wall,lookup_build,0.001881277,0
ecology1.mtx,128,3,CombBLAS-profile,wall,thread_setup,4.7191000000000003e-05,0
ecology1.mtx,128,3,CombBLAS-profile,wall,work_bound,0.0021331610000000002,0
ecology1.mtx,128,3,CombBLAS-profile,wall,work_prefix,0.00068193799999999999,0
ecology1.mtx,128,3,CombBLAS-profile,wall,symbolic,0.0028016439999999998,0
ecology1.mtx,128,3,CombBLAS-profile,wall,output_prefix,0.00030993500000000001,0
ecology1.mtx,128,3,CombBLAS-profile,wall,output_allocate,0.028925478000000001,0
ecology1.mtx,128,3,CombBLAS-profile,wall,numeric_scratch_setup,0.0041524450000000003,0
ecology1.mtx,128,3,CombBLAS-profile,wall,numeric,0.0076063989999999998,0
ecology1.mtx,128,3,CombBLAS-profile,wall,internal_cleanup,6.0310000000000004e-06,0
ecology1.mtx,128,3,CombBLAS-profile,wall,return_cleanup,2.6390999999999999e-05,0
ecology1.mtx,128,3,CombBLAS-profile,wall,output_free,9.9199999999999999e-07,0
ecology1.mtx,128,3,DCSC-profile,wall,total,0.078177683999999997,0
ecology1.mtx,128,3,DCSC-profile,wall,validate,9.1200000000000001e-07,0
ecology1.mtx,128,3,DCSC-profile,wall,lookup_build,0.014827368,0
ecology1.mtx,128,3,DCSC-profile,wall,scratch_setup,0.0021620369999999999,0
ecology1.mtx,128,3,DCSC-profile,wall,work_bound,0.0041529460000000002,0
ecology1.mtx,128,3,DCSC-profile,wall,symbolic_capacity,0.002771716,0
ecology1.mtx,128,3,DCSC-profile,wall,symbolic,0.0071453740000000003,0
ecology1.mtx,128,3,DCSC-profile,wall,prefix_numeric_capacity,0.011458217,0
ecology1.mtx,128,3,DCSC-profile,wall,output_allocate,0.018901944,0
ecology1.mtx,128,3,DCSC-profile,wall,numeric,0.016750317000000001,0
ecology1.mtx,128,3,DCSC-profile,wall,return_cleanup,5.6409999999999999e-06,0
ecology1.mtx,128,3,DCSC-profile,wall,output_free,1.142e-06,0
ecology1.mtx,128,3,CSC-profile,wall,total,0.062402948,0
ecology1.mtx,128,3,CSC-profile,wall,validate,1.3519999999999999e-06,0
ecology1.mtx,128,3,CSC-profile,wall,lookup_build,2.9999999999999997e-08,0
ecology1.mtx,128,3,CSC-profile,wall,scratch_setup,0.0065142639999999996,0
ecology1.mtx,128,3,CSC-profile,wall,work_bound,0.0022973669999999998,0
ecology1.mtx,128,3,CSC-profile,wall,symbolic_capacity,0.003373881,0
ecology1.mtx,128,3,CSC-profile,wall,symbolic,0.0052714809999999997,0
ecology1.mtx,128,3,CSC-profile,wall,prefix_numeric_capacity,0.013121265999999999,0
ecology1.mtx,128,3,CSC-profile,wall,output_allocate,0.016939550000000001,0
ecology1.mtx,128,3,CSC-profile,wall,numeric,0.014874460000000001,0
ecology1.mtx,128,3,CSC-profile,wall,return_cleanup,6.6019999999999996e-06,0
ecology1.mtx,128,3,CSC-profile,wall,output_free,2.5349999999999999e-06,0
ecology1.mtx,128,4,DCSC-profile,wall,total,0.077933936999999995,0
ecology1.mtx,128,4,DCSC-profile,wall,validate,9.0100000000000003e-07,0
ecology1.mtx,128,4,DCSC-profile,wall,lookup_build,0.015802790000000001,0
ecology1.mtx,128,4,DCSC-profile,wall,scratch_setup,0.002901636,0
ecology1.mtx,128,4,DCSC-profile,wall,work_bound,0.0043317169999999997,0
ecology1.mtx,128,4,DCSC-profile,wall,symbolic_capacity,0.0024943949999999999,0
ecology1.mtx,128,4,DCSC-profile,wall,symbolic,0.0069425659999999998,0
ecology1.mtx,128,4,DCSC-profile,wall,prefix_numeric_capacity,0.011971661,0
ecology1.mtx,128,4,DCSC-profile,wall,output_allocate,0.017229586000000002,0
ecology1.mtx,128,4,DCSC-profile,wall,numeric,0.016252592999999999,0
ecology1.mtx,128,4,DCSC-profile,wall,return_cleanup,4.9400000000000001e-06,0
ecology1.mtx,128,4,DCSC-profile,wall,output_free,1.082e-06,0
ecology1.mtx,128,4,CombBLAS-profile,wall,total,0.047524510999999998,0
ecology1.mtx,128,4,CombBLAS-profile,wall,lookup_build,0.001354608,0
ecology1.mtx,128,4,CombBLAS-profile,wall,thread_setup,4.5396999999999999e-05,0
ecology1.mtx,128,4,CombBLAS-profile,wall,work_bound,0.0025989540000000001,0
ecology1.mtx,128,4,CombBLAS-profile,wall,work_prefix,0.00065682999999999996,0
ecology1.mtx,128,4,CombBLAS-profile,wall,symbolic,0.0031598609999999999,0
ecology1.mtx,128,4,CombBLAS-profile,wall,output_prefix,0.00031714800000000001,0
ecology1.mtx,128,4,CombBLAS-profile,wall,output_allocate,0.025778302999999999,0
ecology1.mtx,128,4,CombBLAS-profile,wall,numeric_scratch_setup,0.0044655140000000003,0
ecology1.mtx,128,4,CombBLAS-profile,wall,numeric,0.0091194620000000001,0
ecology1.mtx,128,4,CombBLAS-profile,wall,internal_cleanup,4.9189999999999998e-06,0
ecology1.mtx,128,4,CombBLAS-profile,wall,return_cleanup,2.2804000000000001e-05,0
ecology1.mtx,128,4,CombBLAS-profile,wall,output_free,6.5099999999999999e-07,0
ecology1.mtx,128,4,DCSC-sampled,wall,total,0.077500534999999995,0
ecology1.mtx,128,4,DCSC-sampled,wall,validate,6.0100000000000005e-07,0
ecology1.mtx,128,4,DCSC-sampled,wall,lookup_build,0.014636312,0
ecology1.mtx,128,4,DCSC-sampled,wall,scratch_setup,0.0020512339999999999,0
ecology1.mtx,128,4,DCSC-sampled,wall,work_bound,0.0041628150000000003,0
ecology1.mtx,128,4,DCSC-sampled,wall,symbolic_capacity,0.0026625659999999999,0
ecology1.mtx,128,4,DCSC-sampled,wall,symbolic,0.0070865629999999997,0
ecology1.mtx,128,4,DCSC-sampled,wall,prefix_numeric_capacity,0.011436304,0
ecology1.mtx,128,4,DCSC-sampled,wall,output_allocate,0.018825056999999999,0
ecology1.mtx,128,4,DCSC-sampled,wall,numeric,0.016629855999999998,0
ecology1.mtx,128,4,DCSC-sampled,wall,return_cleanup,7.5739999999999998e-06,0
ecology1.mtx,128,4,DCSC-sampled,wall,output_free,1.593e-06,0
ecology1.mtx,128,4,DCSC-sampled,sampled_worker,lookup,0,8197
ecology1.mtx,128,4,DCSC-sampled,sampled_worker,alloc_init,0.00058127699999999918,8197
ecology1.mtx,128,4,DCSC-sampled,sampled_worker,lookup_multiply_hash,0.11680018100000002,8197
ecology1.mtx,128,4,DCSC-sampled,sampled_worker,compact,0.00052933600000000015,8197
ecology1.mtx,128,4,DCSC-sampled,sampled_worker,sort,0.0016851979999999993,8197
ecology1.mtx,128,4,DCSC-sampled,sampled_worker,write,0.01414699300000001,8197
ecology1.mtx,128,4,DCSC-sampled,sampled_worker,scratch_free,0.010451252000000001,8197
ecology1.mtx,128,4,CombBLAS-sampled,wall,total,0.048846958000000003,0
ecology1.mtx,128,4,CombBLAS-sampled,wall,lookup_build,0.001979597,0
ecology1.mtx,128,4,CombBLAS-sampled,wall,thread_setup,5.1017999999999998e-05,0
ecology1.mtx,128,4,CombBLAS-sampled,wall,work_bound,0.002172266,0
ecology1.mtx,128,4,CombBLAS-sampled,wall,work_prefix,0.00066226000000000002,0
ecology1.mtx,128,4,CombBLAS-sampled,wall,symbolic,0.0027892799999999999,0
ecology1.mtx,128,4,CombBLAS-sampled,wall,output_prefix,0.00031820999999999998,0
ecology1.mtx,128,4,CombBLAS-sampled,wall,output_allocate,0.028568875000000001,0
ecology1.mtx,128,4,CombBLAS-sampled,wall,numeric_scratch_setup,0.0041775329999999998,0
ecology1.mtx,128,4,CombBLAS-sampled,wall,numeric,0.0081000759999999995,0
ecology1.mtx,128,4,CombBLAS-sampled,wall,internal_cleanup,4.899e-06,0
ecology1.mtx,128,4,CombBLAS-sampled,wall,return_cleanup,2.2473e-05,0
ecology1.mtx,128,4,CombBLAS-sampled,wall,output_free,4.01e-07,0
ecology1.mtx,128,4,CombBLAS-sampled,sampled_worker,lookup,0.0023624600000000011,8197
ecology1.mtx,128,4,CombBLAS-sampled,sampled_worker,alloc_init,0.0016190700000000004,8197
ecology1.mtx,128,4,CombBLAS-sampled,sampled_worker,lookup_multiply_hash,0.0015867400000000018,8197
ecology1.mtx,128,4,CombBLAS-sampled,sampled_worker,compact,0.00043025899999999978,8197
ecology1.mtx,128,4,CombBLAS-sampled,sampled_worker,sort,0.0010528619999999997,8197
ecology1.mtx,128,4,CombBLAS-sampled,sampled_worker,write,0.00058077099999999978,8197
ecology1.mtx,128,4,CombBLAS-sampled,sampled_worker,scratch_free,0.00092260199999999904,8197
ecology1.mtx,128,4,CombBLAS-conversion,wall,total,0.117661524,0
ecology1.mtx,128,4,CombBLAS-conversion,wall,native_call,0.038779699000000001,0
ecology1.mtx,128,4,CombBLAS-conversion,wall,tuple_to_dcsc,0.078877998000000005,0
ecology1.mtx,128,4,CombBLAS-conversion,wall,dcsc_free,3.066e-06,0
ecology1.mtx,128,4,CombBLAS-conversion,wall,output_free,6.9100000000000003e-07,0
ecology1.mtx,128,4,DCSC-dense-lookup,wall,total,0.054491034000000001,0
ecology1.mtx,128,4,DCSC-dense-lookup,wall,output_free,0.054490562999999999,0
ecology1.mtx,128,4,DCSC-static,wall,total,0.066508401999999994,0
ecology1.mtx,128,4,DCSC-static,wall,output_free,0.066507933000000005,0
ecology1.mtx,128,4,DCSC-dense-static,wall,total,0.046814089000000003,0
ecology1.mtx,128,4,DCSC-dense-static,wall,output_free,0.046813829000000001,0
ecology1.mtx,128,4,CSC-control,wall,total,0.057292016000000001,0
ecology1.mtx,128,4,CSC-control,wall,native_call_and_free,0.057291134000000001,0
ecology1.mtx,128,4,DCSC-control,wall,total,0.079622604999999999,0
ecology1.mtx,128,4,DCSC-control,wall,native_call_and_free,0.079621934000000005,0
ecology1.mtx,128,4,CombBLAS-control,wall,total,0.047735646999999999,0
ecology1.mtx,128,4,CombBLAS-control,wall,native_call_and_free,0.047735385999999998,0
ecology1.mtx,128,4,CSC-profile,wall,total,0.057207313000000003,0
ecology1.mtx,128,4,CSC-profile,wall,validate,8.6199999999999996e-07,0
ecology1.mtx,128,4,CSC-profile,wall,lookup_build,2.9999999999999997e-08,0
ecology1.mtx,128,4,CSC-profile,wall,scratch_setup,0.0027292639999999999,0
ecology1.mtx,128,4,CSC-profile,wall,work_bound,0.0025406729999999998,0
ecology1.mtx,128,4,CSC-profile,wall,symbolic_capacity,0.0028865570000000001,0
ecology1.mtx,128,4,CSC-profile,wall,symbolic,0.0056334139999999998,0
ecology1.mtx,128,4,CSC-profile,wall,prefix_numeric_capacity,0.011748244,0
ecology1.mtx,128,4,CSC-profile,wall,output_allocate,0.016756178,0
ecology1.mtx,128,4,CSC-profile,wall,numeric,0.014903764999999999,0
ecology1.mtx,128,4,CSC-profile,wall,return_cleanup,5.8610000000000003e-06,0
ecology1.mtx,128,4,CSC-profile,wall,output_free,2.2649999999999999e-06,0
ecology1.mtx,128,5,DCSC-profile,wall,total,0.078820176000000006,0
ecology1.mtx,128,5,DCSC-profile,wall,validate,9.9300000000000006e-07,0
ecology1.mtx,128,5,DCSC-profile,wall,lookup_build,0.015565242999999999,0
ecology1.mtx,128,5,DCSC-profile,wall,scratch_setup,0.0028619000000000001,0
ecology1.mtx,128,5,DCSC-profile,wall,work_bound,0.0043863820000000003,0
ecology1.mtx,128,5,DCSC-profile,wall,symbolic_capacity,0.0027073930000000002,0
ecology1.mtx,128,5,DCSC-profile,wall,symbolic,0.0070588090000000001,0
ecology1.mtx,128,5,DCSC-profile,wall,prefix_numeric_capacity,0.011398683,0
ecology1.mtx,128,5,DCSC-profile,wall,output_allocate,0.018328033000000001,0
ecology1.mtx,128,5,DCSC-profile,wall,numeric,0.016505057,0
ecology1.mtx,128,5,DCSC-profile,wall,return_cleanup,6.5220000000000004e-06,0
ecology1.mtx,128,5,DCSC-profile,wall,output_free,1.0920000000000001e-06,0
ecology1.mtx,128,5,CSC-profile,wall,total,0.060103417999999999,0
ecology1.mtx,128,5,CSC-profile,wall,validate,6.2099999999999996e-07,0
ecology1.mtx,128,5,CSC-profile,wall,lookup_build,2.9999999999999997e-08,0
ecology1.mtx,128,5,CSC-profile,wall,scratch_setup,0.0050427709999999997,0
ecology1.mtx,128,5,CSC-profile,wall,work_bound,0.002864765,0
ecology1.mtx,128,5,CSC-profile,wall,symbolic_capacity,0.0029993730000000001,0
ecology1.mtx,128,5,CSC-profile,wall,symbolic,0.0057127269999999999,0
ecology1.mtx,128,5,CSC-profile,wall,prefix_numeric_capacity,0.01225248,0
ecology1.mtx,128,5,CSC-profile,wall,output_allocate,0.016377643000000001,0
ecology1.mtx,128,5,CSC-profile,wall,numeric,0.014847347,0
ecology1.mtx,128,5,CSC-profile,wall,return_cleanup,4.228e-06,0
ecology1.mtx,128,5,CSC-profile,wall,output_free,1.192e-06,0
ecology1.mtx,128,5,CombBLAS-control,wall,total,0.045700222999999998,0
ecology1.mtx,128,5,CombBLAS-control,wall,native_call_and_free,0.045699460999999997,0
ecology1.mtx,128,5,DCSC-control,wall,total,0.078620503999999994,0
ecology1.mtx,128,5,DCSC-control,wall,native_call_and_free,0.078620033000000006,0
ecology1.mtx,128,5,CSC-control,wall,total,0.061701353,0
ecology1.mtx,128,5,CSC-control,wall,native_call_and_free,0.061700441000000002,0
ecology1.mtx,128,5,DCSC-dense-static,wall,total,0.052434178999999997,0
ecology1.mtx,128,5,DCSC-dense-static,wall,output_free,0.052433708000000002,0
ecology1.mtx,128,5,DCSC-static,wall,total,0.060283283,0
ecology1.mtx,128,5,DCSC-static,wall,output_free,0.060282712000000002,0
ecology1.mtx,128,5,DCSC-dense-lookup,wall,total,0.062807866000000004,0
ecology1.mtx,128,5,DCSC-dense-lookup,wall,output_free,0.062807193999999997,0
ecology1.mtx,128,5,CombBLAS-conversion,wall,total,0.115752312,0
ecology1.mtx,128,5,CombBLAS-conversion,wall,native_call,0.046554711999999998,0
ecology1.mtx,128,5,CombBLAS-conversion,wall,tuple_to_dcsc,0.069193592999999998,0
ecology1.mtx,128,5,CombBLAS-conversion,wall,dcsc_free,3.0249999999999998e-06,0
ecology1.mtx,128,5,CombBLAS-conversion,wall,output_free,9.1200000000000001e-07,0
ecology1.mtx,128,5,CombBLAS-sampled,wall,total,0.034403846000000002,0
ecology1.mtx,128,5,CombBLAS-sampled,wall,lookup_build,0.0017892120000000001,0
ecology1.mtx,128,5,CombBLAS-sampled,wall,thread_setup,4.9123999999999999e-05,0
ecology1.mtx,128,5,CombBLAS-sampled,wall,work_bound,0.001735529,0
ecology1.mtx,128,5,CombBLAS-sampled,wall,work_prefix,0.00035607299999999999,0
ecology1.mtx,128,5,CombBLAS-sampled,wall,symbolic,0.0027578300000000002,0
ecology1.mtx,128,5,CombBLAS-sampled,wall,output_prefix,8.7627999999999995e-05,0
ecology1.mtx,128,5,CombBLAS-sampled,wall,output_allocate,0.016818197,0
ecology1.mtx,128,5,CombBLAS-sampled,wall,numeric_scratch_setup,0.0035512410000000001,0
ecology1.mtx,128,5,CombBLAS-sampled,wall,numeric,0.0072316799999999999,0
ecology1.mtx,128,5,CombBLAS-sampled,wall,internal_cleanup,4.8189999999999999e-06,0
ecology1.mtx,128,5,CombBLAS-sampled,wall,return_cleanup,2.2163000000000001e-05,0
ecology1.mtx,128,5,CombBLAS-sampled,wall,output_free,2.8999999999999998e-07,0
ecology1.mtx,128,5,CombBLAS-sampled,sampled_worker,lookup,0.0019168349999999998,8197
ecology1.mtx,128,5,CombBLAS-sampled,sampled_worker,alloc_init,0.0012881379999999999,8197
ecology1.mtx,128,5,CombBLAS-sampled,sampled_worker,lookup_multiply_hash,0.0012919860000000013,8197
ecology1.mtx,128,5,CombBLAS-sampled,sampled_worker,compact,0.00042388299999999979,8197
ecology1.mtx,128,5,CombBLAS-sampled,sampled_worker,sort,0.00092173400000000044,8197
ecology1.mtx,128,5,CombBLAS-sampled,sampled_worker,write,0.0004652779999999999,8197
ecology1.mtx,128,5,CombBLAS-sampled,sampled_worker,scratch_free,0.00068145499999999921,8197
ecology1.mtx,128,5,DCSC-sampled,wall,total,0.078562262999999993,0
ecology1.mtx,128,5,DCSC-sampled,wall,validate,6.8100000000000002e-07,0
ecology1.mtx,128,5,DCSC-sampled,wall,lookup_build,0.014486495,0
ecology1.mtx,128,5,DCSC-sampled,wall,scratch_setup,0.0020756009999999998,0
ecology1.mtx,128,5,DCSC-sampled,wall,work_bound,0.0042265169999999999,0
ecology1.mtx,128,5,DCSC-sampled,wall,symbolic_capacity,0.0028302779999999999,0
ecology1.mtx,128,5,DCSC-sampled,wall,symbolic,0.0071262080000000002,0
ecology1.mtx,128,5,DCSC-sampled,wall,prefix_numeric_capacity,0.012007449999999999,0
ecology1.mtx,128,5,DCSC-sampled,wall,output_allocate,0.018972299000000001,0
ecology1.mtx,128,5,DCSC-sampled,wall,numeric,0.016830360999999999,0
ecology1.mtx,128,5,DCSC-sampled,wall,return_cleanup,5.0690000000000001e-06,0
ecology1.mtx,128,5,DCSC-sampled,wall,output_free,1.243e-06,0
ecology1.mtx,128,5,DCSC-sampled,sampled_worker,lookup,0,8197
ecology1.mtx,128,5,DCSC-sampled,sampled_worker,alloc_init,0.00072882999999999943,8197
ecology1.mtx,128,5,DCSC-sampled,sampled_worker,lookup_multiply_hash,0.12101176599999998,8197
ecology1.mtx,128,5,DCSC-sampled,sampled_worker,compact,0.00062192799999999989,8197
ecology1.mtx,128,5,DCSC-sampled,sampled_worker,sort,0.0018307140000000004,8197
ecology1.mtx,128,5,DCSC-sampled,sampled_worker,write,0.014857755000000011,8197
ecology1.mtx,128,5,DCSC-sampled,sampled_worker,scratch_free,0.0084362259999999981,8197
ecology1.mtx,128,5,CombBLAS-profile,wall,total,0.049772102999999998,0
ecology1.mtx,128,5,CombBLAS-profile,wall,lookup_build,0.001779503,0
ecology1.mtx,128,5,CombBLAS-profile,wall,thread_setup,4.6458999999999997e-05,0
ecology1.mtx,128,5,CombBLAS-profile,wall,work_bound,0.0021539409999999999,0
ecology1.mtx,128,5,CombBLAS-profile,wall,work_prefix,0.00067072699999999998,0
ecology1.mtx,128,5,CombBLAS-profile,wall,symbolic,0.0029604480000000001,0
ecology1.mtx,128,5,CombBLAS-profile,wall,output_prefix,0.00030563600000000003,0
ecology1.mtx,128,5,CombBLAS-profile,wall,output_allocate,0.029336576999999999,0
ecology1.mtx,128,5,CombBLAS-profile,wall,numeric_scratch_setup,0.0042338410000000003,0
ecology1.mtx,128,5,CombBLAS-profile,wall,numeric,0.008256546,0
ecology1.mtx,128,5,CombBLAS-profile,wall,internal_cleanup,5.31e-06,0
ecology1.mtx,128,5,CombBLAS-profile,wall,return_cleanup,2.2544e-05,0
ecology1.mtx,128,5,CombBLAS-profile,wall,output_free,5.0999999999999999e-07,0
ecology1.mtx,128,6,DCSC-sampled,wall,total,0.078198834999999994,0
ecology1.mtx,128,6,DCSC-sampled,wall,validate,6.0999999999999998e-07,0
ecology1.mtx,128,6,DCSC-sampled,wall,lookup_build,0.014642224000000001,0
ecology1.mtx,128,6,DCSC-sampled,wall,scratch_setup,0.0021187340000000002,0
ecology1.mtx,128,6,DCSC-sampled,wall,work_bound,0.0042125890000000001,0
ecology1.mtx,128,6,DCSC-sampled,wall,symbolic_capacity,0.0028545150000000002,0
ecology1.mtx,128,6,DCSC-sampled,wall,symbolic,0.007103725,0
ecology1.mtx,128,6,DCSC-sampled,wall,prefix_numeric_capacity,0.01147014,0
ecology1.mtx,128,6,DCSC-sampled,wall,output_allocate,0.019107407999999999,0
ecology1.mtx,128,6,DCSC-sampled,wall,numeric,0.016678569000000001,0
ecology1.mtx,128,6,DCSC-sampled,wall,return_cleanup,8.6370000000000005e-06,0
ecology1.mtx,128,6,DCSC-sampled,wall,output_free,1.623e-06,0
ecology1.mtx,128,6,DCSC-sampled,sampled_worker,lookup,0,8197
ecology1.mtx,128,6,DCSC-sampled,sampled_worker,alloc_init,0.00066891999999999874,8197
ecology1.mtx,128,6,DCSC-sampled,sampled_worker,lookup_multiply_hash,0.12424884799999995,8197
ecology1.mtx,128,6,DCSC-sampled,sampled_worker,compact,0.00056732799999999986,8197
ecology1.mtx,128,6,DCSC-sampled,sampled_worker,sort,0.0018691839999999999,8197
ecology1.mtx,128,6,DCSC-sampled,sampled_worker,write,0.015913624000000008,8197
ecology1.mtx,128,6,DCSC-sampled,sampled_worker,scratch_free,0.0084146589999999979,8197
ecology1.mtx,128,6,CombBLAS-sampled,wall,total,0.049248038000000001,0
ecology1.mtx,128,6,CombBLAS-sampled,wall,lookup_build,0.0019654289999999999,0
ecology1.mtx,128,6,CombBLAS-sampled,wall,thread_setup,4.7722000000000002e-05,0
ecology1.mtx,128,6,CombBLAS-sampled,wall,work_bound,0.0022006510000000001,0
ecology1.mtx,128,6,CombBLAS-sampled,wall,work_prefix,0.00066634799999999998,0
ecology1.mtx,128,6,CombBLAS-sampled,wall,symbolic,0.002988943,0
ecology1.mtx,128,6,CombBLAS-sampled,wall,output_prefix,0.00031130600000000002,0
ecology1.mtx,128,6,CombBLAS-sampled,wall,output_allocate,0.028542325,0
ecology1.mtx,128,6,CombBLAS-sampled,wall,numeric_scratch_setup,0.0042856600000000002,0
ecology1.mtx,128,6,CombBLAS-sampled,wall,numeric,0.0082048469999999995,0
ecology1.mtx,128,6,CombBLAS-sampled,wall,internal_cleanup,4.3680000000000004e-06,0
ecology1.mtx,128,6,CombBLAS-sampled,wall,return_cleanup,2.9686999999999999e-05,0
ecology1.mtx,128,6,CombBLAS-sampled,wall,output_free,6.9100000000000003e-07,0
ecology1.mtx,128,6,CombBLAS-sampled,sampled_worker,lookup,0.0024868970000000009,8197
ecology1.mtx,128,6,CombBLAS-sampled,sampled_worker,alloc_init,0.0017105599999999996,8197
ecology1.mtx,128,6,CombBLAS-sampled,sampled_worker,lookup_multiply_hash,0.0016370940000000013,8197
ecology1.mtx,128,6,CombBLAS-sampled,sampled_worker,compact,0.00042767500000000003,8197
ecology1.mtx,128,6,CombBLAS-sampled,sampled_worker,sort,0.001115832,8197
ecology1.mtx,128,6,CombBLAS-sampled,sampled_worker,write,0.00057607899999999963,8197
ecology1.mtx,128,6,CombBLAS-sampled,sampled_worker,scratch_free,0.0009529169999999992,8197
ecology1.mtx,128,6,CombBLAS-conversion,wall,total,0.14024887599999999,0
ecology1.mtx,128,6,CombBLAS-conversion,wall,native_call,0.039705364,0
ecology1.mtx,128,6,CombBLAS-conversion,wall,tuple_to_dcsc,0.10053923400000001,0
ecology1.mtx,128,6,CombBLAS-conversion,wall,dcsc_free,2.7549999999999999e-06,0
ecology1.mtx,128,6,CombBLAS-conversion,wall,output_free,1.4529999999999999e-06,0
ecology1.mtx,128,6,DCSC-dense-lookup,wall,total,0.055936686999999999,0
ecology1.mtx,128,6,DCSC-dense-lookup,wall,output_free,0.055936184999999999,0
ecology1.mtx,128,6,DCSC-static,wall,total,0.066512050000000003,0
ecology1.mtx,128,6,DCSC-static,wall,output_free,0.066511587999999996,0
ecology1.mtx,128,6,DCSC-dense-static,wall,total,0.048854552000000002,0
ecology1.mtx,128,6,DCSC-dense-static,wall,output_free,0.048853861999999998,0
ecology1.mtx,128,6,CSC-control,wall,total,0.058591908999999998,0
ecology1.mtx,128,6,CSC-control,wall,native_call_and_free,0.058591338,0
ecology1.mtx,128,6,DCSC-control,wall,total,0.079993538000000003,0
ecology1.mtx,128,6,DCSC-control,wall,native_call_and_free,0.079993045999999998,0
ecology1.mtx,128,6,CombBLAS-control,wall,total,0.047375665999999997,0
ecology1.mtx,128,6,CombBLAS-control,wall,native_call_and_free,0.047374714999999998,0
ecology1.mtx,128,6,CSC-profile,wall,total,0.059590454000000001,0
ecology1.mtx,128,6,CSC-profile,wall,validate,7.2200000000000003e-07,0
ecology1.mtx,128,6,CSC-profile,wall,lookup_build,1.9000000000000001e-07,0
ecology1.mtx,128,6,CSC-profile,wall,scratch_setup,0.0027940389999999999,0
ecology1.mtx,128,6,CSC-profile,wall,work_bound,0.0025371259999999998,0
ecology1.mtx,128,6,CSC-profile,wall,symbolic_capacity,0.00323237,0
ecology1.mtx,128,6,CSC-profile,wall,symbolic,0.0056483330000000002,0
ecology1.mtx,128,6,CSC-profile,wall,prefix_numeric_capacity,0.012791133999999999,0
ecology1.mtx,128,6,CSC-profile,wall,output_allocate,0.017456210999999999,0
ecology1.mtx,128,6,CSC-profile,wall,numeric,0.015119729,0
ecology1.mtx,128,6,CSC-profile,wall,return_cleanup,8.4270000000000008e-06,0
ecology1.mtx,128,6,CSC-profile,wall,output_free,2.1129999999999999e-06,0
ecology1.mtx,128,6,DCSC-profile,wall,total,0.079831235,0
ecology1.mtx,128,6,DCSC-profile,wall,validate,1.1519999999999999e-06,0
ecology1.mtx,128,6,DCSC-profile,wall,lookup_build,0.015691256000000001,0
ecology1.mtx,128,6,DCSC-profile,wall,scratch_setup,0.002953645,0
ecology1.mtx,128,6,DCSC-profile,wall,work_bound,0.0045015640000000004,0
ecology1.mtx,128,6,DCSC-profile,wall,symbolic_capacity,0.0031718229999999998,0
ecology1.mtx,128,6,DCSC-profile,wall,symbolic,0.0071039349999999996,0
ecology1.mtx,128,6,DCSC-profile,wall,prefix_numeric_capacity,0.011957835,0
ecology1.mtx,128,6,DCSC-profile,wall,output_allocate,0.017978744000000001,0
ecology1.mtx,128,6,DCSC-profile,wall,numeric,0.016464228000000001,0
ecology1.mtx,128,6,DCSC-profile,wall,return_cleanup,5.5010000000000004e-06,0
ecology1.mtx,128,6,DCSC-profile,wall,output_free,1.4619999999999999e-06,0
ecology1.mtx,128,6,CombBLAS-profile,wall,total,0.048064658000000003,0
ecology1.mtx,128,6,CombBLAS-profile,wall,lookup_build,0.001408081,0
ecology1.mtx,128,6,CombBLAS-profile,wall,thread_setup,4.8112000000000003e-05,0
ecology1.mtx,128,6,CombBLAS-profile,wall,work_bound,0.0024801269999999999,0
ecology1.mtx,128,6,CombBLAS-profile,wall,work_prefix,0.00068031500000000002,0
ecology1.mtx,128,6,CombBLAS-profile,wall,symbolic,0.0028744230000000001,0
ecology1.mtx,128,6,CombBLAS-profile,wall,output_prefix,0.00031838100000000001,0
ecology1.mtx,128,6,CombBLAS-profile,wall,output_allocate,0.026765085000000001,0
ecology1.mtx,128,6,CombBLAS-profile,wall,numeric_scratch_setup,0.0042231300000000003,0
ecology1.mtx,128,6,CombBLAS-profile,wall,numeric,0.0092379179999999995,0
ecology1.mtx,128,6,CombBLAS-profile,wall,internal_cleanup,5.9209999999999997e-06,0
ecology1.mtx,128,6,CombBLAS-profile,wall,return_cleanup,2.2663999999999998e-05,0
ecology1.mtx,128,6,CombBLAS-profile,wall,output_free,4.3099999999999998e-07,0
ecology1.mtx,128,7,DCSC-sampled,wall,total,0.078645410999999998,0
ecology1.mtx,128,7,DCSC-sampled,wall,validate,4.51e-07,0
ecology1.mtx,128,7,DCSC-sampled,wall,lookup_build,0.014851275000000001,0
ecology1.mtx,128,7,DCSC-sampled,wall,scratch_setup,0.0020499519999999999,0
ecology1.mtx,128,7,DCSC-sampled,wall,work_bound,0.0041803270000000002,0
ecology1.mtx,128,7,DCSC-sampled,wall,symbolic_capacity,0.003249984,0
ecology1.mtx,128,7,DCSC-sampled,wall,symbolic,0.007108273,0
ecology1.mtx,128,7,DCSC-sampled,wall,prefix_numeric_capacity,0.011583326999999999,0
ecology1.mtx,128,7,DCSC-sampled,wall,output_allocate,0.018952620999999999,0
ecology1.mtx,128,7,DCSC-sampled,wall,numeric,0.016658600999999999,0
ecology1.mtx,128,7,DCSC-sampled,wall,return_cleanup,8.7770000000000008e-06,0
ecology1.mtx,128,7,DCSC-sampled,wall,output_free,1.533e-06,0
ecology1.mtx,128,7,DCSC-sampled,sampled_worker,lookup,0,8197
ecology1.mtx,128,7,DCSC-sampled,sampled_worker,alloc_init,0.00068118299999999938,8197
ecology1.mtx,128,7,DCSC-sampled,sampled_worker,lookup_multiply_hash,0.12175579000000003,8197
ecology1.mtx,128,7,DCSC-sampled,sampled_worker,compact,0.00064700499999999976,8197
ecology1.mtx,128,7,DCSC-sampled,sampled_worker,sort,0.0019432969999999999,8197
ecology1.mtx,128,7,DCSC-sampled,sampled_worker,write,0.016439452000000007,8197
ecology1.mtx,128,7,DCSC-sampled,sampled_worker,scratch_free,0.0071373140000000031,8197
ecology1.mtx,128,7,CombBLAS-profile,wall,total,0.049145841000000003,0
ecology1.mtx,128,7,CombBLAS-profile,wall,lookup_build,0.001781957,0
ecology1.mtx,128,7,CombBLAS-profile,wall,thread_setup,5.3964e-05,0
ecology1.mtx,128,7,CombBLAS-profile,wall,work_bound,0.002246559,0
ecology1.mtx,128,7,CombBLAS-profile,wall,work_prefix,0.00067579599999999999,0
ecology1.mtx,128,7,CombBLAS-profile,wall,symbolic,0.0028461189999999998,0
ecology1.mtx,128,7,CombBLAS-profile,wall,output_prefix,0.000326977,0
ecology1.mtx,128,7,CombBLAS-profile,wall,output_allocate,0.028364141999999998,0
ecology1.mtx,128,7,CombBLAS-profile,wall,numeric_scratch_setup,0.0042147240000000004,0
ecology1.mtx,128,7,CombBLAS-profile,wall,numeric,0.0086081209999999998,0
ecology1.mtx,128,7,CombBLAS-profile,wall,internal_cleanup,4.6779999999999999e-06,0
ecology1.mtx,128,7,CombBLAS-profile,wall,return_cleanup,2.2463000000000002e-05,0
ecology1.mtx,128,7,CombBLAS-profile,wall,output_free,2.7099999999999998e-07,0
ecology1.mtx,128,7,DCSC-profile,wall,total,0.078162655999999997,0
ecology1.mtx,128,7,DCSC-profile,wall,validate,6.6199999999999997e-07,0
ecology1.mtx,128,7,DCSC-profile,wall,lookup_build,0.014709462,0
ecology1.mtx,128,7,DCSC-profile,wall,scratch_setup,0.002057957,0
ecology1.mtx,128,7,DCSC-profile,wall,work_bound,0.0042023410000000001,0
ecology1.mtx,128,7,DCSC-profile,wall,symbolic_capacity,0.002809027,0
ecology1.mtx,128,7,DCSC-profile,wall,symbolic,0.0071484610000000001,0
ecology1.mtx,128,7,DCSC-profile,wall,prefix_numeric_capacity,0.011470009,0
ecology1.mtx,128,7,DCSC-profile,wall,output_allocate,0.019047984,0
ecology1.mtx,128,7,DCSC-profile,wall,numeric,0.016705721,0
ecology1.mtx,128,7,DCSC-profile,wall,return_cleanup,8.5869999999999993e-06,0
ecology1.mtx,128,7,DCSC-profile,wall,output_free,2.305e-06,0
ecology1.mtx,128,7,CSC-profile,wall,total,0.060620140000000003,0
ecology1.mtx,128,7,CSC-profile,wall,validate,1.0920000000000001e-06,0
ecology1.mtx,128,7,CSC-profile,wall,lookup_build,2.0100000000000001e-07,0
ecology1.mtx,128,7,CSC-profile,wall,scratch_setup,0.0056918070000000001,0
ecology1.mtx,128,7,CSC-profile,wall,work_bound,0.0023662980000000002,0
ecology1.mtx,128,7,CSC-profile,wall,symbolic_capacity,0.0027988779999999999,0
ecology1.mtx,128,7,CSC-profile,wall,symbolic,0.0053761520000000004,0
ecology1.mtx,128,7,CSC-profile,wall,prefix_numeric_capacity,0.012411304999999999,0
ecology1.mtx,128,7,CSC-profile,wall,output_allocate,0.017226559999999998,0
ecology1.mtx,128,7,CSC-profile,wall,numeric,0.014741684999999999,0
ecology1.mtx,128,7,CSC-profile,wall,return_cleanup,4.8189999999999999e-06,0
ecology1.mtx,128,7,CSC-profile,wall,output_free,1.2619999999999999e-06,0
ecology1.mtx,128,7,CombBLAS-control,wall,total,0.044968268999999998,0
ecology1.mtx,128,7,CombBLAS-control,wall,native_call_and_free,0.044967998000000002,0
ecology1.mtx,128,7,DCSC-control,wall,total,0.078781603000000006,0
ecology1.mtx,128,7,DCSC-control,wall,native_call_and_free,0.078780560999999999,0
ecology1.mtx,128,7,CSC-control,wall,total,0.062094125999999999,0
ecology1.mtx,128,7,CSC-control,wall,native_call_and_free,0.062093425000000001,0
ecology1.mtx,128,7,DCSC-dense-static,wall,total,0.05365002,0
ecology1.mtx,128,7,DCSC-dense-static,wall,output_free,0.053649740000000001,0
ecology1.mtx,128,7,DCSC-static,wall,total,0.059463259999999997,0
ecology1.mtx,128,7,DCSC-static,wall,output_free,0.05946278,0
ecology1.mtx,128,7,DCSC-dense-lookup,wall,total,0.062526445,0
ecology1.mtx,128,7,DCSC-dense-lookup,wall,output_free,0.062525472999999998,0
ecology1.mtx,128,7,CombBLAS-conversion,wall,total,0.121088478,0
ecology1.mtx,128,7,CombBLAS-conversion,wall,native_call,0.046522028999999999,0
ecology1.mtx,128,7,CombBLAS-conversion,wall,tuple_to_dcsc,0.074562661000000002,0
ecology1.mtx,128,7,CombBLAS-conversion,wall,dcsc_free,2.5849999999999998e-06,0
ecology1.mtx,128,7,CombBLAS-conversion,wall,output_free,1.142e-06,0
ecology1.mtx,128,7,CombBLAS-sampled,wall,total,0.035805273999999998,0
ecology1.mtx,128,7,CombBLAS-sampled,wall,lookup_build,0.001871089,0
ecology1.mtx,128,7,CombBLAS-sampled,wall,thread_setup,5.1088000000000003e-05,0
ecology1.mtx,128,7,CombBLAS-sampled,wall,work_bound,0.001607242,0
ecology1.mtx,128,7,CombBLAS-sampled,wall,work_prefix,0.00037518000000000002,0
ecology1.mtx,128,7,CombBLAS-sampled,wall,symbolic,0.0038026639999999999,0
ecology1.mtx,128,7,CombBLAS-sampled,wall,output_prefix,7.4683000000000003e-05,0
ecology1.mtx,128,7,CombBLAS-sampled,wall,output_allocate,0.016803939,0
ecology1.mtx,128,7,CombBLAS-sampled,wall,numeric_scratch_setup,0.003525743,0
ecology1.mtx,128,7,CombBLAS-sampled,wall,numeric,0.0076662939999999997,0
ecology1.mtx,128,7,CombBLAS-sampled,wall,internal_cleanup,4.5889999999999996e-06,0
ecology1.mtx,128,7,CombBLAS-sampled,wall,return_cleanup,2.2402999999999999e-05,0
ecology1.mtx,128,7,CombBLAS-sampled,wall,output_free,2.9999999999999999e-07,0
ecology1.mtx,128,7,CombBLAS-sampled,sampled_worker,lookup,0.0020217099999999999,8197
ecology1.mtx,128,7,CombBLAS-sampled,sampled_worker,alloc_init,0.0014114730000000003,8197
ecology1.mtx,128,7,CombBLAS-sampled,sampled_worker,lookup_multiply_hash,0.0014062750000000013,8197
ecology1.mtx,128,7,CombBLAS-sampled,sampled_worker,compact,0.00042360000000000005,8197
ecology1.mtx,128,7,CombBLAS-sampled,sampled_worker,sort,0.00095390300000000019,8197
ecology1.mtx,128,7,CombBLAS-sampled,sampled_worker,write,0.0005028989999999999,8197
ecology1.mtx,128,7,CombBLAS-sampled,sampled_worker,scratch_free,0.00069026999999999956,8197
ecology1.mtx,128,8,CombBLAS-conversion,wall,total,0.12254961,0
ecology1.mtx,128,8,CombBLAS-conversion,wall,native_call,0.039699533000000002,0
ecology1.mtx,128,8,CombBLAS-conversion,wall,tuple_to_dcsc,0.082844194999999995,0
ecology1.mtx,128,8,CombBLAS-conversion,wall,dcsc_free,4.2479999999999998e-06,0
ecology1.mtx,128,8,CombBLAS-conversion,wall,output_free,1.573e-06,0
ecology1.mtx,128,8,DCSC-dense-lookup,wall,total,0.056081023000000001,0
ecology1.mtx,128,8,DCSC-dense-lookup,wall,output_free,0.056080823000000002,0
ecology1.mtx,128,8,DCSC-static,wall,total,0.065436557000000006,0
ecology1.mtx,128,8,DCSC-static,wall,output_free,0.065435754999999998,0
ecology1.mtx,128,8,DCSC-dense-static,wall,total,0.056301354999999997,0
ecology1.mtx,128,8,DCSC-dense-static,wall,output_free,0.056301285999999999,0
ecology1.mtx,128,8,CSC-control,wall,total,0.058416651999999999,0
ecology1.mtx,128,8,CSC-control,wall,native_call_and_free,0.058416220999999997,0
ecology1.mtx,128,8,DCSC-control,wall,total,0.079808893000000006,0
ecology1.mtx,128,8,DCSC-control,wall,native_call_and_free,0.079808373000000002,0
ecology1.mtx,128,8,CombBLAS-control,wall,total,0.050021310999999999,0
ecology1.mtx,128,8,CombBLAS-control,wall,native_call_and_free,0.05002086,0
ecology1.mtx,128,8,CSC-profile,wall,total,0.059349812000000002,0
ecology1.mtx,128,8,CSC-profile,wall,validate,1.282e-06,0
ecology1.mtx,128,8,CSC-profile,wall,lookup_build,4.0000000000000001e-08,0
ecology1.mtx,128,8,CSC-profile,wall,scratch_setup,0.0028905340000000002,0
ecology1.mtx,128,8,CSC-profile,wall,work_bound,0.0025771230000000002,0
ecology1.mtx,128,8,CSC-profile,wall,symbolic_capacity,0.0039404979999999997,0
ecology1.mtx,128,8,CSC-profile,wall,symbolic,0.0056936909999999999,0
ecology1.mtx,128,8,CSC-profile,wall,prefix_numeric_capacity,0.012089147,0
ecology1.mtx,128,8,CSC-profile,wall,output_allocate,0.017016557000000002,0
ecology1.mtx,128,8,CSC-profile,wall,numeric,0.015132033,0
ecology1.mtx,128,8,CSC-profile,wall,return_cleanup,6.793e-06,0
ecology1.mtx,128,8,CSC-profile,wall,output_free,2.0439999999999998e-06,0
ecology1.mtx,128,8,DCSC-profile,wall,total,0.080668772,0
ecology1.mtx,128,8,DCSC-profile,wall,validate,6.7100000000000001e-07,0
ecology1.mtx,128,8,DCSC-profile,wall,lookup_build,0.015313752,0
ecology1.mtx,128,8,DCSC-profile,wall,scratch_setup,0.0030381570000000001,0
ecology1.mtx,128,8,DCSC-profile,wall,work_bound,0.0044981070000000003,0
ecology1.mtx,128,8,DCSC-profile,wall,symbolic_capacity,0.0036236100000000002,0
ecology1.mtx,128,8,DCSC-profile,wall,symbolic,0.0071875660000000003,0
ecology1.mtx,128,8,DCSC-profile,wall,prefix_numeric_capacity,0.011978835,0
ecology1.mtx,128,8,DCSC-profile,wall,output_allocate,0.018595948000000001,0
ecology1.mtx,128,8,DCSC-profile,wall,numeric,0.016424812,0
ecology1.mtx,128,8,DCSC-profile,wall,return_cleanup,6.1319999999999999e-06,0
ecology1.mtx,128,8,DCSC-profile,wall,output_free,1.122e-06,0
ecology1.mtx,128,8,CombBLAS-profile,wall,total,0.048781602,0
ecology1.mtx,128,8,CombBLAS-profile,wall,lookup_build,0.0014123390000000001,0
ecology1.mtx,128,8,CombBLAS-profile,wall,thread_setup,5.3542000000000003e-05,0
ecology1.mtx,128,8,CombBLAS-profile,wall,work_bound,0.0026151260000000002,0
ecology1.mtx,128,8,CombBLAS-profile,wall,work_prefix,0.00070342899999999999,0
ecology1.mtx,128,8,CombBLAS-profile,wall,symbolic,0.002962943,0
ecology1.mtx,128,8,CombBLAS-profile,wall,output_prefix,0.00036507999999999999,0
ecology1.mtx,128,8,CombBLAS-profile,wall,output_allocate,0.026147581,0
ecology1.mtx,128,8,CombBLAS-profile,wall,numeric_scratch_setup,0.0043665249999999996,0
ecology1.mtx,128,8,CombBLAS-profile,wall,numeric,0.010125250000000001,0
ecology1.mtx,128,8,CombBLAS-profile,wall,internal_cleanup,6.122e-06,0
ecology1.mtx,128,8,CombBLAS-profile,wall,return_cleanup,2.3224e-05,0
ecology1.mtx,128,8,CombBLAS-profile,wall,output_free,3.8099999999999998e-07,0
ecology1.mtx,128,8,DCSC-sampled,wall,total,0.080249557999999999,0
ecology1.mtx,128,8,DCSC-sampled,wall,validate,8.0100000000000004e-07,0
ecology1.mtx,128,8,DCSC-sampled,wall,lookup_build,0.014872135,0
ecology1.mtx,128,8,DCSC-sampled,wall,scratch_setup,0.0020717539999999999,0
ecology1.mtx,128,8,DCSC-sampled,wall,work_bound,0.00418695,0
ecology1.mtx,128,8,DCSC-sampled,wall,symbolic_capacity,0.003184498,0
ecology1.mtx,128,8,DCSC-sampled,wall,symbolic,0.0071852110000000004,0
ecology1.mtx,128,8,DCSC-sampled,wall,prefix_numeric_capacity,0.012283941,0
ecology1.mtx,128,8,DCSC-sampled,wall,output_allocate,0.019765690999999998,0
ecology1.mtx,128,8,DCSC-sampled,wall,numeric,0.016688508000000001,0
ecology1.mtx,128,8,DCSC-sampled,wall,return_cleanup,8.4160000000000004e-06,0
ecology1.mtx,128,8,DCSC-sampled,wall,output_free,1.593e-06,0
ecology1.mtx,128,8,DCSC-sampled,sampled_worker,lookup,0,8197
ecology1.mtx,128,8,DCSC-sampled,sampled_worker,alloc_init,0.00069615599999999932,8197
ecology1.mtx,128,8,DCSC-sampled,sampled_worker,lookup_multiply_hash,0.12708856700000004,8197
ecology1.mtx,128,8,DCSC-sampled,sampled_worker,compact,0.00068415900000000016,8197
ecology1.mtx,128,8,DCSC-sampled,sampled_worker,sort,0.0021739159999999997,8197
ecology1.mtx,128,8,DCSC-sampled,sampled_worker,write,0.017744306000000019,8197
ecology1.mtx,128,8,DCSC-sampled,sampled_worker,scratch_free,0.0058783159999999989,8197
ecology1.mtx,128,8,CombBLAS-sampled,wall,total,0.050218197999999999,0
ecology1.mtx,128,8,CombBLAS-sampled,wall,lookup_build,0.0018371139999999999,0
ecology1.mtx,128,8,CombBLAS-sampled,wall,thread_setup,5.4945000000000003e-05,0
ecology1.mtx,128,8,CombBLAS-sampled,wall,work_bound,0.0024519630000000001,0
ecology1.mtx,128,8,CombBLAS-sampled,wall,work_prefix,0.00068908200000000004,0
ecology1.mtx,128,8,CombBLAS-sampled,wall,symbolic,0.0029287470000000002,0
ecology1.mtx,128,8,CombBLAS-sampled,wall,output_prefix,0.00034539199999999998,0
ecology1.mtx,128,8,CombBLAS-sampled,wall,output_allocate,0.028084316000000002,0
ecology1.mtx,128,8,CombBLAS-sampled,wall,numeric_scratch_setup,0.0042586179999999996,0
ecology1.mtx,128,8,CombBLAS-sampled,wall,numeric,0.0095398170000000008,0
ecology1.mtx,128,8,CombBLAS-sampled,wall,internal_cleanup,4.9099999999999996e-06,0
ecology1.mtx,128,8,CombBLAS-sampled,wall,return_cleanup,2.2782999999999999e-05,0
ecology1.mtx,128,8,CombBLAS-sampled,wall,output_free,4.5200000000000002e-07,0
ecology1.mtx,128,8,CombBLAS-sampled,sampled_worker,lookup,0.0026778360000000011,8197
ecology1.mtx,128,8,CombBLAS-sampled,sampled_worker,alloc_init,0.0019190179999999995,8197
ecology1.mtx,128,8,CombBLAS-sampled,sampled_worker,lookup_multiply_hash,0.0017206040000000006,8197
ecology1.mtx,128,8,CombBLAS-sampled,sampled_worker,compact,0.0004816569999999997,8197
ecology1.mtx,128,8,CombBLAS-sampled,sampled_worker,sort,0.001154764999999999,8197
ecology1.mtx,128,8,CombBLAS-sampled,sampled_worker,write,0.00058804799999999976,8197
ecology1.mtx,128,8,CombBLAS-sampled,sampled_worker,scratch_free,0.00098160799999999905,8197
ecology1.mtx,128,9,CombBLAS-conversion,wall,total,0.12550570899999999,0
ecology1.mtx,128,9,CombBLAS-conversion,wall,native_call,0.040348448000000002,0
ecology1.mtx,128,9,CombBLAS-conversion,wall,tuple_to_dcsc,0.085152281999999996,0
ecology1.mtx,128,9,CombBLAS-conversion,wall,dcsc_free,3.8070000000000001e-06,0
ecology1.mtx,128,9,CombBLAS-conversion,wall,output_free,1.1119999999999999e-06,0
ecology1.mtx,128,9,CombBLAS-sampled,wall,total,0.035166879999999998,0
ecology1.mtx,128,9,CombBLAS-sampled,wall,lookup_build,0.0017909149999999999,0
ecology1.mtx,128,9,CombBLAS-sampled,wall,thread_setup,5.2800999999999998e-05,0
ecology1.mtx,128,9,CombBLAS-sampled,wall,work_bound,0.001682708,0
ecology1.mtx,128,9,CombBLAS-sampled,wall,work_prefix,0.00037719300000000001,0
ecology1.mtx,128,9,CombBLAS-sampled,wall,symbolic,0.0027419390000000001,0
ecology1.mtx,128,9,CombBLAS-sampled,wall,output_prefix,7.0154999999999995e-05,0
ecology1.mtx,128,9,CombBLAS-sampled,wall,output_allocate,0.01708577,0
ecology1.mtx,128,9,CombBLAS-sampled,wall,numeric_scratch_setup,0.0034310310000000002,0
ecology1.mtx,128,9,CombBLAS-sampled,wall,numeric,0.0079015849999999992,0
ecology1.mtx,128,9,CombBLAS-sampled,wall,internal_cleanup,6.1419999999999998e-06,0
ecology1.mtx,128,9,CombBLAS-sampled,wall,return_cleanup,2.618e-05,0
ecology1.mtx,128,9,CombBLAS-sampled,wall,output_free,3.9099999999999999e-07,0
ecology1.mtx,128,9,CombBLAS-sampled,sampled_worker,lookup,0.0020590209999999994,8197
ecology1.mtx,128,9,CombBLAS-sampled,sampled_worker,alloc_init,0.0014730359999999998,8197
ecology1.mtx,128,9,CombBLAS-sampled,sampled_worker,lookup_multiply_hash,0.001510736000000001,8197
ecology1.mtx,128,9,CombBLAS-sampled,sampled_worker,compact,0.00041750699999999996,8197
ecology1.mtx,128,9,CombBLAS-sampled,sampled_worker,sort,0.0010063779999999996,8197
ecology1.mtx,128,9,CombBLAS-sampled,sampled_worker,write,0.00050234799999999968,8197
ecology1.mtx,128,9,CombBLAS-sampled,sampled_worker,scratch_free,0.00081707399999999956,8197
ecology1.mtx,128,9,DCSC-sampled,wall,total,0.079494219000000005,0
ecology1.mtx,128,9,DCSC-sampled,wall,validate,5.4099999999999999e-07,0
ecology1.mtx,128,9,DCSC-sampled,wall,lookup_build,0.014978609,0
ecology1.mtx,128,9,DCSC-sampled,wall,scratch_setup,0.0022347460000000001,0
ecology1.mtx,128,9,DCSC-sampled,wall,work_bound,0.0045810060000000003,0
ecology1.mtx,128,9,DCSC-sampled,wall,symbolic_capacity,0.0027261389999999998,0
ecology1.mtx,128,9,DCSC-sampled,wall,symbolic,0.0072881990000000004,0
ecology1.mtx,128,9,DCSC-sampled,wall,prefix_numeric_capacity,0.011903841,0
ecology1.mtx,128,9,DCSC-sampled,wall,output_allocate,0.018952211,0
ecology1.mtx,128,9,DCSC-sampled,wall,numeric,0.016818788000000001,0
ecology1.mtx,128,9,DCSC-sampled,wall,return_cleanup,8.4160000000000004e-06,0
ecology1.mtx,128,9,DCSC-sampled,wall,output_free,1.593e-06,0
ecology1.mtx,128,9,DCSC-sampled,sampled_worker,lookup,0,8197
ecology1.mtx,128,9,DCSC-sampled,sampled_worker,alloc_init,0.00065727299999999913,8197
ecology1.mtx,128,9,DCSC-sampled,sampled_worker,lookup_multiply_hash,0.12602600299999997,8197
ecology1.mtx,128,9,DCSC-sampled,sampled_worker,compact,0.00060574300000000017,8197
ecology1.mtx,128,9,DCSC-sampled,sampled_worker,sort,0.001892696999999999,8197
ecology1.mtx,128,9,DCSC-sampled,sampled_worker,write,0.018335315000000005,8197
ecology1.mtx,128,9,DCSC-sampled,sampled_worker,scratch_free,0.0056826960000000001,8197
ecology1.mtx,128,9,CombBLAS-profile,wall,total,0.049973407999999997,0
ecology1.mtx,128,9,CombBLAS-profile,wall,lookup_build,0.0018203010000000001,0
ecology1.mtx,128,9,CombBLAS-profile,wall,thread_setup,4.8303000000000002e-05,0
ecology1.mtx,128,9,CombBLAS-profile,wall,work_bound,0.0023352490000000002,0
ecology1.mtx,128,9,CombBLAS-profile,wall,work_prefix,0.00069200700000000002,0
ecology1.mtx,128,9,CombBLAS-profile,wall,symbolic,0.0028431630000000001,0
ecology1.mtx,128,9,CombBLAS-profile,wall,output_prefix,0.000346495,0
ecology1.mtx,128,9,CombBLAS-profile,wall,output_allocate,0.028010955000000001,0
ecology1.mtx,128,9,CombBLAS-profile,wall,numeric_scratch_setup,0.0044168710000000002,0
ecology1.mtx,128,9,CombBLAS-profile,wall,numeric,0.0094324419999999992,0
ecology1.mtx,128,9,CombBLAS-profile,wall,internal_cleanup,4.3379999999999998e-06,0
ecology1.mtx,128,9,CombBLAS-profile,wall,return_cleanup,2.2453e-05,0
ecology1.mtx,128,9,CombBLAS-profile,wall,output_free,7.61e-07,0
ecology1.mtx,128,9,DCSC-profile,wall,total,0.080052831000000005,0
ecology1.mtx,128,9,DCSC-profile,wall,validate,6.6199999999999997e-07,0
ecology1.mtx,128,9,DCSC-profile,wall,lookup_build,0.014675257000000001,0
ecology1.mtx,128,9,DCSC-profile,wall,scratch_setup,0.0020626059999999998,0
ecology1.mtx,128,9,DCSC-profile,wall,work_bound,0.0042668940000000002,0
ecology1.mtx,128,9,DCSC-profile,wall,symbolic_capacity,0.0033810239999999998,0
ecology1.mtx,128,9,DCSC-profile,wall,symbolic,0.0072900029999999998,0
ecology1.mtx,128,9,DCSC-profile,wall,prefix_numeric_capacity,0.012217944,0
ecology1.mtx,128,9,DCSC-profile,wall,output_allocate,0.019323462,0
ecology1.mtx,128,9,DCSC-profile,wall,numeric,0.016825171,0
ecology1.mtx,128,9,DCSC-profile,wall,return_cleanup,8.3059999999999998e-06,0
ecology1.mtx,128,9,DCSC-profile,wall,output_free,1.4419999999999999e-06,0
ecology1.mtx,128,9,CSC-profile,wall,total,0.062917315000000001,0
ecology1.mtx,128,9,CSC-profile,wall,validate,1.102e-06,0
ecology1.mtx,128,9,CSC-profile,wall,lookup_build,2.9999999999999997e-08,0
ecology1.mtx,128,9,CSC-profile,wall,scratch_setup,0.006228496,0
ecology1.mtx,128,9,CSC-profile,wall,work_bound,0.0023827900000000001,0
ecology1.mtx,128,9,CSC-profile,wall,symbolic_capacity,0.0033542839999999999,0
ecology1.mtx,128,9,CSC-profile,wall,symbolic,0.0054632680000000003,0
ecology1.mtx,128,9,CSC-profile,wall,prefix_numeric_capacity,0.013199236,0
ecology1.mtx,128,9,CSC-profile,wall,output_allocate,0.017490366,0
ecology1.mtx,128,9,CSC-profile,wall,numeric,0.014788786,0
ecology1.mtx,128,9,CSC-profile,wall,return_cleanup,6.5719999999999999e-06,0
ecology1.mtx,128,9,CSC-profile,wall,output_free,2.3149999999999999e-06,0
ecology1.mtx,128,9,CombBLAS-control,wall,total,0.045718858000000001,0
ecology1.mtx,128,9,CombBLAS-control,wall,native_call_and_free,0.045718278000000001,0
ecology1.mtx,128,9,DCSC-control,wall,total,0.079195677000000006,0
ecology1.mtx,128,9,DCSC-control,wall,native_call_and_free,0.079195115999999996,0
ecology1.mtx,128,9,CSC-control,wall,total,0.063322121999999995,0
ecology1.mtx,128,9,CSC-control,wall,native_call_and_free,0.063321670999999996,0
ecology1.mtx,128,9,DCSC-dense-static,wall,total,0.055037561999999998,0
ecology1.mtx,128,9,DCSC-dense-static,wall,output_free,0.055037071,0
ecology1.mtx,128,9,DCSC-static,wall,total,0.059681037999999999,0
ecology1.mtx,128,9,DCSC-static,wall,output_free,0.059680587,0
ecology1.mtx,128,9,DCSC-dense-lookup,wall,total,0.064518296000000003,0
ecology1.mtx,128,9,DCSC-dense-lookup,wall,output_free,0.064517845000000004,0
ecology1.mtx,128,10,DCSC-static,wall,total,0.062254182999999998,0
ecology1.mtx,128,10,DCSC-static,wall,output_free,0.062253572,0
ecology1.mtx,128,10,DCSC-dense-static,wall,total,0.052126147999999997,0
ecology1.mtx,128,10,DCSC-dense-static,wall,output_free,0.052125377000000001,0
ecology1.mtx,128,10,CSC-control,wall,total,0.059153046000000001,0
ecology1.mtx,128,10,CSC-control,wall,native_call_and_free,0.059152975000000003,0
ecology1.mtx,128,10,DCSC-control,wall,total,0.080448278999999998,0
ecology1.mtx,128,10,DCSC-control,wall,native_call_and_free,0.080447677999999995,0
ecology1.mtx,128,10,CombBLAS-control,wall,total,0.049693902999999998,0
ecology1.mtx,128,10,CombBLAS-control,wall,native_call_and_free,0.049693632000000001,0
ecology1.mtx,128,10,CSC-profile,wall,total,0.059301739999999999,0
ecology1.mtx,128,10,CSC-profile,wall,validate,9.8200000000000008e-07,0
ecology1.mtx,128,10,CSC-profile,wall,lookup_build,2.9999999999999997e-08,0
ecology1.mtx,128,10,CSC-profile,wall,scratch_setup,0.002802054,0
ecology1.mtx,128,10,CSC-profile,wall,work_bound,0.0025763819999999999,0
ecology1.mtx,128,10,CSC-profile,wall,symbolic_capacity,0.0035315329999999999,0
ecology1.mtx,128,10,CSC-profile,wall,symbolic,0.0056820489999999998,0
ecology1.mtx,128,10,CSC-profile,wall,prefix_numeric_capacity,0.012716279,0
ecology1.mtx,128,10,CSC-profile,wall,output_allocate,0.016894794000000001,0
ecology1.mtx,128,10,CSC-profile,wall,numeric,0.015091415,0
ecology1.mtx,128,10,CSC-profile,wall,return_cleanup,4.1880000000000004e-06,0
ecology1.mtx,128,10,CSC-profile,wall,output_free,1.9539999999999998e-06,0
ecology1.mtx,128,10,DCSC-profile,wall,total,0.080886631000000001,0
ecology1.mtx,128,10,DCSC-profile,wall,validate,9.2200000000000002e-07,0
ecology1.mtx,128,10,DCSC-profile,wall,lookup_build,0.015835401999999998,0
ecology1.mtx,128,10,DCSC-profile,wall,scratch_setup,0.003056422,0
ecology1.mtx,128,10,DCSC-profile,wall,work_bound,0.0044842909999999996,0
ecology1.mtx,128,10,DCSC-profile,wall,symbolic_capacity,0.0030018979999999998,0
ecology1.mtx,128,10,DCSC-profile,wall,symbolic,0.007166515,0
ecology1.mtx,128,10,DCSC-profile,wall,prefix_numeric_capacity,0.012114735999999999,0
ecology1.mtx,128,10,DCSC-profile,wall,output_allocate,0.018862598000000001,0
ecology1.mtx,128,10,DCSC-profile,wall,numeric,0.016352595000000001,0
ecology1.mtx,128,10,DCSC-profile,wall,return_cleanup,8.9870000000000005e-06,0
ecology1.mtx,128,10,DCSC-profile,wall,output_free,2.1940000000000001e-06,0
ecology1.mtx,128,10,CombBLAS-profile,wall,total,0.049674505000000001,0
ecology1.mtx,128,10,CombBLAS-profile,wall,lookup_build,0.001603726,0
ecology1.mtx,128,10,CombBLAS-profile,wall,thread_setup,4.9775999999999999e-05,0
ecology1.mtx,128,10,CombBLAS-profile,wall,work_bound,0.0025692969999999999,0
ecology1.mtx,128,10,CombBLAS-profile,wall,work_prefix,0.00068642699999999998,0
ecology1.mtx,128,10,CombBLAS-profile,wall,symbolic,0.003039239,0
ecology1.mtx,128,10,CombBLAS-profile,wall,output_prefix,0.00034566300000000001,0
ecology1.mtx,128,10,CombBLAS-profile,wall,output_allocate,0.027418128,0
ecology1.mtx,128,10,CombBLAS-profile,wall,numeric_scratch_setup,0.0042136220000000002,0
ecology1.mtx,128,10,CombBLAS-profile,wall,numeric,0.0097121180000000005,0
ecology1.mtx,128,10,CombBLAS-profile,wall,internal_cleanup,1.0129000000000001e-05,0
ecology1.mtx,128,10,CombBLAS-profile,wall,return_cleanup,2.5519000000000001e-05,0
ecology1.mtx,128,10,CombBLAS-profile,wall,output_free,7.9100000000000003e-07,0
ecology1.mtx,128,10,DCSC-sampled,wall,total,0.080137642999999995,0
ecology1.mtx,128,10,DCSC-sampled,wall,validate,9.9300000000000006e-07,0
ecology1.mtx,128,10,DCSC-sampled,wall,lookup_build,0.015098248,0
ecology1.mtx,128,10,DCSC-sampled,wall,scratch_setup,0.0021135529999999998,0
ecology1.mtx,128,10,DCSC-sampled,wall,work_bound,0.0042306849999999997,0
ecology1.mtx,128,10,DCSC-sampled,wall,symbolic_capacity,0.002709637,0
ecology1.mtx,128,10,DCSC-sampled,wall,symbolic,0.0071832069999999996,0
ecology1.mtx,128,10,DCSC-sampled,wall,prefix_numeric_capacity,0.012546053999999999,0
ecology1.mtx,128,10,DCSC-sampled,wall,output_allocate,0.019653285,0
ecology1.mtx,128,10,DCSC-sampled,wall,numeric,0.016594408000000001,0
ecology1.mtx,128,10,DCSC-sampled,wall,return_cleanup,5.7309999999999998e-06,0
ecology1.mtx,128,10,DCSC-sampled,wall,output_free,1.7630000000000001e-06,0
ecology1.mtx,128,10,DCSC-sampled,sampled_worker,lookup,0,8197
ecology1.mtx,128,10,DCSC-sampled,sampled_worker,alloc_init,0.0006897229999999994,8197
ecology1.mtx,128,10,DCSC-sampled,sampled_worker,lookup_multiply_hash,0.12696118399999998,8197
ecology1.mtx,128,10,DCSC-sampled,sampled_worker,compact,0.00068486800000000048,8197
ecology1.mtx,128,10,DCSC-sampled,sampled_worker,sort,0.0019783019999999986,8197
ecology1.mtx,128,10,DCSC-sampled,sampled_worker,write,0.017799036000000011,8197
ecology1.mtx,128,10,DCSC-sampled,sampled_worker,scratch_free,0.0051655959999999971,8197
ecology1.mtx,128,10,CombBLAS-sampled,wall,total,0.049320516000000002,0
ecology1.mtx,128,10,CombBLAS-sampled,wall,lookup_build,0.001966672,0
ecology1.mtx,128,10,CombBLAS-sampled,wall,thread_setup,5.1829000000000001e-05,0
ecology1.mtx,128,10,CombBLAS-sampled,wall,work_bound,0.0022951930000000001,0
ecology1.mtx,128,10,CombBLAS-sampled,wall,work_prefix,0.00069337900000000004,0
ecology1.mtx,128,10,CombBLAS-sampled,wall,symbolic,0.0028433040000000001,0
ecology1.mtx,128,10,CombBLAS-sampled,wall,output_prefix,0.00032833,0
ecology1.mtx,128,10,CombBLAS-sampled,wall,output_allocate,0.027717031,0
ecology1.mtx,128,10,CombBLAS-sampled,wall,numeric_scratch_setup,0.0042884450000000001,0
ecology1.mtx,128,10,CombBLAS-sampled,wall,numeric,0.0091089410000000006,0
ecology1.mtx,128,10,CombBLAS-sampled,wall,internal_cleanup,4.1280000000000001e-06,0
ecology1.mtx,128,10,CombBLAS-sampled,wall,return_cleanup,2.2623e-05,0
ecology1.mtx,128,10,CombBLAS-sampled,wall,output_free,5.7100000000000002e-07,0
ecology1.mtx,128,10,CombBLAS-sampled,sampled_worker,lookup,0.0027132200000000006,8197
ecology1.mtx,128,10,CombBLAS-sampled,sampled_worker,alloc_init,0.0019589760000000007,8197
ecology1.mtx,128,10,CombBLAS-sampled,sampled_worker,lookup_multiply_hash,0.0017432460000000012,8197
ecology1.mtx,128,10,CombBLAS-sampled,sampled_worker,compact,0.00044136099999999982,8197
ecology1.mtx,128,10,CombBLAS-sampled,sampled_worker,sort,0.0012165399999999995,8197
ecology1.mtx,128,10,CombBLAS-sampled,sampled_worker,write,0.00061694499999999939,8197
ecology1.mtx,128,10,CombBLAS-sampled,sampled_worker,scratch_free,0.00099074499999999904,8197
ecology1.mtx,128,10,CombBLAS-conversion,wall,total,0.185418362,0
ecology1.mtx,128,10,CombBLAS-conversion,wall,native_call,0.039590374999999997,0
ecology1.mtx,128,10,CombBLAS-conversion,wall,tuple_to_dcsc,0.14582404900000001,0
ecology1.mtx,128,10,CombBLAS-conversion,wall,dcsc_free,2.5950000000000001e-06,0
ecology1.mtx,128,10,CombBLAS-conversion,wall,output_free,1.192e-06,0
ecology1.mtx,128,10,DCSC-dense-lookup,wall,total,0.056414322000000003,0
ecology1.mtx,128,10,DCSC-dense-lookup,wall,output_free,0.056414252999999998,0
ecology1.mtx,128,11,DCSC-static,wall,total,0.067727520999999999,0
ecology1.mtx,128,11,DCSC-static,wall,output_free,0.067726949999999994,0
ecology1.mtx,128,11,DCSC-dense-lookup,wall,total,0.067863422000000007,0
ecology1.mtx,128,11,DCSC-dense-lookup,wall,output_free,0.067863361999999997,0
ecology1.mtx,128,11,CombBLAS-conversion,wall,total,0.117805981,0
ecology1.mtx,128,11,CombBLAS-conversion,wall,native_call,0.047068968000000003,0
ecology1.mtx,128,11,CombBLAS-conversion,wall,tuple_to_dcsc,0.070732735000000005,0
ecology1.mtx,128,11,CombBLAS-conversion,wall,dcsc_free,3.0960000000000001e-06,0
ecology1.mtx,128,11,CombBLAS-conversion,wall,output_free,1.1119999999999999e-06,0
ecology1.mtx,128,11,CombBLAS-sampled,wall,total,0.034384498999999999,0
ecology1.mtx,128,11,CombBLAS-sampled,wall,lookup_build,0.001890395,0
ecology1.mtx,128,11,CombBLAS-sampled,wall,thread_setup,5.2972e-05,0
ecology1.mtx,128,11,CombBLAS-sampled,wall,work_bound,0.0016079040000000001,0
ecology1.mtx,128,11,CombBLAS-sampled,wall,work_prefix,0.00037868599999999999,0
ecology1.mtx,128,11,CombBLAS-sampled,wall,symbolic,0.0028085969999999999,0
ecology1.mtx,128,11,CombBLAS-sampled,wall,output_prefix,7.6997999999999997e-05,0
ecology1.mtx,128,11,CombBLAS-sampled,wall,output_allocate,0.016565472000000001,0
ecology1.mtx,128,11,CombBLAS-sampled,wall,numeric_scratch_setup,0.0035395890000000001,0
ecology1.mtx,128,11,CombBLAS-sampled,wall,numeric,0.0074316740000000001,0
ecology1.mtx,128,11,CombBLAS-sampled,wall,internal_cleanup,6.8029999999999999e-06,0
ecology1.mtx,128,11,CombBLAS-sampled,wall,return_cleanup,2.4236e-05,0
ecology1.mtx,128,11,CombBLAS-sampled,wall,output_free,1.0920000000000001e-06,0
ecology1.mtx,128,11,CombBLAS-sampled,sampled_worker,lookup,0.0021832149999999992,8197
ecology1.mtx,128,11,CombBLAS-sampled,sampled_worker,alloc_init,0.0015362419999999999,8197
ecology1.mtx,128,11,CombBLAS-sampled,sampled_worker,lookup_multiply_hash,0.0015106810000000013,8197
ecology1.mtx,128,11,CombBLAS-sampled,sampled_worker,compact,0.00042135599999999979,8197
ecology1.mtx,128,11,CombBLAS-sampled,sampled_worker,sort,0.0010134900000000004,8197
ecology1.mtx,128,11,CombBLAS-sampled,sampled_worker,write,0.00048465899999999981,8197
ecology1.mtx,128,11,CombBLAS-sampled,sampled_worker,scratch_free,0.00076920799999999942,8197
ecology1.mtx,128,11,DCSC-sampled,wall,total,0.079894778,0
ecology1.mtx,128,11,DCSC-sampled,wall,validate,7.1099999999999995e-07,0
ecology1.mtx,128,11,DCSC-sampled,wall,lookup_build,0.014763597,0
ecology1.mtx,128,11,DCSC-sampled,wall,scratch_setup,0.0020535990000000001,0
ecology1.mtx,128,11,DCSC-sampled,wall,work_bound,0.0043184720000000003,0
ecology1.mtx,128,11,DCSC-sampled,wall,symbolic_capacity,0.0027331030000000002,0
ecology1.mtx,128,11,DCSC-sampled,wall,symbolic,0.0072958229999999999,0
ecology1.mtx,128,11,DCSC-sampled,wall,prefix_numeric_capacity,0.012045442999999999,0
ecology1.mtx,128,11,DCSC-sampled,wall,output_allocate,0.019754728999999999,0
ecology1.mtx,128,11,DCSC-sampled,wall,numeric,0.016917047000000001,0
ecology1.mtx,128,11,DCSC-sampled,wall,return_cleanup,1.0190000000000001e-05,0
ecology1.mtx,128,11,DCSC-sampled,wall,output_free,1.984e-06,0
ecology1.mtx,128,11,DCSC-sampled,sampled_worker,lookup,0,8197
ecology1.mtx,128,11,DCSC-sampled,sampled_worker,alloc_init,0.00065351999999999934,8197
ecology1.mtx,128,11,DCSC-sampled,sampled_worker,lookup_multiply_hash,0.12619160999999998,8197
ecology1.mtx,128,11,DCSC-sampled,sampled_worker,compact,0.00063871799999999982,8197
ecology1.mtx,128,11,DCSC-sampled,sampled_worker,sort,0.0020343499999999999,8197
ecology1.mtx,128,11,DCSC-sampled,sampled_worker,write,0.018283076000000016,8197
ecology1.mtx,128,11,DCSC-sampled,sampled_worker,scratch_free,0.005482982999999996,8197
ecology1.mtx,128,11,CombBLAS-profile,wall,total,0.050705353000000002,0
ecology1.mtx,128,11,CombBLAS-profile,wall,lookup_build,0.0019559410000000001,0
ecology1.mtx,128,11,CombBLAS-profile,wall,thread_setup,4.8282999999999998e-05,0
ecology1.mtx,128,11,CombBLAS-profile,wall,work_bound,0.002336341,0
ecology1.mtx,128,11,CombBLAS-profile,wall,work_prefix,0.00067834099999999995,0
ecology1.mtx,128,11,CombBLAS-profile,wall,symbolic,0.0030107549999999999,0
ecology1.mtx,128,11,CombBLAS-profile,wall,output_prefix,0.00033329900000000001,0
ecology1.mtx,128,11,CombBLAS-profile,wall,output_allocate,0.029017795999999998,0
ecology1.mtx,128,11,CombBLAS-profile,wall,numeric_scratch_setup,0.0042858009999999997,0
ecology1.mtx,128,11,CombBLAS-profile,wall,numeric,0.009010522,0
ecology1.mtx,128,11,CombBLAS-profile,wall,internal_cleanup,5.0390000000000004e-06,0
ecology1.mtx,128,11,CombBLAS-profile,wall,return_cleanup,2.2704000000000001e-05,0
ecology1.mtx,128,11,CombBLAS-profile,wall,output_free,4.5999999999999999e-07,0
ecology1.mtx,128,11,DCSC-profile,wall,total,0.081613153999999993,0
ecology1.mtx,128,11,DCSC-profile,wall,validate,5.1099999999999996e-07,0
ecology1.mtx,128,11,DCSC-profile,wall,lookup_build,0.014657323,0
ecology1.mtx,128,11,DCSC-profile,wall,scratch_setup,0.002088365,0
ecology1.mtx,128,11,DCSC-profile,wall,work_bound,0.004300969,0
ecology1.mtx,128,11,DCSC-profile,wall,symbolic_capacity,0.0038646230000000002,0
ecology1.mtx,128,11,DCSC-profile,wall,symbolic,0.0073399980000000004,0
ecology1.mtx,128,11,DCSC-profile,wall,prefix_numeric_capacity,0.012993721999999999,0
ecology1.mtx,128,11,DCSC-profile,wall,output_allocate,0.019599901999999999,0
ecology1.mtx,128,11,DCSC-profile,wall,numeric,0.016760607,0
ecology1.mtx,128,11,DCSC-profile,wall,return_cleanup,5.7610000000000004e-06,0
ecology1.mtx,128,11,DCSC-profile,wall,output_free,1.3120000000000001e-06,0
ecology1.mtx,128,11,CSC-profile,wall,total,0.064570506,0
ecology1.mtx,128,11,CSC-profile,wall,validate,7.5199999999999996e-07,0
ecology1.mtx,128,11,CSC-profile,wall,lookup_build,4.0000000000000001e-08,0
ecology1.mtx,128,11,CSC-profile,wall,scratch_setup,0.0074418230000000002,0
ecology1.mtx,128,11,CSC-profile,wall,work_bound,0.0023852249999999999,0
ecology1.mtx,128,11,CSC-profile,wall,symbolic_capacity,0.0034605170000000002,0
ecology1.mtx,128,11,CSC-profile,wall,symbolic,0.0055011319999999997,0
ecology1.mtx,128,11,CSC-profile,wall,prefix_numeric_capacity,0.013598440999999999,0
ecology1.mtx,128,11,CSC-profile,wall,output_allocate,0.017384453000000001,0
ecology1.mtx,128,11,CSC-profile,wall,numeric,0.014790749000000001,0
ecology1.mtx,128,11,CSC-profile,wall,return_cleanup,5.3700000000000003e-06,0
ecology1.mtx,128,11,CSC-profile,wall,output_free,1.9439999999999999e-06,0
ecology1.mtx,128,11,CombBLAS-control,wall,total,0.047165182,0
ecology1.mtx,128,11,CombBLAS-control,wall,native_call_and_free,0.047164541999999997,0
ecology1.mtx,128,11,DCSC-control,wall,total,0.079164307000000003,0
ecology1.mtx,128,11,DCSC-control,wall,native_call_and_free,0.079163625000000001,0
ecology1.mtx,128,11,CSC-control,wall,total,0.065120499999999998,0
ecology1.mtx,128,11,CSC-control,wall,native_call_and_free,0.065120028999999996,0
ecology1.mtx,128,11,DCSC-dense-static,wall,total,0.053427032999999999,0
ecology1.mtx,128,11,DCSC-dense-static,wall,output_free,0.053426702,0
