dataset,threads,iteration,backend,kind,phase,seconds,sampled_columns
amazon0312.mtx,16,0,CSC-control,wall,total,0.086392179,0
amazon0312.mtx,16,0,CSC-control,wall,native_call_and_free,0.086391879000000005,0
amazon0312.mtx,16,0,DCSC-control,wall,total,0.088694364999999997,0
amazon0312.mtx,16,0,DCSC-control,wall,native_call_and_free,0.088694095000000001,0
amazon0312.mtx,16,0,CombBLAS-control,wall,total,0.25606780600000001,0
amazon0312.mtx,16,0,CombBLAS-control,wall,native_call_and_free,0.25606722399999998,0
amazon0312.mtx,16,0,CSC-profile,wall,total,0.086531627,0
amazon0312.mtx,16,0,CSC-profile,wall,validate,8.8199999999999998e-07,0
amazon0312.mtx,16,0,CSC-profile,wall,lookup_build,4.0000000000000001e-08,0
amazon0312.mtx,16,0,CSC-profile,wall,scratch_setup,0.001139305,0
amazon0312.mtx,16,0,CSC-profile,wall,work_bound,0.001130619,0
amazon0312.mtx,16,0,CSC-profile,wall,symbolic_capacity,0.003267748,0
amazon0312.mtx,16,0,CSC-profile,wall,symbolic,0.016079141000000002,0
amazon0312.mtx,16,0,CSC-profile,wall,prefix_numeric_capacity,0.00054191999999999999,0
amazon0312.mtx,16,0,CSC-profile,wall,output_allocate,0.012046196,0
amazon0312.mtx,16,0,CSC-profile,wall,numeric,0.052322420000000001,0
amazon0312.mtx,16,0,CSC-profile,wall,return_cleanup,1.8029999999999999e-06,0
amazon0312.mtx,16,0,CSC-profile,wall,output_free,1.4929999999999999e-06,0
amazon0312.mtx,16,0,DCSC-profile,wall,total,0.087604274999999995,0
amazon0312.mtx,16,0,DCSC-profile,wall,validate,4.7100000000000002e-07,0
amazon0312.mtx,16,0,DCSC-profile,wall,lookup_build,6.8100000000000002e-07,0
amazon0312.mtx,16,0,DCSC-profile,wall,scratch_setup,0.0012362709999999999,0
amazon0312.mtx,16,0,DCSC-profile,wall,work_bound,0.001196475,0
amazon0312.mtx,16,0,DCSC-profile,wall,symbolic_capacity,0.0034487160000000001,0
amazon0312.mtx,16,0,DCSC-profile,wall,symbolic,0.016048573,0
amazon0312.mtx,16,0,DCSC-profile,wall,prefix_numeric_capacity,0.00053184,0
amazon0312.mtx,16,0,DCSC-profile,wall,output_allocate,0.012703106,0
amazon0312.mtx,16,0,DCSC-profile,wall,numeric,0.052434675,0
amazon0312.mtx,16,0,DCSC-profile,wall,return_cleanup,1.793e-06,0
amazon0312.mtx,16,0,DCSC-profile,wall,output_free,1.6139999999999999e-06,0
amazon0312.mtx,16,0,CombBLAS-profile,wall,total,0.25754497999999998,0
amazon0312.mtx,16,0,CombBLAS-profile,wall,lookup_build,0.00031310099999999998,0
amazon0312.mtx,16,0,CombBLAS-profile,wall,thread_setup,9.2180000000000005e-06,0
amazon0312.mtx,16,0,CombBLAS-profile,wall,work_bound,0.01003571,0
amazon0312.mtx,16,0,CombBLAS-profile,wall,work_prefix,0.000179925,0
amazon0312.mtx,16,0,CombBLAS-profile,wall,symbolic,0.047947057000000001,0
amazon0312.mtx,16,0,CombBLAS-profile,wall,output_prefix,0.000242675,0
amazon0312.mtx,16,0,CombBLAS-profile,wall,output_allocate,0.018328376,0
amazon0312.mtx,16,0,CombBLAS-profile,wall,numeric_scratch_setup,0.0039330440000000001,0
amazon0312.mtx,16,0,CombBLAS-profile,wall,numeric,0.176547748,0
amazon0312.mtx,16,0,CombBLAS-profile,wall,internal_cleanup,3.6569999999999999e-06,0
amazon0312.mtx,16,0,CombBLAS-profile,wall,return_cleanup,3.557e-06,0
amazon0312.mtx,16,0,CombBLAS-profile,wall,output_free,8.6099999999999999e-07,0
amazon0312.mtx,16,0,DCSC-sampled,wall,total,0.087713984999999994,0
amazon0312.mtx,16,0,DCSC-sampled,wall,validate,4.8100000000000003e-07,0
amazon0312.mtx,16,0,DCSC-sampled,wall,lookup_build,2.6100000000000002e-07,0
amazon0312.mtx,16,0,DCSC-sampled,wall,scratch_setup,0.00117862,0
amazon0312.mtx,16,0,DCSC-sampled,wall,work_bound,0.0011948320000000001,0
amazon0312.mtx,16,0,DCSC-sampled,wall,symbolic_capacity,0.0033056909999999999,0
amazon0312.mtx,16,0,DCSC-sampled,wall,symbolic,0.016156059,0
amazon0312.mtx,16,0,DCSC-sampled,wall,prefix_numeric_capacity,0.00055516500000000004,0
amazon0312.mtx,16,0,DCSC-sampled,wall,output_allocate,0.012720578999999999,0
amazon0312.mtx,16,0,DCSC-sampled,wall,numeric,0.052598590000000001,0
amazon0312.mtx,16,0,DCSC-sampled,wall,return_cleanup,1.894e-06,0
amazon0312.mtx,16,0,DCSC-sampled,wall,output_free,1.753e-06,0
amazon0312.mtx,16,0,DCSC-sampled,sampled_worker,lookup,0,8349
amazon0312.mtx,16,0,DCSC-sampled,sampled_worker,alloc_init,0.00065958300000000124,8349
amazon0312.mtx,16,0,DCSC-sampled,sampled_worker,lookup_multiply_hash,0.0089012959999999995,8349
amazon0312.mtx,16,0,DCSC-sampled,sampled_worker,compact,0.001578568999999998,8349
amazon0312.mtx,16,0,DCSC-sampled,sampled_worker,sort,0.0068892099999999989,8349
amazon0312.mtx,16,0,DCSC-sampled,sampled_worker,write,0.00078373300000000152,8349
amazon0312.mtx,16,0,DCSC-sampled,sampled_worker,scratch_free,0.00041151699999999851,8349
amazon0312.mtx,16,0,CombBLAS-sampled,wall,total,0.25827885699999997,0
amazon0312.mtx,16,0,CombBLAS-sampled,wall,lookup_build,0.00032207699999999999,0
amazon0312.mtx,16,0,CombBLAS-sampled,wall,thread_setup,9.4190000000000008e-06,0
amazon0312.mtx,16,0,CombBLAS-sampled,wall,work_bound,0.010207699000000001,0
amazon0312.mtx,16,0,CombBLAS-sampled,wall,work_prefix,0.00018088699999999999,0
amazon0312.mtx,16,0,CombBLAS-sampled,wall,symbolic,0.047821808,0
amazon0312.mtx,16,0,CombBLAS-sampled,wall,output_prefix,0.000238788,0
amazon0312.mtx,16,0,CombBLAS-sampled,wall,output_allocate,0.018344056000000001,0
amazon0312.mtx,16,0,CombBLAS-sampled,wall,numeric_scratch_setup,0.0042128199999999999,0
amazon0312.mtx,16,0,CombBLAS-sampled,wall,numeric,0.17693388900000001,0
amazon0312.mtx,16,0,CombBLAS-sampled,wall,internal_cleanup,3.687e-06,0
amazon0312.mtx,16,0,CombBLAS-sampled,wall,return_cleanup,3.1159999999999999e-06,0
amazon0312.mtx,16,0,CombBLAS-sampled,wall,output_free,5.4099999999999999e-07,0
amazon0312.mtx,16,0,CombBLAS-sampled,sampled_worker,lookup,0.0021414740000000004,8349
amazon0312.mtx,16,0,CombBLAS-sampled,sampled_worker,alloc_init,0.00088215999999999989,8349
amazon0312.mtx,16,0,CombBLAS-sampled,sampled_worker,lookup_multiply_hash,0.0087562620000000008,8349
amazon0312.mtx,16,0,CombBLAS-sampled,sampled_worker,compact,0.0016101819999999993,8349
amazon0312.mtx,16,0,CombBLAS-sampled,sampled_worker,sort,0.0069406459999999991,8349
amazon0312.mtx,16,0,CombBLAS-sampled,sampled_worker,write,0.00075807200000000026,8349
amazon0312.mtx,16,0,CombBLAS-sampled,sampled_worker,scratch_free,0.00040411599999999831,8349
amazon0312.mtx,16,0,CombBLAS-conversion,wall,total,0.31098486199999997,0
amazon0312.mtx,16,0,CombBLAS-conversion,wall,native_call,0.25604365899999998,0
amazon0312.mtx,16,0,CombBLAS-conversion,wall,tuple_to_dcsc,0.054936114000000001,0
amazon0312.mtx,16,0,CombBLAS-conversion,wall,dcsc_free,3.9369999999999997e-06,0
amazon0312.mtx,16,0,CombBLAS-conversion,wall,output_free,1.0920000000000001e-06,0
amazon0312.mtx,16,0,DCSC-dense-lookup,wall,total,0.087383282000000007,0
amazon0312.mtx,16,0,DCSC-dense-lookup,wall,native_call_and_free,0.087382979999999999,0
amazon0312.mtx,16,0,DCSC-static,wall,total,0.22716049799999999,0
amazon0312.mtx,16,0,DCSC-static,wall,native_call_and_free,0.22715997700000001,0
amazon0312.mtx,16,0,DCSC-dense-static,wall,total,0.22545715099999999,0
amazon0312.mtx,16,0,DCSC-dense-static,wall,native_call_and_free,0.22545685100000001,0
amazon0312.mtx,16,0,Tuples-control,wall,total,0.093777504999999997,0
amazon0312.mtx,16,0,Tuples-control,wall,native_call_and_free,0.093776983999999994,0
amazon0312.mtx,16,0,Tuples-profile,wall,total,0.094514087999999996,0
amazon0312.mtx,16,0,Tuples-profile,wall,validate,2.8999999999999998e-07,0
amazon0312.mtx,16,0,Tuples-profile,wall,lookup_build,1.7100000000000001e-07,0
amazon0312.mtx,16,0,Tuples-profile,wall,scratch_setup,0.0012335060000000001,0
amazon0312.mtx,16,0,Tuples-profile,wall,work_bound,0.001153011,0
amazon0312.mtx,16,0,Tuples-profile,wall,symbolic_capacity,0.0032917440000000001,0
amazon0312.mtx,16,0,Tuples-profile,wall,symbolic,0.016259487999999999,0
amazon0312.mtx,16,0,Tuples-profile,wall,prefix_numeric_capacity,0.00052377399999999996,0
amazon0312.mtx,16,0,Tuples-profile,wall,output_allocate,0.018276146,0
amazon0312.mtx,16,0,Tuples-profile,wall,numeric,0.053774073999999998,0
amazon0312.mtx,16,0,Tuples-profile,wall,return_cleanup,1.2619999999999999e-06,0
amazon0312.mtx,16,0,Tuples-profile,wall,output_free,5.6199999999999998e-07,0
amazon0312.mtx,16,1,CSC-control,wall,total,0.086484927000000003,0
amazon0312.mtx,16,1,CSC-control,wall,native_call_and_free,0.086484637000000003,0
amazon0312.mtx,16,1,Tuples-profile,wall,total,0.094743318000000007,0
amazon0312.mtx,16,1,Tuples-profile,wall,validate,4.8100000000000003e-07,0
amazon0312.mtx,16,1,Tuples-profile,wall,lookup_build,2.8999999999999998e-07,0
amazon0312.mtx,16,1,Tuples-profile,wall,scratch_setup,0.001315514,0
amazon0312.mtx,16,1,Tuples-profile,wall,work_bound,0.001151759,0
amazon0312.mtx,16,1,Tuples-profile,wall,symbolic_capacity,0.0034988509999999999,0
amazon0312.mtx,16,1,Tuples-profile,wall,symbolic,0.016364018000000001,0
amazon0312.mtx,16,1,Tuples-profile,wall,prefix_numeric_capacity,0.00052606899999999999,0
amazon0312.mtx,16,1,Tuples-profile,wall,output_allocate,0.018218495000000001,0
amazon0312.mtx,16,1,Tuples-profile,wall,numeric,0.053665306000000003,0
amazon0312.mtx,16,1,Tuples-profile,wall,return_cleanup,2.0040000000000002e-06,0
amazon0312.mtx,16,1,Tuples-profile,wall,output_free,4.7100000000000002e-07,0
amazon0312.mtx,16,1,Tuples-control,wall,total,0.094008238999999993,0
amazon0312.mtx,16,1,Tuples-control,wall,native_call_and_free,0.094007687000000006,0
amazon0312.mtx,16,1,DCSC-dense-static,wall,total,0.224849786,0
amazon0312.mtx,16,1,DCSC-dense-static,wall,native_call_and_free,0.22484947499999999,0
amazon0312.mtx,16,1,DCSC-static,wall,total,0.22777973600000001,0
amazon0312.mtx,16,1,DCSC-static,wall,native_call_and_free,0.227779445,0
amazon0312.mtx,16,1,DCSC-dense-lookup,wall,total,0.087495806999999995,0
amazon0312.mtx,16,1,DCSC-dense-lookup,wall,native_call_and_free,0.087495316000000004,0
amazon0312.mtx,16,1,CombBLAS-conversion,wall,total,0.310479483,0
amazon0312.mtx,16,1,CombBLAS-conversion,wall,native_call,0.25602286899999999,0
amazon0312.mtx,16,1,CombBLAS-conversion,wall,tuple_to_dcsc,0.054452536000000003,0
amazon0312.mtx,16,1,CombBLAS-conversion,wall,dcsc_free,3.2959999999999999e-06,0
amazon0312.mtx,16,1,CombBLAS-conversion,wall,output_free,7.2099999999999996e-07,0
amazon0312.mtx,16,1,CombBLAS-sampled,wall,total,0.25867343399999998,0
amazon0312.mtx,16,1,CombBLAS-sampled,wall,lookup_build,0.000546087,0
amazon0312.mtx,16,1,CombBLAS-sampled,wall,thread_setup,1.2875e-05,0
amazon0312.mtx,16,1,CombBLAS-sampled,wall,work_bound,0.010121404000000001,0
amazon0312.mtx,16,1,CombBLAS-sampled,wall,work_prefix,0.000191848,0
amazon0312.mtx,16,1,CombBLAS-sampled,wall,symbolic,0.047893384999999997,0
amazon0312.mtx,16,1,CombBLAS-sampled,wall,output_prefix,0.00021567400000000001,0
amazon0312.mtx,16,1,CombBLAS-sampled,wall,output_allocate,0.018172636999999998,0
amazon0312.mtx,16,1,CombBLAS-sampled,wall,numeric_scratch_setup,0.0042093640000000002,0
amazon0312.mtx,16,1,CombBLAS-sampled,wall,numeric,0.17730247499999999,0
amazon0312.mtx,16,1,CombBLAS-sampled,wall,internal_cleanup,4.0579999999999999e-06,0
amazon0312.mtx,16,1,CombBLAS-sampled,wall,return_cleanup,3.016e-06,0
amazon0312.mtx,16,1,CombBLAS-sampled,wall,output_free,5.4099999999999999e-07,0
amazon0312.mtx,16,1,CombBLAS-sampled,sampled_worker,lookup,0.0021354189999999999,8349
amazon0312.mtx,16,1,CombBLAS-sampled,sampled_worker,alloc_init,0.00088169199999999968,8349
amazon0312.mtx,16,1,CombBLAS-sampled,sampled_worker,lookup_multiply_hash,0.0087336370000000007,8349
amazon0312.mtx,16,1,CombBLAS-sampled,sampled_worker,compact,0.0016115330000000005,8349
amazon0312.mtx,16,1,CombBLAS-sampled,sampled_worker,sort,0.0069842390000000006,8349
amazon0312.mtx,16,1,CombBLAS-sampled,sampled_worker,write,0.00075617700000000013,8349
amazon0312.mtx,16,1,CombBLAS-sampled,sampled_worker,scratch_free,0.00040281199999999827,8349
amazon0312.mtx,16,1,DCSC-sampled,wall,total,0.087774932,0
amazon0312.mtx,16,1,DCSC-sampled,wall,validate,6.7100000000000001e-07,0
amazon0312.mtx,16,1,DCSC-sampled,wall,lookup_build,6.6199999999999997e-07,0
amazon0312.mtx,16,1,DCSC-sampled,wall,scratch_setup,0.001217746,0
amazon0312.mtx,16,1,DCSC-sampled,wall,work_bound,0.0012057319999999999,0
amazon0312.mtx,16,1,DCSC-sampled,wall,symbolic_capacity,0.0032916540000000002,0
amazon0312.mtx,16,1,DCSC-sampled,wall,symbolic,0.016137182999999999,0
amazon0312.mtx,16,1,DCSC-sampled,wall,prefix_numeric_capacity,0.000556257,0
amazon0312.mtx,16,1,DCSC-sampled,wall,output_allocate,0.012673589000000001,0
amazon0312.mtx,16,1,DCSC-sampled,wall,numeric,0.052687651000000002,0
amazon0312.mtx,16,1,DCSC-sampled,wall,return_cleanup,1.753e-06,0
amazon0312.mtx,16,1,DCSC-sampled,wall,output_free,1.9740000000000001e-06,0
amazon0312.mtx,16,1,DCSC-sampled,sampled_worker,lookup,0,8349
amazon0312.mtx,16,1,DCSC-sampled,sampled_worker,alloc_init,0.00066065200000000105,8349
amazon0312.mtx,16,1,DCSC-sampled,sampled_worker,lookup_multiply_hash,0.0088257380000000048,8349
amazon0312.mtx,16,1,DCSC-sampled,sampled_worker,compact,0.0015876979999999987,8349
amazon0312.mtx,16,1,DCSC-sampled,sampled_worker,sort,0.00692394,8349
amazon0312.mtx,16,1,DCSC-sampled,sampled_worker,write,0.00077274700000000158,8349
amazon0312.mtx,16,1,DCSC-sampled,sampled_worker,scratch_free,0.00040758199999999829,8349
amazon0312.mtx,16,1,CombBLAS-profile,wall,total,0.25798990300000002,0
amazon0312.mtx,16,1,CombBLAS-profile,wall,lookup_build,0.00032198799999999999,0
amazon0312.mtx,16,1,CombBLAS-profile,wall,thread_setup,1.0801e-05,0
amazon0312.mtx,16,1,CombBLAS-profile,wall,work_bound,0.010077028,0
amazon0312.mtx,16,1,CombBLAS-profile,wall,work_prefix,0.00018027599999999999,0
amazon0312.mtx,16,1,CombBLAS-profile,wall,symbolic,0.047912822000000001,0
amazon0312.mtx,16,1,CombBLAS-profile,wall,output_prefix,0.00025050099999999998,0
amazon0312.mtx,16,1,CombBLAS-profile,wall,output_allocate,0.018255695999999998,0
amazon0312.mtx,16,1,CombBLAS-profile,wall,numeric_scratch_setup,0.0039588840000000002,0
amazon0312.mtx,16,1,CombBLAS-profile,wall,numeric,0.177014903,0
amazon0312.mtx,16,1,CombBLAS-profile,wall,internal_cleanup,3.2969999999999999e-06,0
amazon0312.mtx,16,1,CombBLAS-profile,wall,return_cleanup,2.9550000000000001e-06,0
amazon0312.mtx,16,1,CombBLAS-profile,wall,output_free,6.92e-07,0
amazon0312.mtx,16,1,DCSC-profile,wall,total,0.087476128,0
amazon0312.mtx,16,1,DCSC-profile,wall,validate,7.1200000000000002e-07,0
amazon0312.mtx,16,1,DCSC-profile,wall,lookup_build,6.8999999999999996e-08,0
amazon0312.mtx,16,1,DCSC-profile,wall,scratch_setup,0.001153102,0
amazon0312.mtx,16,1,DCSC-profile,wall,work_bound,0.001197097,0
amazon0312.mtx,16,1,DCSC-profile,wall,symbolic_capacity,0.003304057,0
amazon0312.mtx,16,1,DCSC-profile,wall,symbolic,0.016101734999999999,0
amazon0312.mtx,16,1,DCSC-profile,wall,prefix_numeric_capacity,0.00054726000000000004,0
amazon0312.mtx,16,1,DCSC-profile,wall,output_allocate,0.012730418,0
amazon0312.mtx,16,1,DCSC-profile,wall,numeric,0.052438542999999997,0
amazon0312.mtx,16,1,DCSC-profile,wall,return_cleanup,1.663e-06,0
amazon0312.mtx,16,1,DCSC-profile,wall,output_free,1.423e-06,0
amazon0312.mtx,16,1,CSC-profile,wall,total,0.086704058000000001,0
amazon0312.mtx,16,1,CSC-profile,wall,validate,4.51e-07,0
amazon0312.mtx,16,1,CSC-profile,wall,lookup_build,2.9999999999999997e-08,0
amazon0312.mtx,16,1,CSC-profile,wall,scratch_setup,0.0013545079999999999,0
amazon0312.mtx,16,1,CSC-profile,wall,work_bound,0.001090782,0
amazon0312.mtx,16,1,CSC-profile,wall,symbolic_capacity,0.0032656740000000001,0
amazon0312.mtx,16,1,CSC-profile,wall,symbolic,0.016095393,0
amazon0312.mtx,16,1,CSC-profile,wall,prefix_numeric_capacity,0.00053738099999999997,0
amazon0312.mtx,16,1,CSC-profile,wall,output_allocate,0.012049631999999999,0
amazon0312.mtx,16,1,CSC-profile,wall,numeric,0.052307370999999998,0
amazon0312.mtx,16,1,CSC-profile,wall,return_cleanup,1.7039999999999999e-06,0
amazon0312.mtx,16,1,CSC-profile,wall,output_free,1.0720000000000001e-06,0
amazon0312.mtx,16,1,CombBLAS-control,wall,total,0.25653331899999998,0
amazon0312.mtx,16,1,CombBLAS-control,wall,native_call_and_free,0.256532808,0
amazon0312.mtx,16,1,DCSC-control,wall,total,0.088673635000000001,0
amazon0312.mtx,16,1,DCSC-control,wall,native_call_and_free,0.088673155000000004,0
amazon0312.mtx,16,2,CombBLAS-control,wall,total,0.25617941999999999,0
amazon0312.mtx,16,2,CombBLAS-control,wall,native_call_and_free,0.25617889900000002,0
amazon0312.mtx,16,2,CSC-profile,wall,total,0.086533631,0
amazon0312.mtx,16,2,CSC-profile,wall,validate,6.7100000000000001e-07,0
amazon0312.mtx,16,2,CSC-profile,wall,lookup_build,4.0000000000000001e-08,0
amazon0312.mtx,16,2,CSC-profile,wall,scratch_setup,0.001205783,0
amazon0312.mtx,16,2,CSC-profile,wall,work_bound,0.001130448,0
amazon0312.mtx,16,2,CSC-profile,wall,symbolic_capacity,0.003257369,0
amazon0312.mtx,16,2,CSC-profile,wall,symbolic,0.016083439000000001,0
amazon0312.mtx,16,2,CSC-profile,wall,prefix_numeric_capacity,0.00053079799999999997,0
amazon0312.mtx,16,2,CSC-profile,wall,output_allocate,0.012049262,0
amazon0312.mtx,16,2,CSC-profile,wall,numeric,0.052273086000000003,0
amazon0312.mtx,16,2,CSC-profile,wall,return_cleanup,1.2720000000000001e-06,0
amazon0312.mtx,16,2,CSC-profile,wall,output_free,1.4020000000000001e-06,0
amazon0312.mtx,16,2,DCSC-profile,wall,total,0.087526635000000005,0
amazon0312.mtx,16,2,DCSC-profile,wall,validate,5.0100000000000005e-07,0
amazon0312.mtx,16,2,DCSC-profile,wall,lookup_build,2.8000000000000002e-07,0
amazon0312.mtx,16,2,DCSC-profile,wall,scratch_setup,0.001237113,0
amazon0312.mtx,16,2,DCSC-profile,wall,work_bound,0.0011880790000000001,0
amazon0312.mtx,16,2,DCSC-profile,wall,symbolic_capacity,0.0034751959999999998,0
amazon0312.mtx,16,2,DCSC-profile,wall,symbolic,0.016030358000000001,0
amazon0312.mtx,16,2,DCSC-profile,wall,prefix_numeric_capacity,0.00052643999999999998,0
amazon0312.mtx,16,2,DCSC-profile,wall,output_allocate,0.012695280999999999,0
amazon0312.mtx,16,2,DCSC-profile,wall,numeric,0.052370672,0
amazon0312.mtx,16,2,DCSC-profile,wall,return_cleanup,1.4130000000000001e-06,0
amazon0312.mtx,16,2,DCSC-profile,wall,output_free,1.232e-06,0
amazon0312.mtx,16,2,CombBLAS-profile,wall,total,0.25802381699999999,0
amazon0312.mtx,16,2,CombBLAS-profile,wall,lookup_build,0.00031367199999999997,0
amazon0312.mtx,16,2,CombBLAS-profile,wall,thread_setup,9.2070000000000001e-06,0
amazon0312.mtx,16,2,CombBLAS-profile,wall,work_bound,0.010008338,0
amazon0312.mtx,16,2,CombBLAS-profile,wall,work_prefix,0.00018885199999999999,0
amazon0312.mtx,16,2,CombBLAS-profile,wall,symbolic,0.048299513000000002,0
amazon0312.mtx,16,2,CombBLAS-profile,wall,output_prefix,0.00023959,0
amazon0312.mtx,16,2,CombBLAS-profile,wall,output_allocate,0.018238392999999999,0
amazon0312.mtx,16,2,CombBLAS-profile,wall,numeric_scratch_setup,0.0037667849999999999,0
amazon0312.mtx,16,2,CombBLAS-profile,wall,numeric,0.17695155200000001,0
amazon0312.mtx,16,2,CombBLAS-profile,wall,internal_cleanup,4.0579999999999999e-06,0
amazon0312.mtx,16,2,CombBLAS-profile,wall,return_cleanup,3.0759999999999999e-06,0
amazon0312.mtx,16,2,CombBLAS-profile,wall,output_free,7.1099999999999995e-07,0
amazon0312.mtx,16,2,DCSC-sampled,wall,total,0.087703445000000005,0
amazon0312.mtx,16,2,DCSC-sampled,wall,validate,6.61e-07,0
amazon0312.mtx,16,2,DCSC-sampled,wall,lookup_build,8.0999999999999997e-08,0
amazon0312.mtx,16,2,DCSC-sampled,wall,scratch_setup,0.001159333,0
amazon0312.mtx,16,2,DCSC-sampled,wall,work_bound,0.0011937300000000001,0
amazon0312.mtx,16,2,DCSC-sampled,wall,symbolic_capacity,0.003311081,0
amazon0312.mtx,16,2,DCSC-sampled,wall,symbolic,0.016137182999999999,0
amazon0312.mtx,16,2,DCSC-sampled,wall,prefix_numeric_capacity,0.00055465400000000002,0
amazon0312.mtx,16,2,DCSC-sampled,wall,output_allocate,0.012726820999999999,0
amazon0312.mtx,16,2,DCSC-sampled,wall,numeric,0.052616113999999999,0
amazon0312.mtx,16,2,DCSC-sampled,wall,return_cleanup,2.1040000000000001e-06,0
amazon0312.mtx,16,2,DCSC-sampled,wall,output_free,1.623e-06,0
amazon0312.mtx,16,2,DCSC-sampled,sampled_worker,lookup,0,8349
amazon0312.mtx,16,2,DCSC-sampled,sampled_worker,alloc_init,0.00066260000000000104,8349
amazon0312.mtx,16,2,DCSC-sampled,sampled_worker,lookup_multiply_hash,0.0088995109999999971,8349
amazon0312.mtx,16,2,DCSC-sampled,sampled_worker,compact,0.0015801489999999979,8349
amazon0312.mtx,16,2,DCSC-sampled,sampled_worker,sort,0.0069310259999999964,8349
amazon0312.mtx,16,2,DCSC-sampled,sampled_worker,write,0.00077040200000000163,8349
amazon0312.mtx,16,2,DCSC-sampled,sampled_worker,scratch_free,0.00040591799999999855,8349
amazon0312.mtx,16,2,CombBLAS-sampled,wall,total,0.25828681100000001,0
amazon0312.mtx,16,2,CombBLAS-sampled,wall,lookup_build,0.000320074,0
amazon0312.mtx,16,2,CombBLAS-sampled,wall,thread_setup,1.0560000000000001e-05,0
amazon0312.mtx,16,2,CombBLAS-sampled,wall,work_bound,0.010213731,0
amazon0312.mtx,16,2,CombBLAS-sampled,wall,work_prefix,0.00017605799999999999,0
amazon0312.mtx,16,2,CombBLAS-sampled,wall,symbolic,0.047880368999999999,0
amazon0312.mtx,16,2,CombBLAS-sampled,wall,output_prefix,0.000238087,0
amazon0312.mtx,16,2,CombBLAS-sampled,wall,output_allocate,0.018299691,0
amazon0312.mtx,16,2,CombBLAS-sampled,wall,numeric_scratch_setup,0.0041675339999999996,0
amazon0312.mtx,16,2,CombBLAS-sampled,wall,numeric,0.176972672,0
amazon0312.mtx,16,2,CombBLAS-sampled,wall,internal_cleanup,4.2490000000000003e-06,0
amazon0312.mtx,16,2,CombBLAS-sampled,wall,return_cleanup,2.965e-06,0
amazon0312.mtx,16,2,CombBLAS-sampled,wall,output_free,7.6199999999999997e-07,0
amazon0312.mtx,16,2,CombBLAS-sampled,sampled_worker,lookup,0.0021509859999999997,8349
amazon0312.mtx,16,2,CombBLAS-sampled,sampled_worker,alloc_init,0.00087953399999999996,8349
amazon0312.mtx,16,2,CombBLAS-sampled,sampled_worker,lookup_multiply_hash,0.0087650150000000027,8349
amazon0312.mtx,16,2,CombBLAS-sampled,sampled_worker,compact,0.0017100150000000005,8349
amazon0312.mtx,16,2,CombBLAS-sampled,sampled_worker,sort,0.0069737529999999975,8349
amazon0312.mtx,16,2,CombBLAS-sampled,sampled_worker,write,0.00075467500000000012,8349
amazon0312.mtx,16,2,CombBLAS-sampled,sampled_worker,scratch_free,0.00040814399999999842,8349
amazon0312.mtx,16,2,CombBLAS-conversion,wall,total,0.31103137199999997,0
amazon0312.mtx,16,2,CombBLAS-conversion,wall,native_call,0.25610975600000002,0
amazon0312.mtx,16,2,CombBLAS-conversion,wall,tuple_to_dcsc,0.054916856999999999,0
amazon0312.mtx,16,2,CombBLAS-conversion,wall,dcsc_free,3.9469999999999996e-06,0
amazon0312.mtx,16,2,CombBLAS-conversion,wall,output_free,7.4199999999999995e-07,0
amazon0312.mtx,16,2,DCSC-dense-lookup,wall,total,0.087349596000000002,0
amazon0312.mtx,16,2,DCSC-dense-lookup,wall,native_call_and_free,0.087349275000000004,0
amazon0312.mtx,16,2,DCSC-static,wall,total,0.22732112700000001,0
amazon0312.mtx,16,2,DCSC-static,wall,native_call_and_free,0.227320786,0
amazon0312.mtx,16,2,DCSC-dense-static,wall,total,0.225195068,0
amazon0312.mtx,16,2,DCSC-dense-static,wall,native_call_and_free,0.22519476699999999,0
amazon0312.mtx,16,2,Tuples-control,wall,total,0.093603612000000003,0
amazon0312.mtx,16,2,Tuples-control,wall,native_call_and_free,0.093603090999999999,0
amazon0312.mtx,16,2,Tuples-profile,wall,total,0.094514297999999997,0
amazon0312.mtx,16,2,Tuples-profile,wall,validate,2.6e-07,0
amazon0312.mtx,16,2,Tuples-profile,wall,lookup_build,3.7099999999999997e-07,0
amazon0312.mtx,16,2,Tuples-profile,wall,scratch_setup,0.0012312919999999999,0
amazon0312.mtx,16,2,Tuples-profile,wall,work_bound,0.00096252600000000001,0
amazon0312.mtx,16,2,Tuples-profile,wall,symbolic_capacity,0.0034860170000000001,0
amazon0312.mtx,16,2,Tuples-profile,wall,symbolic,0.016231894,0
amazon0312.mtx,16,2,Tuples-profile,wall,prefix_numeric_capacity,0.00054972500000000004,0
amazon0312.mtx,16,2,Tuples-profile,wall,output_allocate,0.018339988000000002,0
amazon0312.mtx,16,2,Tuples-profile,wall,numeric,0.053710201999999999,0
amazon0312.mtx,16,2,Tuples-profile,wall,return_cleanup,1.483e-06,0
amazon0312.mtx,16,2,Tuples-profile,wall,output_free,4.8100000000000003e-07,0
amazon0312.mtx,16,2,CSC-control,wall,total,0.086411767,0
amazon0312.mtx,16,2,CSC-control,wall,native_call_and_free,0.086411455999999998,0
amazon0312.mtx,16,2,DCSC-control,wall,total,0.088918424999999995,0
amazon0312.mtx,16,2,DCSC-control,wall,native_call_and_free,0.088918133999999996,0
amazon0312.mtx,16,3,CombBLAS-control,wall,total,0.25585605,0
amazon0312.mtx,16,3,CombBLAS-control,wall,native_call_and_free,0.25585550800000001,0
amazon0312.mtx,16,3,DCSC-control,wall,total,0.088466326999999997,0
amazon0312.mtx,16,3,DCSC-control,wall,native_call_and_free,0.088465795999999999,0
amazon0312.mtx,16,3,CSC-control,wall,total,0.086317475000000005,0
amazon0312.mtx,16,3,CSC-control,wall,native_call_and_free,0.086317194999999999,0
amazon0312.mtx,16,3,Tuples-profile,wall,total,0.094913974999999998,0
amazon0312.mtx,16,3,Tuples-profile,wall,validate,6.92e-07,0
amazon0312.mtx,16,3,Tuples-profile,wall,lookup_build,4.5999999999999999e-07,0
amazon0312.mtx,16,3,Tuples-profile,wall,scratch_setup,0.0013119970000000001,0
amazon0312.mtx,16,3,Tuples-profile,wall,work_bound,0.001160957,0
amazon0312.mtx,16,3,Tuples-profile,wall,symbolic_capacity,0.003523338,0
amazon0312.mtx,16,3,Tuples-profile,wall,symbolic,0.016354019000000001,0
amazon0312.mtx,16,3,Tuples-profile,wall,prefix_numeric_capacity,0.00054360300000000003,0
amazon0312.mtx,16,3,Tuples-profile,wall,output_allocate,0.018359535,0
amazon0312.mtx,16,3,Tuples-profile,wall,numeric,0.053657030000000001,0
amazon0312.mtx,16,3,Tuples-profile,wall,return_cleanup,1.784e-06,0
amazon0312.mtx,16,3,Tuples-profile,wall,output_free,4.8999999999999997e-07,0
amazon0312.mtx,16,3,Tuples-control,wall,total,0.093841698000000001,0
amazon0312.mtx,16,3,Tuples-control,wall,native_call_and_free,0.093840927000000005,0
amazon0312.mtx,16,3,DCSC-dense-static,wall,total,0.22497153,0
amazon0312.mtx,16,3,DCSC-dense-static,wall,native_call_and_free,0.224970959,0
amazon0312.mtx,16,3,DCSC-static,wall,total,0.22743980499999999,0
amazon0312.mtx,16,3,DCSC-static,wall,native_call_and_free,0.22743949299999999,0
amazon0312.mtx,16,3,DCSC-dense-lookup,wall,total,0.087440148999999995,0
amazon0312.mtx,16,3,DCSC-dense-lookup,wall,native_call_and_free,0.087439568999999995,0
amazon0312.mtx,16,3,CombBLAS-conversion,wall,total,0.31115748399999998,0
amazon0312.mtx,16,3,CombBLAS-conversion,wall,native_call,0.25627547499999997,0
amazon0312.mtx,16,3,CombBLAS-conversion,wall,tuple_to_dcsc,0.054878502000000003,0
amazon0312.mtx,16,3,CombBLAS-conversion,wall,dcsc_free,2.7350000000000001e-06,0
amazon0312.mtx,16,3,CombBLAS-conversion,wall,output_free,7.1200000000000002e-07,0
amazon0312.mtx,16,3,CombBLAS-sampled,wall,total,0.25884701599999999,0
amazon0312.mtx,16,3,CombBLAS-sampled,wall,lookup_build,0.00055018500000000002,0
amazon0312.mtx,16,3,CombBLAS-sampled,wall,thread_setup,1.2013e-05,0
amazon0312.mtx,16,3,CombBLAS-sampled,wall,work_bound,0.010111083999999999,0
amazon0312.mtx,16,3,CombBLAS-sampled,wall,work_prefix,0.00018445399999999999,0
amazon0312.mtx,16,3,CombBLAS-sampled,wall,symbolic,0.047832808999999997,0
amazon0312.mtx,16,3,CombBLAS-sampled,wall,output_prefix,0.00020844900000000001,0
amazon0312.mtx,16,3,CombBLAS-sampled,wall,output_allocate,0.018300012000000001,0
amazon0312.mtx,16,3,CombBLAS-sampled,wall,numeric_scratch_setup,0.0040604689999999997,0
amazon0312.mtx,16,3,CombBLAS-sampled,wall,numeric,0.17758048800000001,0
amazon0312.mtx,16,3,CombBLAS-sampled,wall,internal_cleanup,3.6069999999999999e-06,0
amazon0312.mtx,16,3,CombBLAS-sampled,wall,return_cleanup,2.655e-06,0
amazon0312.mtx,16,3,CombBLAS-sampled,wall,output_free,7.3099999999999997e-07,0
amazon0312.mtx,16,3,CombBLAS-sampled,sampled_worker,lookup,0.0021465639999999988,8349
amazon0312.mtx,16,3,CombBLAS-sampled,sampled_worker,alloc_init,0.00088058700000000006,8349
amazon0312.mtx,16,3,CombBLAS-sampled,sampled_worker,lookup_multiply_hash,0.0087689419999999966,8349
amazon0312.mtx,16,3,CombBLAS-sampled,sampled_worker,compact,0.0016133620000000001,8349
amazon0312.mtx,16,3,CombBLAS-sampled,sampled_worker,sort,0.0069606469999999995,8349
amazon0312.mtx,16,3,CombBLAS-sampled,sampled_worker,write,0.00075924500000000008,8349
amazon0312.mtx,16,3,CombBLAS-sampled,sampled_worker,scratch_free,0.00040533899999999827,8349
amazon0312.mtx,16,3,DCSC-sampled,wall,total,0.087788968999999994,0
amazon0312.mtx,16,3,DCSC-sampled,wall,validate,6.8100000000000002e-07,0
amazon0312.mtx,16,3,DCSC-sampled,wall,lookup_build,2.91e-07,0
amazon0312.mtx,16,3,DCSC-sampled,wall,scratch_setup,0.001222545,0
amazon0312.mtx,16,3,DCSC-sampled,wall,work_bound,0.0012017550000000001,0
amazon0312.mtx,16,3,DCSC-sampled,wall,symbolic_capacity,0.0033049590000000001,0
amazon0312.mtx,16,3,DCSC-sampled,wall,symbolic,0.016117284999999999,0
amazon0312.mtx,16,3,DCSC-sampled,wall,prefix_numeric_capacity,0.00057749799999999997,0
amazon0312.mtx,16,3,DCSC-sampled,wall,output_allocate,0.012689318999999999,0
amazon0312.mtx,16,3,DCSC-sampled,wall,numeric,0.052671410000000002,0
amazon0312.mtx,16,3,DCSC-sampled,wall,return_cleanup,1.663e-06,0
amazon0312.mtx,16,3,DCSC-sampled,wall,output_free,1.5030000000000001e-06,0
amazon0312.mtx,16,3,DCSC-sampled,sampled_worker,lookup,0,8349
amazon0312.mtx,16,3,DCSC-sampled,sampled_worker,alloc_init,0.0006665080000000012,8349
amazon0312.mtx,16,3,DCSC-sampled,sampled_worker,lookup_multiply_hash,0.0089502649999999989,8349
amazon0312.mtx,16,3,DCSC-sampled,sampled_worker,compact,0.0015772829999999979,8349
amazon0312.mtx,16,3,DCSC-sampled,sampled_worker,sort,0.0069454429999999991,8349
amazon0312.mtx,16,3,DCSC-sampled,sampled_worker,write,0.00077560900000000165,8349
amazon0312.mtx,16,3,DCSC-sampled,sampled_worker,scratch_free,0.00041247299999999843,8349
amazon0312.mtx,16,3,CombBLAS-profile,wall,total,0.25802716399999998,0
amazon0312.mtx,16,3,CombBLAS-profile,wall,lookup_build,0.000313061,0
amazon0312.mtx,16,3,CombBLAS-profile,wall,thread_setup,9.4679999999999998e-06,0
amazon0312.mtx,16,3,CombBLAS-profile,wall,work_bound,0.010051549999999999,0
amazon0312.mtx,16,3,CombBLAS-profile,wall,work_prefix,0.000182089,0
amazon0312.mtx,16,3,CombBLAS-profile,wall,symbolic,0.047966874999999999,0
amazon0312.mtx,16,3,CombBLAS-profile,wall,output_prefix,0.00025033100000000001,0
amazon0312.mtx,16,3,CombBLAS-profile,wall,output_allocate,0.018333094000000001,0
amazon0312.mtx,16,3,CombBLAS-profile,wall,numeric_scratch_setup,0.0037630089999999999,0
amazon0312.mtx,16,3,CombBLAS-profile,wall,numeric,0.177149942,0
amazon0312.mtx,16,3,CombBLAS-profile,wall,internal_cleanup,3.3969999999999998e-06,0
amazon0312.mtx,16,3,CombBLAS-profile,wall,return_cleanup,3.3759999999999999e-06,0
amazon0312.mtx,16,3,CombBLAS-profile,wall,output_free,9.1200000000000001e-07,0
amazon0312.mtx,16,3,DCSC-profile,wall,total,0.087603263000000001,0
amazon0312.mtx,16,3,DCSC-profile,wall,validate,6.4199999999999995e-07,0
amazon0312.mtx,16,3,DCSC-profile,wall,lookup_build,2.8000000000000002e-07,0
amazon0312.mtx,16,3,DCSC-profile,wall,scratch_setup,0.001169984,0
amazon0312.mtx,16,3,DCSC-profile,wall,work_bound,0.0011963150000000001,0
amazon0312.mtx,16,3,DCSC-profile,wall,symbolic_capacity,0.0033147879999999999,0
amazon0312.mtx,16,3,DCSC-profile,wall,symbolic,0.016121383,0
amazon0312.mtx,16,3,DCSC-profile,wall,prefix_numeric_capacity,0.00054284099999999996,0
amazon0312.mtx,16,3,DCSC-profile,wall,output_allocate,0.012764373000000001,0
amazon0312.mtx,16,3,DCSC-profile,wall,numeric,0.052489450999999999,0
amazon0312.mtx,16,3,DCSC-profile,wall,return_cleanup,1.623e-06,0
amazon0312.mtx,16,3,DCSC-profile,wall,output_free,1.513e-06,0
amazon0312.mtx,16,3,CSC-profile,wall,total,0.086739626,0
amazon0312.mtx,16,3,CSC-profile,wall,validate,6.3099999999999997e-07,0
amazon0312.mtx,16,3,CSC-profile,wall,lookup_build,4.0000000000000001e-08,0
amazon0312.mtx,16,3,CSC-profile,wall,scratch_setup,0.001369948,0
amazon0312.mtx,16,3,CSC-profile,wall,work_bound,0.0010835179999999999,0
amazon0312.mtx,16,3,CSC-profile,wall,symbolic_capacity,0.003260424,0
amazon0312.mtx,16,3,CSC-profile,wall,symbolic,0.016095323000000002,0
amazon0312.mtx,16,3,CSC-profile,wall,prefix_numeric_capacity,0.00056340999999999997,0
amazon0312.mtx,16,3,CSC-profile,wall,output_allocate,0.01204796,0
amazon0312.mtx,16,3,CSC-profile,wall,numeric,0.052315726999999999,0
amazon0312.mtx,16,3,CSC-profile,wall,return_cleanup,1.6029999999999999e-06,0
amazon0312.mtx,16,3,CSC-profile,wall,output_free,9.8200000000000008e-07,0
amazon0312.mtx,16,4,DCSC-profile,wall,total,0.087483783999999995,0
amazon0312.mtx,16,4,DCSC-profile,wall,validate,4.6100000000000001e-07,0
amazon0312.mtx,16,4,DCSC-profile,wall,lookup_build,2.7099999999999998e-07,0
amazon0312.mtx,16,4,DCSC-profile,wall,scratch_setup,0.0012368520000000001,0
amazon0312.mtx,16,4,DCSC-profile,wall,work_bound,0.0011897120000000001,0
amazon0312.mtx,16,4,DCSC-profile,wall,symbolic_capacity,0.0034506789999999999,0
amazon0312.mtx,16,4,DCSC-profile,wall,symbolic,0.016063231000000001,0
amazon0312.mtx,16,4,DCSC-profile,wall,prefix_numeric_capacity,0.00052982599999999995,0
amazon0312.mtx,16,4,DCSC-profile,wall,output_allocate,0.012669341000000001,0
amazon0312.mtx,16,4,DCSC-profile,wall,numeric,0.052339964000000003,0
amazon0312.mtx,16,4,DCSC-profile,wall,return_cleanup,1.6729999999999999e-06,0
amazon0312.mtx,16,4,DCSC-profile,wall,output_free,1.7129999999999999e-06,0
amazon0312.mtx,16,4,CombBLAS-profile,wall,total,0.25793764299999999,0
amazon0312.mtx,16,4,CombBLAS-profile,wall,lookup_build,0.00031973400000000001,0
amazon0312.mtx,16,4,CombBLAS-profile,wall,thread_setup,8.5459999999999992e-06,0
amazon0312.mtx,16,4,CombBLAS-profile,wall,work_bound,0.010008067000000001,0
amazon0312.mtx,16,4,CombBLAS-profile,wall,work_prefix,0.000165086,0
amazon0312.mtx,16,4,CombBLAS-profile,wall,symbolic,0.048154015000000001,0
amazon0312.mtx,16,4,CombBLAS-profile,wall,output_prefix,0.00023645400000000001,0
amazon0312.mtx,16,4,CombBLAS-profile,wall,output_allocate,0.018245757000000001,0
amazon0312.mtx,16,4,CombBLAS-profile,wall,numeric_scratch_setup,0.0037882660000000002,0
amazon0312.mtx,16,4,CombBLAS-profile,wall,numeric,0.17700403300000001,0
amazon0312.mtx,16,4,CombBLAS-profile,wall,internal_cleanup,3.6270000000000002e-06,0
amazon0312.mtx,16,4,CombBLAS-profile,wall,return_cleanup,3.2260000000000001e-06,0
amazon0312.mtx,16,4,CombBLAS-profile,wall,output_free,7.7100000000000001e-07,0
amazon0312.mtx,16,4,DCSC-sampled,wall,total,0.087786804999999996,0
amazon0312.mtx,16,4,DCSC-sampled,wall,validate,6.61e-07,0
amazon0312.mtx,16,4,DCSC-sampled,wall,lookup_build,4.9999999999999998e-08,0
amazon0312.mtx,16,4,DCSC-sampled,wall,scratch_setup,0.001186365,0
amazon0312.mtx,16,4,DCSC-sampled,wall,work_bound,0.0011994309999999999,0
amazon0312.mtx,16,4,DCSC-sampled,wall,symbolic_capacity,0.0033051500000000002,0
amazon0312.mtx,16,4,DCSC-sampled,wall,symbolic,0.016133966,0
amazon0312.mtx,16,4,DCSC-sampled,wall,prefix_numeric_capacity,0.00055752000000000004,0
amazon0312.mtx,16,4,DCSC-sampled,wall,output_allocate,0.01277875,0
amazon0312.mtx,16,4,DCSC-sampled,wall,numeric,0.052620912999999998,0
amazon0312.mtx,16,4,DCSC-sampled,wall,return_cleanup,2.0439999999999998e-06,0
amazon0312.mtx,16,4,DCSC-sampled,wall,output_free,1.894e-06,0
amazon0312.mtx,16,4,DCSC-sampled,sampled_worker,lookup,0,8349
amazon0312.mtx,16,4,DCSC-sampled,sampled_worker,alloc_init,0.00066260100000000127,8349
amazon0312.mtx,16,4,DCSC-sampled,sampled_worker,lookup_multiply_hash,0.0088773399999999992,8349
amazon0312.mtx,16,4,DCSC-sampled,sampled_worker,compact,0.0015901349999999979,8349
amazon0312.mtx,16,4,DCSC-sampled,sampled_worker,sort,0.0068908939999999981,8349
amazon0312.mtx,16,4,DCSC-sampled,sampled_worker,write,0.00078969800000000155,8349
amazon0312.mtx,16,4,DCSC-sampled,sampled_worker,scratch_free,0.00040685799999999844,8349
amazon0312.mtx,16,4,CombBLAS-sampled,wall,total,0.258231025,0
amazon0312.mtx,16,4,CombBLAS-sampled,wall,lookup_build,0.000320966,0
amazon0312.mtx,16,4,CombBLAS-sampled,wall,thread_setup,9.4069999999999999e-06,0
amazon0312.mtx,16,4,CombBLAS-sampled,wall,work_bound,0.010267034,0
amazon0312.mtx,16,4,CombBLAS-sampled,wall,work_prefix,0.00018169799999999999,0
amazon0312.mtx,16,4,CombBLAS-sampled,wall,symbolic,0.047898505000000001,0
amazon0312.mtx,16,4,CombBLAS-sampled,wall,output_prefix,0.00023672400000000001,0
amazon0312.mtx,16,4,CombBLAS-sampled,wall,output_allocate,0.018240646999999999,0
amazon0312.mtx,16,4,CombBLAS-sampled,wall,numeric_scratch_setup,0.0039656270000000002,0
amazon0312.mtx,16,4,CombBLAS-sampled,wall,numeric,0.17710295200000001,0
amazon0312.mtx,16,4,CombBLAS-sampled,wall,internal_cleanup,3.687e-06,0
amazon0312.mtx,16,4,CombBLAS-sampled,wall,return_cleanup,2.9459999999999998e-06,0
amazon0312.mtx,16,4,CombBLAS-sampled,wall,output_free,7.7199999999999998e-07,0
amazon0312.mtx,16,4,CombBLAS-sampled,sampled_worker,lookup,0.0021574419999999999,8349
amazon0312.mtx,16,4,CombBLAS-sampled,sampled_worker,alloc_init,0.000882401,8349
amazon0312.mtx,16,4,CombBLAS-sampled,sampled_worker,lookup_multiply_hash,0.0087454030000000023,8349
amazon0312.mtx,16,4,CombBLAS-sampled,sampled_worker,compact,0.0016147979999999993,8349
amazon0312.mtx,16,4,CombBLAS-sampled,sampled_worker,sort,0.0069443929999999992,8349
amazon0312.mtx,16,4,CombBLAS-sampled,sampled_worker,write,0.00076480500000000002,8349
amazon0312.mtx,16,4,CombBLAS-sampled,sampled_worker,scratch_free,0.00041587499999999828,8349
amazon0312.mtx,16,4,CombBLAS-conversion,wall,total,0.31098636600000001,0
amazon0312.mtx,16,4,CombBLAS-conversion,wall,native_call,0.25601312100000001,0
amazon0312.mtx,16,4,CombBLAS-conversion,wall,tuple_to_dcsc,0.054969127,0
amazon0312.mtx,16,4,CombBLAS-conversion,wall,dcsc_free,3.3060000000000002e-06,0
amazon0312.mtx,16,4,CombBLAS-conversion,wall,output_free,7.5199999999999996e-07,0
amazon0312.mtx,16,4,DCSC-dense-lookup,wall,total,0.087287286000000006,0
amazon0312.mtx,16,4,DCSC-dense-lookup,wall,native_call_and_free,0.087286985999999997,0
amazon0312.mtx,16,4,DCSC-static,wall,total,0.22680874400000001,0
amazon0312.mtx,16,4,DCSC-static,wall,native_call_and_free,0.22680824299999999,0
amazon0312.mtx,16,4,DCSC-dense-static,wall,total,0.22591428699999999,0
amazon0312.mtx,16,4,DCSC-dense-static,wall,native_call_and_free,0.22591397699999999,0
amazon0312.mtx,16,4,Tuples-control,wall,total,0.093609482999999993,0
amazon0312.mtx,16,4,Tuples-control,wall,native_call_and_free,0.093608761999999998,0
amazon0312.mtx,16,4,Tuples-profile,wall,total,0.094639899999999999,0
amazon0312.mtx,16,4,Tuples-profile,wall,validate,2.7099999999999998e-07,0
amazon0312.mtx,16,4,Tuples-profile,wall,lookup_build,2.9999999999999997e-08,0
amazon0312.mtx,16,4,Tuples-profile,wall,scratch_setup,0.0012310209999999999,0
amazon0312.mtx,16,4,Tuples-profile,wall,work_bound,0.00096942899999999995,0
amazon0312.mtx,16,4,Tuples-profile,wall,symbolic_capacity,0.0032747119999999999,0
amazon0312.mtx,16,4,Tuples-profile,wall,symbolic,0.016294464000000002,0
amazon0312.mtx,16,4,Tuples-profile,wall,prefix_numeric_capacity,0.00055655799999999997,0
amazon0312.mtx,16,4,Tuples-profile,wall,output_allocate,0.018528039,0
amazon0312.mtx,16,4,Tuples-profile,wall,numeric,0.053782750999999997,0
amazon0312.mtx,16,4,Tuples-profile,wall,return_cleanup,2.074e-06,0
amazon0312.mtx,16,4,Tuples-profile,wall,output_free,4.9100000000000004e-07,0
amazon0312.mtx,16,4,CSC-control,wall,total,0.086329098000000007,0
amazon0312.mtx,16,4,CSC-control,wall,native_call_and_free,0.086328818000000002,0
amazon0312.mtx,16,4,DCSC-control,wall,total,0.088812583,0
amazon0312.mtx,16,4,DCSC-control,wall,native_call_and_free,0.088812002000000001,0
amazon0312.mtx,16,4,CombBLAS-control,wall,total,0.25614644600000003,0
amazon0312.mtx,16,4,CombBLAS-control,wall,native_call_and_free,0.256145915,0
amazon0312.mtx,16,4,CSC-profile,wall,total,0.086617981999999996,0
amazon0312.mtx,16,4,CSC-profile,wall,validate,9.02e-07,0
amazon0312.mtx,16,4,CSC-profile,wall,lookup_build,4.0000000000000001e-08,0
amazon0312.mtx,16,4,CSC-profile,wall,scratch_setup,0.001240379,0
amazon0312.mtx,16,4,CSC-profile,wall,work_bound,0.001132753,0
amazon0312.mtx,16,4,CSC-profile,wall,symbolic_capacity,0.0032479700000000002,0
amazon0312.mtx,16,4,CSC-profile,wall,symbolic,0.016078459999999999,0
amazon0312.mtx,16,4,CSC-profile,wall,prefix_numeric_capacity,0.00053419399999999999,0
amazon0312.mtx,16,4,CSC-profile,wall,output_allocate,0.012052498,0
amazon0312.mtx,16,4,CSC-profile,wall,numeric,0.05232759,0
amazon0312.mtx,16,4,CSC-profile,wall,return_cleanup,1.854e-06,0
amazon0312.mtx,16,4,CSC-profile,wall,output_free,1.283e-06,0
amazon0312.mtx,16,5,DCSC-profile,wall,total,0.087686071000000004,0
amazon0312.mtx,16,5,DCSC-profile,wall,validate,4.51e-07,0
amazon0312.mtx,16,5,DCSC-profile,wall,lookup_build,2.8000000000000002e-07,0
amazon0312.mtx,16,5,DCSC-profile,wall,scratch_setup,0.001279404,0
amazon0312.mtx,16,5,DCSC-profile,wall,work_bound,0.0011880689999999999,0
amazon0312.mtx,16,5,DCSC-profile,wall,symbolic_capacity,0.0034937219999999999,0
amazon0312.mtx,16,5,DCSC-profile,wall,symbolic,0.016044545,0
amazon0312.mtx,16,5,DCSC-profile,wall,prefix_numeric_capacity,0.00052106899999999998,0
amazon0312.mtx,16,5,DCSC-profile,wall,output_allocate,0.012725489,0
amazon0312.mtx,16,5,DCSC-profile,wall,numeric,0.052430057000000002,0
amazon0312.mtx,16,5,DCSC-profile,wall,return_cleanup,1.142e-06,0
amazon0312.mtx,16,5,DCSC-profile,wall,output_free,1.7829999999999999e-06,0
amazon0312.mtx,16,5,CSC-profile,wall,total,0.086599366999999997,0
amazon0312.mtx,16,5,CSC-profile,wall,validate,4.2100000000000002e-07,0
amazon0312.mtx,16,5,CSC-profile,wall,lookup_build,2.9999999999999997e-08,0
amazon0312.mtx,16,5,CSC-profile,wall,scratch_setup,0.001190974,0
amazon0312.mtx,16,5,CSC-profile,wall,work_bound,0.0010931669999999999,0
amazon0312.mtx,16,5,CSC-profile,wall,symbolic_capacity,0.003244373,0
amazon0312.mtx,16,5,CSC-profile,wall,symbolic,0.016223118000000002,0
amazon0312.mtx,16,5,CSC-profile,wall,prefix_numeric_capacity,0.00054568699999999999,0
amazon0312.mtx,16,5,CSC-profile,wall,output_allocate,0.012016438000000001,0
amazon0312.mtx,16,5,CSC-profile,wall,numeric,0.052281933000000003,0
amazon0312.mtx,16,5,CSC-profile,wall,return_cleanup,1.823e-06,0
amazon0312.mtx,16,5,CSC-profile,wall,output_free,1.3430000000000001e-06,0
amazon0312.mtx,16,5,CombBLAS-control,wall,total,0.255847302,0
amazon0312.mtx,16,5,CombBLAS-control,wall,native_call_and_free,0.25584658100000002,0
amazon0312.mtx,16,5,DCSC-control,wall,total,0.088417093000000002,0
amazon0312.mtx,16,5,DCSC-control,wall,native_call_and_free,0.088416803000000002,0
amazon0312.mtx,16,5,CSC-control,wall,total,0.086492833000000005,0
amazon0312.mtx,16,5,CSC-control,wall,native_call_and_free,0.086492511999999994,0
amazon0312.mtx,16,5,Tuples-profile,wall,total,0.094702901000000006,0
amazon0312.mtx,16,5,Tuples-profile,wall,validate,6.8199999999999999e-07,0
amazon0312.mtx,16,5,Tuples-profile,wall,lookup_build,2.6e-07,0
amazon0312.mtx,16,5,Tuples-profile,wall,scratch_setup,0.0011270620000000001,0
amazon0312.mtx,16,5,Tuples-profile,wall,work_bound,0.001151118,0
amazon0312.mtx,16,5,Tuples-profile,wall,symbolic_capacity,0.0034061830000000001,0
amazon0312.mtx,16,5,Tuples-profile,wall,symbolic,0.016357275000000001,0
amazon0312.mtx,16,5,Tuples-profile,wall,prefix_numeric_capacity,0.00051621100000000004,0
amazon0312.mtx,16,5,Tuples-profile,wall,output_allocate,0.018496848999999999,0
amazon0312.mtx,16,5,Tuples-profile,wall,numeric,0.053645267000000003,0
amazon0312.mtx,16,5,Tuples-profile,wall,return_cleanup,1.463e-06,0
amazon0312.mtx,16,5,Tuples-profile,wall,output_free,4.6100000000000001e-07,0
amazon0312.mtx,16,5,Tuples-control,wall,total,0.093734131999999998,0
amazon0312.mtx,16,5,Tuples-control,wall,native_call_and_free,0.093733610999999994,0
amazon0312.mtx,16,5,DCSC-dense-static,wall,total,0.224734936,0
amazon0312.mtx,16,5,DCSC-dense-static,wall,native_call_and_free,0.22473463499999999,0
amazon0312.mtx,16,5,DCSC-static,wall,total,0.22806712700000001,0
amazon0312.mtx,16,5,DCSC-static,wall,native_call_and_free,0.22806659600000001,0
amazon0312.mtx,16,5,DCSC-dense-lookup,wall,total,0.087437675000000006,0
amazon0312.mtx,16,5,DCSC-dense-lookup,wall,native_call_and_free,0.087437364000000004,0
amazon0312.mtx,16,5,CombBLAS-conversion,wall,total,0.31108549499999999,0
amazon0312.mtx,16,5,CombBLAS-conversion,wall,native_call,0.25608720299999999,0
amazon0312.mtx,16,5,CombBLAS-conversion,wall,tuple_to_dcsc,0.054994184000000002,0
amazon0312.mtx,16,5,CombBLAS-conversion,wall,dcsc_free,3.0860000000000002e-06,0
amazon0312.mtx,16,5,CombBLAS-conversion,wall,output_free,9.5199999999999995e-07,0
amazon0312.mtx,16,5,CombBLAS-sampled,wall,total,0.25861941999999999,0
amazon0312.mtx,16,5,CombBLAS-sampled,wall,lookup_build,0.00085211499999999997,0
amazon0312.mtx,16,5,CombBLAS-sampled,wall,thread_setup,1.1752e-05,0
amazon0312.mtx,16,5,CombBLAS-sampled,wall,work_bound,0.0099628100000000008,0
amazon0312.mtx,16,5,CombBLAS-sampled,wall,work_prefix,0.00016866299999999999,0
amazon0312.mtx,16,5,CombBLAS-sampled,wall,symbolic,0.047907452000000003,0
amazon0312.mtx,16,5,CombBLAS-sampled,wall,output_prefix,0.00021274799999999999,0
amazon0312.mtx,16,5,CombBLAS-sampled,wall,output_allocate,0.018197365,0
amazon0312.mtx,16,5,CombBLAS-sampled,wall,numeric_scratch_setup,0.0039409689999999999,0
amazon0312.mtx,16,5,CombBLAS-sampled,wall,numeric,0.177357871,0
amazon0312.mtx,16,5,CombBLAS-sampled,wall,internal_cleanup,4.2989999999999998e-06,0
amazon0312.mtx,16,5,CombBLAS-sampled,wall,return_cleanup,2.7650000000000002e-06,0
amazon0312.mtx,16,5,CombBLAS-sampled,wall,output_free,5.51e-07,0
amazon0312.mtx,16,5,CombBLAS-sampled,sampled_worker,lookup,0.0021528089999999995,8349
amazon0312.mtx,16,5,CombBLAS-sampled,sampled_worker,alloc_init,0.00088751200000000002,8349
amazon0312.mtx,16,5,CombBLAS-sampled,sampled_worker,lookup_multiply_hash,0.0087779800000000012,8349
amazon0312.mtx,16,5,CombBLAS-sampled,sampled_worker,compact,0.0016257240000000003,8349
amazon0312.mtx,16,5,CombBLAS-sampled,sampled_worker,sort,0.0069989099999999997,8349
amazon0312.mtx,16,5,CombBLAS-sampled,sampled_worker,write,0.000767937,8349
amazon0312.mtx,16,5,CombBLAS-sampled,sampled_worker,scratch_free,0.00040700899999999838,8349
amazon0312.mtx,16,5,DCSC-sampled,wall,total,0.087837942000000002,0
amazon0312.mtx,16,5,DCSC-sampled,wall,validate,6.8199999999999999e-07,0
amazon0312.mtx,16,5,DCSC-sampled,wall,lookup_build,4.7999999999999996e-07,0
amazon0312.mtx,16,5,DCSC-sampled,wall,scratch_setup,0.001218748,0
amazon0312.mtx,16,5,DCSC-sampled,wall,work_bound,0.001212105,0
amazon0312.mtx,16,5,DCSC-sampled,wall,symbolic_capacity,0.0033118319999999998,0
amazon0312.mtx,16,5,DCSC-sampled,wall,symbolic,0.01610953,0
amazon0312.mtx,16,5,DCSC-sampled,wall,prefix_numeric_capacity,0.00055137800000000005,0
amazon0312.mtx,16,5,DCSC-sampled,wall,output_allocate,0.012779763,0
amazon0312.mtx,16,5,DCSC-sampled,wall,numeric,0.052649546999999998,0
amazon0312.mtx,16,5,DCSC-sampled,wall,return_cleanup,2.2350000000000002e-06,0
amazon0312.mtx,16,5,DCSC-sampled,wall,output_free,1.5829999999999999e-06,0
amazon0312.mtx,16,5,DCSC-sampled,sampled_worker,lookup,0,8349
amazon0312.mtx,16,5,DCSC-sampled,sampled_worker,alloc_init,0.00066317800000000114,8349
amazon0312.mtx,16,5,DCSC-sampled,sampled_worker,lookup_multiply_hash,0.0089003919999999966,8349
amazon0312.mtx,16,5,DCSC-sampled,sampled_worker,compact,0.0015780259999999982,8349
amazon0312.mtx,16,5,DCSC-sampled,sampled_worker,sort,0.0069133779999999995,8349
amazon0312.mtx,16,5,DCSC-sampled,sampled_worker,write,0.00077309400000000162,8349
amazon0312.mtx,16,5,DCSC-sampled,sampled_worker,scratch_free,0.00040919599999999845,8349
amazon0312.mtx,16,5,CombBLAS-profile,wall,total,0.258028867,0
amazon0312.mtx,16,5,CombBLAS-profile,wall,lookup_build,0.00032204800000000002,0
amazon0312.mtx,16,5,CombBLAS-profile,wall,thread_setup,9.9590000000000007e-06,0
amazon0312.mtx,16,5,CombBLAS-profile,wall,work_bound,0.010167001,0
amazon0312.mtx,16,5,CombBLAS-profile,wall,work_prefix,0.000179004,0
amazon0312.mtx,16,5,CombBLAS-profile,wall,symbolic,0.047815465000000001,0
amazon0312.mtx,16,5,CombBLAS-profile,wall,output_prefix,0.00024043099999999999,0
amazon0312.mtx,16,5,CombBLAS-profile,wall,output_allocate,0.018219176,0
amazon0312.mtx,16,5,CombBLAS-profile,wall,numeric_scratch_setup,0.0038997599999999999,0
amazon0312.mtx,16,5,CombBLAS-profile,wall,numeric,0.17716832800000001,0
amazon0312.mtx,16,5,CombBLAS-profile,wall,internal_cleanup,3.337e-06,0
amazon0312.mtx,16,5,CombBLAS-profile,wall,return_cleanup,3.557e-06,0
amazon0312.mtx,16,5,CombBLAS-profile,wall,output_free,7.4099999999999998e-07,0
amazon0312.mtx,16,6,DCSC-sampled,wall,total,0.087719235000000007,0
amazon0312.mtx,16,6,DCSC-sampled,wall,validate,7.92e-07,0
amazon0312.mtx,16,6,DCSC-sampled,wall,lookup_build,2.9999999999999999e-07,0
amazon0312.mtx,16,6,DCSC-sampled,wall,scratch_setup,0.0012158519999999999,0
amazon0312.mtx,16,6,DCSC-sampled,wall,work_bound,0.001197938,0
amazon0312.mtx,16,6,DCSC-sampled,wall,symbolic_capacity,0.0033207089999999998,0
amazon0312.mtx,16,6,DCSC-sampled,wall,symbolic,0.016108788999999998,0
amazon0312.mtx,16,6,DCSC-sampled,wall,prefix_numeric_capacity,0.00055184799999999997,0
amazon0312.mtx,16,6,DCSC-sampled,wall,output_allocate,0.012680412,0
amazon0312.mtx,16,6,DCSC-sampled,wall,numeric,0.052638798000000001,0
amazon0312.mtx,16,6,DCSC-sampled,wall,return_cleanup,2.0439999999999998e-06,0
amazon0312.mtx,16,6,DCSC-sampled,wall,output_free,1.683e-06,0
amazon0312.mtx,16,6,DCSC-sampled,sampled_worker,lookup,0,8349
amazon0312.mtx,16,6,DCSC-sampled,sampled_worker,alloc_init,0.00066365400000000115,8349
amazon0312.mtx,16,6,DCSC-sampled,sampled_worker,lookup_multiply_hash,0.0088764289999999982,8349
amazon0312.mtx,16,6,DCSC-sampled,sampled_worker,compact,0.0015757049999999982,8349
amazon0312.mtx,16,6,DCSC-sampled,sampled_worker,sort,0.0069193589999999965,8349
amazon0312.mtx,16,6,DCSC-sampled,sampled_worker,write,0.00076692400000000129,8349
amazon0312.mtx,16,6,DCSC-sampled,sampled_worker,scratch_free,0.00041991199999999836,8349
amazon0312.mtx,16,6,CombBLAS-sampled,wall,total,0.25766396699999999,0
amazon0312.mtx,16,6,CombBLAS-sampled,wall,lookup_build,0.00033861900000000002,0
amazon0312.mtx,16,6,CombBLAS-sampled,wall,thread_setup,1.006e-05,0
amazon0312.mtx,16,6,CombBLAS-sampled,wall,work_bound,0.010042723,0
amazon0312.mtx,16,6,CombBLAS-sampled,wall,work_prefix,0.00018368200000000001,0
amazon0312.mtx,16,6,CombBLAS-sampled,wall,symbolic,0.047859569999999997,0
amazon0312.mtx,16,6,CombBLAS-sampled,wall,output_prefix,0.000239409,0
amazon0312.mtx,16,6,CombBLAS-sampled,wall,output_allocate,0.018368162,0
amazon0312.mtx,16,6,CombBLAS-sampled,wall,numeric_scratch_setup,0.0037719450000000001,0
amazon0312.mtx,16,6,CombBLAS-sampled,wall,numeric,0.17684207199999999,0
amazon0312.mtx,16,6,CombBLAS-sampled,wall,internal_cleanup,3.738e-06,0
amazon0312.mtx,16,6,CombBLAS-sampled,wall,return_cleanup,3.1350000000000001e-06,0
amazon0312.mtx,16,6,CombBLAS-sampled,wall,output_free,7.6199999999999997e-07,0
amazon0312.mtx,16,6,CombBLAS-sampled,sampled_worker,lookup,0.0021406790000000004,8349
amazon0312.mtx,16,6,CombBLAS-sampled,sampled_worker,alloc_init,0.00087971199999999973,8349
amazon0312.mtx,16,6,CombBLAS-sampled,sampled_worker,lookup_multiply_hash,0.008778204999999999,8349
amazon0312.mtx,16,6,CombBLAS-sampled,sampled_worker,compact,0.0016165359999999998,8349
amazon0312.mtx,16,6,CombBLAS-sampled,sampled_worker,sort,0.0069890379999999995,8349
amazon0312.mtx,16,6,CombBLAS-sampled,sampled_worker,write,0.00076217600000000004,8349
amazon0312.mtx,16,6,CombBLAS-sampled,sampled_worker,scratch_free,0.00041682699999999825,8349
amazon0312.mtx,16,6,CombBLAS-conversion,wall,total,0.31108150800000001,0
amazon0312.mtx,16,6,CombBLAS-conversion,wall,native_call,0.256218004,0
amazon0312.mtx,16,6,CombBLAS-conversion,wall,tuple_to_dcsc,0.054860007000000002,0
amazon0312.mtx,16,6,CombBLAS-conversion,wall,dcsc_free,2.6960000000000001e-06,0
amazon0312.mtx,16,6,CombBLAS-conversion,wall,output_free,7.3099999999999997e-07,0
amazon0312.mtx,16,6,DCSC-dense-lookup,wall,total,0.087367420000000001,0
amazon0312.mtx,16,6,DCSC-dense-lookup,wall,native_call_and_free,0.087367139999999996,0
amazon0312.mtx,16,6,DCSC-static,wall,total,0.22730456499999999,0
amazon0312.mtx,16,6,DCSC-static,wall,native_call_and_free,0.22730425500000001,0
amazon0312.mtx,16,6,DCSC-dense-static,wall,total,0.225158579,0
amazon0312.mtx,16,6,DCSC-dense-static,wall,native_call_and_free,0.225158267,0
amazon0312.mtx,16,6,Tuples-control,wall,total,0.093830888000000001,0
amazon0312.mtx,16,6,Tuples-control,wall,native_call_and_free,0.093830357000000003,0
amazon0312.mtx,16,6,Tuples-profile,wall,total,0.094635741999999995,0
amazon0312.mtx,16,6,Tuples-profile,wall,validate,4.4999999999999998e-07,0
amazon0312.mtx,16,6,Tuples-profile,wall,lookup_build,2.8099999999999999e-07,0
amazon0312.mtx,16,6,Tuples-profile,wall,scratch_setup,0.001298731,0
amazon0312.mtx,16,6,Tuples-profile,wall,work_bound,0.00095756699999999999,0
amazon0312.mtx,16,6,Tuples-profile,wall,symbolic_capacity,0.0033391549999999999,0
amazon0312.mtx,16,6,Tuples-profile,wall,symbolic,0.016309081999999999,0
amazon0312.mtx,16,6,Tuples-profile,wall,prefix_numeric_capacity,0.00054719000000000002,0
amazon0312.mtx,16,6,Tuples-profile,wall,output_allocate,0.018429839999999999,0
amazon0312.mtx,16,6,Tuples-profile,wall,numeric,0.053751502,0
amazon0312.mtx,16,6,Tuples-profile,wall,return_cleanup,1.3820000000000001e-06,0
amazon0312.mtx,16,6,Tuples-profile,wall,output_free,5.0100000000000005e-07,0
amazon0312.mtx,16,6,CSC-control,wall,total,0.086438608,0
amazon0312.mtx,16,6,CSC-control,wall,native_call_and_free,0.086438297999999997,0
amazon0312.mtx,16,6,DCSC-control,wall,total,0.088562443000000005,0
amazon0312.mtx,16,6,DCSC-control,wall,native_call_and_free,0.088562152000000005,0
amazon0312.mtx,16,6,CombBLAS-control,wall,total,0.25563743,0
amazon0312.mtx,16,6,CombBLAS-control,wall,native_call_and_free,0.25563688899999998,0
amazon0312.mtx,16,6,CSC-profile,wall,total,0.086576954999999997,0
amazon0312.mtx,16,6,CSC-profile,wall,validate,7.0100000000000004e-07,0
amazon0312.mtx,16,6,CSC-profile,wall,lookup_build,4.0000000000000001e-08,0
amazon0312.mtx,16,6,CSC-profile,wall,scratch_setup,0.0012445469999999999,0
amazon0312.mtx,16,6,CSC-profile,wall,work_bound,0.001133003,0
amazon0312.mtx,16,6,CSC-profile,wall,symbolic_capacity,0.0032611760000000002,0
amazon0312.mtx,16,6,CSC-profile,wall,symbolic,0.016081095,0
amazon0312.mtx,16,6,CSC-profile,wall,prefix_numeric_capacity,0.00052667999999999997,0
amazon0312.mtx,16,6,CSC-profile,wall,output_allocate,0.012045564999999999,0
amazon0312.mtx,16,6,CSC-profile,wall,numeric,0.052281611999999998,0
amazon0312.mtx,16,6,CSC-profile,wall,return_cleanup,1.432e-06,0
amazon0312.mtx,16,6,CSC-profile,wall,output_free,1.0419999999999999e-06,0
amazon0312.mtx,16,6,DCSC-profile,wall,total,0.087721227999999998,0
amazon0312.mtx,16,6,DCSC-profile,wall,validate,6.4099999999999998e-07,0
amazon0312.mtx,16,6,DCSC-profile,wall,lookup_build,4.4099999999999999e-07,0
amazon0312.mtx,16,6,DCSC-profile,wall,scratch_setup,0.001287299,0
amazon0312.mtx,16,6,DCSC-profile,wall,work_bound,0.0011854140000000001,0
amazon0312.mtx,16,6,DCSC-profile,wall,symbolic_capacity,0.0034872390000000001,0
amazon0312.mtx,16,6,DCSC-profile,wall,symbolic,0.016035838,0
amazon0312.mtx,16,6,DCSC-profile,wall,prefix_numeric_capacity,0.00054283100000000002,0
amazon0312.mtx,16,6,DCSC-profile,wall,output_allocate,0.012746810000000001,0
amazon0312.mtx,16,6,DCSC-profile,wall,numeric,0.052430938000000003,0
amazon0312.mtx,16,6,DCSC-profile,wall,return_cleanup,2.074e-06,0
amazon0312.mtx,16,6,DCSC-profile,wall,output_free,1.643e-06,0
amazon0312.mtx,16,6,CombBLAS-profile,wall,total,0.25840020899999999,0
amazon0312.mtx,16,6,CombBLAS-profile,wall,lookup_build,0.00031994400000000001,0
amazon0312.mtx,16,6,CombBLAS-profile,wall,thread_setup,1.0530000000000001e-05,0
amazon0312.mtx,16,6,CombBLAS-profile,wall,work_bound,0.010129189,0
amazon0312.mtx,16,6,CombBLAS-profile,wall,work_prefix,0.00017211,0
amazon0312.mtx,16,6,CombBLAS-profile,wall,symbolic,0.047951505999999998,0
amazon0312.mtx,16,6,CombBLAS-profile,wall,output_prefix,0.00024253499999999999,0
amazon0312.mtx,16,6,CombBLAS-profile,wall,output_allocate,0.018276006000000001,0
amazon0312.mtx,16,6,CombBLAS-profile,wall,numeric_scratch_setup,0.0041506410000000001,0
amazon0312.mtx,16,6,CombBLAS-profile,wall,numeric,0.17714016399999999,0
amazon0312.mtx,16,6,CombBLAS-profile,wall,internal_cleanup,3.8970000000000001e-06,0
amazon0312.mtx,16,6,CombBLAS-profile,wall,return_cleanup,2.8959999999999999e-06,0
amazon0312.mtx,16,6,CombBLAS-profile,wall,output_free,7.3099999999999997e-07,0
amazon0312.mtx,16,7,DCSC-sampled,wall,total,0.087759962999999996,0
amazon0312.mtx,16,7,DCSC-sampled,wall,validate,6.61e-07,0
amazon0312.mtx,16,7,DCSC-sampled,wall,lookup_build,5.1e-08,0
amazon0312.mtx,16,7,DCSC-sampled,wall,scratch_setup,0.0012185570000000001,0
amazon0312.mtx,16,7,DCSC-sampled,wall,work_bound,0.001197126,0
amazon0312.mtx,16,7,DCSC-sampled,wall,symbolic_capacity,0.0033042380000000001,0
amazon0312.mtx,16,7,DCSC-sampled,wall,symbolic,0.016154175,0
amazon0312.mtx,16,7,DCSC-sampled,wall,prefix_numeric_capacity,0.00054963500000000003,0
amazon0312.mtx,16,7,DCSC-sampled,wall,output_allocate,0.01271078,0
amazon0312.mtx,16,7,DCSC-sampled,wall,numeric,0.052621333999999999,0
amazon0312.mtx,16,7,DCSC-sampled,wall,return_cleanup,1.6929999999999999e-06,0
amazon0312.mtx,16,7,DCSC-sampled,wall,output_free,1.6530000000000001e-06,0
amazon0312.mtx,16,7,DCSC-sampled,sampled_worker,lookup,0,8349
amazon0312.mtx,16,7,DCSC-sampled,sampled_worker,alloc_init,0.00066246200000000103,8349
amazon0312.mtx,16,7,DCSC-sampled,sampled_worker,lookup_multiply_hash,0.0088677030000000011,8349
amazon0312.mtx,16,7,DCSC-sampled,sampled_worker,compact,0.0015870079999999985,8349
amazon0312.mtx,16,7,DCSC-sampled,sampled_worker,sort,0.0069341709999999994,8349
amazon0312.mtx,16,7,DCSC-sampled,sampled_worker,write,0.00077347500000000155,8349
amazon0312.mtx,16,7,DCSC-sampled,sampled_worker,scratch_free,0.00040937699999999848,8349
amazon0312.mtx,16,7,CombBLAS-profile,wall,total,0.25782858400000003,0
amazon0312.mtx,16,7,CombBLAS-profile,wall,lookup_build,0.00032025400000000001,0
amazon0312.mtx,16,7,CombBLAS-profile,wall,thread_setup,1.0821e-05,0
amazon0312.mtx,16,7,CombBLAS-profile,wall,work_bound,0.010021442,0
amazon0312.mtx,16,7,CombBLAS-profile,wall,work_prefix,0.00018045600000000001,0
amazon0312.mtx,16,7,CombBLAS-profile,wall,symbolic,0.047941958,0
amazon0312.mtx,16,7,CombBLAS-profile,wall,output_prefix,0.00024538099999999997,0
amazon0312.mtx,16,7,CombBLAS-profile,wall,output_allocate,0.018316051999999999,0
amazon0312.mtx,16,7,CombBLAS-profile,wall,numeric_scratch_setup,0.0039310400000000002,0
amazon0312.mtx,16,7,CombBLAS-profile,wall,numeric,0.17685382499999999,0
amazon0312.mtx,16,7,CombBLAS-profile,wall,internal_cleanup,3.907e-06,0
amazon0312.mtx,16,7,CombBLAS-profile,wall,return_cleanup,2.6649999999999999e-06,0
amazon0312.mtx,16,7,CombBLAS-profile,wall,output_free,7.2200000000000003e-07,0
amazon0312.mtx,16,7,DCSC-profile,wall,total,0.087680339999999996,0
amazon0312.mtx,16,7,DCSC-profile,wall,validate,6.61e-07,0
amazon0312.mtx,16,7,DCSC-profile,wall,lookup_build,2.9999999999999999e-07,0
amazon0312.mtx,16,7,DCSC-profile,wall,scratch_setup,0.001223006,0
amazon0312.mtx,16,7,DCSC-profile,wall,work_bound,0.0012012240000000001,0
amazon0312.mtx,16,7,DCSC-profile,wall,symbolic_capacity,0.0033062619999999999,0
amazon0312.mtx,16,7,DCSC-profile,wall,symbolic,0.016140288999999999,0
amazon0312.mtx,16,7,DCSC-profile,wall,prefix_numeric_capacity,0.00056590500000000001,0
amazon0312.mtx,16,7,DCSC-profile,wall,output_allocate,0.012772379,0
amazon0312.mtx,16,7,DCSC-profile,wall,numeric,0.052466525999999999,0
amazon0312.mtx,16,7,DCSC-profile,wall,return_cleanup,1.9939999999999999e-06,0
amazon0312.mtx,16,7,DCSC-profile,wall,output_free,1.734e-06,0
amazon0312.mtx,16,7,CSC-profile,wall,total,0.086488434000000003,0
amazon0312.mtx,16,7,CSC-profile,wall,validate,8.6199999999999996e-07,0
amazon0312.mtx,16,7,CSC-profile,wall,lookup_build,4.0000000000000001e-08,0
amazon0312.mtx,16,7,CSC-profile,wall,scratch_setup,0.001229909,0
amazon0312.mtx,16,7,CSC-profile,wall,work_bound,0.0010963329999999999,0
amazon0312.mtx,16,7,CSC-profile,wall,symbolic_capacity,0.0032120809999999999,0
amazon0312.mtx,16,7,CSC-profile,wall,symbolic,0.016077638000000002,0
amazon0312.mtx,16,7,CSC-profile,wall,prefix_numeric_capacity,0.00054251099999999997,0
amazon0312.mtx,16,7,CSC-profile,wall,output_allocate,0.012061344999999999,0
amazon0312.mtx,16,7,CSC-profile,wall,numeric,0.052264538999999999,0
amazon0312.mtx,16,7,CSC-profile,wall,return_cleanup,1.5829999999999999e-06,0
amazon0312.mtx,16,7,CSC-profile,wall,output_free,1.5430000000000001e-06,0
amazon0312.mtx,16,7,CombBLAS-control,wall,total,0.25607426900000002,0
amazon0312.mtx,16,7,CombBLAS-control,wall,native_call_and_free,0.25607376799999998,0
amazon0312.mtx,16,7,DCSC-control,wall,total,0.088503218999999994,0
amazon0312.mtx,16,7,DCSC-control,wall,native_call_and_free,0.088502938000000003,0
amazon0312.mtx,16,7,CSC-control,wall,total,0.086390326000000003,0
amazon0312.mtx,16,7,CSC-control,wall,native_call_and_free,0.086389986000000002,0
amazon0312.mtx,16,7,Tuples-profile,wall,total,0.094887073000000002,0
amazon0312.mtx,16,7,Tuples-profile,wall,validate,6.9100000000000003e-07,0
amazon0312.mtx,16,7,Tuples-profile,wall,lookup_build,4.7100000000000002e-07,0
amazon0312.mtx,16,7,Tuples-profile,wall,scratch_setup,0.001196555,0
amazon0312.mtx,16,7,Tuples-profile,wall,work_bound,0.0011568590000000001,0
amazon0312.mtx,16,7,Tuples-profile,wall,symbolic_capacity,0.0033337250000000001,0
amazon0312.mtx,16,7,Tuples-profile,wall,symbolic,0.016647281,0
amazon0312.mtx,16,7,Tuples-profile,wall,prefix_numeric_capacity,0.00051263399999999998,0
amazon0312.mtx,16,7,Tuples-profile,wall,output_allocate,0.018353563999999999,0
amazon0312.mtx,16,7,Tuples-profile,wall,numeric,0.053682999000000002,0
amazon0312.mtx,16,7,Tuples-profile,wall,return_cleanup,1.7230000000000001e-06,0
amazon0312.mtx,16,7,Tuples-profile,wall,output_free,4.9200000000000001e-07,0
amazon0312.mtx,16,7,Tuples-control,wall,total,0.093850274999999997,0
amazon0312.mtx,16,7,Tuples-control,wall,native_call_and_free,0.093849743999999999,0
amazon0312.mtx,16,7,DCSC-dense-static,wall,total,0.225032757,0
amazon0312.mtx,16,7,DCSC-dense-static,wall,native_call_and_free,0.225032446,0
amazon0312.mtx,16,7,DCSC-static,wall,total,0.22773216499999999,0
amazon0312.mtx,16,7,DCSC-static,wall,native_call_and_free,0.22773186400000001,0
amazon0312.mtx,16,7,DCSC-dense-lookup,wall,total,0.087382208000000003,0
amazon0312.mtx,16,7,DCSC-dense-lookup,wall,native_call_and_free,0.087381907999999994,0
amazon0312.mtx,16,7,CombBLAS-conversion,wall,total,0.31100393900000001,0
amazon0312.mtx,16,7,CombBLAS-conversion,wall,native_call,0.256222483,0
amazon0312.mtx,16,7,CombBLAS-conversion,wall,tuple_to_dcsc,0.054777187999999997,0
amazon0312.mtx,16,7,CombBLAS-conversion,wall,dcsc_free,3.4369999999999999e-06,0
amazon0312.mtx,16,7,CombBLAS-conversion,wall,output_free,7.7100000000000001e-07,0
amazon0312.mtx,16,7,CombBLAS-sampled,wall,total,0.25839846599999999,0
amazon0312.mtx,16,7,CombBLAS-sampled,wall,lookup_build,0.00081441200000000004,0
amazon0312.mtx,16,7,CombBLAS-sampled,wall,thread_setup,1.2914999999999999e-05,0
amazon0312.mtx,16,7,CombBLAS-sampled,wall,work_bound,0.010000060999999999,0
amazon0312.mtx,16,7,CombBLAS-sampled,wall,work_prefix,0.000178362,0
amazon0312.mtx,16,7,CombBLAS-sampled,wall,symbolic,0.047921739999999997,0
amazon0312.mtx,16,7,CombBLAS-sampled,wall,output_prefix,0.00021493200000000001,0
amazon0312.mtx,16,7,CombBLAS-sampled,wall,output_allocate,0.018170993999999999,0
amazon0312.mtx,16,7,CombBLAS-sampled,wall,numeric_scratch_setup,0.0037251749999999998,0
amazon0312.mtx,16,7,CombBLAS-sampled,wall,numeric,0.17735144899999999,0
amazon0312.mtx,16,7,CombBLAS-sampled,wall,internal_cleanup,4.4290000000000003e-06,0
amazon0312.mtx,16,7,CombBLAS-sampled,wall,return_cleanup,3.2059999999999999e-06,0
amazon0312.mtx,16,7,CombBLAS-sampled,wall,output_free,7.2099999999999996e-07,0
amazon0312.mtx,16,7,CombBLAS-sampled,sampled_worker,lookup,0.002146612999999999,8349
amazon0312.mtx,16,7,CombBLAS-sampled,sampled_worker,alloc_init,0.00088697499999999959,8349
amazon0312.mtx,16,7,CombBLAS-sampled,sampled_worker,lookup_multiply_hash,0.0087666189999999981,8349
amazon0312.mtx,16,7,CombBLAS-sampled,sampled_worker,compact,0.0016149060000000006,8349
amazon0312.mtx,16,7,CombBLAS-sampled,sampled_worker,sort,0.0069971559999999983,8349
amazon0312.mtx,16,7,CombBLAS-sampled,sampled_worker,write,0.0007582860000000007,8349
amazon0312.mtx,16,7,CombBLAS-sampled,sampled_worker,scratch_free,0.00041135399999999822,8349
amazon0312.mtx,16,8,CombBLAS-conversion,wall,total,0.31128978800000001,0
amazon0312.mtx,16,8,CombBLAS-conversion,wall,native_call,0.25645051899999999,0
amazon0312.mtx,16,8,CombBLAS-conversion,wall,tuple_to_dcsc,0.054835179999999997,0
amazon0312.mtx,16,8,CombBLAS-conversion,wall,dcsc_free,3.2760000000000001e-06,0
amazon0312.mtx,16,8,CombBLAS-conversion,wall,output_free,7.5199999999999996e-07,0
amazon0312.mtx,16,8,DCSC-dense-lookup,wall,total,0.087279971999999997,0
amazon0312.mtx,16,8,DCSC-dense-lookup,wall,native_call_and_free,0.087279672000000003,0
amazon0312.mtx,16,8,DCSC-static,wall,total,0.227129689,0
amazon0312.mtx,16,8,DCSC-static,wall,native_call_and_free,0.227129408,0
amazon0312.mtx,16,8,DCSC-dense-static,wall,total,0.22520227200000001,0
amazon0312.mtx,16,8,DCSC-dense-static,wall,native_call_and_free,0.225201711,0
amazon0312.mtx,16,8,Tuples-control,wall,total,0.093521594999999999,0
amazon0312.mtx,16,8,Tuples-control,wall,native_call_and_free,0.093521072999999996,0
amazon0312.mtx,16,8,Tuples-profile,wall,total,0.094657964999999997,0
amazon0312.mtx,16,8,Tuples-profile,wall,validate,6.8199999999999999e-07,0
amazon0312.mtx,16,8,Tuples-profile,wall,lookup_build,4.9999999999999998e-08,0
amazon0312.mtx,16,8,Tuples-profile,wall,scratch_setup,0.0013720519999999999,0
amazon0312.mtx,16,8,Tuples-profile,wall,work_bound,0.00095039199999999999,0
amazon0312.mtx,16,8,Tuples-profile,wall,symbolic_capacity,0.003315761,0
amazon0312.mtx,16,8,Tuples-profile,wall,symbolic,0.016327426999999999,0
amazon0312.mtx,16,8,Tuples-profile,wall,prefix_numeric_capacity,0.00055698900000000003,0
amazon0312.mtx,16,8,Tuples-profile,wall,output_allocate,0.018371447999999999,0
amazon0312.mtx,16,8,Tuples-profile,wall,numeric,0.053760387999999999,0
amazon0312.mtx,16,8,Tuples-profile,wall,return_cleanup,2.2249999999999999e-06,0
amazon0312.mtx,16,8,Tuples-profile,wall,output_free,4.8999999999999997e-07,0
amazon0312.mtx,16,8,CSC-control,wall,total,0.086256688999999998,0
amazon0312.mtx,16,8,CSC-control,wall,native_call_and_free,0.086256229000000004,0
amazon0312.mtx,16,8,DCSC-control,wall,total,0.088666432000000003,0
amazon0312.mtx,16,8,DCSC-control,wall,native_call_and_free,0.088666122,0
amazon0312.mtx,16,8,CombBLAS-control,wall,total,0.25590140700000003,0
amazon0312.mtx,16,8,CombBLAS-control,wall,native_call_and_free,0.25590089599999999,0
amazon0312.mtx,16,8,CSC-profile,wall,total,0.086601400999999995,0
amazon0312.mtx,16,8,CSC-profile,wall,validate,4.8100000000000003e-07,0
amazon0312.mtx,16,8,CSC-profile,wall,lookup_build,2.9999999999999997e-08,0
amazon0312.mtx,16,8,CSC-profile,wall,scratch_setup,0.001227194,0
amazon0312.mtx,16,8,CSC-profile,wall,work_bound,0.0011350970000000001,0
amazon0312.mtx,16,8,CSC-profile,wall,symbolic_capacity,0.0032828570000000001,0
amazon0312.mtx,16,8,CSC-profile,wall,symbolic,0.016063191000000001,0
amazon0312.mtx,16,8,CSC-profile,wall,prefix_numeric_capacity,0.00053883399999999997,0
amazon0312.mtx,16,8,CSC-profile,wall,output_allocate,0.012033932000000001,0
amazon0312.mtx,16,8,CSC-profile,wall,numeric,0.052317089999999997,0
amazon0312.mtx,16,8,CSC-profile,wall,return_cleanup,1.412e-06,0
amazon0312.mtx,16,8,CSC-profile,wall,output_free,1.2130000000000001e-06,0
amazon0312.mtx,16,8,DCSC-profile,wall,total,0.087706661000000005,0
amazon0312.mtx,16,8,DCSC-profile,wall,validate,4.6100000000000001e-07,0
amazon0312.mtx,16,8,DCSC-profile,wall,lookup_build,4.9100000000000004e-07,0
amazon0312.mtx,16,8,DCSC-profile,wall,scratch_setup,0.0013183489999999999,0
amazon0312.mtx,16,8,DCSC-profile,wall,work_bound,0.0011782299999999999,0
amazon0312.mtx,16,8,DCSC-profile,wall,symbolic_capacity,0.0032905719999999999,0
amazon0312.mtx,16,8,DCSC-profile,wall,symbolic,0.016120180000000001,0
amazon0312.mtx,16,8,DCSC-profile,wall,prefix_numeric_capacity,0.00056190799999999996,0
amazon0312.mtx,16,8,DCSC-profile,wall,output_allocate,0.012733714,0
amazon0312.mtx,16,8,DCSC-profile,wall,numeric,0.052499168999999998,0
amazon0312.mtx,16,8,DCSC-profile,wall,return_cleanup,1.9740000000000001e-06,0
amazon0312.mtx,16,8,DCSC-profile,wall,output_free,1.5629999999999999e-06,0
amazon0312.mtx,16,8,CombBLAS-profile,wall,total,0.2579264,0
amazon0312.mtx,16,8,CombBLAS-profile,wall,lookup_build,0.000319523,0
amazon0312.mtx,16,8,CombBLAS-profile,wall,thread_setup,1.0268999999999999e-05,0
amazon0312.mtx,16,8,CombBLAS-profile,wall,work_bound,0.010246152999999999,0
amazon0312.mtx,16,8,CombBLAS-profile,wall,work_prefix,0.00018092800000000001,0
amazon0312.mtx,16,8,CombBLAS-profile,wall,symbolic,0.047786879999999997,0
amazon0312.mtx,16,8,CombBLAS-profile,wall,output_prefix,0.00023621300000000001,0
amazon0312.mtx,16,8,CombBLAS-profile,wall,output_allocate,0.018228794999999999,0
amazon0312.mtx,16,8,CombBLAS-profile,wall,numeric_scratch_setup,0.0042645599999999997,0
amazon0312.mtx,16,8,CombBLAS-profile,wall,numeric,0.17664470400000001,0
amazon0312.mtx,16,8,CombBLAS-profile,wall,internal_cleanup,4.228e-06,0
amazon0312.mtx,16,8,CombBLAS-profile,wall,return_cleanup,3.3560000000000001e-06,0
amazon0312.mtx,16,8,CombBLAS-profile,wall,output_free,7.3099999999999997e-07,0
amazon0312.mtx,16,8,DCSC-sampled,wall,total,0.087724094000000002,0
amazon0312.mtx,16,8,DCSC-sampled,wall,validate,6.61e-07,0
amazon0312.mtx,16,8,DCSC-sampled,wall,lookup_build,8.9999999999999999e-08,0
amazon0312.mtx,16,8,DCSC-sampled,wall,scratch_setup,0.001218387,0
amazon0312.mtx,16,8,DCSC-sampled,wall,work_bound,0.0011968059999999999,0
amazon0312.mtx,16,8,DCSC-sampled,wall,symbolic_capacity,0.0033138159999999998,0
amazon0312.mtx,16,8,DCSC-sampled,wall,symbolic,0.01607836,0
amazon0312.mtx,16,8,DCSC-sampled,wall,prefix_numeric_capacity,0.00054876299999999996,0
amazon0312.mtx,16,8,DCSC-sampled,wall,output_allocate,0.01270554,0
amazon0312.mtx,16,8,DCSC-sampled,wall,numeric,0.052658475000000003,0
amazon0312.mtx,16,8,DCSC-sampled,wall,return_cleanup,1.423e-06,0
amazon0312.mtx,16,8,DCSC-sampled,wall,output_free,1.7129999999999999e-06,0
amazon0312.mtx,16,8,DCSC-sampled,sampled_worker,lookup,0,8349
amazon0312.mtx,16,8,DCSC-sampled,sampled_worker,alloc_init,0.00066049300000000115,8349
amazon0312.mtx,16,8,DCSC-sampled,sampled_worker,lookup_multiply_hash,0.0088670859999999997,8349
amazon0312.mtx,16,8,DCSC-sampled,sampled_worker,compact,0.0015779449999999981,8349
amazon0312.mtx,16,8,DCSC-sampled,sampled_worker,sort,0.0069180869999999981,8349
amazon0312.mtx,16,8,DCSC-sampled,sampled_worker,write,0.00077281000000000181,8349
amazon0312.mtx,16,8,DCSC-sampled,sampled_worker,scratch_free,0.00040842999999999842,8349
amazon0312.mtx,16,8,CombBLAS-sampled,wall,total,0.257960036,0
amazon0312.mtx,16,8,CombBLAS-sampled,wall,lookup_build,0.00031487399999999998,0
amazon0312.mtx,16,8,CombBLAS-sampled,wall,thread_setup,7.9650000000000008e-06,0
amazon0312.mtx,16,8,CombBLAS-sampled,wall,work_bound,0.010075526,0
amazon0312.mtx,16,8,CombBLAS-sampled,wall,work_prefix,0.00018057699999999999,0
amazon0312.mtx,16,8,CombBLAS-sampled,wall,symbolic,0.047892602999999999,0
amazon0312.mtx,16,8,CombBLAS-sampled,wall,output_prefix,0.00024617200000000001,0
amazon0312.mtx,16,8,CombBLAS-sampled,wall,output_allocate,0.018476701000000002,0
amazon0312.mtx,16,8,CombBLAS-sampled,wall,numeric_scratch_setup,0.0039489640000000001,0
amazon0312.mtx,16,8,CombBLAS-sampled,wall,numeric,0.17680952999999999,0
amazon0312.mtx,16,8,CombBLAS-sampled,wall,internal_cleanup,3.687e-06,0
amazon0312.mtx,16,8,CombBLAS-sampled,wall,return_cleanup,2.835e-06,0
amazon0312.mtx,16,8,CombBLAS-sampled,wall,output_free,5.4099999999999999e-07,0
amazon0312.mtx,16,8,CombBLAS-sampled,sampled_worker,lookup,0.0021619629999999998,8349
amazon0312.mtx,16,8,CombBLAS-sampled,sampled_worker,alloc_init,0.00090193999999999973,8349
amazon0312.mtx,16,8,CombBLAS-sampled,sampled_worker,lookup_multiply_hash,0.0087976239999999987,8349
amazon0312.mtx,16,8,CombBLAS-sampled,sampled_worker,compact,0.0016137969999999997,8349
amazon0312.mtx,16,8,CombBLAS-sampled,sampled_worker,sort,0.0069401189999999989,8349
amazon0312.mtx,16,8,CombBLAS-sampled,sampled_worker,write,0.00075873200000000003,8349
amazon0312.mtx,16,8,CombBLAS-sampled,sampled_worker,scratch_free,0.0004073519999999982,8349
amazon0312.mtx,16,9,CombBLAS-conversion,wall,total,0.31109256899999999,0
amazon0312.mtx,16,9,CombBLAS-conversion,wall,native_call,0.25631377700000002,0
amazon0312.mtx,16,9,CombBLAS-conversion,wall,tuple_to_dcsc,0.054774704,0
amazon0312.mtx,16,9,CombBLAS-conversion,wall,dcsc_free,3.3069999999999998e-06,0
amazon0312.mtx,16,9,CombBLAS-conversion,wall,output_free,7.2099999999999996e-07,0
amazon0312.mtx,16,9,CombBLAS-sampled,wall,total,0.25752951000000002,0
amazon0312.mtx,16,9,CombBLAS-sampled,wall,lookup_build,0.00055016600000000004,0
amazon0312.mtx,16,9,CombBLAS-sampled,wall,thread_setup,1.2624e-05,0
amazon0312.mtx,16,9,CombBLAS-sampled,wall,work_bound,0.010067861000000001,0
amazon0312.mtx,16,9,CombBLAS-sampled,wall,work_prefix,0.000193411,0
amazon0312.mtx,16,9,CombBLAS-sampled,wall,symbolic,0.047818551000000001,0
amazon0312.mtx,16,9,CombBLAS-sampled,wall,output_prefix,0.00020344100000000001,0
amazon0312.mtx,16,9,CombBLAS-sampled,wall,output_allocate,0.018107801999999999,0
amazon0312.mtx,16,9,CombBLAS-sampled,wall,numeric_scratch_setup,0.0037313369999999999,0
amazon0312.mtx,16,9,CombBLAS-sampled,wall,numeric,0.17683663199999999,0
amazon0312.mtx,16,9,CombBLAS-sampled,wall,internal_cleanup,4.0180000000000003e-06,0
amazon0312.mtx,16,9,CombBLAS-sampled,wall,return_cleanup,2.8650000000000001e-06,0
amazon0312.mtx,16,9,CombBLAS-sampled,wall,output_free,7.4199999999999995e-07,0
amazon0312.mtx,16,9,CombBLAS-sampled,sampled_worker,lookup,0.002145938,8349
amazon0312.mtx,16,9,CombBLAS-sampled,sampled_worker,alloc_init,0.000882367,8349
amazon0312.mtx,16,9,CombBLAS-sampled,sampled_worker,lookup_multiply_hash,0.0087539410000000029,8349
amazon0312.mtx,16,9,CombBLAS-sampled,sampled_worker,compact,0.0016127229999999999,8349
amazon0312.mtx,16,9,CombBLAS-sampled,sampled_worker,sort,0.0069529270000000011,8349
amazon0312.mtx,16,9,CombBLAS-sampled,sampled_worker,write,0.00076874500000000004,8349
amazon0312.mtx,16,9,CombBLAS-sampled,sampled_worker,scratch_free,0.00040772799999999837,8349
amazon0312.mtx,16,9,DCSC-sampled,wall,total,0.087663126999999993,0
amazon0312.mtx,16,9,DCSC-sampled,wall,validate,6.8199999999999999e-07,0
amazon0312.mtx,16,9,DCSC-sampled,wall,lookup_build,2.8000000000000002e-07,0
amazon0312.mtx,16,9,DCSC-sampled,wall,scratch_setup,0.001155987,0
amazon0312.mtx,16,9,DCSC-sampled,wall,work_bound,0.001196365,0
amazon0312.mtx,16,9,DCSC-sampled,wall,symbolic_capacity,0.003492789,0
amazon0312.mtx,16,9,DCSC-sampled,wall,symbolic,0.016042111000000001,0
amazon0312.mtx,16,9,DCSC-sampled,wall,prefix_numeric_capacity,0.00052209200000000004,0
amazon0312.mtx,16,9,DCSC-sampled,wall,output_allocate,0.01271604,0
amazon0312.mtx,16,9,DCSC-sampled,wall,numeric,0.052532674000000001,0
amazon0312.mtx,16,9,DCSC-sampled,wall,return_cleanup,2.0729999999999999e-06,0
amazon0312.mtx,16,9,DCSC-sampled,wall,output_free,1.984e-06,0
amazon0312.mtx,16,9,DCSC-sampled,sampled_worker,lookup,0,8349
amazon0312.mtx,16,9,DCSC-sampled,sampled_worker,alloc_init,0.00065969700000000108,8349
amazon0312.mtx,16,9,DCSC-sampled,sampled_worker,lookup_multiply_hash,0.0088093430000000025,8349
amazon0312.mtx,16,9,DCSC-sampled,sampled_worker,compact,0.0015747219999999985,8349
amazon0312.mtx,16,9,DCSC-sampled,sampled_worker,sort,0.0069082589999999991,8349
amazon0312.mtx,16,9,DCSC-sampled,sampled_worker,write,0.0007657180000000016,8349
amazon0312.mtx,16,9,DCSC-sampled,sampled_worker,scratch_free,0.00041809899999999844,8349
amazon0312.mtx,16,9,CombBLAS-profile,wall,total,0.25810723699999999,0
amazon0312.mtx,16,9,CombBLAS-profile,wall,lookup_build,0.00031724800000000001,0
amazon0312.mtx,16,9,CombBLAS-profile,wall,thread_setup,9.7189999999999996e-06,0
amazon0312.mtx,16,9,CombBLAS-profile,wall,work_bound,0.0101403,0
amazon0312.mtx,16,9,CombBLAS-profile,wall,work_prefix,0.000159195,0
amazon0312.mtx,16,9,CombBLAS-profile,wall,symbolic,0.048003365999999999,0
amazon0312.mtx,16,9,CombBLAS-profile,wall,output_prefix,0.000240311,0
amazon0312.mtx,16,9,CombBLAS-profile,wall,output_allocate,0.018288038,0
amazon0312.mtx,16,9,CombBLAS-profile,wall,numeric_scratch_setup,0.0039640639999999998,0
amazon0312.mtx,16,9,CombBLAS-profile,wall,numeric,0.17697797300000001,0
amazon0312.mtx,16,9,CombBLAS-profile,wall,internal_cleanup,3.6069999999999999e-06,0
amazon0312.mtx,16,9,CombBLAS-profile,wall,return_cleanup,2.7650000000000002e-06,0
amazon0312.mtx,16,9,CombBLAS-profile,wall,output_free,5.9100000000000004e-07,0
amazon0312.mtx,16,9,DCSC-profile,wall,total,0.087539229999999996,0
amazon0312.mtx,16,9,DCSC-profile,wall,validate,6.8199999999999999e-07,0
amazon0312.mtx,16,9,DCSC-profile,wall,lookup_build,2.7000000000000001e-07,0
amazon0312.mtx,16,9,DCSC-profile,wall,scratch_setup,0.001213928,0
amazon0312.mtx,16,9,DCSC-profile,wall,work_bound,0.001194622,0
amazon0312.mtx,16,9,DCSC-profile,wall,symbolic_capacity,0.0033172729999999999,0
amazon0312.mtx,16,9,DCSC-profile,wall,symbolic,0.016096895,0
amazon0312.mtx,16,9,DCSC-profile,wall,prefix_numeric_capacity,0.00054274100000000001,0
amazon0312.mtx,16,9,DCSC-profile,wall,output_allocate,0.012706263000000001,0
amazon0312.mtx,16,9,DCSC-profile,wall,numeric,0.052463178999999999,0
amazon0312.mtx,16,9,DCSC-profile,wall,return_cleanup,1.824e-06,0
amazon0312.mtx,16,9,DCSC-profile,wall,output_free,1.4929999999999999e-06,0
amazon0312.mtx,16,9,CSC-profile,wall,total,0.086676824999999999,0
amazon0312.mtx,16,9,CSC-profile,wall,validate,7.0100000000000004e-07,0
amazon0312.mtx,16,9,CSC-profile,wall,lookup_build,2.9999999999999997e-08,0
amazon0312.mtx,16,9,CSC-profile,wall,scratch_setup,0.0012294280000000001,0
amazon0312.mtx,16,9,CSC-profile,wall,work_bound,0.0010795010000000001,0
amazon0312.mtx,16,9,CSC-profile,wall,symbolic_capacity,0.0032515170000000002,0
amazon0312.mtx,16,9,CSC-profile,wall,symbolic,0.016062409,0
amazon0312.mtx,16,9,CSC-profile,wall,prefix_numeric_capacity,0.00055848099999999999,0
amazon0312.mtx,16,9,CSC-profile,wall,output_allocate,0.012041246,0
amazon0312.mtx,16,9,CSC-profile,wall,numeric,0.052451388000000002,0
amazon0312.mtx,16,9,CSC-profile,wall,return_cleanup,1.1620000000000001e-06,0
amazon0312.mtx,16,9,CSC-profile,wall,output_free,9.02e-07,0
amazon0312.mtx,16,9,CombBLAS-control,wall,total,0.25552472300000001,0
amazon0312.mtx,16,9,CombBLAS-control,wall,native_call_and_free,0.25552418300000002,0
amazon0312.mtx,16,9,DCSC-control,wall,total,0.088547444000000003,0
amazon0312.mtx,16,9,DCSC-control,wall,native_call_and_free,0.088547133,0
amazon0312.mtx,16,9,CSC-control,wall,total,0.086264926000000006,0
amazon0312.mtx,16,9,CSC-control,wall,native_call_and_free,0.086264624999999998,0
amazon0312.mtx,16,9,Tuples-profile,wall,total,0.094797632000000007,0
amazon0312.mtx,16,9,Tuples-profile,wall,validate,6.7100000000000001e-07,0
amazon0312.mtx,16,9,Tuples-profile,wall,lookup_build,2.9999999999999999e-07,0
amazon0312.mtx,16,9,Tuples-profile,wall,scratch_setup,0.0012497369999999999,0
amazon0312.mtx,16,9,Tuples-profile,wall,work_bound,0.001164324,0
amazon0312.mtx,16,9,Tuples-profile,wall,symbolic_capacity,0.00348759,0
amazon0312.mtx,16,9,Tuples-profile,wall,symbolic,0.016378674999999999,0
amazon0312.mtx,16,9,Tuples-profile,wall,prefix_numeric_capacity,0.00052464700000000005,0
amazon0312.mtx,16,9,Tuples-profile,wall,output_allocate,0.01829969,0
amazon0312.mtx,16,9,Tuples-profile,wall,numeric,0.053690004,0
amazon0312.mtx,16,9,Tuples-profile,wall,return_cleanup,1.4419999999999999e-06,0
amazon0312.mtx,16,9,Tuples-profile,wall,output_free,4.8100000000000003e-07,0
amazon0312.mtx,16,9,Tuples-control,wall,total,0.093861275999999993,0
amazon0312.mtx,16,9,Tuples-control,wall,native_call_and_free,0.093860755000000004,0
amazon0312.mtx,16,9,DCSC-dense-static,wall,total,0.225371346,0
amazon0312.mtx,16,9,DCSC-dense-static,wall,native_call_and_free,0.22537101600000001,0
amazon0312.mtx,16,9,DCSC-static,wall,total,0.22750229399999999,0
amazon0312.mtx,16,9,DCSC-static,wall,native_call_and_free,0.227501973,0
amazon0312.mtx,16,9,DCSC-dense-lookup,wall,total,0.087469025000000006,0
amazon0312.mtx,16,9,DCSC-dense-lookup,wall,native_call_and_free,0.087468703999999994,0
amazon0312.mtx,16,10,DCSC-static,wall,total,0.22710636400000001,0
amazon0312.mtx,16,10,DCSC-static,wall,native_call_and_free,0.227106054,0
amazon0312.mtx,16,10,DCSC-dense-static,wall,total,0.225514351,0
amazon0312.mtx,16,10,DCSC-dense-static,wall,native_call_and_free,0.22551404999999999,0
amazon0312.mtx,16,10,Tuples-control,wall,total,0.093726448000000004,0
amazon0312.mtx,16,10,Tuples-control,wall,native_call_and_free,0.093725707000000005,0
amazon0312.mtx,16,10,Tuples-profile,wall,total,0.094557721999999997,0
amazon0312.mtx,16,10,Tuples-profile,wall,validate,5.2099999999999997e-07,0
amazon0312.mtx,16,10,Tuples-profile,wall,lookup_build,4.0000000000000001e-08,0
amazon0312.mtx,16,10,Tuples-profile,wall,scratch_setup,0.001232143,0
amazon0312.mtx,16,10,Tuples-profile,wall,work_bound,0.00094799800000000003,0
amazon0312.mtx,16,10,Tuples-profile,wall,symbolic_capacity,0.0033232750000000001,0
amazon0312.mtx,16,10,Tuples-profile,wall,symbolic,0.016307228999999999,0
amazon0312.mtx,16,10,Tuples-profile,wall,prefix_numeric_capacity,0.00054832199999999996,0
amazon0312.mtx,16,10,Tuples-profile,wall,output_allocate,0.018461741,0
amazon0312.mtx,16,10,Tuples-profile,wall,numeric,0.053734008,0
amazon0312.mtx,16,10,Tuples-profile,wall,return_cleanup,1.6729999999999999e-06,0
amazon0312.mtx,16,10,Tuples-profile,wall,output_free,7.1099999999999995e-07,0
amazon0312.mtx,16,10,CSC-control,wall,total,0.086261448000000004,0
amazon0312.mtx,16,10,CSC-control,wall,native_call_and_free,0.086261108000000003,0
amazon0312.mtx,16,10,DCSC-control,wall,total,0.088668406000000005,0
amazon0312.mtx,16,10,DCSC-control,wall,native_call_and_free,0.088668125,0
amazon0312.mtx,16,10,CombBLAS-control,wall,total,0.256300472,0
amazon0312.mtx,16,10,CombBLAS-control,wall,native_call_and_free,0.25629995100000003,0
amazon0312.mtx,16,10,CSC-profile,wall,total,0.086651225999999998,0
amazon0312.mtx,16,10,CSC-profile,wall,validate,6.7100000000000001e-07,0
amazon0312.mtx,16,10,CSC-profile,wall,lookup_build,4.0000000000000001e-08,0
amazon0312.mtx,16,10,CSC-profile,wall,scratch_setup,0.001165606,0
amazon0312.mtx,16,10,CSC-profile,wall,work_bound,0.0011361889999999999,0
amazon0312.mtx,16,10,CSC-profile,wall,symbolic_capacity,0.0032714250000000001,0
amazon0312.mtx,16,10,CSC-profile,wall,symbolic,0.016096385000000001,0
amazon0312.mtx,16,10,CSC-profile,wall,prefix_numeric_capacity,0.00055231900000000001,0
amazon0312.mtx,16,10,CSC-profile,wall,output_allocate,0.012098546,0
amazon0312.mtx,16,10,CSC-profile,wall,numeric,0.052326988999999997,0
amazon0312.mtx,16,10,CSC-profile,wall,return_cleanup,1.683e-06,0
amazon0312.mtx,16,10,CSC-profile,wall,output_free,1.3030000000000001e-06,0
amazon0312.mtx,16,10,DCSC-profile,wall,total,0.087627389,0
amazon0312.mtx,16,10,DCSC-profile,wall,validate,4.8100000000000003e-07,0
amazon0312.mtx,16,10,DCSC-profile,wall,lookup_build,6.8100000000000002e-07,0
amazon0312.mtx,16,10,DCSC-profile,wall,scratch_setup,0.001236572,0
amazon0312.mtx,16,10,DCSC-profile,wall,work_bound,0.0013839150000000001,0
amazon0312.mtx,16,10,DCSC-profile,wall,symbolic_capacity,0.003273158,0
amazon0312.mtx,16,10,DCSC-profile,wall,symbolic,0.016049925,0
amazon0312.mtx,16,10,DCSC-profile,wall,prefix_numeric_capacity,0.00054869300000000005,0
amazon0312.mtx,16,10,DCSC-profile,wall,output_allocate,0.012719427,0
amazon0312.mtx,16,10,DCSC-profile,wall,numeric,0.052411481000000003,0
amazon0312.mtx,16,10,DCSC-profile,wall,return_cleanup,1.593e-06,0
amazon0312.mtx,16,10,DCSC-profile,wall,output_free,1.4130000000000001e-06,0
amazon0312.mtx,16,10,CombBLAS-profile,wall,total,0.25771420299999998,0
amazon0312.mtx,16,10,CombBLAS-profile,wall,lookup_build,0.00032070599999999998,0
amazon0312.mtx,16,10,CombBLAS-profile,wall,thread_setup,8.8570000000000001e-06,0
amazon0312.mtx,16,10,CombBLAS-profile,wall,work_bound,0.010018426,0
amazon0312.mtx,16,10,CombBLAS-profile,wall,work_prefix,0.00016541700000000001,0
amazon0312.mtx,16,10,CombBLAS-profile,wall,symbolic,0.047926377999999999,0
amazon0312.mtx,16,10,CombBLAS-profile,wall,output_prefix,0.000242155,0
amazon0312.mtx,16,10,CombBLAS-profile,wall,output_allocate,0.018242431,0
amazon0312.mtx,16,10,CombBLAS-profile,wall,numeric_scratch_setup,0.0037666639999999999,0
amazon0312.mtx,16,10,CombBLAS-profile,wall,numeric,0.177016007,0
amazon0312.mtx,16,10,CombBLAS-profile,wall,internal_cleanup,3.817e-06,0
amazon0312.mtx,16,10,CombBLAS-profile,wall,return_cleanup,2.7350000000000001e-06,0
amazon0312.mtx,16,10,CombBLAS-profile,wall,output_free,5.51e-07,0
amazon0312.mtx,16,10,DCSC-sampled,wall,total,0.087670320999999996,0
amazon0312.mtx,16,10,DCSC-sampled,wall,validate,6.7100000000000001e-07,0
amazon0312.mtx,16,10,DCSC-sampled,wall,lookup_build,7.0000000000000005e-08,0
amazon0312.mtx,16,10,DCSC-sampled,wall,scratch_setup,0.0011469399999999999,0
amazon0312.mtx,16,10,DCSC-sampled,wall,work_bound,0.001193239,0
amazon0312.mtx,16,10,DCSC-sampled,wall,symbolic_capacity,0.003303477,0
amazon0312.mtx,16,10,DCSC-sampled,wall,symbolic,0.016107906000000002,0
amazon0312.mtx,16,10,DCSC-sampled,wall,prefix_numeric_capacity,0.00054962499999999998,0
amazon0312.mtx,16,10,DCSC-sampled,wall,output_allocate,0.012716481,0
amazon0312.mtx,16,10,DCSC-sampled,wall,numeric,0.052648245000000003,0
amazon0312.mtx,16,10,DCSC-sampled,wall,return_cleanup,1.773e-06,0
amazon0312.mtx,16,10,DCSC-sampled,wall,output_free,1.8339999999999999e-06,0
amazon0312.mtx,16,10,DCSC-sampled,sampled_worker,lookup,0,8349
amazon0312.mtx,16,10,DCSC-sampled,sampled_worker,alloc_init,0.00066299900000000135,8349
amazon0312.mtx,16,10,DCSC-sampled,sampled_worker,lookup_multiply_hash,0.0088466699999999992,8349
amazon0312.mtx,16,10,DCSC-sampled,sampled_worker,compact,0.0015783099999999981,8349
amazon0312.mtx,16,10,DCSC-sampled,sampled_worker,sort,0.0068951739999999987,8349
amazon0312.mtx,16,10,DCSC-sampled,sampled_worker,write,0.00076480300000000162,8349
amazon0312.mtx,16,10,DCSC-sampled,sampled_worker,scratch_free,0.00041295799999999843,8349
amazon0312.mtx,16,10,CombBLAS-sampled,wall,total,0.25834559499999998,0
amazon0312.mtx,16,10,CombBLAS-sampled,wall,lookup_build,0.00032286000000000001,0
amazon0312.mtx,16,10,CombBLAS-sampled,wall,thread_setup,1.1511999999999999e-05,0
amazon0312.mtx,16,10,CombBLAS-sampled,wall,work_bound,0.010221796,0
amazon0312.mtx,16,10,CombBLAS-sampled,wall,work_prefix,0.00017714,0
amazon0312.mtx,16,10,CombBLAS-sampled,wall,symbolic,0.047793983999999998,0
amazon0312.mtx,16,10,CombBLAS-sampled,wall,output_prefix,0.00023731499999999999,0
amazon0312.mtx,16,10,CombBLAS-sampled,wall,output_allocate,0.018368202,0
amazon0312.mtx,16,10,CombBLAS-sampled,wall,numeric_scratch_setup,0.0039862159999999999,0
amazon0312.mtx,16,10,CombBLAS-sampled,wall,numeric,0.17721909599999999,0
amazon0312.mtx,16,10,CombBLAS-sampled,wall,internal_cleanup,4.318e-06,0
amazon0312.mtx,16,10,CombBLAS-sampled,wall,return_cleanup,2.5349999999999999e-06,0
amazon0312.mtx,16,10,CombBLAS-sampled,wall,output_free,5.7100000000000002e-07,0
amazon0312.mtx,16,10,CombBLAS-sampled,sampled_worker,lookup,0.0021436840000000007,8349
amazon0312.mtx,16,10,CombBLAS-sampled,sampled_worker,alloc_init,0.00087845100000000004,8349
amazon0312.mtx,16,10,CombBLAS-sampled,sampled_worker,lookup_multiply_hash,0.0087632979999999992,8349
amazon0312.mtx,16,10,CombBLAS-sampled,sampled_worker,compact,0.001627613,8349
amazon0312.mtx,16,10,CombBLAS-sampled,sampled_worker,sort,0.0069478730000000002,8349
amazon0312.mtx,16,10,CombBLAS-sampled,sampled_worker,write,0.00076130299999999996,8349
amazon0312.mtx,16,10,CombBLAS-sampled,sampled_worker,scratch_free,0.00040553499999999832,8349
amazon0312.mtx,16,10,CombBLAS-conversion,wall,total,0.31071442399999999,0
amazon0312.mtx,16,10,CombBLAS-conversion,wall,native_call,0.255901716,0
amazon0312.mtx,16,10,CombBLAS-conversion,wall,tuple_to_dcsc,0.054807927999999999,0
amazon0312.mtx,16,10,CombBLAS-conversion,wall,dcsc_free,3.9580000000000001e-06,0
amazon0312.mtx,16,10,CombBLAS-conversion,wall,output_free,7.5099999999999999e-07,0
amazon0312.mtx,16,10,DCSC-dense-lookup,wall,total,0.087337072000000002,0
amazon0312.mtx,16,10,DCSC-dense-lookup,wall,native_call_and_free,0.087336782000000002,0
amazon0312.mtx,16,11,DCSC-static,wall,total,0.22715949699999999,0
amazon0312.mtx,16,11,DCSC-static,wall,native_call_and_free,0.227159216,0
amazon0312.mtx,16,11,DCSC-dense-lookup,wall,total,0.087436392000000002,0
amazon0312.mtx,16,11,DCSC-dense-lookup,wall,native_call_and_free,0.087436102000000002,0
amazon0312.mtx,16,11,CombBLAS-conversion,wall,total,0.31078816500000001,0
amazon0312.mtx,16,11,CombBLAS-conversion,wall,native_call,0.25588375200000002,0
amazon0312.mtx,16,11,CombBLAS-conversion,wall,tuple_to_dcsc,0.054900815999999998,0
amazon0312.mtx,16,11,CombBLAS-conversion,wall,dcsc_free,2.8260000000000001e-06,0
amazon0312.mtx,16,11,CombBLAS-conversion,wall,output_free,7.1099999999999995e-07,0
amazon0312.mtx,16,11,CombBLAS-sampled,wall,total,0.258113759,0
amazon0312.mtx,16,11,CombBLAS-sampled,wall,lookup_build,0.00055026499999999998,0
amazon0312.mtx,16,11,CombBLAS-sampled,wall,thread_setup,1.2483999999999999e-05,0
amazon0312.mtx,16,11,CombBLAS-sampled,wall,work_bound,0.0099823970000000005,0
amazon0312.mtx,16,11,CombBLAS-sampled,wall,work_prefix,0.00017175,0
amazon0312.mtx,16,11,CombBLAS-sampled,wall,symbolic,0.047968077999999997,0
amazon0312.mtx,16,11,CombBLAS-sampled,wall,output_prefix,0.000213038,0
amazon0312.mtx,16,11,CombBLAS-sampled,wall,output_allocate,0.018192927000000001,0
amazon0312.mtx,16,11,CombBLAS-sampled,wall,numeric_scratch_setup,0.0039580409999999998,0
amazon0312.mtx,16,11,CombBLAS-sampled,wall,numeric,0.17705731499999999,0
amazon0312.mtx,16,11,CombBLAS-sampled,wall,internal_cleanup,3.7869999999999999e-06,0
amazon0312.mtx,16,11,CombBLAS-sampled,wall,return_cleanup,3.0570000000000001e-06,0
amazon0312.mtx,16,11,CombBLAS-sampled,wall,output_free,5.6100000000000001e-07,0
amazon0312.mtx,16,11,CombBLAS-sampled,sampled_worker,lookup,0.0021548039999999993,8349
amazon0312.mtx,16,11,CombBLAS-sampled,sampled_worker,alloc_init,0.00088223899999999983,8349
amazon0312.mtx,16,11,CombBLAS-sampled,sampled_worker,lookup_multiply_hash,0.0087269469999999988,8349
amazon0312.mtx,16,11,CombBLAS-sampled,sampled_worker,compact,0.0016128750000000004,8349
amazon0312.mtx,16,11,CombBLAS-sampled,sampled_worker,sort,0.0069474239999999989,8349
amazon0312.mtx,16,11,CombBLAS-sampled,sampled_worker,write,0.00076342100000000013,8349
amazon0312.mtx,16,11,CombBLAS-sampled,sampled_worker,scratch_free,0.00040436799999999827,8349
amazon0312.mtx,16,11,DCSC-sampled,wall,total,0.087932283999999999,0
amazon0312.mtx,16,11,DCSC-sampled,wall,validate,7.0100000000000004e-07,0
amazon0312.mtx,16,11,DCSC-sampled,wall,lookup_build,4.9100000000000004e-07,0
amazon0312.mtx,16,11,DCSC-sampled,wall,scratch_setup,0.0011762859999999999,0
amazon0312.mtx,16,11,DCSC-sampled,wall,work_bound,0.0011958240000000001,0
amazon0312.mtx,16,11,DCSC-sampled,wall,symbolic_capacity,0.003301713,0
amazon0312.mtx,16,11,DCSC-sampled,wall,symbolic,0.016116313,0
amazon0312.mtx,16,11,DCSC-sampled,wall,prefix_numeric_capacity,0.00056269999999999996,0
amazon0312.mtx,16,11,DCSC-sampled,wall,output_allocate,0.012921915000000001,0
amazon0312.mtx,16,11,DCSC-sampled,wall,numeric,0.052652784000000001,0
amazon0312.mtx,16,11,DCSC-sampled,wall,return_cleanup,1.9240000000000001e-06,0
amazon0312.mtx,16,11,DCSC-sampled,wall,output_free,1.573e-06,0
amazon0312.mtx,16,11,DCSC-sampled,sampled_worker,lookup,0,8349
amazon0312.mtx,16,11,DCSC-sampled,sampled_worker,alloc_init,0.00065987900000000124,8349
amazon0312.mtx,16,11,DCSC-sampled,sampled_worker,lookup_multiply_hash,0.0088682760000000013,8349
amazon0312.mtx,16,11,DCSC-sampled,sampled_worker,compact,0.001577587999999998,8349
amazon0312.mtx,16,11,DCSC-sampled,sampled_worker,sort,0.0069128679999999982,8349
amazon0312.mtx,16,11,DCSC-sampled,sampled_worker,write,0.00077394200000000196,8349
amazon0312.mtx,16,11,DCSC-sampled,sampled_worker,scratch_free,0.00041205399999999834,8349
amazon0312.mtx,16,11,CombBLAS-profile,wall,total,0.25800392900000002,0
amazon0312.mtx,16,11,CombBLAS-profile,wall,lookup_build,0.00031384199999999999,0
amazon0312.mtx,16,11,CombBLAS-profile,wall,thread_setup,9.3179999999999996e-06,0
amazon0312.mtx,16,11,CombBLAS-profile,wall,work_bound,0.010204362999999999,0
amazon0312.mtx,16,11,CombBLAS-profile,wall,work_prefix,0.00017714,0
amazon0312.mtx,16,11,CombBLAS-profile,wall,symbolic,0.047942929000000002,0
amazon0312.mtx,16,11,CombBLAS-profile,wall,output_prefix,0.00024087199999999999,0
amazon0312.mtx,16,11,CombBLAS-profile,wall,output_allocate,0.018483533999999999,0
amazon0312.mtx,16,11,CombBLAS-profile,wall,numeric_scratch_setup,0.0038407269999999999,0
amazon0312.mtx,16,11,CombBLAS-profile,wall,numeric,0.17678359900000001,0
amazon0312.mtx,16,11,CombBLAS-profile,wall,internal_cleanup,4.1280000000000001e-06,0
amazon0312.mtx,16,11,CombBLAS-profile,wall,return_cleanup,2.8959999999999999e-06,0
amazon0312.mtx,16,11,CombBLAS-profile,wall,output_free,5.3099999999999998e-07,0
amazon0312.mtx,16,11,DCSC-profile,wall,total,0.087589686,0
amazon0312.mtx,16,11,DCSC-profile,wall,validate,7.0100000000000004e-07,0
amazon0312.mtx,16,11,DCSC-profile,wall,lookup_build,7.4099999999999998e-07,0
amazon0312.mtx,16,11,DCSC-profile,wall,scratch_setup,0.0012232059999999999,0
amazon0312.mtx,16,11,DCSC-profile,wall,work_bound,0.00119356,0
amazon0312.mtx,16,11,DCSC-profile,wall,symbolic_capacity,0.0033096979999999998,0
amazon0312.mtx,16,11,DCSC-profile,wall,symbolic,0.016103168000000001,0
amazon0312.mtx,16,11,DCSC-profile,wall,prefix_numeric_capacity,0.00055319099999999997,0
amazon0312.mtx,16,11,DCSC-profile,wall,output_allocate,0.012729446,0
amazon0312.mtx,16,11,DCSC-profile,wall,numeric,0.052472959,0
amazon0312.mtx,16,11,DCSC-profile,wall,return_cleanup,1.223e-06,0
amazon0312.mtx,16,11,DCSC-profile,wall,output_free,1.7230000000000001e-06,0
amazon0312.mtx,16,11,CSC-profile,wall,total,0.086547346999999997,0
amazon0312.mtx,16,11,CSC-profile,wall,validate,4.4999999999999998e-07,0
amazon0312.mtx,16,11,CSC-profile,wall,lookup_build,4.1000000000000003e-08,0
amazon0312.mtx,16,11,CSC-profile,wall,scratch_setup,0.001233926,0
amazon0312.mtx,16,11,CSC-profile,wall,work_bound,0.001081465,0
amazon0312.mtx,16,11,CSC-profile,wall,symbolic_capacity,0.0032612050000000001,0
amazon0312.mtx,16,11,CSC-profile,wall,symbolic,0.016094231000000001,0
amazon0312.mtx,16,11,CSC-profile,wall,prefix_numeric_capacity,0.00054561699999999998,0
amazon0312.mtx,16,11,CSC-profile,wall,output_allocate,0.012014494000000001,0
amazon0312.mtx,16,11,CSC-profile,wall,numeric,0.052313083000000003,0
amazon0312.mtx,16,11,CSC-profile,wall,return_cleanup,1.5629999999999999e-06,0
amazon0312.mtx,16,11,CSC-profile,wall,output_free,1.2020000000000001e-06,0
amazon0312.mtx,16,11,CombBLAS-control,wall,total,0.255725288,0
amazon0312.mtx,16,11,CombBLAS-control,wall,native_call_and_free,0.25572477799999999,0
amazon0312.mtx,16,11,DCSC-control,wall,total,0.088652554999999994,0
amazon0312.mtx,16,11,DCSC-control,wall,native_call_and_free,0.088652073999999997,0
amazon0312.mtx,16,11,CSC-control,wall,total,0.086275005000000002,0
amazon0312.mtx,16,11,CSC-control,wall,native_call_and_free,0.086274693999999999,0
amazon0312.mtx,16,11,Tuples-profile,wall,total,0.095027262000000001,0
amazon0312.mtx,16,11,Tuples-profile,wall,validate,6.7100000000000001e-07,0
amazon0312.mtx,16,11,Tuples-profile,wall,lookup_build,4.6100000000000001e-07,0
amazon0312.mtx,16,11,Tuples-profile,wall,scratch_setup,0.0012420930000000001,0
amazon0312.mtx,16,11,Tuples-profile,wall,work_bound,0.0011715160000000001,0
amazon0312.mtx,16,11,Tuples-profile,wall,symbolic_capacity,0.003534049,0
amazon0312.mtx,16,11,Tuples-profile,wall,symbolic,0.016366674000000001,0
amazon0312.mtx,16,11,Tuples-profile,wall,prefix_numeric_capacity,0.00053050700000000005,0
amazon0312.mtx,16,11,Tuples-profile,wall,output_allocate,0.018501146999999999,0
amazon0312.mtx,16,11,Tuples-profile,wall,numeric,0.053678170999999997,0
amazon0312.mtx,16,11,Tuples-profile,wall,return_cleanup,1.4619999999999999e-06,0
amazon0312.mtx,16,11,Tuples-profile,wall,output_free,4.51e-07,0
amazon0312.mtx,16,11,Tuples-control,wall,total,0.093959514999999993,0
amazon0312.mtx,16,11,Tuples-control,wall,native_call_and_free,0.093958953999999997,0
amazon0312.mtx,16,11,DCSC-dense-static,wall,total,0.22522050699999999,0
amazon0312.mtx,16,11,DCSC-dense-static,wall,native_call_and_free,0.22522023599999999,0
amazon0312.mtx,128,0,CSC-control,wall,total,0.054491902000000002,0
amazon0312.mtx,128,0,CSC-control,wall,native_call_and_free,0.054491630999999999,0
amazon0312.mtx,128,0,DCSC-control,wall,total,0.055113362999999999,0
amazon0312.mtx,128,0,DCSC-control,wall,native_call_and_free,0.055113093000000002,0
amazon0312.mtx,128,0,CombBLAS-control,wall,total,0.099191119999999994,0
amazon0312.mtx,128,0,CombBLAS-control,wall,native_call_and_free,0.099190638999999997,0
amazon0312.mtx,128,0,CSC-profile,wall,total,0.051824904999999998,0
amazon0312.mtx,128,0,CSC-profile,wall,validate,7.3099999999999997e-07,0
amazon0312.mtx,128,0,CSC-profile,wall,lookup_build,2.9999999999999997e-08,0
amazon0312.mtx,128,0,CSC-profile,wall,scratch_setup,0.0012979199999999999,0
amazon0312.mtx,128,0,CSC-profile,wall,work_bound,0.00211159,0
amazon0312.mtx,128,0,CSC-profile,wall,symbolic_capacity,0.0032296949999999999,0
amazon0312.mtx,128,0,CSC-profile,wall,symbolic,0.0071517480000000003,0
amazon0312.mtx,128,0,CSC-profile,wall,prefix_numeric_capacity,0.00084180400000000003,0
amazon0312.mtx,128,0,CSC-profile,wall,output_allocate,0.014060609999999999,0
amazon0312.mtx,128,0,CSC-profile,wall,numeric,0.023127231000000002,0
amazon0312.mtx,128,0,CSC-profile,wall,return_cleanup,1.663e-06,0
amazon0312.mtx,128,0,CSC-profile,wall,output_free,1.823e-06,0
amazon0312.mtx,128,0,DCSC-profile,wall,total,0.055177727000000003,0
amazon0312.mtx,128,0,DCSC-profile,wall,validate,4.51e-07,0
amazon0312.mtx,128,0,DCSC-profile,wall,lookup_build,2.41e-07,0
amazon0312.mtx,128,0,DCSC-profile,wall,scratch_setup,0.001844898,0
amazon0312.mtx,128,0,DCSC-profile,wall,work_bound,0.0020830660000000002,0
amazon0312.mtx,128,0,DCSC-profile,wall,symbolic_capacity,0.0032966430000000001,0
amazon0312.mtx,128,0,DCSC-profile,wall,symbolic,0.0071742409999999996,0
amazon0312.mtx,128,0,DCSC-profile,wall,prefix_numeric_capacity,0.00085543100000000003,0
amazon0312.mtx,128,0,DCSC-profile,wall,output_allocate,0.017527029,0
amazon0312.mtx,128,0,DCSC-profile,wall,numeric,0.022392169999999999,0
amazon0312.mtx,128,0,DCSC-profile,wall,return_cleanup,1.654e-06,0
amazon0312.mtx,128,0,DCSC-profile,wall,output_free,1.843e-06,0
amazon0312.mtx,128,0,CombBLAS-profile,wall,total,0.099718130000000002,0
amazon0312.mtx,128,0,CombBLAS-profile,wall,lookup_build,0.00073824600000000002,0
amazon0312.mtx,128,0,CombBLAS-profile,wall,thread_setup,5.8312e-05,0
amazon0312.mtx,128,0,CombBLAS-profile,wall,work_bound,0.0046508510000000001,0
amazon0312.mtx,128,0,CombBLAS-profile,wall,work_prefix,0.00026664100000000002,0
amazon0312.mtx,128,0,CombBLAS-profile,wall,symbolic,0.014105677,0
amazon0312.mtx,128,0,CombBLAS-profile,wall,output_prefix,0.00028806200000000001,0
amazon0312.mtx,128,0,CombBLAS-profile,wall,output_allocate,0.024632767999999999,0
amazon0312.mtx,128,0,CombBLAS-profile,wall,numeric_scratch_setup,0.0039580320000000002,0
amazon0312.mtx,128,0,CombBLAS-profile,wall,numeric,0.050990866000000003,0
amazon0312.mtx,128,0,CombBLAS-profile,wall,internal_cleanup,3.0359999999999998e-06,0
amazon0312.mtx,128,0,CombBLAS-profile,wall,return_cleanup,2.4107000000000001e-05,0
amazon0312.mtx,128,0,CombBLAS-profile,wall,output_free,1.4720000000000001e-06,0
amazon0312.mtx,128,0,DCSC-sampled,wall,total,0.051953943000000002,0
amazon0312.mtx,128,0,DCSC-sampled,wall,validate,6.1099999999999995e-07,0
amazon0312.mtx,128,0,DCSC-sampled,wall,lookup_build,2.41e-07,0
amazon0312.mtx,128,0,DCSC-sampled,wall,scratch_setup,0.0012726510000000001,0
amazon0312.mtx,128,0,DCSC-sampled,wall,work_bound,0.002063428,0
amazon0312.mtx,128,0,DCSC-sampled,wall,symbolic_capacity,0.003291754,0
amazon0312.mtx,128,0,DCSC-sampled,wall,symbolic,0.0068159129999999998,0
amazon0312.mtx,128,0,DCSC-sampled,wall,prefix_numeric_capacity,0.000861062,0
amazon0312.mtx,128,0,DCSC-sampled,wall,output_allocate,0.014744060999999999,0
amazon0312.mtx,128,0,DCSC-sampled,wall,numeric,0.022900375000000001,0
amazon0312.mtx,128,0,DCSC-sampled,wall,return_cleanup,1.9139999999999998e-06,0
amazon0312.mtx,128,0,DCSC-sampled,wall,output_free,1.863e-06,0
amazon0312.mtx,128,0,DCSC-sampled,sampled_worker,lookup,0,8349
amazon0312.mtx,128,0,DCSC-sampled,sampled_worker,alloc_init,0.0016374840000000002,8349
amazon0312.mtx,128,0,DCSC-sampled,sampled_worker,lookup_multiply_hash,0.040304254000000005,8349
amazon0312.mtx,128,0,DCSC-sampled,sampled_worker,compact,0.0016097879999999998,8349
amazon0312.mtx,128,0,DCSC-sampled,sampled_worker,sort,0.0070699619999999965,8349
amazon0312.mtx,128,0,DCSC-sampled,sampled_worker,write,0.004504601000000003,8349
amazon0312.mtx,128,0,DCSC-sampled,sampled_worker,scratch_free,0.0022357379999999988,8349
amazon0312.mtx,128,0,CombBLAS-sampled,wall,total,0.10197505,0
amazon0312.mtx,128,0,CombBLAS-sampled,wall,lookup_build,0.00089840299999999998,0
amazon0312.mtx,128,0,CombBLAS-sampled,wall,thread_setup,5.4744999999999998e-05,0
amazon0312.mtx,128,0,CombBLAS-sampled,wall,work_bound,0.0042626959999999998,0
amazon0312.mtx,128,0,CombBLAS-sampled,wall,work_prefix,0.00026156200000000001,0
amazon0312.mtx,128,0,CombBLAS-sampled,wall,symbolic,0.014018449000000001,0
amazon0312.mtx,128,0,CombBLAS-sampled,wall,output_prefix,0.00028146999999999997,0
amazon0312.mtx,128,0,CombBLAS-sampled,wall,output_allocate,0.026676677999999999,0
amazon0312.mtx,128,0,CombBLAS-sampled,wall,numeric_scratch_setup,0.0041612819999999997,0
amazon0312.mtx,128,0,CombBLAS-sampled,wall,numeric,0.051331199000000001,0
amazon0312.mtx,128,0,CombBLAS-sampled,wall,internal_cleanup,3.2559999999999998e-06,0
amazon0312.mtx,128,0,CombBLAS-sampled,wall,return_cleanup,2.4426999999999998e-05,0
amazon0312.mtx,128,0,CombBLAS-sampled,wall,output_free,8.1200000000000002e-07,0
amazon0312.mtx,128,0,CombBLAS-sampled,sampled_worker,lookup,0.005201954999999996,8349
amazon0312.mtx,128,0,CombBLAS-sampled,sampled_worker,alloc_init,0.00094315000000000002,8349
amazon0312.mtx,128,0,CombBLAS-sampled,sampled_worker,lookup_multiply_hash,0.018449173000000003,8349
amazon0312.mtx,128,0,CombBLAS-sampled,sampled_worker,compact,0.0016188579999999997,8349
amazon0312.mtx,128,0,CombBLAS-sampled,sampled_worker,sort,0.0069666089999999977,8349
amazon0312.mtx,128,0,CombBLAS-sampled,sampled_worker,write,0.003513091999999998,8349
amazon0312.mtx,128,0,CombBLAS-sampled,sampled_worker,scratch_free,0.0014779749999999999,8349
amazon0312.mtx,128,0,CombBLAS-conversion,wall,total,0.15556302699999999,0
amazon0312.mtx,128,0,CombBLAS-conversion,wall,native_call,0.095402381999999994,0
amazon0312.mtx,128,0,CombBLAS-conversion,wall,tuple_to_dcsc,0.060156625999999998,0
amazon0312.mtx,128,0,CombBLAS-conversion,wall,dcsc_free,3.2459999999999999e-06,0
amazon0312.mtx,128,0,CombBLAS-conversion,wall,output_free,7.0200000000000001e-07,0
amazon0312.mtx,128,0,DCSC-dense-lookup,wall,total,0.048227475999999998,0
amazon0312.mtx,128,0,DCSC-dense-lookup,wall,native_call_and_free,0.048227214999999997,0
amazon0312.mtx,128,0,DCSC-static,wall,total,0.084397722999999994,0
amazon0312.mtx,128,0,DCSC-static,wall,native_call_and_free,0.084397413000000004,0
amazon0312.mtx,128,0,DCSC-dense-static,wall,total,0.080693018000000005,0
amazon0312.mtx,128,0,DCSC-dense-static,wall,native_call_and_free,0.080692747999999995,0
amazon0312.mtx,128,0,Tuples-control,wall,total,0.059637030000000001,0
amazon0312.mtx,128,0,Tuples-control,wall,native_call_and_free,0.059636540000000002,0
amazon0312.mtx,128,0,Tuples-profile,wall,total,0.061695258000000003,0
amazon0312.mtx,128,0,Tuples-profile,wall,validate,2.4999999999999999e-07,0
amazon0312.mtx,128,0,Tuples-profile,wall,lookup_build,4.2100000000000002e-07,0
amazon0312.mtx,128,0,Tuples-profile,wall,scratch_setup,0.0018784540000000001,0
amazon0312.mtx,128,0,Tuples-profile,wall,work_bound,0.0016331220000000001,0
amazon0312.mtx,128,0,Tuples-profile,wall,symbolic_capacity,0.0033092379999999999,0
amazon0312.mtx,128,0,Tuples-profile,wall,symbolic,0.0053401919999999997,0
amazon0312.mtx,128,0,Tuples-profile,wall,prefix_numeric_capacity,0.00088999800000000003,0
amazon0312.mtx,128,0,Tuples-profile,wall,output_allocate,0.025020592000000001,0
amazon0312.mtx,128,0,Tuples-profile,wall,numeric,0.023620366,0
amazon0312.mtx,128,0,Tuples-profile,wall,return_cleanup,1.9439999999999999e-06,0
amazon0312.mtx,128,0,Tuples-profile,wall,output_free,6.2099999999999996e-07,0
amazon0312.mtx,128,1,CSC-control,wall,total,0.054623624000000003,0
amazon0312.mtx,128,1,CSC-control,wall,native_call_and_free,0.054623043000000003,0
amazon0312.mtx,128,1,Tuples-profile,wall,total,0.064996058999999995,0
amazon0312.mtx,128,1,Tuples-profile,wall,validate,1.2020000000000001e-06,0
amazon0312.mtx,128,1,Tuples-profile,wall,lookup_build,2.41e-07,0
amazon0312.mtx,128,1,Tuples-profile,wall,scratch_setup,0.0017892120000000001,0
amazon0312.mtx,128,1,Tuples-profile,wall,work_bound,0.0020036429999999998,0
amazon0312.mtx,128,1,Tuples-profile,wall,symbolic_capacity,0.0033341550000000001,0
amazon0312.mtx,128,1,Tuples-profile,wall,symbolic,0.0069469850000000001,0
amazon0312.mtx,128,1,Tuples-profile,wall,prefix_numeric_capacity,0.00086915799999999997,0
amazon0312.mtx,128,1,Tuples-profile,wall,output_allocate,0.024792885000000001,0
amazon0312.mtx,128,1,Tuples-profile,wall,numeric,0.025255934000000001,0
amazon0312.mtx,128,1,Tuples-profile,wall,return_cleanup,1.9530000000000002e-06,0
amazon0312.mtx,128,1,Tuples-profile,wall,output_free,6.2099999999999996e-07,0
amazon0312.mtx,128,1,Tuples-control,wall,total,0.060416434999999998,0
amazon0312.mtx,128,1,Tuples-control,wall,native_call_and_free,0.060415943999999999,0
amazon0312.mtx,128,1,DCSC-dense-static,wall,total,0.083271182999999999,0
amazon0312.mtx,128,1,DCSC-dense-static,wall,native_call_and_free,0.083270913000000002,0
amazon0312.mtx,128,1,DCSC-static,wall,total,0.081139865000000005,0
amazon0312.mtx,128,1,DCSC-static,wall,native_call_and_free,0.081139575000000005,0
amazon0312.mtx,128,1,DCSC-dense-lookup,wall,total,0.054319220000000001,0
amazon0312.mtx,128,1,DCSC-dense-lookup,wall,native_call_and_free,0.05431892,0
amazon0312.mtx,128,1,CombBLAS-conversion,wall,total,0.15877434600000001,0
amazon0312.mtx,128,1,CombBLAS-conversion,wall,native_call,0.098880834000000001,0
amazon0312.mtx,128,1,CombBLAS-conversion,wall,tuple_to_dcsc,0.059889854999999999,0
amazon0312.mtx,128,1,CombBLAS-conversion,wall,dcsc_free,2.9160000000000001e-06,0
amazon0312.mtx,128,1,CombBLAS-conversion,wall,output_free,6.9100000000000003e-07,0
amazon0312.mtx,128,1,CombBLAS-sampled,wall,total,0.091122242000000006,0
amazon0312.mtx,128,1,CombBLAS-sampled,wall,lookup_build,0.001173601,0
amazon0312.mtx,128,1,CombBLAS-sampled,wall,thread_setup,6.5735999999999995e-05,0
amazon0312.mtx,128,1,CombBLAS-sampled,wall,work_bound,0.0035520030000000002,0
amazon0312.mtx,128,1,CombBLAS-sampled,wall,work_prefix,0.00013833500000000001,0
amazon0312.mtx,128,1,CombBLAS-sampled,wall,symbolic,0.013303749,0
amazon0312.mtx,128,1,CombBLAS-sampled,wall,output_prefix,9.6525000000000002e-05,0
amazon0312.mtx,128,1,CombBLAS-sampled,wall,output_allocate,0.018005386000000002,0
amazon0312.mtx,128,1,CombBLAS-sampled,wall,numeric_scratch_setup,0.0040270439999999996,0
amazon0312.mtx,128,1,CombBLAS-sampled,wall,numeric,0.050730166,0
amazon0312.mtx,128,1,CombBLAS-sampled,wall,internal_cleanup,3.1659999999999998e-06,0
amazon0312.mtx,128,1,CombBLAS-sampled,wall,return_cleanup,2.5208999999999999e-05,0
amazon0312.mtx,128,1,CombBLAS-sampled,wall,output_free,1.2720000000000001e-06,0
amazon0312.mtx,128,1,CombBLAS-sampled,sampled_worker,lookup,0.0047125749999999992,8349
amazon0312.mtx,128,1,CombBLAS-sampled,sampled_worker,alloc_init,0.0009764149999999999,8349
amazon0312.mtx,128,1,CombBLAS-sampled,sampled_worker,lookup_multiply_hash,0.010807253999999992,8349
amazon0312.mtx,128,1,CombBLAS-sampled,sampled_worker,compact,0.0016158859999999993,8349
amazon0312.mtx,128,1,CombBLAS-sampled,sampled_worker,sort,0.0070049859999999986,8349
amazon0312.mtx,128,1,CombBLAS-sampled,sampled_worker,write,0.0025554409999999968,8349
amazon0312.mtx,128,1,CombBLAS-sampled,sampled_worker,scratch_free,0.0012489119999999985,8349
amazon0312.mtx,128,1,DCSC-sampled,wall,total,0.053060516000000002,0
amazon0312.mtx,128,1,DCSC-sampled,wall,validate,9.0100000000000003e-07,0
amazon0312.mtx,128,1,DCSC-sampled,wall,lookup_build,4.8100000000000003e-07,0
amazon0312.mtx,128,1,DCSC-sampled,wall,scratch_setup,0.001330653,0
amazon0312.mtx,128,1,DCSC-sampled,wall,work_bound,0.0024437669999999999,0
amazon0312.mtx,128,1,DCSC-sampled,wall,symbolic_capacity,0.0032958520000000002,0
amazon0312.mtx,128,1,DCSC-sampled,wall,symbolic,0.0073028279999999999,0
amazon0312.mtx,128,1,DCSC-sampled,wall,prefix_numeric_capacity,0.00097113199999999998,0
amazon0312.mtx,128,1,DCSC-sampled,wall,output_allocate,0.014846147000000001,0
amazon0312.mtx,128,1,DCSC-sampled,wall,numeric,0.022864096,0
amazon0312.mtx,128,1,DCSC-sampled,wall,return_cleanup,2.4439999999999998e-06,0
amazon0312.mtx,128,1,DCSC-sampled,wall,output_free,2.154e-06,0
amazon0312.mtx,128,1,DCSC-sampled,sampled_worker,lookup,0,8349
amazon0312.mtx,128,1,DCSC-sampled,sampled_worker,alloc_init,0.001552775999999999,8349
amazon0312.mtx,128,1,DCSC-sampled,sampled_worker,lookup_multiply_hash,0.040723000000000016,8349
amazon0312.mtx,128,1,DCSC-sampled,sampled_worker,compact,0.0016224410000000001,8349
amazon0312.mtx,128,1,DCSC-sampled,sampled_worker,sort,0.0069965769999999977,8349
amazon0312.mtx,128,1,DCSC-sampled,sampled_worker,write,0.0041812029999999997,8349
amazon0312.mtx,128,1,DCSC-sampled,sampled_worker,scratch_free,0.0021236549999999977,8349
amazon0312.mtx,128,1,CombBLAS-profile,wall,total,0.10061522000000001,0
amazon0312.mtx,128,1,CombBLAS-profile,wall,lookup_build,0.0011148779999999999,0
amazon0312.mtx,128,1,CombBLAS-profile,wall,thread_setup,5.7059999999999999e-05,0
amazon0312.mtx,128,1,CombBLAS-profile,wall,work_bound,0.0042795180000000004,0
amazon0312.mtx,128,1,CombBLAS-profile,wall,work_prefix,0.00026035000000000001,0
amazon0312.mtx,128,1,CombBLAS-profile,wall,symbolic,0.013990064,0
amazon0312.mtx,128,1,CombBLAS-profile,wall,output_prefix,0.00028205100000000001,0
amazon0312.mtx,128,1,CombBLAS-profile,wall,output_allocate,0.025517786000000001,0
amazon0312.mtx,128,1,CombBLAS-profile,wall,numeric_scratch_setup,0.003927303,0
amazon0312.mtx,128,1,CombBLAS-profile,wall,numeric,0.051155902000000003,0
amazon0312.mtx,128,1,CombBLAS-profile,wall,internal_cleanup,3.5370000000000002e-06,0
amazon0312.mtx,128,1,CombBLAS-profile,wall,return_cleanup,2.5459000000000001e-05,0
amazon0312.mtx,128,1,CombBLAS-profile,wall,output_free,1.252e-06,0
amazon0312.mtx,128,1,DCSC-profile,wall,total,0.052377976,0
amazon0312.mtx,128,1,DCSC-profile,wall,validate,8.71e-07,0
amazon0312.mtx,128,1,DCSC-profile,wall,lookup_build,2.6100000000000002e-07,0
amazon0312.mtx,128,1,DCSC-profile,wall,scratch_setup,0.001318158,0
amazon0312.mtx,128,1,DCSC-profile,wall,work_bound,0.0023250499999999999,0
amazon0312.mtx,128,1,DCSC-profile,wall,symbolic_capacity,0.0033255490000000001,0
amazon0312.mtx,128,1,DCSC-profile,wall,symbolic,0.0067981789999999997,0
amazon0312.mtx,128,1,DCSC-profile,wall,prefix_numeric_capacity,0.00087314499999999998,0
amazon0312.mtx,128,1,DCSC-profile,wall,output_allocate,0.014800608999999999,0
amazon0312.mtx,128,1,DCSC-profile,wall,numeric,0.022932226999999999,0
amazon0312.mtx,128,1,DCSC-profile,wall,return_cleanup,2.0640000000000001e-06,0
amazon0312.mtx,128,1,DCSC-profile,wall,output_free,1.813e-06,0
amazon0312.mtx,128,1,CSC-profile,wall,total,0.056938555000000002,0
amazon0312.mtx,128,1,CSC-profile,wall,validate,8.4200000000000005e-07,0
amazon0312.mtx,128,1,CSC-profile,wall,lookup_build,2.9999999999999997e-08,0
amazon0312.mtx,128,1,CSC-profile,wall,scratch_setup,0.001740669,0
amazon0312.mtx,128,1,CSC-profile,wall,work_bound,0.002010146,0
amazon0312.mtx,128,1,CSC-profile,wall,symbolic_capacity,0.0031921219999999999,0
amazon0312.mtx,128,1,CSC-profile,wall,symbolic,0.0071395149999999999,0
amazon0312.mtx,128,1,CSC-profile,wall,prefix_numeric_capacity,0.00086554000000000004,0
amazon0312.mtx,128,1,CSC-profile,wall,output_allocate,0.016993996000000001,0
amazon0312.mtx,128,1,CSC-profile,wall,numeric,0.024991646999999999,0
amazon0312.mtx,128,1,CSC-profile,wall,return_cleanup,2.0439999999999998e-06,0
amazon0312.mtx,128,1,CSC-profile,wall,output_free,1.933e-06,0
amazon0312.mtx,128,1,CombBLAS-control,wall,total,0.098736217000000001,0
amazon0312.mtx,128,1,CombBLAS-control,wall,native_call_and_free,0.098735736000000004,0
amazon0312.mtx,128,1,DCSC-control,wall,total,0.053046369000000003,0
amazon0312.mtx,128,1,DCSC-control,wall,native_call_and_free,0.053046087999999998,0
amazon0312.mtx,128,2,CombBLAS-control,wall,total,0.10073480999999999,0
amazon0312.mtx,128,2,CombBLAS-control,wall,native_call_and_free,0.100734299,0
amazon0312.mtx,128,2,CSC-profile,wall,total,0.052079474000000001,0
amazon0312.mtx,128,2,CSC-profile,wall,validate,8.4099999999999997e-07,0
amazon0312.mtx,128,2,CSC-profile,wall,lookup_build,2.9999999999999997e-08,0
amazon0312.mtx,128,2,CSC-profile,wall,scratch_setup,0.0013430759999999999,0
amazon0312.mtx,128,2,CSC-profile,wall,work_bound,0.0023405600000000002,0
amazon0312.mtx,128,2,CSC-profile,wall,symbolic_capacity,0.0032482399999999999,0
amazon0312.mtx,128,2,CSC-profile,wall,symbolic,0.0071423600000000004,0
amazon0312.mtx,128,2,CSC-profile,wall,prefix_numeric_capacity,0.00086614099999999996,0
amazon0312.mtx,128,2,CSC-profile,wall,output_allocate,0.014079025,0
amazon0312.mtx,128,2,CSC-profile,wall,numeric,0.023055954,0
amazon0312.mtx,128,2,CSC-profile,wall,return_cleanup,1.874e-06,0
amazon0312.mtx,128,2,CSC-profile,wall,output_free,1.313e-06,0
amazon0312.mtx,128,2,DCSC-profile,wall,total,0.054978916000000003,0
amazon0312.mtx,128,2,DCSC-profile,wall,validate,6.61e-07,0
amazon0312.mtx,128,2,DCSC-profile,wall,lookup_build,2.6e-07,0
amazon0312.mtx,128,2,DCSC-profile,wall,scratch_setup,0.0018480549999999999,0
amazon0312.mtx,128,2,DCSC-profile,wall,work_bound,0.0020359250000000001,0
amazon0312.mtx,128,2,DCSC-profile,wall,symbolic_capacity,0.003299279,0
amazon0312.mtx,128,2,DCSC-profile,wall,symbolic,0.0071284130000000001,0
amazon0312.mtx,128,2,DCSC-profile,wall,prefix_numeric_capacity,0.00086418699999999998,0
amazon0312.mtx,128,2,DCSC-profile,wall,output_allocate,0.017474097000000001,0
amazon0312.mtx,128,2,DCSC-profile,wall,numeric,0.022324310999999999,0
amazon0312.mtx,128,2,DCSC-profile,wall,return_cleanup,2.1440000000000001e-06,0
amazon0312.mtx,128,2,DCSC-profile,wall,output_free,1.513e-06,0
amazon0312.mtx,128,2,CombBLAS-profile,wall,total,0.099448643000000003,0
amazon0312.mtx,128,2,CombBLAS-profile,wall,lookup_build,0.00075538899999999997,0
amazon0312.mtx,128,2,CombBLAS-profile,wall,thread_setup,5.6067999999999999e-05,0
amazon0312.mtx,128,2,CombBLAS-profile,wall,work_bound,0.0045004019999999997,0
amazon0312.mtx,128,2,CombBLAS-profile,wall,work_prefix,0.00026718199999999998,0
amazon0312.mtx,128,2,CombBLAS-profile,wall,symbolic,0.014087462,0
amazon0312.mtx,128,2,CombBLAS-profile,wall,output_prefix,0.00028883400000000002,0
amazon0312.mtx,128,2,CombBLAS-profile,wall,output_allocate,0.024663457,0
amazon0312.mtx,128,2,CombBLAS-profile,wall,numeric_scratch_setup,0.0039612780000000004,0
amazon0312.mtx,128,2,CombBLAS-profile,wall,numeric,0.050839095000000001,0
amazon0312.mtx,128,2,CombBLAS-profile,wall,internal_cleanup,3.6370000000000001e-06,0
amazon0312.mtx,128,2,CombBLAS-profile,wall,return_cleanup,2.4947999999999999e-05,0
amazon0312.mtx,128,2,CombBLAS-profile,wall,output_free,8.3200000000000004e-07,0
amazon0312.mtx,128,2,DCSC-sampled,wall,total,0.053518084,0
amazon0312.mtx,128,2,DCSC-sampled,wall,validate,8.4099999999999997e-07,0
amazon0312.mtx,128,2,DCSC-sampled,wall,lookup_build,1.4999999999999999e-07,0
amazon0312.mtx,128,2,DCSC-sampled,wall,scratch_setup,0.0012647769999999999,0
amazon0312.mtx,128,2,DCSC-sampled,wall,work_bound,0.0020449119999999999,0
amazon0312.mtx,128,2,DCSC-sampled,wall,symbolic_capacity,0.0032691899999999999,0
amazon0312.mtx,128,2,DCSC-sampled,wall,symbolic,0.0068164649999999999,0
amazon0312.mtx,128,2,DCSC-sampled,wall,prefix_numeric_capacity,0.00086711299999999998,0
amazon0312.mtx,128,2,DCSC-sampled,wall,output_allocate,0.014789528,0
amazon0312.mtx,128,2,DCSC-sampled,wall,numeric,0.024461258999999999,0
amazon0312.mtx,128,2,DCSC-sampled,wall,return_cleanup,1.804e-06,0
amazon0312.mtx,128,2,DCSC-sampled,wall,output_free,1.984e-06,0
amazon0312.mtx,128,2,DCSC-sampled,sampled_worker,lookup,0,8349
amazon0312.mtx,128,2,DCSC-sampled,sampled_worker,alloc_init,0.0015055709999999992,8349
amazon0312.mtx,128,2,DCSC-sampled,sampled_worker,lookup_multiply_hash,0.041004252999999997,8349
amazon0312.mtx,128,2,DCSC-sampled,sampled_worker,compact,0.0015939439999999997,8349
amazon0312.mtx,128,2,DCSC-sampled,sampled_worker,sort,0.0073202550000000047,8349
amazon0312.mtx,128,2,DCSC-sampled,sampled_worker,write,0.0046735080000000016,8349
amazon0312.mtx,128,2,DCSC-sampled,sampled_worker,scratch_free,0.0024383009999999995,8349
amazon0312.mtx,128,2,CombBLAS-sampled,wall,total,0.10112133199999999,0
amazon0312.mtx,128,2,CombBLAS-sampled,wall,lookup_build,0.00089763199999999999,0
amazon0312.mtx,128,2,CombBLAS-sampled,wall,thread_setup,5.6017000000000003e-05,0
amazon0312.mtx,128,2,CombBLAS-sampled,wall,work_bound,0.0043007100000000001,0
amazon0312.mtx,128,2,CombBLAS-sampled,wall,work_prefix,0.00026377600000000002,0
amazon0312.mtx,128,2,CombBLAS-sampled,wall,symbolic,0.014056762,0
amazon0312.mtx,128,2,CombBLAS-sampled,wall,output_prefix,0.00028420499999999999,0
amazon0312.mtx,128,2,CombBLAS-sampled,wall,output_allocate,0.026346997,0
amazon0312.mtx,128,2,CombBLAS-sampled,wall,numeric_scratch_setup,0.0039536229999999999,0
amazon0312.mtx,128,2,CombBLAS-sampled,wall,numeric,0.050932814999999999,0
amazon0312.mtx,128,2,CombBLAS-sampled,wall,internal_cleanup,3.5260000000000002e-06,0
amazon0312.mtx,128,2,CombBLAS-sampled,wall,return_cleanup,2.4326999999999999e-05,0
amazon0312.mtx,128,2,CombBLAS-sampled,wall,output_free,8.8199999999999998e-07,0
amazon0312.mtx,128,2,CombBLAS-sampled,sampled_worker,lookup,0.0053763169999999985,8349
amazon0312.mtx,128,2,CombBLAS-sampled,sampled_worker,alloc_init,0.00093515500000000001,8349
amazon0312.mtx,128,2,CombBLAS-sampled,sampled_worker,lookup_multiply_hash,0.018619220000000009,8349
amazon0312.mtx,128,2,CombBLAS-sampled,sampled_worker,compact,0.0016100629999999999,8349
amazon0312.mtx,128,2,CombBLAS-sampled,sampled_worker,sort,0.0070332409999999982,8349
amazon0312.mtx,128,2,CombBLAS-sampled,sampled_worker,write,0.0035616919999999991,8349
amazon0312.mtx,128,2,CombBLAS-sampled,sampled_worker,scratch_free,0.0016114249999999986,8349
amazon0312.mtx,128,2,CombBLAS-conversion,wall,total,0.154988655,0
amazon0312.mtx,128,2,CombBLAS-conversion,wall,native_call,0.095457357000000007,0
amazon0312.mtx,128,2,CombBLAS-conversion,wall,tuple_to_dcsc,0.059527521,0
amazon0312.mtx,128,2,CombBLAS-conversion,wall,dcsc_free,3.005e-06,0
amazon0312.mtx,128,2,CombBLAS-conversion,wall,output_free,7.2200000000000003e-07,0
amazon0312.mtx,128,2,DCSC-dense-lookup,wall,total,0.048045485999999998,0
amazon0312.mtx,128,2,DCSC-dense-lookup,wall,native_call_and_free,0.048045226000000003,0
amazon0312.mtx,128,2,DCSC-static,wall,total,0.084186368999999997,0
amazon0312.mtx,128,2,DCSC-static,wall,native_call_and_free,0.084186057999999994,0
amazon0312.mtx,128,2,DCSC-dense-static,wall,total,0.080243095,0
amazon0312.mtx,128,2,DCSC-dense-static,wall,native_call_and_free,0.080242804000000001,0
amazon0312.mtx,128,2,Tuples-control,wall,total,0.05925623,0
amazon0312.mtx,128,2,Tuples-control,wall,native_call_and_free,0.059255739000000002,0
amazon0312.mtx,128,2,Tuples-profile,wall,total,0.061204465999999999,0
amazon0312.mtx,128,2,Tuples-profile,wall,validate,2.41e-07,0
amazon0312.mtx,128,2,Tuples-profile,wall,lookup_build,2.5100000000000001e-07,0
amazon0312.mtx,128,2,Tuples-profile,wall,scratch_setup,0.00178309,0
amazon0312.mtx,128,2,Tuples-profile,wall,work_bound,0.0016094970000000001,0
amazon0312.mtx,128,2,Tuples-profile,wall,symbolic_capacity,0.0032851709999999999,0
amazon0312.mtx,128,2,Tuples-profile,wall,symbolic,0.0052935129999999997,0
amazon0312.mtx,128,2,Tuples-profile,wall,prefix_numeric_capacity,0.00085376799999999997,0
amazon0312.mtx,128,2,Tuples-profile,wall,output_allocate,0.024916673,0
amazon0312.mtx,128,2,Tuples-profile,wall,numeric,0.023459338,0
amazon0312.mtx,128,2,Tuples-profile,wall,return_cleanup,2.2139999999999999e-06,0
amazon0312.mtx,128,2,Tuples-profile,wall,output_free,6.5099999999999999e-07,0
amazon0312.mtx,128,2,CSC-control,wall,total,0.055387449999999998,0
amazon0312.mtx,128,2,CSC-control,wall,native_call_and_free,0.055387198999999998,0
amazon0312.mtx,128,2,DCSC-control,wall,total,0.055073235999999998,0
amazon0312.mtx,128,2,DCSC-control,wall,native_call_and_free,0.055072955999999999,0
amazon0312.mtx,128,3,CombBLAS-control,wall,total,0.098502218000000002,0
amazon0312.mtx,128,3,CombBLAS-control,wall,native_call_and_free,0.098501507000000002,0
amazon0312.mtx,128,3,DCSC-control,wall,total,0.052383828,0
amazon0312.mtx,128,3,DCSC-control,wall,native_call_and_free,0.052383538,0
amazon0312.mtx,128,3,CSC-control,wall,total,0.054347553999999999,0
amazon0312.mtx,128,3,CSC-control,wall,native_call_and_free,0.054347293999999997,0
amazon0312.mtx,128,3,Tuples-profile,wall,total,0.064459630000000004,0
amazon0312.mtx,128,3,Tuples-profile,wall,validate,8.0200000000000001e-07,0
amazon0312.mtx,128,3,Tuples-profile,wall,lookup_build,4.2e-07,0
amazon0312.mtx,128,3,Tuples-profile,wall,scratch_setup,0.0018446890000000001,0
amazon0312.mtx,128,3,Tuples-profile,wall,work_bound,0.002000497,0
amazon0312.mtx,128,3,Tuples-profile,wall,symbolic_capacity,0.0033208600000000001,0
amazon0312.mtx,128,3,Tuples-profile,wall,symbolic,0.0069107750000000001,0
amazon0312.mtx,128,3,Tuples-profile,wall,prefix_numeric_capacity,0.00085248500000000005,0
amazon0312.mtx,128,3,Tuples-profile,wall,output_allocate,0.024370345000000002,0
amazon0312.mtx,128,3,Tuples-profile,wall,numeric,0.025155732,0
amazon0312.mtx,128,3,Tuples-profile,wall,return_cleanup,2.3439999999999999e-06,0
amazon0312.mtx,128,3,Tuples-profile,wall,output_free,6.3099999999999997e-07,0
amazon0312.mtx,128,3,Tuples-control,wall,total,0.061248680999999999,0
amazon0312.mtx,128,3,Tuples-control,wall,native_call_and_free,0.061248191,0
amazon0312.mtx,128,3,DCSC-dense-static,wall,total,0.083430699999999997,0
amazon0312.mtx,128,3,DCSC-dense-static,wall,native_call_and_free,0.083430419000000006,0
amazon0312.mtx,128,3,DCSC-static,wall,total,0.080794622999999996,0
amazon0312.mtx,128,3,DCSC-static,wall,native_call_and_free,0.080794332999999996,0
amazon0312.mtx,128,3,DCSC-dense-lookup,wall,total,0.052293724999999999,0
amazon0312.mtx,128,3,DCSC-dense-lookup,wall,native_call_and_free,0.052293434999999999,0
amazon0312.mtx,128,3,CombBLAS-conversion,wall,total,0.15841913599999999,0
amazon0312.mtx,128,3,CombBLAS-conversion,wall,native_call,0.098648989000000006,0
amazon0312.mtx,128,3,CombBLAS-conversion,wall,tuple_to_dcsc,0.059766078,0
amazon0312.mtx,128,3,CombBLAS-conversion,wall,dcsc_free,3.286e-06,0
amazon0312.mtx,128,3,CombBLAS-conversion,wall,output_free,7.2099999999999996e-07,0
amazon0312.mtx,128,3,CombBLAS-sampled,wall,total,0.090858145000000001,0
amazon0312.mtx,128,3,CombBLAS-sampled,wall,lookup_build,0.0010394040000000001,0
amazon0312.mtx,128,3,CombBLAS-sampled,wall,thread_setup,6.3421000000000001e-05,0
amazon0312.mtx,128,3,CombBLAS-sampled,wall,work_bound,0.0034297490000000002,0
amazon0312.mtx,128,3,CombBLAS-sampled,wall,work_prefix,0.00012011,0
amazon0312.mtx,128,3,CombBLAS-sampled,wall,symbolic,0.013303217000000001,0
amazon0312.mtx,128,3,CombBLAS-sampled,wall,output_prefix,9.6555e-05,0
amazon0312.mtx,128,3,CombBLAS-sampled,wall,output_allocate,0.018094276999999999,0
amazon0312.mtx,128,3,CombBLAS-sampled,wall,numeric_scratch_setup,0.0038016019999999998,0
amazon0312.mtx,128,3,CombBLAS-sampled,wall,numeric,0.050879182000000002,0
amazon0312.mtx,128,3,CombBLAS-sampled,wall,internal_cleanup,3.7570000000000002e-06,0
amazon0312.mtx,128,3,CombBLAS-sampled,wall,return_cleanup,2.5749e-05,0
amazon0312.mtx,128,3,CombBLAS-sampled,wall,output_free,1.032e-06,0
amazon0312.mtx,128,3,CombBLAS-sampled,sampled_worker,lookup,0.0045295219999999985,8349
amazon0312.mtx,128,3,CombBLAS-sampled,sampled_worker,alloc_init,0.00091702300000000021,8349
amazon0312.mtx,128,3,CombBLAS-sampled,sampled_worker,lookup_multiply_hash,0.010749162000000005,8349
amazon0312.mtx,128,3,CombBLAS-sampled,sampled_worker,compact,0.0016143350000000006,8349
amazon0312.mtx,128,3,CombBLAS-sampled,sampled_worker,sort,0.0070128530000000038,8349
amazon0312.mtx,128,3,CombBLAS-sampled,sampled_worker,write,0.0025145840000000011,8349
amazon0312.mtx,128,3,CombBLAS-sampled,sampled_worker,scratch_free,0.0012560469999999991,8349
amazon0312.mtx,128,3,DCSC-sampled,wall,total,0.052770971,0
amazon0312.mtx,128,3,DCSC-sampled,wall,validate,5.2099999999999997e-07,0
amazon0312.mtx,128,3,DCSC-sampled,wall,lookup_build,5.3099999999999998e-07,0
amazon0312.mtx,128,3,DCSC-sampled,wall,scratch_setup,0.0013298610000000001,0
amazon0312.mtx,128,3,DCSC-sampled,wall,work_bound,0.0023821599999999999,0
amazon0312.mtx,128,3,DCSC-sampled,wall,symbolic_capacity,0.003330979,0
amazon0312.mtx,128,3,DCSC-sampled,wall,symbolic,0.0069048039999999996,0
amazon0312.mtx,128,3,DCSC-sampled,wall,prefix_numeric_capacity,0.00086956800000000003,0
amazon0312.mtx,128,3,DCSC-sampled,wall,output_allocate,0.014866335,0
amazon0312.mtx,128,3,DCSC-sampled,wall,numeric,0.023082143999999999,0
amazon0312.mtx,128,3,DCSC-sampled,wall,return_cleanup,2.0540000000000002e-06,0
amazon0312.mtx,128,3,DCSC-sampled,wall,output_free,1.9640000000000002e-06,0
amazon0312.mtx,128,3,DCSC-sampled,sampled_worker,lookup,0,8349
amazon0312.mtx,128,3,DCSC-sampled,sampled_worker,alloc_init,0.0015003299999999987,8349
amazon0312.mtx,128,3,DCSC-sampled,sampled_worker,lookup_multiply_hash,0.040627880000000012,8349
amazon0312.mtx,128,3,DCSC-sampled,sampled_worker,compact,0.001599145,8349
amazon0312.mtx,128,3,DCSC-sampled,sampled_worker,sort,0.0071365610000000005,8349
amazon0312.mtx,128,3,DCSC-sampled,sampled_worker,write,0.0043253100000000015,8349
amazon0312.mtx,128,3,DCSC-sampled,sampled_worker,scratch_free,0.0021648619999999983,8349
amazon0312.mtx,128,3,CombBLAS-profile,wall,total,0.10073747600000001,0
amazon0312.mtx,128,3,CombBLAS-profile,wall,lookup_build,0.000996432,0
amazon0312.mtx,128,3,CombBLAS-profile,wall,thread_setup,5.9494000000000003e-05,0
amazon0312.mtx,128,3,CombBLAS-profile,wall,work_bound,0.0042867720000000003,0
amazon0312.mtx,128,3,CombBLAS-profile,wall,work_prefix,0.00026020900000000002,0
amazon0312.mtx,128,3,CombBLAS-profile,wall,symbolic,0.01397701,0
amazon0312.mtx,128,3,CombBLAS-profile,wall,output_prefix,0.00029704900000000002,0
amazon0312.mtx,128,3,CombBLAS-profile,wall,output_allocate,0.025513929000000001,0
amazon0312.mtx,128,3,CombBLAS-profile,wall,numeric_scratch_setup,0.0039378729999999997,0
amazon0312.mtx,128,3,CombBLAS-profile,wall,numeric,0.05137833,0
amazon0312.mtx,128,3,CombBLAS-profile,wall,internal_cleanup,3.7570000000000002e-06,0
amazon0312.mtx,128,3,CombBLAS-profile,wall,return_cleanup,2.5928999999999999e-05,0
amazon0312.mtx,128,3,CombBLAS-profile,wall,output_free,6.0200000000000002e-07,0
amazon0312.mtx,128,3,DCSC-profile,wall,total,0.052423553999999997,0
amazon0312.mtx,128,3,DCSC-profile,wall,validate,5.4099999999999999e-07,0
amazon0312.mtx,128,3,DCSC-profile,wall,lookup_build,2.6e-07,0
amazon0312.mtx,128,3,DCSC-profile,wall,scratch_setup,0.0013238900000000001,0
amazon0312.mtx,128,3,DCSC-profile,wall,work_bound,0.0023083880000000002,0
amazon0312.mtx,128,3,DCSC-profile,wall,symbolic_capacity,0.0034097300000000001,0
amazon0312.mtx,128,3,DCSC-profile,wall,symbolic,0.0067905040000000002,0
amazon0312.mtx,128,3,DCSC-profile,wall,prefix_numeric_capacity,0.00087930699999999996,0
amazon0312.mtx,128,3,DCSC-profile,wall,output_allocate,0.014744171,0
amazon0312.mtx,128,3,DCSC-profile,wall,numeric,0.022962966000000001,0
amazon0312.mtx,128,3,DCSC-profile,wall,return_cleanup,1.9530000000000002e-06,0
amazon0312.mtx,128,3,DCSC-profile,wall,output_free,1.784e-06,0
amazon0312.mtx,128,3,CSC-profile,wall,total,0.054294452999999999,0
amazon0312.mtx,128,3,CSC-profile,wall,validate,7.8199999999999999e-07,0
amazon0312.mtx,128,3,CSC-profile,wall,lookup_build,2.9999999999999997e-08,0
amazon0312.mtx,128,3,CSC-profile,wall,scratch_setup,0.0017572899999999999,0
amazon0312.mtx,128,3,CSC-profile,wall,work_bound,0.0020338320000000002,0
amazon0312.mtx,128,3,CSC-profile,wall,symbolic_capacity,0.0032408559999999999,0
amazon0312.mtx,128,3,CSC-profile,wall,symbolic,0.0071344340000000003,0
amazon0312.mtx,128,3,CSC-profile,wall,prefix_numeric_capacity,0.00085455899999999996,0
amazon0312.mtx,128,3,CSC-profile,wall,output_allocate,0.017034875000000001,0
amazon0312.mtx,128,3,CSC-profile,wall,numeric,0.022234949,0
amazon0312.mtx,128,3,CSC-profile,wall,return_cleanup,1.4929999999999999e-06,0
amazon0312.mtx,128,3,CSC-profile,wall,output_free,1.2920000000000001e-06,0
amazon0312.mtx,128,4,DCSC-profile,wall,total,0.055161705999999998,0
amazon0312.mtx,128,4,DCSC-profile,wall,validate,7.61e-07,0
amazon0312.mtx,128,4,DCSC-profile,wall,lookup_build,2.41e-07,0
amazon0312.mtx,128,4,DCSC-profile,wall,scratch_setup,0.001870818,0
amazon0312.mtx,128,4,DCSC-profile,wall,work_bound,0.002003903,0
amazon0312.mtx,128,4,DCSC-profile,wall,symbolic_capacity,0.0032850219999999999,0
amazon0312.mtx,128,4,DCSC-profile,wall,symbolic,0.0068767899999999998,0
amazon0312.mtx,128,4,DCSC-profile,wall,prefix_numeric_capacity,0.00086727400000000002,0
amazon0312.mtx,128,4,DCSC-profile,wall,output_allocate,0.018111800000000001,0
amazon0312.mtx,128,4,DCSC-profile,wall,numeric,0.022140897999999999,0
amazon0312.mtx,128,4,DCSC-profile,wall,return_cleanup,2.1040000000000001e-06,0
amazon0312.mtx,128,4,DCSC-profile,wall,output_free,2.0439999999999998e-06,0
amazon0312.mtx,128,4,CombBLAS-profile,wall,total,0.099493089000000007,0
amazon0312.mtx,128,4,CombBLAS-profile,wall,lookup_build,0.000464451,0
amazon0312.mtx,128,4,CombBLAS-profile,wall,thread_setup,5.3372000000000003e-05,0
amazon0312.mtx,128,4,CombBLAS-profile,wall,work_bound,0.0046690059999999999,0
amazon0312.mtx,128,4,CombBLAS-profile,wall,work_prefix,0.00028373500000000002,0
amazon0312.mtx,128,4,CombBLAS-profile,wall,symbolic,0.014036923999999999,0
amazon0312.mtx,128,4,CombBLAS-profile,wall,output_prefix,0.000282742,0
amazon0312.mtx,128,4,CombBLAS-profile,wall,output_allocate,0.024406404,0
amazon0312.mtx,128,4,CombBLAS-profile,wall,numeric_scratch_setup,0.004420149,0
amazon0312.mtx,128,4,CombBLAS-profile,wall,numeric,0.050847330000000003,0
amazon0312.mtx,128,4,CombBLAS-profile,wall,internal_cleanup,3.817e-06,0
amazon0312.mtx,128,4,CombBLAS-profile,wall,return_cleanup,2.4527000000000001e-05,0
amazon0312.mtx,128,4,CombBLAS-profile,wall,output_free,5.7199999999999999e-07,0
amazon0312.mtx,128,4,DCSC-sampled,wall,total,0.052038265,0
amazon0312.mtx,128,4,DCSC-sampled,wall,validate,5.1099999999999996e-07,0
amazon0312.mtx,128,4,DCSC-sampled,wall,lookup_build,2.2999999999999999e-07,0
amazon0312.mtx,128,4,DCSC-sampled,wall,scratch_setup,0.001267722,0
amazon0312.mtx,128,4,DCSC-sampled,wall,work_bound,0.002033811,0
amazon0312.mtx,128,4,DCSC-sampled,wall,symbolic_capacity,0.0033822980000000002,0
amazon0312.mtx,128,4,DCSC-sampled,wall,symbolic,0.0067979690000000001,0
amazon0312.mtx,128,4,DCSC-sampled,wall,prefix_numeric_capacity,0.00089329299999999997,0
amazon0312.mtx,128,4,DCSC-sampled,wall,output_allocate,0.014773197,0
amazon0312.mtx,128,4,DCSC-sampled,wall,numeric,0.022885847000000001,0
amazon0312.mtx,128,4,DCSC-sampled,wall,return_cleanup,1.6530000000000001e-06,0
amazon0312.mtx,128,4,DCSC-sampled,wall,output_free,1.663e-06,0
amazon0312.mtx,128,4,DCSC-sampled,sampled_worker,lookup,0,8349
amazon0312.mtx,128,4,DCSC-sampled,sampled_worker,alloc_init,0.0014929139999999995,8349
amazon0312.mtx,128,4,DCSC-sampled,sampled_worker,lookup_multiply_hash,0.041606996000000007,8349
amazon0312.mtx,128,4,DCSC-sampled,sampled_worker,compact,0.0015949030000000004,8349
amazon0312.mtx,128,4,DCSC-sampled,sampled_worker,sort,0.0069695630000000041,8349
amazon0312.mtx,128,4,DCSC-sampled,sampled_worker,write,0.0044640010000000013,8349
amazon0312.mtx,128,4,DCSC-sampled,sampled_worker,scratch_free,0.0021541829999999996,8349
amazon0312.mtx,128,4,CombBLAS-sampled,wall,total,0.101311346,0
amazon0312.mtx,128,4,CombBLAS-sampled,wall,lookup_build,0.00088216300000000004,0
amazon0312.mtx,128,4,CombBLAS-sampled,wall,thread_setup,5.5386000000000001e-05,0
amazon0312.mtx,128,4,CombBLAS-sampled,wall,work_bound,0.0042526270000000001,0
amazon0312.mtx,128,4,CombBLAS-sampled,wall,work_prefix,0.00027790300000000003,0
amazon0312.mtx,128,4,CombBLAS-sampled,wall,symbolic,0.01402951,0
amazon0312.mtx,128,4,CombBLAS-sampled,wall,output_prefix,0.00027881500000000002,0
amazon0312.mtx,128,4,CombBLAS-sampled,wall,output_allocate,0.026686497,0
amazon0312.mtx,128,4,CombBLAS-sampled,wall,numeric_scratch_setup,0.00394626,0
amazon0312.mtx,128,4,CombBLAS-sampled,wall,numeric,0.050872979999999998,0
amazon0312.mtx,128,4,CombBLAS-sampled,wall,internal_cleanup,3.8670000000000004e-06,0
amazon0312.mtx,128,4,CombBLAS-sampled,wall,return_cleanup,2.4447000000000002e-05,0
amazon0312.mtx,128,4,CombBLAS-sampled,wall,output_free,8.2099999999999995e-07,0
amazon0312.mtx,128,4,CombBLAS-sampled,sampled_worker,lookup,0.0055170730000000008,8349
amazon0312.mtx,128,4,CombBLAS-sampled,sampled_worker,alloc_init,0.00095402799999999978,8349
amazon0312.mtx,128,4,CombBLAS-sampled,sampled_worker,lookup_multiply_hash,0.018775438999999998,8349
amazon0312.mtx,128,4,CombBLAS-sampled,sampled_worker,compact,0.0016232430000000001,8349
amazon0312.mtx,128,4,CombBLAS-sampled,sampled_worker,sort,0.0069779529999999959,8349
amazon0312.mtx,128,4,CombBLAS-sampled,sampled_worker,write,0.0033590189999999969,8349
amazon0312.mtx,128,4,CombBLAS-sampled,sampled_worker,scratch_free,0.0015829039999999987,8349
amazon0312.mtx,128,4,CombBLAS-conversion,wall,total,0.15470145399999999,0
amazon0312.mtx,128,4,CombBLAS-conversion,wall,native_call,0.095125812000000004,0
amazon0312.mtx,128,4,CombBLAS-conversion,wall,tuple_to_dcsc,0.059572086000000003,0
amazon0312.mtx,128,4,CombBLAS-conversion,wall,dcsc_free,2.7750000000000001e-06,0
amazon0312.mtx,128,4,CombBLAS-conversion,wall,output_free,7.2200000000000003e-07,0
amazon0312.mtx,128,4,DCSC-dense-lookup,wall,total,0.048563309999999998,0
amazon0312.mtx,128,4,DCSC-dense-lookup,wall,native_call_and_free,0.048563050000000003,0
amazon0312.mtx,128,4,DCSC-static,wall,total,0.083771873999999996,0
amazon0312.mtx,128,4,DCSC-static,wall,native_call_and_free,0.083771562999999993,0
amazon0312.mtx,128,4,DCSC-dense-static,wall,total,0.080381730999999998,0
amazon0312.mtx,128,4,DCSC-dense-static,wall,native_call_and_free,0.080381448999999994,0
amazon0312.mtx,128,4,Tuples-control,wall,total,0.059154845999999997,0
amazon0312.mtx,128,4,Tuples-control,wall,native_call_and_free,0.059154365,0
amazon0312.mtx,128,4,Tuples-profile,wall,total,0.063685384999999997,0
amazon0312.mtx,128,4,Tuples-profile,wall,validate,2.3999999999999998e-07,0
amazon0312.mtx,128,4,Tuples-profile,wall,lookup_build,9.9999999999999995e-08,0
amazon0312.mtx,128,4,Tuples-profile,wall,scratch_setup,0.0017931399999999999,0
amazon0312.mtx,128,4,Tuples-profile,wall,work_bound,0.001633282,0
amazon0312.mtx,128,4,Tuples-profile,wall,symbolic_capacity,0.003298938,0
amazon0312.mtx,128,4,Tuples-profile,wall,symbolic,0.0053032820000000003,0
amazon0312.mtx,128,4,Tuples-profile,wall,prefix_numeric_capacity,0.00086075099999999999,0
amazon0312.mtx,128,4,Tuples-profile,wall,output_allocate,0.025172383999999999,0
amazon0312.mtx,128,4,Tuples-profile,wall,numeric,0.025619731,0
amazon0312.mtx,128,4,Tuples-profile,wall,return_cleanup,2.5849999999999998e-06,0
amazon0312.mtx,128,4,Tuples-profile,wall,output_free,8.8199999999999998e-07,0
amazon0312.mtx,128,4,CSC-control,wall,total,0.054615908999999997,0
amazon0312.mtx,128,4,CSC-control,wall,native_call_and_free,0.054615648000000003,0
amazon0312.mtx,128,4,DCSC-control,wall,total,0.055053036999999999,0
amazon0312.mtx,128,4,DCSC-control,wall,native_call_and_free,0.055052757000000001,0
amazon0312.mtx,128,4,CombBLAS-control,wall,total,0.099366275000000004,0
amazon0312.mtx,128,4,CombBLAS-control,wall,native_call_and_free,0.099365745000000005,0
amazon0312.mtx,128,4,CSC-profile,wall,total,0.051832911000000002,0
amazon0312.mtx,128,4,CSC-profile,wall,validate,4.2100000000000002e-07,0
amazon0312.mtx,128,4,CSC-profile,wall,lookup_build,4.0000000000000001e-08,0
amazon0312.mtx,128,4,CSC-profile,wall,scratch_setup,0.0013278770000000001,0
amazon0312.mtx,128,4,CSC-profile,wall,work_bound,0.0021261880000000002,0
amazon0312.mtx,128,4,CSC-profile,wall,symbolic_capacity,0.0032553949999999999,0
amazon0312.mtx,128,4,CSC-profile,wall,symbolic,0.0071116210000000003,0
amazon0312.mtx,128,4,CSC-profile,wall,prefix_numeric_capacity,0.00085349700000000004,0
amazon0312.mtx,128,4,CSC-profile,wall,output_allocate,0.014099433999999999,0
amazon0312.mtx,128,4,CSC-profile,wall,numeric,0.023054451,0
amazon0312.mtx,128,4,CSC-profile,wall,return_cleanup,1.8029999999999999e-06,0
amazon0312.mtx,128,4,CSC-profile,wall,output_free,1.9939999999999999e-06,0
amazon0312.mtx,128,5,DCSC-profile,wall,total,0.055278329000000001,0
amazon0312.mtx,128,5,DCSC-profile,wall,validate,4.3099999999999998e-07,0
amazon0312.mtx,128,5,DCSC-profile,wall,lookup_build,2.4999999999999999e-07,0
amazon0312.mtx,128,5,DCSC-profile,wall,scratch_setup,0.0018456799999999999,0
amazon0312.mtx,128,5,DCSC-profile,wall,work_bound,0.0020300940000000001,0
amazon0312.mtx,128,5,DCSC-profile,wall,symbolic_capacity,0.0032978959999999998,0
amazon0312.mtx,128,5,DCSC-profile,wall,symbolic,0.0071653330000000003,0
amazon0312.mtx,128,5,DCSC-profile,wall,prefix_numeric_capacity,0.00086064099999999999,0
amazon0312.mtx,128,5,DCSC-profile,wall,output_allocate,0.017648681999999999,0
amazon0312.mtx,128,5,DCSC-profile,wall,numeric,0.022425395000000001,0
amazon0312.mtx,128,5,DCSC-profile,wall,return_cleanup,1.9939999999999999e-06,0
amazon0312.mtx,128,5,DCSC-profile,wall,output_free,1.8729999999999999e-06,0
amazon0312.mtx,128,5,CSC-profile,wall,total,0.054212095000000002,0
amazon0312.mtx,128,5,CSC-profile,wall,validate,7.8199999999999999e-07,0
amazon0312.mtx,128,5,CSC-profile,wall,lookup_build,4.0000000000000001e-08,0
amazon0312.mtx,128,5,CSC-profile,wall,scratch_setup,0.001828898,0
amazon0312.mtx,128,5,CSC-profile,wall,work_bound,0.0020129309999999999,0
amazon0312.mtx,128,5,CSC-profile,wall,symbolic_capacity,0.003254753,0
amazon0312.mtx,128,5,CSC-profile,wall,symbolic,0.0068815589999999998,0
amazon0312.mtx,128,5,CSC-profile,wall,prefix_numeric_capacity,0.00085785600000000005,0
amazon0312.mtx,128,5,CSC-profile,wall,output_allocate,0.017155976999999999,0
amazon0312.mtx,128,5,CSC-profile,wall,numeric,0.022215221,0
amazon0312.mtx,128,5,CSC-profile,wall,return_cleanup,2.2139999999999999e-06,0
amazon0312.mtx,128,5,CSC-profile,wall,output_free,1.804e-06,0
amazon0312.mtx,128,5,CombBLAS-control,wall,total,0.098266486,0
amazon0312.mtx,128,5,CombBLAS-control,wall,native_call_and_free,0.098266004000000004,0
amazon0312.mtx,128,5,DCSC-control,wall,total,0.054647991,0
amazon0312.mtx,128,5,DCSC-control,wall,native_call_and_free,0.054647540000000001,0
amazon0312.mtx,128,5,CSC-control,wall,total,0.056498199999999998,0
amazon0312.mtx,128,5,CSC-control,wall,native_call_and_free,0.056497728999999997,0
amazon0312.mtx,128,5,Tuples-profile,wall,total,0.064620999999999998,0
amazon0312.mtx,128,5,Tuples-profile,wall,validate,6.5099999999999999e-07,0
amazon0312.mtx,128,5,Tuples-profile,wall,lookup_build,4.3099999999999998e-07,0
amazon0312.mtx,128,5,Tuples-profile,wall,scratch_setup,0.001844348,0
amazon0312.mtx,128,5,Tuples-profile,wall,work_bound,0.002004965,0
amazon0312.mtx,128,5,Tuples-profile,wall,symbolic_capacity,0.0033380530000000001,0
amazon0312.mtx,128,5,Tuples-profile,wall,symbolic,0.0069593989999999998,0
amazon0312.mtx,128,5,Tuples-profile,wall,prefix_numeric_capacity,0.00084397900000000002,0
amazon0312.mtx,128,5,Tuples-profile,wall,output_allocate,0.024437704000000001,0
amazon0312.mtx,128,5,Tuples-profile,wall,numeric,0.025188994999999999,0
amazon0312.mtx,128,5,Tuples-profile,wall,return_cleanup,1.804e-06,0
amazon0312.mtx,128,5,Tuples-profile,wall,output_free,6.1099999999999995e-07,0
amazon0312.mtx,128,5,Tuples-control,wall,total,0.061165391,0
amazon0312.mtx,128,5,Tuples-control,wall,native_call_and_free,0.061164891999999998,0
amazon0312.mtx,128,5,DCSC-dense-static,wall,total,0.084180726999999997,0
amazon0312.mtx,128,5,DCSC-dense-static,wall,native_call_and_free,0.084180436999999997,0
amazon0312.mtx,128,5,DCSC-static,wall,total,0.081309721000000001,0
amazon0312.mtx,128,5,DCSC-static,wall,native_call_and_free,0.081309400000000004,0
amazon0312.mtx,128,5,DCSC-dense-lookup,wall,total,0.052219822999999999,0
amazon0312.mtx,128,5,DCSC-dense-lookup,wall,native_call_and_free,0.052219543,0
amazon0312.mtx,128,5,CombBLAS-conversion,wall,total,0.158497004,0
amazon0312.mtx,128,5,CombBLAS-conversion,wall,native_call,0.098596529000000002,0
amazon0312.mtx,128,5,CombBLAS-conversion,wall,tuple_to_dcsc,0.059896907999999999,0
amazon0312.mtx,128,5,CombBLAS-conversion,wall,dcsc_free,2.7760000000000002e-06,0
amazon0312.mtx,128,5,CombBLAS-conversion,wall,output_free,7.3099999999999997e-07,0
amazon0312.mtx,128,5,CombBLAS-sampled,wall,total,0.090986762999999998,0
amazon0312.mtx,128,5,CombBLAS-sampled,wall,lookup_build,0.00093743799999999996,0
amazon0312.mtx,128,5,CombBLAS-sampled,wall,thread_setup,6.4463999999999998e-05,0
amazon0312.mtx,128,5,CombBLAS-sampled,wall,work_bound,0.0034153909999999998,0
amazon0312.mtx,128,5,CombBLAS-sampled,wall,work_prefix,0.000120171,0
amazon0312.mtx,128,5,CombBLAS-sampled,wall,symbolic,0.013324057,0
amazon0312.mtx,128,5,CombBLAS-sampled,wall,output_prefix,9.6154000000000001e-05,0
amazon0312.mtx,128,5,CombBLAS-sampled,wall,output_allocate,0.018166715999999999,0
amazon0312.mtx,128,5,CombBLAS-sampled,wall,numeric_scratch_setup,0.0037994970000000002,0
amazon0312.mtx,128,5,CombBLAS-sampled,wall,numeric,0.051032095999999999,0
amazon0312.mtx,128,5,CombBLAS-sampled,wall,internal_cleanup,3.6569999999999999e-06,0
amazon0312.mtx,128,5,CombBLAS-sampled,wall,return_cleanup,2.622e-05,0
amazon0312.mtx,128,5,CombBLAS-sampled,wall,output_free,8.3099999999999996e-07,0
amazon0312.mtx,128,5,CombBLAS-sampled,sampled_worker,lookup,0.0045133629999999977,8349
amazon0312.mtx,128,5,CombBLAS-sampled,sampled_worker,alloc_init,0.00091874799999999961,8349
amazon0312.mtx,128,5,CombBLAS-sampled,sampled_worker,lookup_multiply_hash,0.010833678999999997,8349
amazon0312.mtx,128,5,CombBLAS-sampled,sampled_worker,compact,0.0016111239999999996,8349
amazon0312.mtx,128,5,CombBLAS-sampled,sampled_worker,sort,0.006996011999999995,8349
amazon0312.mtx,128,5,CombBLAS-sampled,sampled_worker,write,0.0025573579999999992,8349
amazon0312.mtx,128,5,CombBLAS-sampled,sampled_worker,scratch_free,0.0012099479999999991,8349
amazon0312.mtx,128,5,DCSC-sampled,wall,total,0.052563193000000001,0
amazon0312.mtx,128,5,DCSC-sampled,wall,validate,8.5099999999999998e-07,0
amazon0312.mtx,128,5,DCSC-sampled,wall,lookup_build,4.8100000000000003e-07,0
amazon0312.mtx,128,5,DCSC-sampled,wall,scratch_setup,0.0013070670000000001,0
amazon0312.mtx,128,5,DCSC-sampled,wall,work_bound,0.0024143709999999998,0
amazon0312.mtx,128,5,DCSC-sampled,wall,symbolic_capacity,0.0032966240000000002,0
amazon0312.mtx,128,5,DCSC-sampled,wall,symbolic,0.0069044129999999999,0
amazon0312.mtx,128,5,DCSC-sampled,wall,prefix_numeric_capacity,0.00086677200000000003,0
amazon0312.mtx,128,5,DCSC-sampled,wall,output_allocate,0.014800099000000001,0
amazon0312.mtx,128,5,DCSC-sampled,wall,numeric,0.022968665999999999,0
amazon0312.mtx,128,5,DCSC-sampled,wall,return_cleanup,1.5829999999999999e-06,0
amazon0312.mtx,128,5,DCSC-sampled,wall,output_free,2.1940000000000001e-06,0
amazon0312.mtx,128,5,DCSC-sampled,sampled_worker,lookup,0,8349
amazon0312.mtx,128,5,DCSC-sampled,sampled_worker,alloc_init,0.0015333279999999992,8349
amazon0312.mtx,128,5,DCSC-sampled,sampled_worker,lookup_multiply_hash,0.041308941000000002,8349
amazon0312.mtx,128,5,DCSC-sampled,sampled_worker,compact,0.001585178,8349
amazon0312.mtx,128,5,DCSC-sampled,sampled_worker,sort,0.0071974690000000032,8349
amazon0312.mtx,128,5,DCSC-sampled,sampled_worker,write,0.0046023950000000004,8349
amazon0312.mtx,128,5,DCSC-sampled,sampled_worker,scratch_free,0.0021650529999999984,8349
amazon0312.mtx,128,5,CombBLAS-profile,wall,total,0.100502324,0
amazon0312.mtx,128,5,CombBLAS-profile,wall,lookup_build,0.00095894899999999996,0
amazon0312.mtx,128,5,CombBLAS-profile,wall,thread_setup,5.6988999999999999e-05,0
amazon0312.mtx,128,5,CombBLAS-profile,wall,work_bound,0.0042638889999999999,0
amazon0312.mtx,128,5,CombBLAS-profile,wall,work_prefix,0.00026038,0
amazon0312.mtx,128,5,CombBLAS-profile,wall,symbolic,0.013924397999999999,0
amazon0312.mtx,128,5,CombBLAS-profile,wall,output_prefix,0.00027939600000000001,0
amazon0312.mtx,128,5,CombBLAS-profile,wall,output_allocate,0.025573363000000002,0
amazon0312.mtx,128,5,CombBLAS-profile,wall,numeric_scratch_setup,0.0039510480000000004,0
amazon0312.mtx,128,5,CombBLAS-profile,wall,numeric,0.051203274,0
amazon0312.mtx,128,5,CombBLAS-profile,wall,internal_cleanup,3.7469999999999999e-06,0
amazon0312.mtx,128,5,CombBLAS-profile,wall,return_cleanup,2.5979999999999999e-05,0
amazon0312.mtx,128,5,CombBLAS-profile,wall,output_free,8.3099999999999996e-07,0
amazon0312.mtx,128,6,DCSC-sampled,wall,total,0.053536379000000002,0
amazon0312.mtx,128,6,DCSC-sampled,wall,validate,6.4199999999999995e-07,0
amazon0312.mtx,128,6,DCSC-sampled,wall,lookup_build,2.7000000000000001e-07,0
amazon0312.mtx,128,6,DCSC-sampled,wall,scratch_setup,0.0013184990000000001,0
amazon0312.mtx,128,6,DCSC-sampled,wall,work_bound,0.0023959049999999998,0
amazon0312.mtx,128,6,DCSC-sampled,wall,symbolic_capacity,0.0032777380000000001,0
amazon0312.mtx,128,6,DCSC-sampled,wall,symbolic,0.0067571300000000001,0
amazon0312.mtx,128,6,DCSC-sampled,wall,prefix_numeric_capacity,0.00087464800000000001,0
amazon0312.mtx,128,6,DCSC-sampled,wall,output_allocate,0.014768397000000001,0
amazon0312.mtx,128,6,DCSC-sampled,wall,numeric,0.024139493000000001,0
amazon0312.mtx,128,6,DCSC-sampled,wall,return_cleanup,1.7129999999999999e-06,0
amazon0312.mtx,128,6,DCSC-sampled,wall,output_free,1.874e-06,0
amazon0312.mtx,128,6,DCSC-sampled,sampled_worker,lookup,0,8349
amazon0312.mtx,128,6,DCSC-sampled,sampled_worker,alloc_init,0.0015838029999999993,8349
amazon0312.mtx,128,6,DCSC-sampled,sampled_worker,lookup_multiply_hash,0.041410620999999981,8349
amazon0312.mtx,128,6,DCSC-sampled,sampled_worker,compact,0.0016261050000000012,8349
amazon0312.mtx,128,6,DCSC-sampled,sampled_worker,sort,0.0070648409999999988,8349
amazon0312.mtx,128,6,DCSC-sampled,sampled_worker,write,0.0053289880000000015,8349
amazon0312.mtx,128,6,DCSC-sampled,sampled_worker,scratch_free,0.0021626529999999988,8349
amazon0312.mtx,128,6,CombBLAS-sampled,wall,total,0.101216283,0
amazon0312.mtx,128,6,CombBLAS-sampled,wall,lookup_build,0.00087936700000000004,0
amazon0312.mtx,128,6,CombBLAS-sampled,wall,thread_setup,5.9524000000000001e-05,0
amazon0312.mtx,128,6,CombBLAS-sampled,wall,work_bound,0.0042431379999999996,0
amazon0312.mtx,128,6,CombBLAS-sampled,wall,work_prefix,0.00025634200000000001,0
amazon0312.mtx,128,6,CombBLAS-sampled,wall,symbolic,0.014109784,0
amazon0312.mtx,128,6,CombBLAS-sampled,wall,output_prefix,0.00028077899999999999,0
amazon0312.mtx,128,6,CombBLAS-sampled,wall,output_allocate,0.026353589,0
amazon0312.mtx,128,6,CombBLAS-sampled,wall,numeric_scratch_setup,0.0039921770000000004,0
amazon0312.mtx,128,6,CombBLAS-sampled,wall,numeric,0.051011204999999997,0
amazon0312.mtx,128,6,CombBLAS-sampled,wall,internal_cleanup,3.3560000000000001e-06,0
amazon0312.mtx,128,6,CombBLAS-sampled,wall,return_cleanup,2.6310999999999999e-05,0
amazon0312.mtx,128,6,CombBLAS-sampled,wall,output_free,6.5099999999999999e-07,0
amazon0312.mtx,128,6,CombBLAS-sampled,sampled_worker,lookup,0.0053311779999999989,8349
amazon0312.mtx,128,6,CombBLAS-sampled,sampled_worker,alloc_init,0.00092702999999999959,8349
amazon0312.mtx,128,6,CombBLAS-sampled,sampled_worker,lookup_multiply_hash,0.018465004,8349
amazon0312.mtx,128,6,CombBLAS-sampled,sampled_worker,compact,0.0016117340000000003,8349
amazon0312.mtx,128,6,CombBLAS-sampled,sampled_worker,sort,0.0069985240000000008,8349
amazon0312.mtx,128,6,CombBLAS-sampled,sampled_worker,write,0.0034435089999999991,8349
amazon0312.mtx,128,6,CombBLAS-sampled,sampled_worker,scratch_free,0.0016178439999999983,8349
amazon0312.mtx,128,6,CombBLAS-conversion,wall,total,0.15510412700000001,0
amazon0312.mtx,128,6,CombBLAS-conversion,wall,native_call,0.095102346000000004,0
amazon0312.mtx,128,6,CombBLAS-conversion,wall,tuple_to_dcsc,0.059998263000000003,0
amazon0312.mtx,128,6,CombBLAS-conversion,wall,dcsc_free,2.9660000000000001e-06,0
amazon0312.mtx,128,6,CombBLAS-conversion,wall,output_free,4.8100000000000003e-07,0
amazon0312.mtx,128,6,DCSC-dense-lookup,wall,total,0.048321035999999998,0
amazon0312.mtx,128,6,DCSC-dense-lookup,wall,native_call_and_free,0.048320764000000002,0
amazon0312.mtx,128,6,DCSC-static,wall,total,0.084414897000000003,0
amazon0312.mtx,128,6,DCSC-static,wall,native_call_and_free,0.084414627000000006,0
amazon0312.mtx,128,6,DCSC-dense-static,wall,total,0.080394965999999998,0
amazon0312.mtx,128,6,DCSC-dense-static,wall,native_call_and_free,0.080394675999999998,0
amazon0312.mtx,128,6,Tuples-control,wall,total,0.059470520999999998,0
amazon0312.mtx,128,6,Tuples-control,wall,native_call_and_free,0.059470040000000002,0
amazon0312.mtx,128,6,Tuples-profile,wall,total,0.061172255000000002,0
amazon0312.mtx,128,6,Tuples-profile,wall,validate,4.2100000000000002e-07,0
amazon0312.mtx,128,6,Tuples-profile,wall,lookup_build,4.0000000000000001e-08,0
amazon0312.mtx,128,6,Tuples-profile,wall,scratch_setup,0.0017944219999999999,0
amazon0312.mtx,128,6,Tuples-profile,wall,work_bound,0.001621059,0
amazon0312.mtx,128,6,Tuples-profile,wall,symbolic_capacity,0.0032851820000000002,0
amazon0312.mtx,128,6,Tuples-profile,wall,symbolic,0.005296579,0
amazon0312.mtx,128,6,Tuples-profile,wall,prefix_numeric_capacity,0.00084345799999999995,0
amazon0312.mtx,128,6,Tuples-profile,wall,output_allocate,0.024816610999999999,0
amazon0312.mtx,128,6,Tuples-profile,wall,numeric,0.023512089,0
amazon0312.mtx,128,6,Tuples-profile,wall,return_cleanup,1.7129999999999999e-06,0
amazon0312.mtx,128,6,Tuples-profile,wall,output_free,6.2099999999999996e-07,0
amazon0312.mtx,128,6,CSC-control,wall,total,0.054485679000000002,0
amazon0312.mtx,128,6,CSC-control,wall,native_call_and_free,0.054485408999999999,0
amazon0312.mtx,128,6,DCSC-control,wall,total,0.055085879999999997,0
amazon0312.mtx,128,6,DCSC-control,wall,native_call_and_free,0.055085620000000002,0
amazon0312.mtx,128,6,CombBLAS-control,wall,total,0.099183674999999999,0
amazon0312.mtx,128,6,CombBLAS-control,wall,native_call_and_free,0.099183183999999994,0
amazon0312.mtx,128,6,CSC-profile,wall,total,0.051744141,0
amazon0312.mtx,128,6,CSC-profile,wall,validate,6.4099999999999998e-07,0
amazon0312.mtx,128,6,CSC-profile,wall,lookup_build,4.1000000000000003e-08,0
amazon0312.mtx,128,6,CSC-profile,wall,scratch_setup,0.00129323,0
amazon0312.mtx,128,6,CSC-profile,wall,work_bound,0.002125657,0
amazon0312.mtx,128,6,CSC-profile,wall,symbolic_capacity,0.0032073420000000002,0
amazon0312.mtx,128,6,CSC-profile,wall,symbolic,0.0071195970000000001,0
amazon0312.mtx,128,6,CSC-profile,wall,prefix_numeric_capacity,0.000855801,0
amazon0312.mtx,128,6,CSC-profile,wall,output_allocate,0.014073995000000001,0
amazon0312.mtx,128,6,CSC-profile,wall,numeric,0.023064561000000001,0
amazon0312.mtx,128,6,CSC-profile,wall,return_cleanup,2.013e-06,0
amazon0312.mtx,128,6,CSC-profile,wall,output_free,1.203e-06,0
amazon0312.mtx,128,6,DCSC-profile,wall,total,0.054847073000000003,0
amazon0312.mtx,128,6,DCSC-profile,wall,validate,8.9100000000000002e-07,0
amazon0312.mtx,128,6,DCSC-profile,wall,lookup_build,2.6100000000000002e-07,0
amazon0312.mtx,128,6,DCSC-profile,wall,scratch_setup,0.001761369,0
amazon0312.mtx,128,6,DCSC-profile,wall,work_bound,0.00204383,0
amazon0312.mtx,128,6,DCSC-profile,wall,symbolic_capacity,0.0032826869999999998,0
amazon0312.mtx,128,6,DCSC-profile,wall,symbolic,0.0071624879999999998,0
amazon0312.mtx,128,6,DCSC-profile,wall,prefix_numeric_capacity,0.00086691299999999997,0
amazon0312.mtx,128,6,DCSC-profile,wall,output_allocate,0.017467434,0
amazon0312.mtx,128,6,DCSC-profile,wall,numeric,0.022257131999999999,0
amazon0312.mtx,128,6,DCSC-profile,wall,return_cleanup,2.024e-06,0
amazon0312.mtx,128,6,DCSC-profile,wall,output_free,1.984e-06,0
amazon0312.mtx,128,6,CombBLAS-profile,wall,total,0.099953832000000006,0
amazon0312.mtx,128,6,CombBLAS-profile,wall,lookup_build,0.00088059900000000003,0
amazon0312.mtx,128,6,CombBLAS-profile,wall,thread_setup,5.6407999999999999e-05,0
amazon0312.mtx,128,6,CombBLAS-profile,wall,work_bound,0.0045369219999999997,0
amazon0312.mtx,128,6,CombBLAS-profile,wall,work_prefix,0.00027048900000000001,0
amazon0312.mtx,128,6,CombBLAS-profile,wall,symbolic,0.013994002,0
amazon0312.mtx,128,6,CombBLAS-profile,wall,output_prefix,0.00029863300000000003,0
amazon0312.mtx,128,6,CombBLAS-profile,wall,output_allocate,0.024922995,0
amazon0312.mtx,128,6,CombBLAS-profile,wall,numeric_scratch_setup,0.0039483829999999998,0
amazon0312.mtx,128,6,CombBLAS-profile,wall,numeric,0.051016546000000003,0
amazon0312.mtx,128,6,CombBLAS-profile,wall,internal_cleanup,3.5260000000000002e-06,0
amazon0312.mtx,128,6,CombBLAS-profile,wall,return_cleanup,2.4417e-05,0
amazon0312.mtx,128,6,CombBLAS-profile,wall,output_free,8.4200000000000005e-07,0
amazon0312.mtx,128,7,DCSC-sampled,wall,total,0.052115373,0
amazon0312.mtx,128,7,DCSC-sampled,wall,validate,6.61e-07,0
amazon0312.mtx,128,7,DCSC-sampled,wall,lookup_build,2.3099999999999999e-07,0
amazon0312.mtx,128,7,DCSC-sampled,wall,scratch_setup,0.001254736,0
amazon0312.mtx,128,7,DCSC-sampled,wall,work_bound,0.0020457840000000001,0
amazon0312.mtx,128,7,DCSC-sampled,wall,symbolic_capacity,0.0033128950000000002,0
amazon0312.mtx,128,7,DCSC-sampled,wall,symbolic,0.0068048919999999999,0
amazon0312.mtx,128,7,DCSC-sampled,wall,prefix_numeric_capacity,0.00085891799999999996,0
amazon0312.mtx,128,7,DCSC-sampled,wall,output_allocate,0.014838972000000001,0
amazon0312.mtx,128,7,DCSC-sampled,wall,numeric,0.022994325999999999,0
amazon0312.mtx,128,7,DCSC-sampled,wall,return_cleanup,1.573e-06,0
amazon0312.mtx,128,7,DCSC-sampled,wall,output_free,2.3140000000000002e-06,0
amazon0312.mtx,128,7,DCSC-sampled,sampled_worker,lookup,0,8349
amazon0312.mtx,128,7,DCSC-sampled,sampled_worker,alloc_init,0.0014718559999999999,8349
amazon0312.mtx,128,7,DCSC-sampled,sampled_worker,lookup_multiply_hash,0.040599769000000022,8349
amazon0312.mtx,128,7,DCSC-sampled,sampled_worker,compact,0.0016515609999999982,8349
amazon0312.mtx,128,7,DCSC-sampled,sampled_worker,sort,0.0069465200000000012,8349
amazon0312.mtx,128,7,DCSC-sampled,sampled_worker,write,0.0049752830000000014,8349
amazon0312.mtx,128,7,DCSC-sampled,sampled_worker,scratch_free,0.0020950779999999985,8349
amazon0312.mtx,128,7,CombBLAS-profile,wall,total,0.10223499799999999,0
amazon0312.mtx,128,7,CombBLAS-profile,wall,lookup_build,0.00091037599999999996,0
amazon0312.mtx,128,7,CombBLAS-profile,wall,thread_setup,5.6518999999999999e-05,0
amazon0312.mtx,128,7,CombBLAS-profile,wall,work_bound,0.0043204269999999999,0
amazon0312.mtx,128,7,CombBLAS-profile,wall,work_prefix,0.00026564900000000002,0
amazon0312.mtx,128,7,CombBLAS-profile,wall,symbolic,0.013953373999999999,0
amazon0312.mtx,128,7,CombBLAS-profile,wall,output_prefix,0.000288764,0
amazon0312.mtx,128,7,CombBLAS-profile,wall,output_allocate,0.027289414000000001,0
amazon0312.mtx,128,7,CombBLAS-profile,wall,numeric_scratch_setup,0.0041218260000000003,0
amazon0312.mtx,128,7,CombBLAS-profile,wall,numeric,0.051000215000000002,0
amazon0312.mtx,128,7,CombBLAS-profile,wall,internal_cleanup,3.3060000000000002e-06,0
amazon0312.mtx,128,7,CombBLAS-profile,wall,return_cleanup,2.4216e-05,0
amazon0312.mtx,128,7,CombBLAS-profile,wall,output_free,8.4200000000000005e-07,0
amazon0312.mtx,128,7,DCSC-profile,wall,total,0.052130351999999998,0
amazon0312.mtx,128,7,DCSC-profile,wall,validate,6.7100000000000001e-07,0
amazon0312.mtx,128,7,DCSC-profile,wall,lookup_build,2.3999999999999998e-07,0
amazon0312.mtx,128,7,DCSC-profile,wall,scratch_setup,0.001272752,0
amazon0312.mtx,128,7,DCSC-profile,wall,work_bound,0.0020596999999999998,0
amazon0312.mtx,128,7,DCSC-profile,wall,symbolic_capacity,0.0033643129999999999,0
amazon0312.mtx,128,7,DCSC-profile,wall,symbolic,0.0067969170000000004,0
amazon0312.mtx,128,7,DCSC-profile,wall,prefix_numeric_capacity,0.00090048799999999996,0
amazon0312.mtx,128,7,DCSC-profile,wall,output_allocate,0.01475948,0
amazon0312.mtx,128,7,DCSC-profile,wall,numeric,0.022971582000000001,0
amazon0312.mtx,128,7,DCSC-profile,wall,return_cleanup,1.844e-06,0
amazon0312.mtx,128,7,DCSC-profile,wall,output_free,2.294e-06,0
amazon0312.mtx,128,7,CSC-profile,wall,total,0.054682647000000001,0
amazon0312.mtx,128,7,CSC-profile,wall,validate,6.3099999999999997e-07,0
amazon0312.mtx,128,7,CSC-profile,wall,lookup_build,4.0000000000000001e-08,0
amazon0312.mtx,128,7,CSC-profile,wall,scratch_setup,0.001888523,0
amazon0312.mtx,128,7,CSC-profile,wall,work_bound,0.0020443810000000001,0
amazon0312.mtx,128,7,CSC-profile,wall,symbolic_capacity,0.0032231529999999999,0
amazon0312.mtx,128,7,CSC-profile,wall,symbolic,0.0071493930000000004,0
amazon0312.mtx,128,7,CSC-profile,wall,prefix_numeric_capacity,0.00083254599999999998,0
amazon0312.mtx,128,7,CSC-profile,wall,output_allocate,0.017072457999999999,0
amazon0312.mtx,128,7,CSC-profile,wall,numeric,0.022467885,0
amazon0312.mtx,128,7,CSC-profile,wall,return_cleanup,2.1550000000000001e-06,0
amazon0312.mtx,128,7,CSC-profile,wall,output_free,1.4219999999999999e-06,0
amazon0312.mtx,128,7,CombBLAS-control,wall,total,0.099085817000000007,0
amazon0312.mtx,128,7,CombBLAS-control,wall,native_call_and_free,0.099085005000000004,0
amazon0312.mtx,128,7,DCSC-control,wall,total,0.052820535000000002,0
amazon0312.mtx,128,7,DCSC-control,wall,native_call_and_free,0.052820275,0
amazon0312.mtx,128,7,CSC-control,wall,total,0.056092952000000001,0
amazon0312.mtx,128,7,CSC-control,wall,native_call_and_free,0.056092672000000003,0
amazon0312.mtx,128,7,Tuples-profile,wall,total,0.065527988999999995,0
amazon0312.mtx,128,7,Tuples-profile,wall,validate,6.2099999999999996e-07,0
amazon0312.mtx,128,7,Tuples-profile,wall,lookup_build,4.3099999999999998e-07,0
amazon0312.mtx,128,7,Tuples-profile,wall,scratch_setup,0.001786326,0
amazon0312.mtx,128,7,Tuples-profile,wall,work_bound,0.0020186819999999999,0
amazon0312.mtx,128,7,Tuples-profile,wall,symbolic_capacity,0.0033621290000000002,0
amazon0312.mtx,128,7,Tuples-profile,wall,symbolic,0.0078716889999999994,0
amazon0312.mtx,128,7,Tuples-profile,wall,prefix_numeric_capacity,0.00086833500000000003,0
amazon0312.mtx,128,7,Tuples-profile,wall,output_allocate,0.024450359000000001,0
amazon0312.mtx,128,7,Tuples-profile,wall,numeric,0.025166732000000001,0
amazon0312.mtx,128,7,Tuples-profile,wall,return_cleanup,1.8840000000000001e-06,0
amazon0312.mtx,128,7,Tuples-profile,wall,output_free,7.5199999999999996e-07,0
amazon0312.mtx,128,7,Tuples-control,wall,total,0.060599667000000003,0
amazon0312.mtx,128,7,Tuples-control,wall,native_call_and_free,0.060599175999999998,0
amazon0312.mtx,128,7,DCSC-dense-static,wall,total,0.083370764,0
amazon0312.mtx,128,7,DCSC-dense-static,wall,native_call_and_free,0.083370483999999995,0
amazon0312.mtx,128,7,DCSC-static,wall,total,0.081084559,0
amazon0312.mtx,128,7,DCSC-static,wall,native_call_and_free,0.081084247999999998,0
amazon0312.mtx,128,7,DCSC-dense-lookup,wall,total,0.052040319000000002,0
amazon0312.mtx,128,7,DCSC-dense-lookup,wall,native_call_and_free,0.052039829000000003,0
amazon0312.mtx,128,7,CombBLAS-conversion,wall,total,0.15895347000000001,0
amazon0312.mtx,128,7,CombBLAS-conversion,wall,native_call,0.099154358999999997,0
amazon0312.mtx,128,7,CombBLAS-conversion,wall,tuple_to_dcsc,0.059795474000000001,0
amazon0312.mtx,128,7,CombBLAS-conversion,wall,dcsc_free,2.8959999999999999e-06,0
amazon0312.mtx,128,7,CombBLAS-conversion,wall,output_free,6.8100000000000002e-07,0
amazon0312.mtx,128,7,CombBLAS-sampled,wall,total,0.090995518999999997,0
amazon0312.mtx,128,7,CombBLAS-sampled,wall,lookup_build,0.0010019619999999999,0
amazon0312.mtx,128,7,CombBLAS-sampled,wall,thread_setup,8.2849000000000006e-05,0
amazon0312.mtx,128,7,CombBLAS-sampled,wall,work_bound,0.0034484950000000002,0
amazon0312.mtx,128,7,CombBLAS-sampled,wall,work_prefix,0.000118597,0
amazon0312.mtx,128,7,CombBLAS-sampled,wall,symbolic,0.013462261999999999,0
amazon0312.mtx,128,7,CombBLAS-sampled,wall,output_prefix,9.7707999999999994e-05,0
amazon0312.mtx,128,7,CombBLAS-sampled,wall,output_allocate,0.017997269999999999,0
amazon0312.mtx,128,7,CombBLAS-sampled,wall,numeric_scratch_setup,0.0039345669999999999,0
amazon0312.mtx,128,7,CombBLAS-sampled,wall,numeric,0.050820879999999999,0
amazon0312.mtx,128,7,CombBLAS-sampled,wall,internal_cleanup,3.9779999999999999e-06,0
amazon0312.mtx,128,7,CombBLAS-sampled,wall,return_cleanup,2.603e-05,0
amazon0312.mtx,128,7,CombBLAS-sampled,wall,output_free,8.5099999999999998e-07,0
amazon0312.mtx,128,7,CombBLAS-sampled,sampled_worker,lookup,0.0046454299999999999,8349
amazon0312.mtx,128,7,CombBLAS-sampled,sampled_worker,alloc_init,0.0009282730000000004,8349
amazon0312.mtx,128,7,CombBLAS-sampled,sampled_worker,lookup_multiply_hash,0.010807190000000013,8349
amazon0312.mtx,128,7,CombBLAS-sampled,sampled_worker,compact,0.0016372310000000001,8349
amazon0312.mtx,128,7,CombBLAS-sampled,sampled_worker,sort,0.0070051830000000016,8349
amazon0312.mtx,128,7,CombBLAS-sampled,sampled_worker,write,0.0025959970000000005,8349
amazon0312.mtx,128,7,CombBLAS-sampled,sampled_worker,scratch_free,0.0012297579999999988,8349
amazon0312.mtx,128,8,CombBLAS-conversion,wall,total,0.154898121,0
amazon0312.mtx,128,8,CombBLAS-conversion,wall,native_call,0.094917721999999996,0
amazon0312.mtx,128,8,CombBLAS-conversion,wall,tuple_to_dcsc,0.059976392000000003,0
amazon0312.mtx,128,8,CombBLAS-conversion,wall,dcsc_free,3.066e-06,0
amazon0312.mtx,128,8,CombBLAS-conversion,wall,output_free,8.71e-07,0
amazon0312.mtx,128,8,DCSC-dense-lookup,wall,total,0.047612646000000002,0
amazon0312.mtx,128,8,DCSC-dense-lookup,wall,native_call_and_free,0.047612375999999998,0
amazon0312.mtx,128,8,DCSC-static,wall,total,0.084577107999999998,0
amazon0312.mtx,128,8,DCSC-static,wall,native_call_and_free,0.084576816999999999,0
amazon0312.mtx,128,8,DCSC-dense-static,wall,total,0.080470660999999999,0
amazon0312.mtx,128,8,DCSC-dense-static,wall,native_call_and_free,0.080470341000000001,0
amazon0312.mtx,128,8,Tuples-control,wall,total,0.058848879,0
amazon0312.mtx,128,8,Tuples-control,wall,native_call_and_free,0.058848407999999998,0
amazon0312.mtx,128,8,Tuples-profile,wall,total,0.061689847999999999,0
amazon0312.mtx,128,8,Tuples-profile,wall,validate,5.8100000000000003e-07,0
amazon0312.mtx,128,8,Tuples-profile,wall,lookup_build,2.3099999999999999e-07,0
amazon0312.mtx,128,8,Tuples-profile,wall,scratch_setup,0.001700832,0
amazon0312.mtx,128,8,Tuples-profile,wall,work_bound,0.0016354080000000001,0
amazon0312.mtx,128,8,Tuples-profile,wall,symbolic_capacity,0.003280261,0
amazon0312.mtx,128,8,Tuples-profile,wall,symbolic,0.0052708700000000004,0
amazon0312.mtx,128,8,Tuples-profile,wall,prefix_numeric_capacity,0.00086282600000000002,0
amazon0312.mtx,128,8,Tuples-profile,wall,output_allocate,0.025335505000000001,0
amazon0312.mtx,128,8,Tuples-profile,wall,numeric,0.023600317999999999,0
amazon0312.mtx,128,8,Tuples-profile,wall,return_cleanup,2.165e-06,0
amazon0312.mtx,128,8,Tuples-profile,wall,output_free,7.9100000000000003e-07,0
amazon0312.mtx,128,8,CSC-control,wall,total,0.054356912,0
amazon0312.mtx,128,8,CSC-control,wall,native_call_and_free,0.054356622,0
amazon0312.mtx,128,8,DCSC-control,wall,total,0.054801847000000001,0
amazon0312.mtx,128,8,DCSC-control,wall,native_call_and_free,0.054801574999999998,0
amazon0312.mtx,128,8,CombBLAS-control,wall,total,0.098774038999999994,0
amazon0312.mtx,128,8,CombBLAS-control,wall,native_call_and_free,0.098773216999999996,0
amazon0312.mtx,128,8,CSC-profile,wall,total,0.051723231000000001,0
amazon0312.mtx,128,8,CSC-profile,wall,validate,6.4099999999999998e-07,0
amazon0312.mtx,128,8,CSC-profile,wall,lookup_build,2.9999999999999997e-08,0
amazon0312.mtx,128,8,CSC-profile,wall,scratch_setup,0.0012931799999999999,0
amazon0312.mtx,128,8,CSC-profile,wall,work_bound,0.0021016310000000001,0
amazon0312.mtx,128,8,CSC-profile,wall,symbolic_capacity,0.0032755229999999998,0
amazon0312.mtx,128,8,CSC-profile,wall,symbolic,0.0070990569999999998,0
amazon0312.mtx,128,8,CSC-profile,wall,prefix_numeric_capacity,0.00085532000000000002,0
amazon0312.mtx,128,8,CSC-profile,wall,output_allocate,0.014053085999999999,0
amazon0312.mtx,128,8,CSC-profile,wall,numeric,0.023040544,0
amazon0312.mtx,128,8,CSC-profile,wall,return_cleanup,2.1840000000000002e-06,0
amazon0312.mtx,128,8,CSC-profile,wall,output_free,1.8139999999999999e-06,0
amazon0312.mtx,128,8,DCSC-profile,wall,total,0.054883181000000003,0
amazon0312.mtx,128,8,DCSC-profile,wall,validate,6.0100000000000005e-07,0
amazon0312.mtx,128,8,DCSC-profile,wall,lookup_build,4.51e-07,0
amazon0312.mtx,128,8,DCSC-profile,wall,scratch_setup,0.0017598049999999999,0
amazon0312.mtx,128,8,DCSC-profile,wall,work_bound,0.0020602319999999999,0
amazon0312.mtx,128,8,DCSC-profile,wall,symbolic_capacity,0.0032864539999999999,0
amazon0312.mtx,128,8,DCSC-profile,wall,symbolic,0.0071480299999999997,0
amazon0312.mtx,128,8,DCSC-profile,wall,prefix_numeric_capacity,0.00086292499999999996,0
amazon0312.mtx,128,8,DCSC-profile,wall,output_allocate,0.017417359,0
amazon0312.mtx,128,8,DCSC-profile,wall,numeric,0.022343056,0
amazon0312.mtx,128,8,DCSC-profile,wall,return_cleanup,2.2139999999999999e-06,0
amazon0312.mtx,128,8,DCSC-profile,wall,output_free,1.984e-06,0
amazon0312.mtx,128,8,CombBLAS-profile,wall,total,0.099183275000000001,0
amazon0312.mtx,128,8,CombBLAS-profile,wall,lookup_build,0.00080829100000000004,0
amazon0312.mtx,128,8,CombBLAS-profile,wall,thread_setup,5.4583999999999998e-05,0
amazon0312.mtx,128,8,CombBLAS-profile,wall,work_bound,0.0044280839999999997,0
amazon0312.mtx,128,8,CombBLAS-profile,wall,work_prefix,0.00026105099999999999,0
amazon0312.mtx,128,8,CombBLAS-profile,wall,symbolic,0.014005073,0
amazon0312.mtx,128,8,CombBLAS-profile,wall,output_prefix,0.00028317300000000001,0
amazon0312.mtx,128,8,CombBLAS-profile,wall,output_allocate,0.024727209999999999,0
amazon0312.mtx,128,8,CombBLAS-profile,wall,numeric_scratch_setup,0.0039382840000000002,0
amazon0312.mtx,128,8,CombBLAS-profile,wall,numeric,0.050647798000000001,0
amazon0312.mtx,128,8,CombBLAS-profile,wall,internal_cleanup,4.1679999999999997e-06,0
amazon0312.mtx,128,8,CombBLAS-profile,wall,return_cleanup,2.4677000000000001e-05,0
amazon0312.mtx,128,8,CombBLAS-profile,wall,output_free,8.2099999999999995e-07,0
amazon0312.mtx,128,8,DCSC-sampled,wall,total,0.052667301,0
amazon0312.mtx,128,8,DCSC-sampled,wall,validate,7.7100000000000001e-07,0
amazon0312.mtx,128,8,DCSC-sampled,wall,lookup_build,4.9999999999999998e-08,0
amazon0312.mtx,128,8,DCSC-sampled,wall,scratch_setup,0.0012675919999999999,0
amazon0312.mtx,128,8,DCSC-sampled,wall,work_bound,0.0020443010000000001,0
amazon0312.mtx,128,8,DCSC-sampled,wall,symbolic_capacity,0.0033758949999999999,0
amazon0312.mtx,128,8,DCSC-sampled,wall,symbolic,0.0068090399999999997,0
amazon0312.mtx,128,8,DCSC-sampled,wall,prefix_numeric_capacity,0.000862184,0
amazon0312.mtx,128,8,DCSC-sampled,wall,output_allocate,0.014838903000000001,0
amazon0312.mtx,128,8,DCSC-sampled,wall,numeric,0.023465237999999999,0
amazon0312.mtx,128,8,DCSC-sampled,wall,return_cleanup,1.714e-06,0
amazon0312.mtx,128,8,DCSC-sampled,wall,output_free,1.5629999999999999e-06,0
amazon0312.mtx,128,8,DCSC-sampled,sampled_worker,lookup,0,8349
amazon0312.mtx,128,8,DCSC-sampled,sampled_worker,alloc_init,0.001530582999999999,8349
amazon0312.mtx,128,8,DCSC-sampled,sampled_worker,lookup_multiply_hash,0.041982900999999989,8349
amazon0312.mtx,128,8,DCSC-sampled,sampled_worker,compact,0.0016130640000000006,8349
amazon0312.mtx,128,8,DCSC-sampled,sampled_worker,sort,0.0069372010000000031,8349
amazon0312.mtx,128,8,DCSC-sampled,sampled_worker,write,0.0049728249999999993,8349
amazon0312.mtx,128,8,DCSC-sampled,sampled_worker,scratch_free,0.0021348329999999992,8349
amazon0312.mtx,128,8,CombBLAS-sampled,wall,total,0.101420566,0
amazon0312.mtx,128,8,CombBLAS-sampled,wall,lookup_build,0.00090147999999999997,0
amazon0312.mtx,128,8,CombBLAS-sampled,wall,thread_setup,5.7639999999999997e-05,0
amazon0312.mtx,128,8,CombBLAS-sampled,wall,work_bound,0.0042300740000000003,0
amazon0312.mtx,128,8,CombBLAS-sampled,wall,work_prefix,0.00026905599999999999,0
amazon0312.mtx,128,8,CombBLAS-sampled,wall,symbolic,0.013993620999999999,0
amazon0312.mtx,128,8,CombBLAS-sampled,wall,output_prefix,0.00028062900000000001,0
amazon0312.mtx,128,8,CombBLAS-sampled,wall,output_allocate,0.026428693,0
amazon0312.mtx,128,8,CombBLAS-sampled,wall,numeric_scratch_setup,0.0041632850000000001,0
amazon0312.mtx,128,8,CombBLAS-sampled,wall,numeric,0.051066842000000001,0
amazon0312.mtx,128,8,CombBLAS-sampled,wall,internal_cleanup,4.0080000000000004e-06,0
amazon0312.mtx,128,8,CombBLAS-sampled,wall,return_cleanup,2.4576999999999999e-05,0
amazon0312.mtx,128,8,CombBLAS-sampled,wall,output_free,6.0100000000000005e-07,0
amazon0312.mtx,128,8,CombBLAS-sampled,sampled_worker,lookup,0.0054278969999999984,8349
amazon0312.mtx,128,8,CombBLAS-sampled,sampled_worker,alloc_init,0.00092886499999999964,8349
amazon0312.mtx,128,8,CombBLAS-sampled,sampled_worker,lookup_multiply_hash,0.018624157000000009,8349
amazon0312.mtx,128,8,CombBLAS-sampled,sampled_worker,compact,0.0016130340000000008,8349
amazon0312.mtx,128,8,CombBLAS-sampled,sampled_worker,sort,0.0069489309999999985,8349
amazon0312.mtx,128,8,CombBLAS-sampled,sampled_worker,write,0.0035747620000000013,8349
amazon0312.mtx,128,8,CombBLAS-sampled,sampled_worker,scratch_free,0.0015403299999999986,8349
amazon0312.mtx,128,9,CombBLAS-conversion,wall,total,0.15487389500000001,0
amazon0312.mtx,128,9,CombBLAS-conversion,wall,native_call,0.095276189999999997,0
amazon0312.mtx,128,9,CombBLAS-conversion,wall,tuple_to_dcsc,0.059594388999999998,0
amazon0312.mtx,128,9,CombBLAS-conversion,wall,dcsc_free,2.5550000000000001e-06,0
amazon0312.mtx,128,9,CombBLAS-conversion,wall,output_free,7.1099999999999995e-07,0
amazon0312.mtx,128,9,CombBLAS-sampled,wall,total,0.091402620000000004,0
amazon0312.mtx,128,9,CombBLAS-sampled,wall,lookup_build,0.00098605099999999994,0
amazon0312.mtx,128,9,CombBLAS-sampled,wall,thread_setup,6.7700000000000006e-05,0
amazon0312.mtx,128,9,CombBLAS-sampled,wall,work_bound,0.003635714,0
amazon0312.mtx,128,9,CombBLAS-sampled,wall,work_prefix,0.00012641200000000001,0
amazon0312.mtx,128,9,CombBLAS-sampled,wall,symbolic,0.013812303999999999,0
amazon0312.mtx,128,9,CombBLAS-sampled,wall,output_prefix,0.000118307,0
amazon0312.mtx,128,9,CombBLAS-sampled,wall,output_allocate,0.018238542999999999,0
amazon0312.mtx,128,9,CombBLAS-sampled,wall,numeric_scratch_setup,0.0037546620000000002,0
amazon0312.mtx,128,9,CombBLAS-sampled,wall,numeric,0.050634101000000001,0
amazon0312.mtx,128,9,CombBLAS-sampled,wall,internal_cleanup,2.7049999999999999e-06,0
amazon0312.mtx,128,9,CombBLAS-sampled,wall,return_cleanup,2.5219e-05,0
amazon0312.mtx,128,9,CombBLAS-sampled,wall,output_free,8.4099999999999997e-07,0
amazon0312.mtx,128,9,CombBLAS-sampled,sampled_worker,lookup,0.0045137679999999979,8349
amazon0312.mtx,128,9,CombBLAS-sampled,sampled_worker,alloc_init,0.00092160700000000018,8349
amazon0312.mtx,128,9,CombBLAS-sampled,sampled_worker,lookup_multiply_hash,0.010540925999999997,8349
amazon0312.mtx,128,9,CombBLAS-sampled,sampled_worker,compact,0.0016361879999999996,8349
amazon0312.mtx,128,9,CombBLAS-sampled,sampled_worker,sort,0.0069879139999999996,8349
amazon0312.mtx,128,9,CombBLAS-sampled,sampled_worker,write,0.0025544430000000004,8349
amazon0312.mtx,128,9,CombBLAS-sampled,sampled_worker,scratch_free,0.0012085569999999988,8349
amazon0312.mtx,128,9,DCSC-sampled,wall,total,0.053332388000000001,0
amazon0312.mtx,128,9,DCSC-sampled,wall,validate,6.4099999999999998e-07,0
amazon0312.mtx,128,9,DCSC-sampled,wall,lookup_build,2.41e-07,0
amazon0312.mtx,128,9,DCSC-sampled,wall,scratch_setup,0.0012755970000000001,0
amazon0312.mtx,128,9,DCSC-sampled,wall,work_bound,0.0020960000000000002,0
amazon0312.mtx,128,9,DCSC-sampled,wall,symbolic_capacity,0.0033361390000000001,0
amazon0312.mtx,128,9,DCSC-sampled,wall,symbolic,0.0069146329999999999,0
amazon0312.mtx,128,9,DCSC-sampled,wall,prefix_numeric_capacity,0.00087195299999999996,0
amazon0312.mtx,128,9,DCSC-sampled,wall,output_allocate,0.014875032,0
amazon0312.mtx,128,9,DCSC-sampled,wall,numeric,0.023958324,0
amazon0312.mtx,128,9,DCSC-sampled,wall,return_cleanup,1.9240000000000001e-06,0
amazon0312.mtx,128,9,DCSC-sampled,wall,output_free,1.8330000000000001e-06,0
amazon0312.mtx,128,9,DCSC-sampled,sampled_worker,lookup,0,8349
amazon0312.mtx,128,9,DCSC-sampled,sampled_worker,alloc_init,0.0014470569999999996,8349
amazon0312.mtx,128,9,DCSC-sampled,sampled_worker,lookup_multiply_hash,0.039637860000000025,8349
amazon0312.mtx,128,9,DCSC-sampled,sampled_worker,compact,0.001636862999999999,8349
amazon0312.mtx,128,9,DCSC-sampled,sampled_worker,sort,0.0070869679999999964,8349
amazon0312.mtx,128,9,DCSC-sampled,sampled_worker,write,0.0049106920000000004,8349
amazon0312.mtx,128,9,DCSC-sampled,sampled_worker,scratch_free,0.0020579929999999988,8349
amazon0312.mtx,128,9,CombBLAS-profile,wall,total,0.10063075,0
amazon0312.mtx,128,9,CombBLAS-profile,wall,lookup_build,0.00089804200000000005,0
amazon0312.mtx,128,9,CombBLAS-profile,wall,thread_setup,5.7370000000000001e-05,0
amazon0312.mtx,128,9,CombBLAS-profile,wall,work_bound,0.004281623,0
amazon0312.mtx,128,9,CombBLAS-profile,wall,work_prefix,0.00027174099999999999,0
amazon0312.mtx,128,9,CombBLAS-profile,wall,symbolic,0.014108953,0
amazon0312.mtx,128,9,CombBLAS-profile,wall,output_prefix,0.00027947600000000002,0
amazon0312.mtx,128,9,CombBLAS-profile,wall,output_allocate,0.025318784,0
amazon0312.mtx,128,9,CombBLAS-profile,wall,numeric_scratch_setup,0.0041467739999999998,0
amazon0312.mtx,128,9,CombBLAS-profile,wall,numeric,0.051237578999999998,0
amazon0312.mtx,128,9,CombBLAS-profile,wall,internal_cleanup,3.5470000000000001e-06,0
amazon0312.mtx,128,9,CombBLAS-profile,wall,return_cleanup,2.597e-05,0
amazon0312.mtx,128,9,CombBLAS-profile,wall,output_free,8.3099999999999996e-07,0
amazon0312.mtx,128,9,DCSC-profile,wall,total,0.052711505999999998,0
amazon0312.mtx,128,9,DCSC-profile,wall,validate,6.61e-07,0
amazon0312.mtx,128,9,DCSC-profile,wall,lookup_build,2.7099999999999998e-07,0
amazon0312.mtx,128,9,DCSC-profile,wall,scratch_setup,0.001343477,0
amazon0312.mtx,128,9,DCSC-profile,wall,work_bound,0.0023701659999999999,0
amazon0312.mtx,128,9,DCSC-profile,wall,symbolic_capacity,0.0033604059999999998,0
amazon0312.mtx,128,9,DCSC-profile,wall,symbolic,0.0067711070000000002,0
amazon0312.mtx,128,9,DCSC-profile,wall,prefix_numeric_capacity,0.00087289500000000005,0
amazon0312.mtx,128,9,DCSC-profile,wall,output_allocate,0.015026502000000001,0
amazon0312.mtx,128,9,DCSC-profile,wall,numeric,0.022962665,0
amazon0312.mtx,128,9,DCSC-profile,wall,return_cleanup,1.2020000000000001e-06,0
amazon0312.mtx,128,9,DCSC-profile,wall,output_free,2.1050000000000002e-06,0
amazon0312.mtx,128,9,CSC-profile,wall,total,0.054547407999999999,0
amazon0312.mtx,128,9,CSC-profile,wall,validate,9.1100000000000004e-07,0
amazon0312.mtx,128,9,CSC-profile,wall,lookup_build,2.9999999999999997e-08,0
amazon0312.mtx,128,9,CSC-profile,wall,scratch_setup,0.001826874,0
amazon0312.mtx,128,9,CSC-profile,wall,work_bound,0.0020212680000000001,0
amazon0312.mtx,128,9,CSC-profile,wall,symbolic_capacity,0.0032256160000000002,0
amazon0312.mtx,128,9,CSC-profile,wall,symbolic,0.007116982,0
amazon0312.mtx,128,9,CSC-profile,wall,prefix_numeric_capacity,0.00084418899999999996,0
amazon0312.mtx,128,9,CSC-profile,wall,output_allocate,0.017061074999999998,0
amazon0312.mtx,128,9,CSC-profile,wall,numeric,0.022446555,0
amazon0312.mtx,128,9,CSC-profile,wall,return_cleanup,2.0040000000000002e-06,0
amazon0312.mtx,128,9,CSC-profile,wall,output_free,1.843e-06,0
amazon0312.mtx,128,9,CombBLAS-control,wall,total,0.099281693000000004,0
amazon0312.mtx,128,9,CombBLAS-control,wall,native_call_and_free,0.099281211999999994,0
amazon0312.mtx,128,9,DCSC-control,wall,total,0.052585714999999998,0
amazon0312.mtx,128,9,DCSC-control,wall,native_call_and_free,0.052585445000000001,0
amazon0312.mtx,128,9,CSC-control,wall,total,0.054542799000000003,0
amazon0312.mtx,128,9,CSC-control,wall,native_call_and_free,0.054542528,0
amazon0312.mtx,128,9,Tuples-profile,wall,total,0.064353466999999998,0
amazon0312.mtx,128,9,Tuples-profile,wall,validate,1.0720000000000001e-06,0
amazon0312.mtx,128,9,Tuples-profile,wall,lookup_build,2.5100000000000001e-07,0
amazon0312.mtx,128,9,Tuples-profile,wall,scratch_setup,0.0017858450000000001,0
amazon0312.mtx,128,9,Tuples-profile,wall,work_bound,0.0019990950000000002,0
amazon0312.mtx,128,9,Tuples-profile,wall,symbolic_capacity,0.003288357,0
amazon0312.mtx,128,9,Tuples-profile,wall,symbolic,0.0068951150000000003,0
amazon0312.mtx,128,9,Tuples-profile,wall,prefix_numeric_capacity,0.00085599199999999997,0
amazon0312.mtx,128,9,Tuples-profile,wall,output_allocate,0.024368061,0
amazon0312.mtx,128,9,Tuples-profile,wall,numeric,0.025156964,0
amazon0312.mtx,128,9,Tuples-profile,wall,return_cleanup,2.1840000000000002e-06,0
amazon0312.mtx,128,9,Tuples-profile,wall,output_free,4.8100000000000003e-07,0
amazon0312.mtx,128,9,Tuples-control,wall,total,0.061090769000000003,0
amazon0312.mtx,128,9,Tuples-control,wall,native_call_and_free,0.061090066999999998,0
amazon0312.mtx,128,9,DCSC-dense-static,wall,total,0.083496364000000003,0
amazon0312.mtx,128,9,DCSC-dense-static,wall,native_call_and_free,0.083496055,0
amazon0312.mtx,128,9,DCSC-static,wall,total,0.081036226000000003,0
amazon0312.mtx,128,9,DCSC-static,wall,native_call_and_free,0.081035905000000005,0
amazon0312.mtx,128,9,DCSC-dense-lookup,wall,total,0.051855334000000003,0
amazon0312.mtx,128,9,DCSC-dense-lookup,wall,native_call_and_free,0.051855044000000003,0
amazon0312.mtx,128,10,DCSC-static,wall,total,0.084307410999999999,0
amazon0312.mtx,128,10,DCSC-static,wall,native_call_and_free,0.084307110000000005,0
amazon0312.mtx,128,10,DCSC-dense-static,wall,total,0.080604117000000003,0
amazon0312.mtx,128,10,DCSC-dense-static,wall,native_call_and_free,0.080603816999999994,0
amazon0312.mtx,128,10,Tuples-control,wall,total,0.059488616000000001,0
amazon0312.mtx,128,10,Tuples-control,wall,native_call_and_free,0.059487803999999998,0
amazon0312.mtx,128,10,Tuples-profile,wall,total,0.062169196000000003,0
amazon0312.mtx,128,10,Tuples-profile,wall,validate,4.3000000000000001e-07,0
amazon0312.mtx,128,10,Tuples-profile,wall,lookup_build,2.6100000000000002e-07,0
amazon0312.mtx,128,10,Tuples-profile,wall,scratch_setup,0.0018325049999999999,0
amazon0312.mtx,128,10,Tuples-profile,wall,work_bound,0.00164211,0
amazon0312.mtx,128,10,Tuples-profile,wall,symbolic_capacity,0.0032782169999999999,0
amazon0312.mtx,128,10,Tuples-profile,wall,symbolic,0.0053388710000000002,0
amazon0312.mtx,128,10,Tuples-profile,wall,prefix_numeric_capacity,0.000878545,0
amazon0312.mtx,128,10,Tuples-profile,wall,output_allocate,0.025476586999999998,0
amazon0312.mtx,128,10,Tuples-profile,wall,numeric,0.023718824999999999,0
amazon0312.mtx,128,10,Tuples-profile,wall,return_cleanup,2.1739999999999999e-06,0
amazon0312.mtx,128,10,Tuples-profile,wall,output_free,6.1099999999999995e-07,0
amazon0312.mtx,128,10,CSC-control,wall,total,0.054942906999999999,0
amazon0312.mtx,128,10,CSC-control,wall,native_call_and_free,0.054942626000000001,0
amazon0312.mtx,128,10,DCSC-control,wall,total,0.055218545000000001,0
amazon0312.mtx,128,10,DCSC-control,wall,native_call_and_free,0.055218273999999998,0
amazon0312.mtx,128,10,CombBLAS-control,wall,total,0.099139921000000006,0
amazon0312.mtx,128,10,CombBLAS-control,wall,native_call_and_free,0.099139328999999998,0
amazon0312.mtx,128,10,CSC-profile,wall,total,0.052199073999999998,0
amazon0312.mtx,128,10,CSC-profile,wall,validate,4.2e-07,0
amazon0312.mtx,128,10,CSC-profile,wall,lookup_build,4.0000000000000001e-08,0
amazon0312.mtx,128,10,CSC-profile,wall,scratch_setup,0.001300825,0
amazon0312.mtx,128,10,CSC-profile,wall,work_bound,0.002151207,0
amazon0312.mtx,128,10,CSC-profile,wall,symbolic_capacity,0.0032350550000000001,0
amazon0312.mtx,128,10,CSC-profile,wall,symbolic,0.0071257680000000002,0
amazon0312.mtx,128,10,CSC-profile,wall,prefix_numeric_capacity,0.00086125199999999996,0
amazon0312.mtx,128,10,CSC-profile,wall,output_allocate,0.014112659,0
amazon0312.mtx,128,10,CSC-profile,wall,numeric,0.023408350000000001,0
amazon0312.mtx,128,10,CSC-profile,wall,return_cleanup,1.373e-06,0
amazon0312.mtx,128,10,CSC-profile,wall,output_free,2.0540000000000002e-06,0
amazon0312.mtx,128,10,DCSC-profile,wall,total,0.055067665000000002,0
amazon0312.mtx,128,10,DCSC-profile,wall,validate,4.2100000000000002e-07,0
amazon0312.mtx,128,10,DCSC-profile,wall,lookup_build,2.6e-07,0
amazon0312.mtx,128,10,DCSC-profile,wall,scratch_setup,0.0018345989999999999,0
amazon0312.mtx,128,10,DCSC-profile,wall,work_bound,0.0020215070000000001,0
amazon0312.mtx,128,10,DCSC-profile,wall,symbolic_capacity,0.003291754,0
amazon0312.mtx,128,10,DCSC-profile,wall,symbolic,0.0071702739999999999,0
amazon0312.mtx,128,10,DCSC-profile,wall,prefix_numeric_capacity,0.00086921700000000004,0
amazon0312.mtx,128,10,DCSC-profile,wall,output_allocate,0.017571264,0
amazon0312.mtx,128,10,DCSC-profile,wall,numeric,0.022304220999999999,0
amazon0312.mtx,128,10,DCSC-profile,wall,return_cleanup,2.295e-06,0
amazon0312.mtx,128,10,DCSC-profile,wall,output_free,1.793e-06,0
amazon0312.mtx,128,10,CombBLAS-profile,wall,total,0.099803703999999993,0
amazon0312.mtx,128,10,CombBLAS-profile,wall,lookup_build,0.00074763399999999995,0
amazon0312.mtx,128,10,CombBLAS-profile,wall,thread_setup,5.4574999999999998e-05,0
amazon0312.mtx,128,10,CombBLAS-profile,wall,work_bound,0.0045928899999999996,0
amazon0312.mtx,128,10,CombBLAS-profile,wall,work_prefix,0.000264687,0
amazon0312.mtx,128,10,CombBLAS-profile,wall,symbolic,0.014100797,0
amazon0312.mtx,128,10,CombBLAS-profile,wall,output_prefix,0.00029054699999999999,0
amazon0312.mtx,128,10,CombBLAS-profile,wall,output_allocate,0.024680609999999999,0
amazon0312.mtx,128,10,CombBLAS-profile,wall,numeric_scratch_setup,0.0039584930000000004,0
amazon0312.mtx,128,10,CombBLAS-profile,wall,numeric,0.051084485999999998,0
amazon0312.mtx,128,10,CombBLAS-profile,wall,internal_cleanup,3.1659999999999998e-06,0
amazon0312.mtx,128,10,CombBLAS-profile,wall,return_cleanup,2.4527000000000001e-05,0
amazon0312.mtx,128,10,CombBLAS-profile,wall,output_free,1.2419999999999999e-06,0
amazon0312.mtx,128,10,DCSC-sampled,wall,total,0.052056089999999999,0
amazon0312.mtx,128,10,DCSC-sampled,wall,validate,7.3099999999999997e-07,0
amazon0312.mtx,128,10,DCSC-sampled,wall,lookup_build,4.0000000000000001e-08,0
amazon0312.mtx,128,10,DCSC-sampled,wall,scratch_setup,0.0012708579999999999,0
amazon0312.mtx,128,10,DCSC-sampled,wall,work_bound,0.0020531780000000001,0
amazon0312.mtx,128,10,DCSC-sampled,wall,symbolic_capacity,0.0033553160000000001,0
amazon0312.mtx,128,10,DCSC-sampled,wall,symbolic,0.0067929089999999998,0
amazon0312.mtx,128,10,DCSC-sampled,wall,prefix_numeric_capacity,0.000873766,0
amazon0312.mtx,128,10,DCSC-sampled,wall,output_allocate,0.014754791999999999,0
amazon0312.mtx,128,10,DCSC-sampled,wall,numeric,0.022951102000000001,0
amazon0312.mtx,128,10,DCSC-sampled,wall,return_cleanup,1.353e-06,0
amazon0312.mtx,128,10,DCSC-sampled,wall,output_free,1.9740000000000001e-06,0
amazon0312.mtx,128,10,DCSC-sampled,sampled_worker,lookup,0,8349
amazon0312.mtx,128,10,DCSC-sampled,sampled_worker,alloc_init,0.0015679849999999998,8349
amazon0312.mtx,128,10,DCSC-sampled,sampled_worker,lookup_multiply_hash,0.041243574000000033,8349
amazon0312.mtx,128,10,DCSC-sampled,sampled_worker,compact,0.0016336350000000013,8349
amazon0312.mtx,128,10,DCSC-sampled,sampled_worker,sort,0.006950872000000002,8349
amazon0312.mtx,128,10,DCSC-sampled,sampled_worker,write,0.0048132690000000011,8349
amazon0312.mtx,128,10,DCSC-sampled,sampled_worker,scratch_free,0.002254655999999999,8349
amazon0312.mtx,128,10,CombBLAS-sampled,wall,total,0.101392973,0
amazon0312.mtx,128,10,CombBLAS-sampled,wall,lookup_build,0.00088573899999999997,0
amazon0312.mtx,128,10,CombBLAS-sampled,wall,thread_setup,5.5787e-05,0
amazon0312.mtx,128,10,CombBLAS-sampled,wall,work_bound,0.0042379890000000002,0
amazon0312.mtx,128,10,CombBLAS-sampled,wall,work_prefix,0.00026260399999999999,0
amazon0312.mtx,128,10,CombBLAS-sampled,wall,symbolic,0.014092481,0
amazon0312.mtx,128,10,CombBLAS-sampled,wall,output_prefix,0.000280067,0
amazon0312.mtx,128,10,CombBLAS-sampled,wall,output_allocate,0.026813310999999999,0
amazon0312.mtx,128,10,CombBLAS-sampled,wall,numeric_scratch_setup,0.0039795129999999996,0
amazon0312.mtx,128,10,CombBLAS-sampled,wall,numeric,0.050756546,0
amazon0312.mtx,128,10,CombBLAS-sampled,wall,internal_cleanup,3.6169999999999998e-06,0
amazon0312.mtx,128,10,CombBLAS-sampled,wall,return_cleanup,2.4437e-05,0
amazon0312.mtx,128,10,CombBLAS-sampled,wall,output_free,8.1200000000000002e-07,0
amazon0312.mtx,128,10,CombBLAS-sampled,sampled_worker,lookup,0.0054576219999999979,8349
amazon0312.mtx,128,10,CombBLAS-sampled,sampled_worker,alloc_init,0.00092628699999999971,8349
amazon0312.mtx,128,10,CombBLAS-sampled,sampled_worker,lookup_multiply_hash,0.018545712999999991,8349
amazon0312.mtx,128,10,CombBLAS-sampled,sampled_worker,compact,0.0016255280000000006,8349
amazon0312.mtx,128,10,CombBLAS-sampled,sampled_worker,sort,0.0070809970000000047,8349
amazon0312.mtx,128,10,CombBLAS-sampled,sampled_worker,write,0.0034259970000000031,8349
amazon0312.mtx,128,10,CombBLAS-sampled,sampled_worker,scratch_free,0.0015790019999999995,8349
amazon0312.mtx,128,10,CombBLAS-conversion,wall,total,0.154854397,0
amazon0312.mtx,128,10,CombBLAS-conversion,wall,native_call,0.095336826,0
amazon0312.mtx,128,10,CombBLAS-conversion,wall,tuple_to_dcsc,0.059514015000000003,0
amazon0312.mtx,128,10,CombBLAS-conversion,wall,dcsc_free,2.785e-06,0
amazon0312.mtx,128,10,CombBLAS-conversion,wall,output_free,7.1099999999999995e-07,0
amazon0312.mtx,128,10,DCSC-dense-lookup,wall,total,0.047977235,0
amazon0312.mtx,128,10,DCSC-dense-lookup,wall,native_call_and_free,0.047976974999999998,0
amazon0312.mtx,128,11,DCSC-static,wall,total,0.084260961999999995,0
amazon0312.mtx,128,11,DCSC-static,wall,native_call_and_free,0.084260669999999996,0
amazon0312.mtx,128,11,DCSC-dense-lookup,wall,total,0.051379030999999999,0
amazon0312.mtx,128,11,DCSC-dense-lookup,wall,native_call_and_free,0.051378751,0
amazon0312.mtx,128,11,CombBLAS-conversion,wall,total,0.15885855800000001,0
amazon0312.mtx,128,11,CombBLAS-conversion,wall,native_call,0.098935329000000002,0
amazon0312.mtx,128,11,CombBLAS-conversion,wall,tuple_to_dcsc,0.059918108999999997,0
amazon0312.mtx,128,11,CombBLAS-conversion,wall,dcsc_free,4.1180000000000002e-06,0
amazon0312.mtx,128,11,CombBLAS-conversion,wall,output_free,9.3200000000000003e-07,0
amazon0312.mtx,128,11,CombBLAS-sampled,wall,total,0.090689311999999994,0
amazon0312.mtx,128,11,CombBLAS-sampled,wall,lookup_build,0.00093880000000000005,0
amazon0312.mtx,128,11,CombBLAS-sampled,wall,thread_setup,0.000173263,0
amazon0312.mtx,128,11,CombBLAS-sampled,wall,work_bound,0.003466238,0
amazon0312.mtx,128,11,CombBLAS-sampled,wall,work_prefix,0.000122175,0
amazon0312.mtx,128,11,CombBLAS-sampled,wall,symbolic,0.013366518000000001,0
amazon0312.mtx,128,11,CombBLAS-sampled,wall,output_prefix,9.2638000000000003e-05,0
amazon0312.mtx,128,11,CombBLAS-sampled,wall,output_allocate,0.018174551000000001,0
amazon0312.mtx,128,11,CombBLAS-sampled,wall,numeric_scratch_setup,0.00374851,0
amazon0312.mtx,128,11,CombBLAS-sampled,wall,numeric,0.050576179999999998,0
amazon0312.mtx,128,11,CombBLAS-sampled,wall,internal_cleanup,3.7579999999999998e-06,0
amazon0312.mtx,128,11,CombBLAS-sampled,wall,return_cleanup,2.5778999999999998e-05,0
amazon0312.mtx,128,11,CombBLAS-sampled,wall,output_free,8.4200000000000005e-07,0
amazon0312.mtx,128,11,CombBLAS-sampled,sampled_worker,lookup,0.0045896529999999974,8349
amazon0312.mtx,128,11,CombBLAS-sampled,sampled_worker,alloc_init,0.00092193800000000008,8349
amazon0312.mtx,128,11,CombBLAS-sampled,sampled_worker,lookup_multiply_hash,0.011002811999999999,8349
amazon0312.mtx,128,11,CombBLAS-sampled,sampled_worker,compact,0.0016091579999999999,8349
amazon0312.mtx,128,11,CombBLAS-sampled,sampled_worker,sort,0.0069474900000000015,8349
amazon0312.mtx,128,11,CombBLAS-sampled,sampled_worker,write,0.0025478349999999992,8349
amazon0312.mtx,128,11,CombBLAS-sampled,sampled_worker,scratch_free,0.0012429299999999995,8349
amazon0312.mtx,128,11,DCSC-sampled,wall,total,0.052616683999999997,0
amazon0312.mtx,128,11,DCSC-sampled,wall,validate,1.122e-06,0
amazon0312.mtx,128,11,DCSC-sampled,wall,lookup_build,3.0100000000000001e-07,0
amazon0312.mtx,128,11,DCSC-sampled,wall,scratch_setup,0.001293701,0
amazon0312.mtx,128,11,DCSC-sampled,wall,work_bound,0.002434299,0
amazon0312.mtx,128,11,DCSC-sampled,wall,symbolic_capacity,0.0033664670000000002,0
amazon0312.mtx,128,11,DCSC-sampled,wall,symbolic,0.0069141319999999999,0
amazon0312.mtx,128,11,DCSC-sampled,wall,prefix_numeric_capacity,0.00084812699999999995,0
amazon0312.mtx,128,11,DCSC-sampled,wall,output_allocate,0.014774389000000001,0
amazon0312.mtx,128,11,DCSC-sampled,wall,numeric,0.022979928,0
amazon0312.mtx,128,11,DCSC-sampled,wall,return_cleanup,2.0339999999999999e-06,0
amazon0312.mtx,128,11,DCSC-sampled,wall,output_free,2.1239999999999999e-06,0
amazon0312.mtx,128,11,DCSC-sampled,sampled_worker,lookup,0,8349
amazon0312.mtx,128,11,DCSC-sampled,sampled_worker,alloc_init,0.0015622890000000008,8349
amazon0312.mtx,128,11,DCSC-sampled,sampled_worker,lookup_multiply_hash,0.042305885000000008,8349
amazon0312.mtx,128,11,DCSC-sampled,sampled_worker,compact,0.0015919820000000002,8349
amazon0312.mtx,128,11,DCSC-sampled,sampled_worker,sort,0.0070776140000000055,8349
amazon0312.mtx,128,11,DCSC-sampled,sampled_worker,write,0.0044398849999999993,8349
amazon0312.mtx,128,11,DCSC-sampled,sampled_worker,scratch_free,0.002408754999999999,8349
amazon0312.mtx,128,11,CombBLAS-profile,wall,total,0.10054701000000001,0
amazon0312.mtx,128,11,CombBLAS-profile,wall,lookup_build,0.00087739299999999997,0
amazon0312.mtx,128,11,CombBLAS-profile,wall,thread_setup,5.4595000000000002e-05,0
amazon0312.mtx,128,11,CombBLAS-profile,wall,work_bound,0.0042486190000000004,0
amazon0312.mtx,128,11,CombBLAS-profile,wall,work_prefix,0.00025362699999999998,0
amazon0312.mtx,128,11,CombBLAS-profile,wall,symbolic,0.013946,0
amazon0312.mtx,128,11,CombBLAS-profile,wall,output_prefix,0.00028084799999999999,0
amazon0312.mtx,128,11,CombBLAS-profile,wall,output_allocate,0.025746624999999999,0
amazon0312.mtx,128,11,CombBLAS-profile,wall,numeric_scratch_setup,0.0039647850000000002,0
amazon0312.mtx,128,11,CombBLAS-profile,wall,numeric,0.051145112,0
amazon0312.mtx,128,11,CombBLAS-profile,wall,internal_cleanup,3.6770000000000001e-06,0
amazon0312.mtx,128,11,CombBLAS-profile,wall,return_cleanup,2.5038e-05,0
amazon0312.mtx,128,11,CombBLAS-profile,wall,output_free,6.2099999999999996e-07,0
amazon0312.mtx,128,11,DCSC-profile,wall,total,0.052477126999999998,0
amazon0312.mtx,128,11,DCSC-profile,wall,validate,9.4200000000000004e-07,0
amazon0312.mtx,128,11,DCSC-profile,wall,lookup_build,2.8099999999999999e-07,0
amazon0312.mtx,128,11,DCSC-profile,wall,scratch_setup,0.001324981,0
amazon0312.mtx,128,11,DCSC-profile,wall,work_bound,0.0023966669999999999,0
amazon0312.mtx,128,11,DCSC-profile,wall,symbolic_capacity,0.0033118330000000001,0
amazon0312.mtx,128,11,DCSC-profile,wall,symbolic,0.00677744,0
amazon0312.mtx,128,11,DCSC-profile,wall,prefix_numeric_capacity,0.00084099299999999995,0
amazon0312.mtx,128,11,DCSC-profile,wall,output_allocate,0.014909377999999999,0
amazon0312.mtx,128,11,DCSC-profile,wall,numeric,0.022910132999999999,0
amazon0312.mtx,128,11,DCSC-profile,wall,return_cleanup,2.1950000000000002e-06,0
amazon0312.mtx,128,11,DCSC-profile,wall,output_free,2.2239999999999998e-06,0
amazon0312.mtx,128,11,CSC-profile,wall,total,0.054178759999999999,0
amazon0312.mtx,128,11,CSC-profile,wall,validate,6.1099999999999995e-07,0
amazon0312.mtx,128,11,CSC-profile,wall,lookup_build,4.0000000000000001e-08,0
amazon0312.mtx,128,11,CSC-profile,wall,scratch_setup,0.0017515499999999999,0
amazon0312.mtx,128,11,CSC-profile,wall,work_bound,0.0020106970000000001,0
amazon0312.mtx,128,11,CSC-profile,wall,symbolic_capacity,0.0032306370000000002,0
amazon0312.mtx,128,11,CSC-profile,wall,symbolic,0.0071322699999999996,0
amazon0312.mtx,128,11,CSC-profile,wall,prefix_numeric_capacity,0.00083612300000000003,0
amazon0312.mtx,128,11,CSC-profile,wall,output_allocate,0.016949341,0
amazon0312.mtx,128,11,CSC-profile,wall,numeric,0.022264426,0
amazon0312.mtx,128,11,CSC-profile,wall,return_cleanup,1.933e-06,0
amazon0312.mtx,128,11,CSC-profile,wall,output_free,1.062e-06,0
amazon0312.mtx,128,11,CombBLAS-control,wall,total,0.098844785000000004,0
amazon0312.mtx,128,11,CombBLAS-control,wall,native_call_and_free,0.098844293999999999,0
amazon0312.mtx,128,11,DCSC-control,wall,total,0.052690204999999997,0
amazon0312.mtx,128,11,DCSC-control,wall,native_call_and_free,0.052689905000000002,0
amazon0312.mtx,128,11,CSC-control,wall,total,0.055702764000000002,0
amazon0312.mtx,128,11,CSC-control,wall,native_call_and_free,0.055702474000000002,0
amazon0312.mtx,128,11,Tuples-profile,wall,total,0.064521679999999998,0
amazon0312.mtx,128,11,Tuples-profile,wall,validate,1.062e-06,0
amazon0312.mtx,128,11,Tuples-profile,wall,lookup_build,2.5100000000000001e-07,0
amazon0312.mtx,128,11,Tuples-profile,wall,scratch_setup,0.001921075,0
amazon0312.mtx,128,11,Tuples-profile,wall,work_bound,0.0019839749999999998,0
amazon0312.mtx,128,11,Tuples-profile,wall,symbolic_capacity,0.0033365000000000001,0
amazon0312.mtx,128,11,Tuples-profile,wall,symbolic,0.006939621,0
amazon0312.mtx,128,11,Tuples-profile,wall,prefix_numeric_capacity,0.00086357600000000001,0
amazon0312.mtx,128,11,Tuples-profile,wall,output_allocate,0.024370636000000001,0
amazon0312.mtx,128,11,Tuples-profile,wall,numeric,0.025101978,0
amazon0312.mtx,128,11,Tuples-profile,wall,return_cleanup,2.3439999999999999e-06,0
amazon0312.mtx,128,11,Tuples-profile,wall,output_free,6.1200000000000003e-07,0
amazon0312.mtx,128,11,Tuples-control,wall,total,0.062395351000000002,0
amazon0312.mtx,128,11,Tuples-control,wall,native_call_and_free,0.062394860000000003,0
amazon0312.mtx,128,11,DCSC-dense-static,wall,total,0.083727527999999996,0
amazon0312.mtx,128,11,DCSC-dense-static,wall,native_call_and_free,0.083727257999999999,0
