dataset,threads,iteration,backend,kind,phase,seconds,sampled_columns
cant.mtx,16,0,CSC-control,wall,total,0.127175276,0
cant.mtx,16,0,CSC-control,wall,native_call_and_free,0.12717453500000001,0
cant.mtx,16,0,DCSC-control,wall,total,0.124674219,0
cant.mtx,16,0,DCSC-control,wall,native_call_and_free,0.124673878,0
cant.mtx,16,0,CombBLAS-control,wall,total,0.128291617,0
cant.mtx,16,0,CombBLAS-control,wall,native_call_and_free,0.12829084499999999,0
cant.mtx,16,0,CSC-profile,wall,total,0.13028024199999999,0
cant.mtx,16,0,CSC-profile,wall,validate,6.8199999999999999e-07,0
cant.mtx,16,0,CSC-profile,wall,lookup_build,4.0000000000000001e-08,0
cant.mtx,16,0,CSC-profile,wall,scratch_setup,0.00013270400000000001,0
cant.mtx,16,0,CSC-profile,wall,work_bound,0.00099109099999999993,0
cant.mtx,16,0,CSC-profile,wall,symbolic_capacity,0.00044179700000000001,0
cant.mtx,16,0,CSC-profile,wall,symbolic,0.029970327000000001,0
cant.mtx,16,0,CSC-profile,wall,prefix_numeric_capacity,7.5043999999999995e-05,0
cant.mtx,16,0,CSC-profile,wall,output_allocate,0.014169569,0
cant.mtx,16,0,CSC-profile,wall,numeric,0.084496573000000005,0
cant.mtx,16,0,CSC-profile,wall,return_cleanup,1.243e-06,0
cant.mtx,16,0,CSC-profile,wall,output_free,1.1119999999999999e-06,0
cant.mtx,16,0,DCSC-profile,wall,total,0.12843987200000001,0
cant.mtx,16,0,DCSC-profile,wall,validate,6.9100000000000003e-07,0
cant.mtx,16,0,DCSC-profile,wall,lookup_build,4.8100000000000003e-07,0
cant.mtx,16,0,DCSC-profile,wall,scratch_setup,0.00013739399999999999,0
cant.mtx,16,0,DCSC-profile,wall,work_bound,0.00096831700000000001,0
cant.mtx,16,0,DCSC-profile,wall,symbolic_capacity,0.000320284,0
cant.mtx,16,0,DCSC-profile,wall,symbolic,0.029458695,0
cant.mtx,16,0,DCSC-profile,wall,prefix_numeric_capacity,7.8159999999999997e-05,0
cant.mtx,16,0,DCSC-profile,wall,output_allocate,0.014217,0
cant.mtx,16,0,DCSC-profile,wall,numeric,0.083255823000000007,0
cant.mtx,16,0,DCSC-profile,wall,return_cleanup,1.6139999999999999e-06,0
cant.mtx,16,0,DCSC-profile,wall,output_free,1.342e-06,0
cant.mtx,16,0,CombBLAS-profile,wall,total,0.13433489900000001,0
cant.mtx,16,0,CombBLAS-profile,wall,lookup_build,5.1548999999999997e-05,0
cant.mtx,16,0,CombBLAS-profile,wall,thread_setup,7.5050000000000001e-06,0
cant.mtx,16,0,CombBLAS-profile,wall,work_bound,0.0020923830000000002,0
cant.mtx,16,0,CombBLAS-profile,wall,work_prefix,2.601e-05,0
cant.mtx,16,0,CombBLAS-profile,wall,symbolic,0.024870824999999999,0
cant.mtx,16,0,CombBLAS-profile,wall,output_prefix,1.9918000000000001e-05,0
cant.mtx,16,0,CombBLAS-profile,wall,output_allocate,0.022974607000000001,0
cant.mtx,16,0,CombBLAS-profile,wall,numeric_scratch_setup,0.0024191809999999998,0
cant.mtx,16,0,CombBLAS-profile,wall,numeric,0.081866287999999995,0
cant.mtx,16,0,CombBLAS-profile,wall,internal_cleanup,3.0359999999999998e-06,0
cant.mtx,16,0,CombBLAS-profile,wall,return_cleanup,2.525e-06,0
cant.mtx,16,0,CombBLAS-profile,wall,output_free,1.0219999999999999e-06,0
cant.mtx,16,0,DCSC-sampled,wall,total,0.12918906799999999,0
cant.mtx,16,0,DCSC-sampled,wall,validate,6.7100000000000001e-07,0
cant.mtx,16,0,DCSC-sampled,wall,lookup_build,2.6100000000000002e-07,0
cant.mtx,16,0,DCSC-sampled,wall,scratch_setup,0.00015330399999999999,0
cant.mtx,16,0,DCSC-sampled,wall,work_bound,0.001055414,0
cant.mtx,16,0,DCSC-sampled,wall,symbolic_capacity,0.00036513099999999998,0
cant.mtx,16,0,DCSC-sampled,wall,symbolic,0.029831249000000001,0
cant.mtx,16,0,DCSC-sampled,wall,prefix_numeric_capacity,7.0776000000000001e-05,0
cant.mtx,16,0,DCSC-sampled,wall,output_allocate,0.014418666,0
cant.mtx,16,0,DCSC-sampled,wall,numeric,0.083290891000000006,0
cant.mtx,16,0,DCSC-sampled,wall,return_cleanup,1.734e-06,0
cant.mtx,16,0,DCSC-sampled,wall,output_free,9.0100000000000003e-07,0
cant.mtx,16,0,DCSC-sampled,sampled_worker,lookup,0,8922
cant.mtx,16,0,DCSC-sampled,sampled_worker,alloc_init,0.0026532139999999966,8922
cant.mtx,16,0,DCSC-sampled,sampled_worker,lookup_multiply_hash,0.13286128999999997,8922
cant.mtx,16,0,DCSC-sampled,sampled_worker,compact,0.0046231829999999995,8922
cant.mtx,16,0,DCSC-sampled,sampled_worker,sort,0.046881588999999994,8922
cant.mtx,16,0,DCSC-sampled,sampled_worker,write,0.0023462009999999991,8922
cant.mtx,16,0,DCSC-sampled,sampled_worker,scratch_free,0.00051396000000000243,8922
cant.mtx,16,0,CombBLAS-sampled,wall,total,0.134082745,0
cant.mtx,16,0,CombBLAS-sampled,wall,lookup_build,5.0497000000000001e-05,0
cant.mtx,16,0,CombBLAS-sampled,wall,thread_setup,8.7870000000000007e-06,0
cant.mtx,16,0,CombBLAS-sampled,wall,work_bound,0.0020895079999999999,0
cant.mtx,16,0,CombBLAS-sampled,wall,work_prefix,2.5258000000000001e-05,0
cant.mtx,16,0,CombBLAS-sampled,wall,symbolic,0.024449627000000002,0
cant.mtx,16,0,CombBLAS-sampled,wall,output_prefix,2.0279e-05,0
cant.mtx,16,0,CombBLAS-sampled,wall,output_allocate,0.022852824000000001,0
cant.mtx,16,0,CombBLAS-sampled,wall,numeric_scratch_setup,0.0023363619999999998,0
cant.mtx,16,0,CombBLAS-sampled,wall,numeric,0.082243361000000001,0
cant.mtx,16,0,CombBLAS-sampled,wall,internal_cleanup,3.1860000000000001e-06,0
cant.mtx,16,0,CombBLAS-sampled,wall,return_cleanup,2.4449999999999999e-06,0
cant.mtx,16,0,CombBLAS-sampled,wall,output_free,5.51e-07,0
cant.mtx,16,0,CombBLAS-sampled,sampled_worker,lookup,0.005126495,8922
cant.mtx,16,0,CombBLAS-sampled,sampled_worker,alloc_init,0.003878643000000005,8922
cant.mtx,16,0,CombBLAS-sampled,sampled_worker,lookup_multiply_hash,0.12181228400000002,8922
cant.mtx,16,0,CombBLAS-sampled,sampled_worker,compact,0.0055842019999999999,8922
cant.mtx,16,0,CombBLAS-sampled,sampled_worker,sort,0.047110054999999998,8922
cant.mtx,16,0,CombBLAS-sampled,sampled_worker,write,0.0040018519999999993,8922
cant.mtx,16,0,CombBLAS-sampled,sampled_worker,scratch_free,0.00050464400000000201,8922
cant.mtx,16,0,CombBLAS-conversion,wall,total,0.19334973599999999,0
cant.mtx,16,0,CombBLAS-conversion,wall,native_call,0.12789926500000001,0
cant.mtx,16,0,CombBLAS-conversion,wall,tuple_to_dcsc,0.065445531000000001,0
cant.mtx,16,0,CombBLAS-conversion,wall,dcsc_free,3.236e-06,0
cant.mtx,16,0,CombBLAS-conversion,wall,output_free,1.654e-06,0
cant.mtx,16,0,DCSC-dense-lookup,wall,total,0.124527127,0
cant.mtx,16,0,DCSC-dense-lookup,wall,native_call_and_free,0.124526836,0
cant.mtx,16,0,DCSC-static,wall,total,0.12608845199999999,0
cant.mtx,16,0,DCSC-static,wall,native_call_and_free,0.12608791,0
cant.mtx,16,0,DCSC-dense-static,wall,total,0.13518798500000001,0
cant.mtx,16,0,DCSC-dense-static,wall,native_call_and_free,0.135187434,0
cant.mtx,16,0,Tuples-control,wall,total,0.12890954299999999,0
cant.mtx,16,0,Tuples-control,wall,native_call_and_free,0.12890924200000001,0
cant.mtx,16,0,Tuples-profile,wall,total,0.13889776100000001,0
cant.mtx,16,0,Tuples-profile,wall,validate,5.0100000000000005e-07,0
cant.mtx,16,0,Tuples-profile,wall,lookup_build,4.6100000000000001e-07,0
cant.mtx,16,0,Tuples-profile,wall,scratch_setup,0.000137293,0
cant.mtx,16,0,Tuples-profile,wall,work_bound,0.00099356599999999998,0
cant.mtx,16,0,Tuples-profile,wall,symbolic_capacity,0.000402051,0
cant.mtx,16,0,Tuples-profile,wall,symbolic,0.033189902,0
cant.mtx,16,0,Tuples-profile,wall,prefix_numeric_capacity,6.9523000000000005e-05,0
cant.mtx,16,0,Tuples-profile,wall,output_allocate,0.022945812999999999,0
cant.mtx,16,0,Tuples-profile,wall,numeric,0.081156447000000007,0
cant.mtx,16,0,Tuples-profile,wall,return_cleanup,1.6130000000000001e-06,0
cant.mtx,16,0,Tuples-profile,wall,output_free,5.3099999999999998e-07,0
cant.mtx,16,1,CSC-control,wall,total,0.12732201700000001,0
cant.mtx,16,1,CSC-control,wall,native_call_and_free,0.12732128700000001,0
cant.mtx,16,1,Tuples-profile,wall,total,0.138817678,0
cant.mtx,16,1,Tuples-profile,wall,validate,6.61e-07,0
cant.mtx,16,1,Tuples-profile,wall,lookup_build,2.2999999999999999e-07,0
cant.mtx,16,1,Tuples-profile,wall,scratch_setup,0.00013902700000000001,0
cant.mtx,16,1,Tuples-profile,wall,work_bound,0.00095876900000000005,0
cant.mtx,16,1,Tuples-profile,wall,symbolic_capacity,0.00035545200000000002,0
cant.mtx,16,1,Tuples-profile,wall,symbolic,0.033443046999999997,0
cant.mtx,16,1,Tuples-profile,wall,prefix_numeric_capacity,7.1678000000000001e-05,0
cant.mtx,16,1,Tuples-profile,wall,output_allocate,0.022828938,0
cant.mtx,16,1,Tuples-profile,wall,numeric,0.081017931000000001,0
cant.mtx,16,1,Tuples-profile,wall,return_cleanup,1.373e-06,0
cant.mtx,16,1,Tuples-profile,wall,output_free,5.0100000000000005e-07,0
cant.mtx,16,1,Tuples-control,wall,total,0.12958988699999999,0
cant.mtx,16,1,Tuples-control,wall,native_call_and_free,0.129589386,0
cant.mtx,16,1,DCSC-dense-static,wall,total,0.13415897099999999,0
cant.mtx,16,1,DCSC-dense-static,wall,native_call_and_free,0.13415844099999999,0
cant.mtx,16,1,DCSC-static,wall,total,0.12638412900000001,0
cant.mtx,16,1,DCSC-static,wall,native_call_and_free,0.126383617,0
cant.mtx,16,1,DCSC-dense-lookup,wall,total,0.12549664599999999,0
cant.mtx,16,1,DCSC-dense-lookup,wall,native_call_and_free,0.125496356,0
cant.mtx,16,1,CombBLAS-conversion,wall,total,0.19382846300000001,0
cant.mtx,16,1,CombBLAS-conversion,wall,native_call,0.12821004,0
cant.mtx,16,1,CombBLAS-conversion,wall,tuple_to_dcsc,0.065614836999999995,0
cant.mtx,16,1,CombBLAS-conversion,wall,dcsc_free,2.7250000000000002e-06,0
cant.mtx,16,1,CombBLAS-conversion,wall,output_free,8.0100000000000004e-07,0
cant.mtx,16,1,CombBLAS-sampled,wall,total,0.13415263899999999,0
cant.mtx,16,1,CombBLAS-sampled,wall,lookup_build,6.3001000000000002e-05,0
cant.mtx,16,1,CombBLAS-sampled,wall,thread_setup,1.1352000000000001e-05,0
cant.mtx,16,1,CombBLAS-sampled,wall,work_bound,0.0020941269999999999,0
cant.mtx,16,1,CombBLAS-sampled,wall,work_prefix,2.5639e-05,0
cant.mtx,16,1,CombBLAS-sampled,wall,symbolic,0.024456490000000001,0
cant.mtx,16,1,CombBLAS-sampled,wall,output_prefix,1.2424e-05,0
cant.mtx,16,1,CombBLAS-sampled,wall,output_allocate,0.022895255,0
cant.mtx,16,1,CombBLAS-sampled,wall,numeric_scratch_setup,0.0025819329999999998,0
cant.mtx,16,1,CombBLAS-sampled,wall,numeric,0.082005053999999994,0
cant.mtx,16,1,CombBLAS-sampled,wall,internal_cleanup,3.8979999999999998e-06,0
cant.mtx,16,1,CombBLAS-sampled,wall,return_cleanup,2.8550000000000002e-06,0
cant.mtx,16,1,CombBLAS-sampled,wall,output_free,5.4099999999999999e-07,0
cant.mtx,16,1,CombBLAS-sampled,sampled_worker,lookup,0.0051644310000000014,8922
cant.mtx,16,1,CombBLAS-sampled,sampled_worker,alloc_init,0.0038947570000000056,8922
cant.mtx,16,1,CombBLAS-sampled,sampled_worker,lookup_multiply_hash,0.12151149099999997,8922
cant.mtx,16,1,CombBLAS-sampled,sampled_worker,compact,0.0056092399999999988,8922
cant.mtx,16,1,CombBLAS-sampled,sampled_worker,sort,0.047064162,8922
cant.mtx,16,1,CombBLAS-sampled,sampled_worker,write,0.0034742579999999996,8922
cant.mtx,16,1,CombBLAS-sampled,sampled_worker,scratch_free,0.00050481400000000208,8922
cant.mtx,16,1,DCSC-sampled,wall,total,0.12895036100000001,0
cant.mtx,16,1,DCSC-sampled,wall,validate,7.2099999999999996e-07,0
cant.mtx,16,1,DCSC-sampled,wall,lookup_build,4.6100000000000001e-07,0
cant.mtx,16,1,DCSC-sampled,wall,scratch_setup,0.00013033000000000001,0
cant.mtx,16,1,DCSC-sampled,wall,work_bound,0.0010544619999999999,0
cant.mtx,16,1,DCSC-sampled,wall,symbolic_capacity,0.00038097100000000002,0
cant.mtx,16,1,DCSC-sampled,wall,symbolic,0.029750565,0
cant.mtx,16,1,DCSC-sampled,wall,prefix_numeric_capacity,7.2658999999999997e-05,0
cant.mtx,16,1,DCSC-sampled,wall,output_allocate,0.014265412999999999,0
cant.mtx,16,1,DCSC-sampled,wall,numeric,0.083291291000000003,0
cant.mtx,16,1,DCSC-sampled,wall,return_cleanup,1.9640000000000002e-06,0
cant.mtx,16,1,DCSC-sampled,wall,output_free,1.4529999999999999e-06,0
cant.mtx,16,1,DCSC-sampled,sampled_worker,lookup,0,8922
cant.mtx,16,1,DCSC-sampled,sampled_worker,alloc_init,0.0026632399999999955,8922
cant.mtx,16,1,DCSC-sampled,sampled_worker,lookup_multiply_hash,0.13287913899999998,8922
cant.mtx,16,1,DCSC-sampled,sampled_worker,compact,0.0046681799999999992,8922
cant.mtx,16,1,DCSC-sampled,sampled_worker,sort,0.046983890000000007,8922
cant.mtx,16,1,DCSC-sampled,sampled_worker,write,0.002343187,8922
cant.mtx,16,1,DCSC-sampled,sampled_worker,scratch_free,0.00050998300000000248,8922
cant.mtx,16,1,CombBLAS-profile,wall,total,0.13414094700000001,0
cant.mtx,16,1,CombBLAS-profile,wall,lookup_build,5.1177999999999997e-05,0
cant.mtx,16,1,CombBLAS-profile,wall,thread_setup,8.3459999999999994e-06,0
cant.mtx,16,1,CombBLAS-profile,wall,work_bound,0.0020920320000000002,0
cant.mtx,16,1,CombBLAS-profile,wall,work_prefix,2.5269000000000002e-05,0
cant.mtx,16,1,CombBLAS-profile,wall,symbolic,0.024288517999999999,0
cant.mtx,16,1,CombBLAS-profile,wall,output_prefix,2.1160999999999999e-05,0
cant.mtx,16,1,CombBLAS-profile,wall,output_allocate,0.023399942999999999,0
cant.mtx,16,1,CombBLAS-profile,wall,numeric_scratch_setup,0.0023876800000000001,0
cant.mtx,16,1,CombBLAS-profile,wall,numeric,0.081860758000000006,0
cant.mtx,16,1,CombBLAS-profile,wall,internal_cleanup,2.926e-06,0
cant.mtx,16,1,CombBLAS-profile,wall,return_cleanup,2.4839999999999998e-06,0
cant.mtx,16,1,CombBLAS-profile,wall,output_free,5.8100000000000003e-07,0
cant.mtx,16,1,DCSC-profile,wall,total,0.12926741899999999,0
cant.mtx,16,1,DCSC-profile,wall,validate,6.61e-07,0
cant.mtx,16,1,DCSC-profile,wall,lookup_build,4.7100000000000002e-07,0
cant.mtx,16,1,DCSC-profile,wall,scratch_setup,0.0001305,0
cant.mtx,16,1,DCSC-profile,wall,work_bound,0.0010634100000000001,0
cant.mtx,16,1,DCSC-profile,wall,symbolic_capacity,0.00038751299999999997,0
cant.mtx,16,1,DCSC-profile,wall,symbolic,0.030198945000000001,0
cant.mtx,16,1,DCSC-profile,wall,prefix_numeric_capacity,7.1225999999999999e-05,0
cant.mtx,16,1,DCSC-profile,wall,output_allocate,0.014259542,0
cant.mtx,16,1,DCSC-profile,wall,numeric,0.083152775999999998,0
cant.mtx,16,1,DCSC-profile,wall,return_cleanup,1.082e-06,0
cant.mtx,16,1,DCSC-profile,wall,output_free,1.232e-06,0
cant.mtx,16,1,CSC-profile,wall,total,0.12957122200000001,0
cant.mtx,16,1,CSC-profile,wall,validate,9.2200000000000002e-07,0
cant.mtx,16,1,CSC-profile,wall,lookup_build,4.0000000000000001e-08,0
cant.mtx,16,1,CSC-profile,wall,scratch_setup,0.00014032899999999999,0
cant.mtx,16,1,CSC-profile,wall,work_bound,0.00087763399999999997,0
cant.mtx,16,1,CSC-profile,wall,symbolic_capacity,0.00038319500000000002,0
cant.mtx,16,1,CSC-profile,wall,symbolic,0.029445259000000001,0
cant.mtx,16,1,CSC-profile,wall,prefix_numeric_capacity,7.3120000000000005e-05,0
cant.mtx,16,1,CSC-profile,wall,output_allocate,0.01419602,0
cant.mtx,16,1,CSC-profile,wall,numeric,0.084452289,0
cant.mtx,16,1,CSC-profile,wall,return_cleanup,1.2619999999999999e-06,0
cant.mtx,16,1,CSC-profile,wall,output_free,1.0920000000000001e-06,0
cant.mtx,16,1,CombBLAS-control,wall,total,0.127501963,0
cant.mtx,16,1,CombBLAS-control,wall,native_call_and_free,0.12750123099999999,0
cant.mtx,16,1,DCSC-control,wall,total,0.12500201799999999,0
cant.mtx,16,1,DCSC-control,wall,native_call_and_free,0.12500170599999999,0
cant.mtx,16,2,CombBLAS-control,wall,total,0.12840982500000001,0
cant.mtx,16,2,CombBLAS-control,wall,native_call_and_free,0.128409093,0
cant.mtx,16,2,CSC-profile,wall,total,0.129594867,0
cant.mtx,16,2,CSC-profile,wall,validate,7.8100000000000002e-07,0
cant.mtx,16,2,CSC-profile,wall,lookup_build,4.0000000000000001e-08,0
cant.mtx,16,2,CSC-profile,wall,scratch_setup,0.000133406,0
cant.mtx,16,2,CSC-profile,wall,work_bound,0.0010008599999999999,0
cant.mtx,16,2,CSC-profile,wall,symbolic_capacity,0.00038358499999999998,0
cant.mtx,16,2,CSC-profile,wall,symbolic,0.029480287000000001,0
cant.mtx,16,2,CSC-profile,wall,prefix_numeric_capacity,7.3029999999999997e-05,0
cant.mtx,16,2,CSC-profile,wall,output_allocate,0.014181671999999999,0
cant.mtx,16,2,CSC-profile,wall,numeric,0.084339061000000007,0
cant.mtx,16,2,CSC-profile,wall,return_cleanup,1.1620000000000001e-06,0
cant.mtx,16,2,CSC-profile,wall,output_free,9.1200000000000001e-07,0
cant.mtx,16,2,DCSC-profile,wall,total,0.129403449,0
cant.mtx,16,2,DCSC-profile,wall,validate,6.6199999999999997e-07,0
cant.mtx,16,2,DCSC-profile,wall,lookup_build,2.8999999999999998e-07,0
cant.mtx,16,2,DCSC-profile,wall,scratch_setup,0.000138336,0
cant.mtx,16,2,DCSC-profile,wall,work_bound,0.00095566300000000004,0
cant.mtx,16,2,DCSC-profile,wall,symbolic_capacity,0.000348017,0
cant.mtx,16,2,DCSC-profile,wall,symbolic,0.030545189,0
cant.mtx,16,2,DCSC-profile,wall,prefix_numeric_capacity,7.1366999999999996e-05,0
cant.mtx,16,2,DCSC-profile,wall,output_allocate,0.014212992000000001,0
cant.mtx,16,2,DCSC-profile,wall,numeric,0.083128659999999993,0
cant.mtx,16,2,DCSC-profile,wall,return_cleanup,1.342e-06,0
cant.mtx,16,2,DCSC-profile,wall,output_free,8.6199999999999996e-07,0
cant.mtx,16,2,CombBLAS-profile,wall,total,0.133903091,0
cant.mtx,16,2,CombBLAS-profile,wall,lookup_build,5.1499000000000003e-05,0
cant.mtx,16,2,CombBLAS-profile,wall,thread_setup,7.464e-06,0
cant.mtx,16,2,CombBLAS-profile,wall,work_bound,0.0021088050000000001,0
cant.mtx,16,2,CombBLAS-profile,wall,work_prefix,2.5398999999999999e-05,0
cant.mtx,16,2,CombBLAS-profile,wall,symbolic,0.024383821,0
cant.mtx,16,2,CombBLAS-profile,wall,output_prefix,2.0469e-05,0
cant.mtx,16,2,CombBLAS-profile,wall,output_allocate,0.023114605999999999,0
cant.mtx,16,2,CombBLAS-profile,wall,numeric_scratch_setup,0.0023944629999999999,0
cant.mtx,16,2,CombBLAS-profile,wall,numeric,0.081790031999999999,0
cant.mtx,16,2,CombBLAS-profile,wall,internal_cleanup,3.157e-06,0
cant.mtx,16,2,CombBLAS-profile,wall,return_cleanup,2.4140000000000001e-06,0
cant.mtx,16,2,CombBLAS-profile,wall,output_free,9.02e-07,0
cant.mtx,16,2,DCSC-sampled,wall,total,0.12946539900000001,0
cant.mtx,16,2,DCSC-sampled,wall,validate,4.4999999999999998e-07,0
cant.mtx,16,2,DCSC-sampled,wall,lookup_build,4.6100000000000001e-07,0
cant.mtx,16,2,DCSC-sampled,wall,scratch_setup,0.00013238400000000001,0
cant.mtx,16,2,DCSC-sampled,wall,work_bound,0.0010540720000000001,0
cant.mtx,16,2,DCSC-sampled,wall,symbolic_capacity,0.00038154200000000001,0
cant.mtx,16,2,DCSC-sampled,wall,symbolic,0.030130813999999999,0
cant.mtx,16,2,DCSC-sampled,wall,prefix_numeric_capacity,7.9752999999999993e-05,0
cant.mtx,16,2,DCSC-sampled,wall,output_allocate,0.014198304,0
cant.mtx,16,2,DCSC-sampled,wall,numeric,0.083484882999999996,0
cant.mtx,16,2,DCSC-sampled,wall,return_cleanup,1.6929999999999999e-06,0
cant.mtx,16,2,DCSC-sampled,wall,output_free,9.7199999999999997e-07,0
cant.mtx,16,2,DCSC-sampled,sampled_worker,lookup,0,8922
cant.mtx,16,2,DCSC-sampled,sampled_worker,alloc_init,0.0026586389999999961,8922
cant.mtx,16,2,DCSC-sampled,sampled_worker,lookup_multiply_hash,0.132696288,8922
cant.mtx,16,2,DCSC-sampled,sampled_worker,compact,0.0046269769999999991,8922
cant.mtx,16,2,DCSC-sampled,sampled_worker,sort,0.046946508999999997,8922
cant.mtx,16,2,DCSC-sampled,sampled_worker,write,0.0023424659999999988,8922
cant.mtx,16,2,DCSC-sampled,sampled_worker,scratch_free,0.00050840000000000238,8922
cant.mtx,16,2,CombBLAS-sampled,wall,total,0.134381739,0
cant.mtx,16,2,CombBLAS-sampled,wall,lookup_build,5.1898999999999999e-05,0
cant.mtx,16,2,CombBLAS-sampled,wall,thread_setup,7.6450000000000005e-06,0
cant.mtx,16,2,CombBLAS-sampled,wall,work_bound,0.002102633,0
cant.mtx,16,2,CombBLAS-sampled,wall,work_prefix,2.6891999999999999e-05,0
cant.mtx,16,2,CombBLAS-sampled,wall,symbolic,0.024437173,0
cant.mtx,16,2,CombBLAS-sampled,wall,output_prefix,2.0369000000000001e-05,0
cant.mtx,16,2,CombBLAS-sampled,wall,output_allocate,0.023206972999999999,0
cant.mtx,16,2,CombBLAS-sampled,wall,numeric_scratch_setup,0.0024255930000000002,0
cant.mtx,16,2,CombBLAS-sampled,wall,numeric,0.082095377999999997,0
cant.mtx,16,2,CombBLAS-sampled,wall,internal_cleanup,3.5760000000000002e-06,0
cant.mtx,16,2,CombBLAS-sampled,wall,return_cleanup,2.616e-06,0
cant.mtx,16,2,CombBLAS-sampled,wall,output_free,9.3099999999999996e-07,0
cant.mtx,16,2,CombBLAS-sampled,sampled_worker,lookup,0.0051451540000000016,8922
cant.mtx,16,2,CombBLAS-sampled,sampled_worker,alloc_init,0.0039039620000000069,8922
cant.mtx,16,2,CombBLAS-sampled,sampled_worker,lookup_multiply_hash,0.12164268899999997,8922
cant.mtx,16,2,CombBLAS-sampled,sampled_worker,compact,0.0055781609999999981,8922
cant.mtx,16,2,CombBLAS-sampled,sampled_worker,sort,0.047011656999999991,8922
cant.mtx,16,2,CombBLAS-sampled,sampled_worker,write,0.0034310500000000002,8922
cant.mtx,16,2,CombBLAS-sampled,sampled_worker,scratch_free,0.00050416600000000218,8922
cant.mtx,16,2,CombBLAS-conversion,wall,total,0.193237571,0
cant.mtx,16,2,CombBLAS-conversion,wall,native_call,0.127925175,0
cant.mtx,16,2,CombBLAS-conversion,wall,tuple_to_dcsc,0.065308617999999999,0
cant.mtx,16,2,CombBLAS-conversion,wall,dcsc_free,2.605e-06,0
cant.mtx,16,2,CombBLAS-conversion,wall,output_free,1.113e-06,0
cant.mtx,16,2,DCSC-dense-lookup,wall,total,0.124977751,0
cant.mtx,16,2,DCSC-dense-lookup,wall,native_call_and_free,0.12497746999999999,0
cant.mtx,16,2,DCSC-static,wall,total,0.12610341999999999,0
cant.mtx,16,2,DCSC-static,wall,native_call_and_free,0.12610268899999999,0
cant.mtx,16,2,DCSC-dense-static,wall,total,0.13534238100000001,0
cant.mtx,16,2,DCSC-dense-static,wall,native_call_and_free,0.13534165000000001,0
cant.mtx,16,2,Tuples-control,wall,total,0.128923339,0
cant.mtx,16,2,Tuples-control,wall,native_call_and_free,0.12892305800000001,0
cant.mtx,16,2,Tuples-profile,wall,total,0.13899003800000001,0
cant.mtx,16,2,Tuples-profile,wall,validate,4.6100000000000001e-07,0
cant.mtx,16,2,Tuples-profile,wall,lookup_build,6.61e-07,0
cant.mtx,16,2,Tuples-profile,wall,scratch_setup,0.00013796500000000001,0
cant.mtx,16,2,Tuples-profile,wall,work_bound,0.00098979800000000007,0
cant.mtx,16,2,Tuples-profile,wall,symbolic_capacity,0.00037674300000000002,0
cant.mtx,16,2,Tuples-profile,wall,symbolic,0.033401466999999997,0
cant.mtx,16,2,Tuples-profile,wall,prefix_numeric_capacity,7.6576999999999995e-05,0
cant.mtx,16,2,Tuples-profile,wall,output_allocate,0.022974277000000001,0
cant.mtx,16,2,Tuples-profile,wall,numeric,0.081029703999999994,0
cant.mtx,16,2,Tuples-profile,wall,return_cleanup,1.6130000000000001e-06,0
cant.mtx,16,2,Tuples-profile,wall,output_free,7.1099999999999995e-07,0
cant.mtx,16,2,CSC-control,wall,total,0.12747387900000001,0
cant.mtx,16,2,CSC-control,wall,native_call_and_free,0.12747380899999999,0
cant.mtx,16,2,DCSC-control,wall,total,0.12481094099999999,0
cant.mtx,16,2,DCSC-control,wall,native_call_and_free,0.12481065099999999,0
cant.mtx,16,3,CombBLAS-control,wall,total,0.12783264699999999,0
cant.mtx,16,3,CombBLAS-control,wall,native_call_and_free,0.127831154,0
cant.mtx,16,3,DCSC-control,wall,total,0.125142537,0
cant.mtx,16,3,DCSC-control,wall,native_call_and_free,0.12514177600000001,0
cant.mtx,16,3,CSC-control,wall,total,0.12776169100000001,0
cant.mtx,16,3,CSC-control,wall,native_call_and_free,0.12776094900000001,0
cant.mtx,16,3,Tuples-profile,wall,total,0.13945638299999999,0
cant.mtx,16,3,Tuples-profile,wall,validate,9.02e-07,0
cant.mtx,16,3,Tuples-profile,wall,lookup_build,4.7100000000000002e-07,0
cant.mtx,16,3,Tuples-profile,wall,scratch_setup,0.00013846600000000001,0
cant.mtx,16,3,Tuples-profile,wall,work_bound,0.00095532199999999999,0
cant.mtx,16,3,Tuples-profile,wall,symbolic_capacity,0.00035582300000000001,0
cant.mtx,16,3,Tuples-profile,wall,symbolic,0.033684801,0
cant.mtx,16,3,Tuples-profile,wall,prefix_numeric_capacity,7.1606999999999994e-05,0
cant.mtx,16,3,Tuples-profile,wall,output_allocate,0.023213035,0
cant.mtx,16,3,Tuples-profile,wall,numeric,0.081033772000000004,0
cant.mtx,16,3,Tuples-profile,wall,return_cleanup,1.463e-06,0
cant.mtx,16,3,Tuples-profile,wall,output_free,6.61e-07,0
cant.mtx,16,3,Tuples-control,wall,total,0.12935100899999999,0
cant.mtx,16,3,Tuples-control,wall,native_call_and_free,0.12934981700000001,0
cant.mtx,16,3,DCSC-dense-static,wall,total,0.13422590000000001,0
cant.mtx,16,3,DCSC-dense-static,wall,native_call_and_free,0.134225078,0
cant.mtx,16,3,DCSC-static,wall,total,0.126075245,0
cant.mtx,16,3,DCSC-static,wall,native_call_and_free,0.12607470400000001,0
cant.mtx,16,3,DCSC-dense-lookup,wall,total,0.12534321200000001,0
cant.mtx,16,3,DCSC-dense-lookup,wall,native_call_and_free,0.12534268100000001,0
cant.mtx,16,3,CombBLAS-conversion,wall,total,0.19348333100000001,0
cant.mtx,16,3,CombBLAS-conversion,wall,native_call,0.12837959600000001,0
cant.mtx,16,3,CombBLAS-conversion,wall,tuple_to_dcsc,0.065099858999999996,0
cant.mtx,16,3,CombBLAS-conversion,wall,dcsc_free,2.5349999999999999e-06,0
cant.mtx,16,3,CombBLAS-conversion,wall,output_free,1.2720000000000001e-06,0
cant.mtx,16,3,CombBLAS-sampled,wall,total,0.133461514,0
cant.mtx,16,3,CombBLAS-sampled,wall,lookup_build,6.1989000000000006e-05,0
cant.mtx,16,3,CombBLAS-sampled,wall,thread_setup,1.06e-05,0
cant.mtx,16,3,CombBLAS-sampled,wall,work_bound,0.002084509,0
cant.mtx,16,3,CombBLAS-sampled,wall,work_prefix,2.2623e-05,0
cant.mtx,16,3,CombBLAS-sampled,wall,symbolic,0.02447216,0
cant.mtx,16,3,CombBLAS-sampled,wall,output_prefix,4.0728e-05,0
cant.mtx,16,3,CombBLAS-sampled,wall,output_allocate,0.022434131999999999,0
cant.mtx,16,3,CombBLAS-sampled,wall,numeric_scratch_setup,0.0023412900000000002,0
cant.mtx,16,3,CombBLAS-sampled,wall,numeric,0.081986939999999994,0
cant.mtx,16,3,CombBLAS-sampled,wall,internal_cleanup,3.2770000000000001e-06,0
cant.mtx,16,3,CombBLAS-sampled,wall,return_cleanup,2.4540000000000001e-06,0
cant.mtx,16,3,CombBLAS-sampled,wall,output_free,7.5199999999999996e-07,0
cant.mtx,16,3,CombBLAS-sampled,sampled_worker,lookup,0.0051258280000000007,8922
cant.mtx,16,3,CombBLAS-sampled,sampled_worker,alloc_init,0.0038946930000000064,8922
cant.mtx,16,3,CombBLAS-sampled,sampled_worker,lookup_multiply_hash,0.12157817799999997,8922
cant.mtx,16,3,CombBLAS-sampled,sampled_worker,compact,0.0055615329999999987,8922
cant.mtx,16,3,CombBLAS-sampled,sampled_worker,sort,0.047170700000000003,8922
cant.mtx,16,3,CombBLAS-sampled,sampled_worker,write,0.0034622509999999991,8922
cant.mtx,16,3,CombBLAS-sampled,sampled_worker,scratch_free,0.00050336400000000224,8922
cant.mtx,16,3,DCSC-sampled,wall,total,0.12883830499999999,0
cant.mtx,16,3,DCSC-sampled,wall,validate,1.2419999999999999e-06,0
cant.mtx,16,3,DCSC-sampled,wall,lookup_build,5.0100000000000005e-07,0
cant.mtx,16,3,DCSC-sampled,wall,scratch_setup,0.000132624,0
cant.mtx,16,3,DCSC-sampled,wall,work_bound,0.0010824560000000001,0
cant.mtx,16,3,DCSC-sampled,wall,symbolic_capacity,0.00045602499999999999,0
cant.mtx,16,3,DCSC-sampled,wall,symbolic,0.029578836000000001,0
cant.mtx,16,3,DCSC-sampled,wall,prefix_numeric_capacity,7.2569000000000003e-05,0
cant.mtx,16,3,DCSC-sampled,wall,output_allocate,0.014228991999999999,0
cant.mtx,16,3,DCSC-sampled,wall,numeric,0.083282035000000004,0
cant.mtx,16,3,DCSC-sampled,wall,return_cleanup,1.623e-06,0
cant.mtx,16,3,DCSC-sampled,wall,output_free,1.342e-06,0
cant.mtx,16,3,DCSC-sampled,sampled_worker,lookup,0,8922
cant.mtx,16,3,DCSC-sampled,sampled_worker,alloc_init,0.0026636859999999958,8922
cant.mtx,16,3,DCSC-sampled,sampled_worker,lookup_multiply_hash,0.13269207699999999,8922
cant.mtx,16,3,DCSC-sampled,sampled_worker,compact,0.0046172999999999987,8922
cant.mtx,16,3,DCSC-sampled,sampled_worker,sort,0.046975895000000011,8922
cant.mtx,16,3,DCSC-sampled,sampled_worker,write,0.0023612369999999991,8922
cant.mtx,16,3,DCSC-sampled,sampled_worker,scratch_free,0.00053150900000000227,8922
cant.mtx,16,3,CombBLAS-profile,wall,total,0.134098986,0
cant.mtx,16,3,CombBLAS-profile,wall,lookup_build,6.8322000000000001e-05,0
cant.mtx,16,3,CombBLAS-profile,wall,thread_setup,7.7039999999999994e-06,0
cant.mtx,16,3,CombBLAS-profile,wall,work_bound,0.002122231,0
cant.mtx,16,3,CombBLAS-profile,wall,work_prefix,2.5649000000000001e-05,0
cant.mtx,16,3,CombBLAS-profile,wall,symbolic,0.024380414,0
cant.mtx,16,3,CombBLAS-profile,wall,output_prefix,2.092e-05,0
cant.mtx,16,3,CombBLAS-profile,wall,output_allocate,0.023372490999999999,0
cant.mtx,16,3,CombBLAS-profile,wall,numeric_scratch_setup,0.0023526530000000001,0
cant.mtx,16,3,CombBLAS-profile,wall,numeric,0.081742159999999994,0
cant.mtx,16,3,CombBLAS-profile,wall,internal_cleanup,3.2660000000000002e-06,0
cant.mtx,16,3,CombBLAS-profile,wall,return_cleanup,2.5050000000000002e-06,0
cant.mtx,16,3,CombBLAS-profile,wall,output_free,6.1200000000000003e-07,0
cant.mtx,16,3,DCSC-profile,wall,total,0.12870329599999999,0
cant.mtx,16,3,DCSC-profile,wall,validate,4.51e-07,0
cant.mtx,16,3,DCSC-profile,wall,lookup_build,7.8100000000000002e-07,0
cant.mtx,16,3,DCSC-profile,wall,scratch_setup,0.00013048000000000001,0
cant.mtx,16,3,DCSC-profile,wall,work_bound,0.0010606249999999999,0
cant.mtx,16,3,DCSC-profile,wall,symbolic_capacity,0.00035472100000000001,0
cant.mtx,16,3,DCSC-profile,wall,symbolic,0.029848040999999999,0
cant.mtx,16,3,DCSC-profile,wall,prefix_numeric_capacity,7.2799999999999994e-05,0
cant.mtx,16,3,DCSC-profile,wall,output_allocate,0.014152857,0
cant.mtx,16,3,DCSC-profile,wall,numeric,0.083080165999999997,0
cant.mtx,16,3,DCSC-profile,wall,return_cleanup,1.1620000000000001e-06,0
cant.mtx,16,3,DCSC-profile,wall,output_free,1.153e-06,0
cant.mtx,16,3,CSC-profile,wall,total,0.129587864,0
cant.mtx,16,3,CSC-profile,wall,validate,8.9199999999999999e-07,0
cant.mtx,16,3,CSC-profile,wall,lookup_build,2.9999999999999997e-08,0
cant.mtx,16,3,CSC-profile,wall,scratch_setup,0.000138085,0
cant.mtx,16,3,CSC-profile,wall,work_bound,0.00088902499999999999,0
cant.mtx,16,3,CSC-profile,wall,symbolic_capacity,0.00037624199999999999,0
cant.mtx,16,3,CSC-profile,wall,symbolic,0.029525684,0
cant.mtx,16,3,CSC-profile,wall,prefix_numeric_capacity,6.9152000000000005e-05,0
cant.mtx,16,3,CSC-profile,wall,output_allocate,0.014120254,0
cant.mtx,16,3,CSC-profile,wall,numeric,0.084465063000000007,0
cant.mtx,16,3,CSC-profile,wall,return_cleanup,1.764e-06,0
cant.mtx,16,3,CSC-profile,wall,output_free,1.6029999999999999e-06,0
cant.mtx,16,4,DCSC-profile,wall,total,0.12879764699999999,0
cant.mtx,16,4,DCSC-profile,wall,validate,4.7100000000000002e-07,0
cant.mtx,16,4,DCSC-profile,wall,lookup_build,4.4099999999999999e-07,0
cant.mtx,16,4,DCSC-profile,wall,scratch_setup,0.00014531799999999999,0
cant.mtx,16,4,DCSC-profile,wall,work_bound,0.00096935999999999995,0
cant.mtx,16,4,DCSC-profile,wall,symbolic_capacity,0.00034918999999999998,0
cant.mtx,16,4,DCSC-profile,wall,symbolic,0.02974827,0
cant.mtx,16,4,DCSC-profile,wall,prefix_numeric_capacity,7.2940000000000003e-05,0
cant.mtx,16,4,DCSC-profile,wall,output_allocate,0.014305999999999999,0
cant.mtx,16,4,DCSC-profile,wall,numeric,0.083202462000000005,0
cant.mtx,16,4,DCSC-profile,wall,return_cleanup,1.5519999999999999e-06,0
cant.mtx,16,4,DCSC-profile,wall,output_free,1.5740000000000001e-06,0
cant.mtx,16,4,CombBLAS-profile,wall,total,0.13436416500000001,0
cant.mtx,16,4,CombBLAS-profile,wall,lookup_build,5.1489000000000001e-05,0
cant.mtx,16,4,CombBLAS-profile,wall,thread_setup,7.6750000000000002e-06,0
cant.mtx,16,4,CombBLAS-profile,wall,work_bound,0.0020868829999999999,0
cant.mtx,16,4,CombBLAS-profile,wall,work_prefix,2.5488999999999999e-05,0
cant.mtx,16,4,CombBLAS-profile,wall,symbolic,0.024373861,0
cant.mtx,16,4,CombBLAS-profile,wall,output_prefix,1.9998999999999999e-05,0
cant.mtx,16,4,CombBLAS-profile,wall,output_allocate,0.023431143000000001,0
cant.mtx,16,4,CombBLAS-profile,wall,numeric_scratch_setup,0.002360427,0
cant.mtx,16,4,CombBLAS-profile,wall,numeric,0.082000064999999997,0
cant.mtx,16,4,CombBLAS-profile,wall,internal_cleanup,3.8979999999999998e-06,0
cant.mtx,16,4,CombBLAS-profile,wall,return_cleanup,2.4650000000000001e-06,0
cant.mtx,16,4,CombBLAS-profile,wall,output_free,7.1099999999999995e-07,0
cant.mtx,16,4,DCSC-sampled,wall,total,0.12873614999999999,0
cant.mtx,16,4,DCSC-sampled,wall,validate,6.8199999999999999e-07,0
cant.mtx,16,4,DCSC-sampled,wall,lookup_build,4.4999999999999998e-07,0
cant.mtx,16,4,DCSC-sampled,wall,scratch_setup,0.000132905,0
cant.mtx,16,4,DCSC-sampled,wall,work_bound,0.001068079,0
cant.mtx,16,4,DCSC-sampled,wall,symbolic_capacity,0.00039936600000000001,0
cant.mtx,16,4,DCSC-sampled,wall,symbolic,0.029567403999999999,0
cant.mtx,16,4,DCSC-sampled,wall,prefix_numeric_capacity,7.4622999999999993e-05,0
cant.mtx,16,4,DCSC-sampled,wall,output_allocate,0.014219453999999999,0
cant.mtx,16,4,DCSC-sampled,wall,numeric,0.083270492000000002,0
cant.mtx,16,4,DCSC-sampled,wall,return_cleanup,1.573e-06,0
cant.mtx,16,4,DCSC-sampled,wall,output_free,1.062e-06,0
cant.mtx,16,4,DCSC-sampled,sampled_worker,lookup,0,8922
cant.mtx,16,4,DCSC-sampled,sampled_worker,alloc_init,0.0026530419999999961,8922
cant.mtx,16,4,DCSC-sampled,sampled_worker,lookup_multiply_hash,0.13290247899999999,8922
cant.mtx,16,4,DCSC-sampled,sampled_worker,compact,0.0046362390000000003,8922
cant.mtx,16,4,DCSC-sampled,sampled_worker,sort,0.046908728000000011,8922
cant.mtx,16,4,DCSC-sampled,sampled_worker,write,0.0023575159999999996,8922
cant.mtx,16,4,DCSC-sampled,sampled_worker,scratch_free,0.00051119800000000242,8922
cant.mtx,16,4,CombBLAS-sampled,wall,total,0.13465785799999999,0
cant.mtx,16,4,CombBLAS-sampled,wall,lookup_build,5.1949e-05,0
cant.mtx,16,4,CombBLAS-sampled,wall,thread_setup,7.7849999999999992e-06,0
cant.mtx,16,4,CombBLAS-sampled,wall,work_bound,0.002095319,0
cant.mtx,16,4,CombBLAS-sampled,wall,work_prefix,2.5358999999999999e-05,0
cant.mtx,16,4,CombBLAS-sampled,wall,symbolic,0.024280062000000002,0
cant.mtx,16,4,CombBLAS-sampled,wall,output_prefix,2.0579000000000001e-05,0
cant.mtx,16,4,CombBLAS-sampled,wall,output_allocate,0.023668759000000001,0
cant.mtx,16,4,CombBLAS-sampled,wall,numeric_scratch_setup,0.0023536949999999998,0
cant.mtx,16,4,CombBLAS-sampled,wall,numeric,0.082147418,0
cant.mtx,16,4,CombBLAS-sampled,wall,internal_cleanup,3.6370000000000001e-06,0
cant.mtx,16,4,CombBLAS-sampled,wall,return_cleanup,2.5950000000000001e-06,0
cant.mtx,16,4,CombBLAS-sampled,wall,output_free,6.3099999999999997e-07,0
cant.mtx,16,4,CombBLAS-sampled,sampled_worker,lookup,0.005164422000000001,8922
cant.mtx,16,4,CombBLAS-sampled,sampled_worker,alloc_init,0.0039439150000000079,8922
cant.mtx,16,4,CombBLAS-sampled,sampled_worker,lookup_multiply_hash,0.12158462100000002,8922
cant.mtx,16,4,CombBLAS-sampled,sampled_worker,compact,0.0055659449999999984,8922
cant.mtx,16,4,CombBLAS-sampled,sampled_worker,sort,0.04700353400000002,8922
cant.mtx,16,4,CombBLAS-sampled,sampled_worker,write,0.0034428560000000002,8922
cant.mtx,16,4,CombBLAS-sampled,sampled_worker,scratch_free,0.000504960000000002,8922
cant.mtx,16,4,CombBLAS-conversion,wall,total,0.193269521,0
cant.mtx,16,4,CombBLAS-conversion,wall,native_call,0.12795126500000001,0
cant.mtx,16,4,CombBLAS-conversion,wall,tuple_to_dcsc,0.065313708999999998,0
cant.mtx,16,4,CombBLAS-conversion,wall,dcsc_free,3.1949999999999999e-06,0
cant.mtx,16,4,CombBLAS-conversion,wall,output_free,1.2929999999999999e-06,0
cant.mtx,16,4,DCSC-dense-lookup,wall,total,0.124813827,0
cant.mtx,16,4,DCSC-dense-lookup,wall,native_call_and_free,0.124813095,0
cant.mtx,16,4,DCSC-static,wall,total,0.12606515700000001,0
cant.mtx,16,4,DCSC-static,wall,native_call_and_free,0.12606482599999999,0
cant.mtx,16,4,DCSC-dense-static,wall,total,0.13521487600000001,0
cant.mtx,16,4,DCSC-dense-static,wall,native_call_and_free,0.135214106,0
cant.mtx,16,4,Tuples-control,wall,total,0.12889636700000001,0
cant.mtx,16,4,Tuples-control,wall,native_call_and_free,0.12889584600000001,0
cant.mtx,16,4,Tuples-profile,wall,total,0.13924774300000001,0
cant.mtx,16,4,Tuples-profile,wall,validate,5.51e-07,0
cant.mtx,16,4,Tuples-profile,wall,lookup_build,2.8099999999999999e-07,0
cant.mtx,16,4,Tuples-profile,wall,scratch_setup,0.00013786399999999999,0
cant.mtx,16,4,Tuples-profile,wall,work_bound,0.0010087749999999999,0
cant.mtx,16,4,Tuples-profile,wall,symbolic_capacity,0.00042713899999999999,0
cant.mtx,16,4,Tuples-profile,wall,symbolic,0.033431996999999998,0
cant.mtx,16,4,Tuples-profile,wall,prefix_numeric_capacity,7.3180000000000001e-05,0
cant.mtx,16,4,Tuples-profile,wall,output_allocate,0.023023331000000001,0
cant.mtx,16,4,Tuples-profile,wall,numeric,0.081142840999999993,0
cant.mtx,16,4,Tuples-profile,wall,return_cleanup,1.373e-06,0
cant.mtx,16,4,Tuples-profile,wall,output_free,3.4999999999999998e-07,0
cant.mtx,16,4,CSC-control,wall,total,0.12750531900000001,0
cant.mtx,16,4,CSC-control,wall,native_call_and_free,0.12750503799999999,0
cant.mtx,16,4,DCSC-control,wall,total,0.12500819899999999,0
cant.mtx,16,4,DCSC-control,wall,native_call_and_free,0.125008128,0
cant.mtx,16,4,CombBLAS-control,wall,total,0.12838450500000001,0
cant.mtx,16,4,CombBLAS-control,wall,native_call_and_free,0.128383313,0
cant.mtx,16,4,CSC-profile,wall,total,0.12977708600000001,0
cant.mtx,16,4,CSC-profile,wall,validate,6.1099999999999995e-07,0
cant.mtx,16,4,CSC-profile,wall,lookup_build,4.0000000000000001e-08,0
cant.mtx,16,4,CSC-profile,wall,scratch_setup,0.00013350600000000001,0
cant.mtx,16,4,CSC-profile,wall,work_bound,0.001000068,0
cant.mtx,16,4,CSC-profile,wall,symbolic_capacity,0.00037357699999999999,0
cant.mtx,16,4,CSC-profile,wall,symbolic,0.029641595,0
cant.mtx,16,4,CSC-profile,wall,prefix_numeric_capacity,7.1046999999999999e-05,0
cant.mtx,16,4,CSC-profile,wall,output_allocate,0.014283798,0
cant.mtx,16,4,CSC-profile,wall,numeric,0.084269988000000004,0
cant.mtx,16,4,CSC-profile,wall,return_cleanup,1.654e-06,0
cant.mtx,16,4,CSC-profile,wall,output_free,1.1319999999999999e-06,0
cant.mtx,16,5,DCSC-profile,wall,total,0.129386998,0
cant.mtx,16,5,DCSC-profile,wall,validate,8.8199999999999998e-07,0
cant.mtx,16,5,DCSC-profile,wall,lookup_build,7.0100000000000004e-07,0
cant.mtx,16,5,DCSC-profile,wall,scratch_setup,0.00013863600000000001,0
cant.mtx,16,5,DCSC-profile,wall,work_bound,0.00096436999999999998,0
cant.mtx,16,5,DCSC-profile,wall,symbolic_capacity,0.00035212500000000001,0
cant.mtx,16,5,DCSC-profile,wall,symbolic,0.030479684,0
cant.mtx,16,5,DCSC-profile,wall,prefix_numeric_capacity,7.4422e-05,0
cant.mtx,16,5,DCSC-profile,wall,output_allocate,0.014234303,0
cant.mtx,16,5,DCSC-profile,wall,numeric,0.083139681000000007,0
cant.mtx,16,5,DCSC-profile,wall,return_cleanup,1.302e-06,0
cant.mtx,16,5,DCSC-profile,wall,output_free,8.3200000000000004e-07,0
cant.mtx,16,5,CSC-profile,wall,total,0.12961372400000001,0
cant.mtx,16,5,CSC-profile,wall,validate,7.2099999999999996e-07,0
cant.mtx,16,5,CSC-profile,wall,lookup_build,4.0000000000000001e-08,0
cant.mtx,16,5,CSC-profile,wall,scratch_setup,0.00014087,0
cant.mtx,16,5,CSC-profile,wall,work_bound,0.00088705200000000004,0
cant.mtx,16,5,CSC-profile,wall,symbolic_capacity,0.00043898199999999998,0
cant.mtx,16,5,CSC-profile,wall,symbolic,0.029496568000000001,0
cant.mtx,16,5,CSC-profile,wall,prefix_numeric_capacity,7.3510000000000006e-05,0
cant.mtx,16,5,CSC-profile,wall,output_allocate,0.014191972000000001,0
cant.mtx,16,5,CSC-profile,wall,numeric,0.084381152000000001,0
cant.mtx,16,5,CSC-profile,wall,return_cleanup,1.553e-06,0
cant.mtx,16,5,CSC-profile,wall,output_free,1.2419999999999999e-06,0
cant.mtx,16,5,CombBLAS-control,wall,total,0.12822873700000001,0
cant.mtx,16,5,CombBLAS-control,wall,native_call_and_free,0.12822824599999999,0
cant.mtx,16,5,DCSC-control,wall,total,0.125343081,0
cant.mtx,16,5,DCSC-control,wall,native_call_and_free,0.12534210000000001,0
cant.mtx,16,5,CSC-control,wall,total,0.127460723,0
cant.mtx,16,5,CSC-control,wall,native_call_and_free,0.127459982,0
cant.mtx,16,5,Tuples-profile,wall,total,0.13978464299999999,0
cant.mtx,16,5,Tuples-profile,wall,validate,9.4200000000000004e-07,0
cant.mtx,16,5,Tuples-profile,wall,lookup_build,2.6e-07,0
cant.mtx,16,5,Tuples-profile,wall,scratch_setup,0.00013785499999999999,0
cant.mtx,16,5,Tuples-profile,wall,work_bound,0.00096456000000000005,0
cant.mtx,16,5,Tuples-profile,wall,symbolic_capacity,0.00038752300000000002,0
cant.mtx,16,5,Tuples-profile,wall,symbolic,0.033707345,0
cant.mtx,16,5,Tuples-profile,wall,prefix_numeric_capacity,7.1878000000000005e-05,0
cant.mtx,16,5,Tuples-profile,wall,output_allocate,0.023424820999999998,0
cant.mtx,16,5,Tuples-profile,wall,numeric,0.081087585000000004,0
cant.mtx,16,5,Tuples-profile,wall,return_cleanup,1.2720000000000001e-06,0
cant.mtx,16,5,Tuples-profile,wall,output_free,5.3099999999999998e-07,0
cant.mtx,16,5,Tuples-control,wall,total,0.129279853,0
cant.mtx,16,5,Tuples-control,wall,native_call_and_free,0.129279331,0
cant.mtx,16,5,DCSC-dense-static,wall,total,0.133958627,0
cant.mtx,16,5,DCSC-dense-static,wall,native_call_and_free,0.13395806599999999,0
cant.mtx,16,5,DCSC-static,wall,total,0.12651519,0
cant.mtx,16,5,DCSC-static,wall,native_call_and_free,0.126514659,0
cant.mtx,16,5,DCSC-dense-lookup,wall,total,0.125530481,0
cant.mtx,16,5,DCSC-dense-lookup,wall,native_call_and_free,0.12553017999999999,0
cant.mtx,16,5,CombBLAS-conversion,wall,total,0.19318041999999999,0
cant.mtx,16,5,CombBLAS-conversion,wall,native_call,0.12783883900000001,0
cant.mtx,16,5,CombBLAS-conversion,wall,tuple_to_dcsc,0.065337795000000004,0
cant.mtx,16,5,CombBLAS-conversion,wall,dcsc_free,2.9359999999999999e-06,0
cant.mtx,16,5,CombBLAS-conversion,wall,output_free,7.9100000000000003e-07,0
cant.mtx,16,5,CombBLAS-sampled,wall,total,0.133546738,0
cant.mtx,16,5,CombBLAS-sampled,wall,lookup_build,6.279e-05,0
cant.mtx,16,5,CombBLAS-sampled,wall,thread_setup,1.0841e-05,0
cant.mtx,16,5,CombBLAS-sampled,wall,work_bound,0.002097804,0
cant.mtx,16,5,CombBLAS-sampled,wall,work_prefix,2.4967999999999999e-05,0
cant.mtx,16,5,CombBLAS-sampled,wall,symbolic,0.024526434,0
cant.mtx,16,5,CombBLAS-sampled,wall,output_prefix,1.2845e-05,0
cant.mtx,16,5,CombBLAS-sampled,wall,output_allocate,0.022532940000000001,0
cant.mtx,16,5,CombBLAS-sampled,wall,numeric_scratch_setup,0.0023748150000000002,0
cant.mtx,16,5,CombBLAS-sampled,wall,numeric,0.081896046,0
cant.mtx,16,5,CombBLAS-sampled,wall,internal_cleanup,3.5370000000000002e-06,0
cant.mtx,16,5,CombBLAS-sampled,wall,return_cleanup,2.7049999999999999e-06,0
cant.mtx,16,5,CombBLAS-sampled,wall,output_free,9.5199999999999995e-07,0
cant.mtx,16,5,CombBLAS-sampled,sampled_worker,lookup,0.0051610250000000031,8922
cant.mtx,16,5,CombBLAS-sampled,sampled_worker,alloc_init,0.0039062030000000061,8922
cant.mtx,16,5,CombBLAS-sampled,sampled_worker,lookup_multiply_hash,0.12151804700000002,8922
cant.mtx,16,5,CombBLAS-sampled,sampled_worker,compact,0.0055595159999999987,8922
cant.mtx,16,5,CombBLAS-sampled,sampled_worker,sort,0.047114562999999991,8922
cant.mtx,16,5,CombBLAS-sampled,sampled_worker,write,0.0034654620000000003,8922
cant.mtx,16,5,CombBLAS-sampled,sampled_worker,scratch_free,0.00050851100000000218,8922
cant.mtx,16,5,DCSC-sampled,wall,total,0.12937305099999999,0
cant.mtx,16,5,DCSC-sampled,wall,validate,4.51e-07,0
cant.mtx,16,5,DCSC-sampled,wall,lookup_build,2.9999999999999999e-07,0
cant.mtx,16,5,DCSC-sampled,wall,scratch_setup,0.000132645,0
cant.mtx,16,5,DCSC-sampled,wall,work_bound,0.001064932,0
cant.mtx,16,5,DCSC-sampled,wall,symbolic_capacity,0.00037610200000000001,0
cant.mtx,16,5,DCSC-sampled,wall,symbolic,0.029886275,0
cant.mtx,16,5,DCSC-sampled,wall,prefix_numeric_capacity,7.3510999999999995e-05,0
cant.mtx,16,5,DCSC-sampled,wall,output_allocate,0.014274530000000001,0
cant.mtx,16,5,DCSC-sampled,wall,numeric,0.083560829000000003,0
cant.mtx,16,5,DCSC-sampled,wall,return_cleanup,2.0530000000000001e-06,0
cant.mtx,16,5,DCSC-sampled,wall,output_free,1.353e-06,0
cant.mtx,16,5,DCSC-sampled,sampled_worker,lookup,0,8922
cant.mtx,16,5,DCSC-sampled,sampled_worker,alloc_init,0.0026511129999999966,8922
cant.mtx,16,5,DCSC-sampled,sampled_worker,lookup_multiply_hash,0.13287312300000001,8922
cant.mtx,16,5,DCSC-sampled,sampled_worker,compact,0.0046118129999999993,8922
cant.mtx,16,5,DCSC-sampled,sampled_worker,sort,0.046919345000000008,8922
cant.mtx,16,5,DCSC-sampled,sampled_worker,write,0.0023593189999999986,8922
cant.mtx,16,5,DCSC-sampled,sampled_worker,scratch_free,0.00052697500000000233,8922
cant.mtx,16,5,CombBLAS-profile,wall,total,0.134011197,0
cant.mtx,16,5,CombBLAS-profile,wall,lookup_build,5.1007999999999997e-05,0
cant.mtx,16,5,CombBLAS-profile,wall,thread_setup,7.7449999999999995e-06,0
cant.mtx,16,5,CombBLAS-profile,wall,work_bound,0.002093686,0
cant.mtx,16,5,CombBLAS-profile,wall,work_prefix,2.6650999999999999e-05,0
cant.mtx,16,5,CombBLAS-profile,wall,symbolic,0.024434648999999999,0
cant.mtx,16,5,CombBLAS-profile,wall,output_prefix,2.0769000000000001e-05,0
cant.mtx,16,5,CombBLAS-profile,wall,output_allocate,0.023240958999999999,0
cant.mtx,16,5,CombBLAS-profile,wall,numeric_scratch_setup,0.002369094,0
cant.mtx,16,5,CombBLAS-profile,wall,numeric,0.081760325999999994,0
cant.mtx,16,5,CombBLAS-profile,wall,internal_cleanup,3.106e-06,0
cant.mtx,16,5,CombBLAS-profile,wall,return_cleanup,2.4940000000000002e-06,0
cant.mtx,16,5,CombBLAS-profile,wall,output_free,6.4099999999999998e-07,0
cant.mtx,16,6,DCSC-sampled,wall,total,0.12920204299999999,0
cant.mtx,16,6,DCSC-sampled,wall,validate,4.6100000000000001e-07,0
cant.mtx,16,6,DCSC-sampled,wall,lookup_build,2.8099999999999999e-07,0
cant.mtx,16,6,DCSC-sampled,wall,scratch_setup,0.000131703,0
cant.mtx,16,6,DCSC-sampled,wall,work_bound,0.001078849,0
cant.mtx,16,6,DCSC-sampled,wall,symbolic_capacity,0.00044778899999999998,0
cant.mtx,16,6,DCSC-sampled,wall,symbolic,0.029792906000000001,0
cant.mtx,16,6,DCSC-sampled,wall,prefix_numeric_capacity,7.4362000000000004e-05,0
cant.mtx,16,6,DCSC-sampled,wall,output_allocate,0.014279249000000001,0
cant.mtx,16,6,DCSC-sampled,wall,numeric,0.083392727,0
cant.mtx,16,6,DCSC-sampled,wall,return_cleanup,2.1440000000000001e-06,0
cant.mtx,16,6,DCSC-sampled,wall,output_free,1.5030000000000001e-06,0
cant.mtx,16,6,DCSC-sampled,sampled_worker,lookup,0,8922
cant.mtx,16,6,DCSC-sampled,sampled_worker,alloc_init,0.0026587999999999959,8922
cant.mtx,16,6,DCSC-sampled,sampled_worker,lookup_multiply_hash,0.13278395799999998,8922
cant.mtx,16,6,DCSC-sampled,sampled_worker,compact,0.0046299770000000004,8922
cant.mtx,16,6,DCSC-sampled,sampled_worker,sort,0.046899019000000007,8922
cant.mtx,16,6,DCSC-sampled,sampled_worker,write,0.0023571679999999985,8922
cant.mtx,16,6,DCSC-sampled,sampled_worker,scratch_free,0.00051553500000000229,8922
cant.mtx,16,6,CombBLAS-sampled,wall,total,0.13464814,0
cant.mtx,16,6,CombBLAS-sampled,wall,lookup_build,6.3220999999999997e-05,0
cant.mtx,16,6,CombBLAS-sampled,wall,thread_setup,8.4870000000000002e-06,0
cant.mtx,16,6,CombBLAS-sampled,wall,work_bound,0.0021015000000000001,0
cant.mtx,16,6,CombBLAS-sampled,wall,work_prefix,2.4567e-05,0
cant.mtx,16,6,CombBLAS-sampled,wall,symbolic,0.024476068,0
cant.mtx,16,6,CombBLAS-sampled,wall,output_prefix,1.9578000000000001e-05,0
cant.mtx,16,6,CombBLAS-sampled,wall,output_allocate,0.023571953,0
cant.mtx,16,6,CombBLAS-sampled,wall,numeric_scratch_setup,0.0023339369999999999,0
cant.mtx,16,6,CombBLAS-sampled,wall,numeric,0.082041454999999999,0
cant.mtx,16,6,CombBLAS-sampled,wall,internal_cleanup,3.907e-06,0
cant.mtx,16,6,CombBLAS-sampled,wall,return_cleanup,2.4650000000000001e-06,0
cant.mtx,16,6,CombBLAS-sampled,wall,output_free,9.3200000000000003e-07,0
cant.mtx,16,6,CombBLAS-sampled,sampled_worker,lookup,0.0051271760000000015,8922
cant.mtx,16,6,CombBLAS-sampled,sampled_worker,alloc_init,0.0039056040000000048,8922
cant.mtx,16,6,CombBLAS-sampled,sampled_worker,lookup_multiply_hash,0.12146144299999999,8922
cant.mtx,16,6,CombBLAS-sampled,sampled_worker,compact,0.0055635239999999985,8922
cant.mtx,16,6,CombBLAS-sampled,sampled_worker,sort,0.047091529000000007,8922
cant.mtx,16,6,CombBLAS-sampled,sampled_worker,write,0.0035139719999999998,8922
cant.mtx,16,6,CombBLAS-sampled,sampled_worker,scratch_free,0.00052094900000000232,8922
cant.mtx,16,6,CombBLAS-conversion,wall,total,0.19411219900000001,0
cant.mtx,16,6,CombBLAS-conversion,wall,native_call,0.128521207,0
cant.mtx,16,6,CombBLAS-conversion,wall,tuple_to_dcsc,0.065586732999999994,0
cant.mtx,16,6,CombBLAS-conversion,wall,dcsc_free,3.2660000000000002e-06,0
cant.mtx,16,6,CombBLAS-conversion,wall,output_free,8.71e-07,0
cant.mtx,16,6,DCSC-dense-lookup,wall,total,0.12497430399999999,0
cant.mtx,16,6,DCSC-dense-lookup,wall,native_call_and_free,0.124974023,0
cant.mtx,16,6,DCSC-static,wall,total,0.12614109200000001,0
cant.mtx,16,6,DCSC-static,wall,native_call_and_free,0.12614040000000001,0
cant.mtx,16,6,DCSC-dense-static,wall,total,0.13508063000000001,0
cant.mtx,16,6,DCSC-dense-static,wall,native_call_and_free,0.13508033799999999,0
cant.mtx,16,6,Tuples-control,wall,total,0.12927822,0
cant.mtx,16,6,Tuples-control,wall,native_call_and_free,0.12927767900000001,0
cant.mtx,16,6,Tuples-profile,wall,total,0.13940013400000001,0
cant.mtx,16,6,Tuples-profile,wall,validate,4.8100000000000003e-07,0
cant.mtx,16,6,Tuples-profile,wall,lookup_build,2.6100000000000002e-07,0
cant.mtx,16,6,Tuples-profile,wall,scratch_setup,0.000136582,0
cant.mtx,16,6,Tuples-profile,wall,work_bound,0.00098510900000000007,0
cant.mtx,16,6,Tuples-profile,wall,symbolic_capacity,0.000355051,0
cant.mtx,16,6,Tuples-profile,wall,symbolic,0.033460451000000002,0
cant.mtx,16,6,Tuples-profile,wall,prefix_numeric_capacity,7.2739999999999998e-05,0
cant.mtx,16,6,Tuples-profile,wall,output_allocate,0.023287728000000001,0
cant.mtx,16,6,Tuples-profile,wall,numeric,0.081098915999999993,0
cant.mtx,16,6,Tuples-profile,wall,return_cleanup,1.9139999999999998e-06,0
cant.mtx,16,6,Tuples-profile,wall,output_free,8.3099999999999996e-07,0
cant.mtx,16,6,CSC-control,wall,total,0.12758406999999999,0
cant.mtx,16,6,CSC-control,wall,native_call_and_free,0.12758379,0
cant.mtx,16,6,DCSC-control,wall,total,0.12541085099999999,0
cant.mtx,16,6,DCSC-control,wall,native_call_and_free,0.12541055100000001,0
cant.mtx,16,6,CombBLAS-control,wall,total,0.12827738,0
cant.mtx,16,6,CombBLAS-control,wall,native_call_and_free,0.12827619700000001,0
cant.mtx,16,6,CSC-profile,wall,total,0.12966949999999999,0
cant.mtx,16,6,CSC-profile,wall,validate,4.7100000000000002e-07,0
cant.mtx,16,6,CSC-profile,wall,lookup_build,2.9999999999999997e-08,0
cant.mtx,16,6,CSC-profile,wall,scratch_setup,0.000132404,0
cant.mtx,16,6,CSC-profile,wall,work_bound,0.00097913800000000006,0
cant.mtx,16,6,CSC-profile,wall,symbolic_capacity,0.00031959300000000001,0
cant.mtx,16,6,CSC-profile,wall,symbolic,0.029654099999999999,0
cant.mtx,16,6,CSC-profile,wall,prefix_numeric_capacity,7.3792000000000001e-05,0
cant.mtx,16,6,CSC-profile,wall,output_allocate,0.014091639,0
cant.mtx,16,6,CSC-profile,wall,numeric,0.084415567999999996,0
cant.mtx,16,6,CSC-profile,wall,return_cleanup,1.3829999999999999e-06,0
cant.mtx,16,6,CSC-profile,wall,output_free,1.322e-06,0
cant.mtx,16,6,DCSC-profile,wall,total,0.12999063599999999,0
cant.mtx,16,6,DCSC-profile,wall,validate,4.6100000000000001e-07,0
cant.mtx,16,6,DCSC-profile,wall,lookup_build,4.8100000000000003e-07,0
cant.mtx,16,6,DCSC-profile,wall,scratch_setup,0.00013795499999999999,0
cant.mtx,16,6,DCSC-profile,wall,work_bound,0.00097149300000000003,0
cant.mtx,16,6,DCSC-profile,wall,symbolic_capacity,0.00044870000000000001,0
cant.mtx,16,6,DCSC-profile,wall,symbolic,0.030903507,0
cant.mtx,16,6,DCSC-profile,wall,prefix_numeric_capacity,7.2539000000000005e-05,0
cant.mtx,16,6,DCSC-profile,wall,output_allocate,0.01429018,0
cant.mtx,16,6,DCSC-profile,wall,numeric,0.083162193999999995,0
cant.mtx,16,6,DCSC-profile,wall,return_cleanup,1.4330000000000001e-06,0
cant.mtx,16,6,DCSC-profile,wall,output_free,1.6330000000000001e-06,0
cant.mtx,16,6,CombBLAS-profile,wall,total,0.13451728900000001,0
cant.mtx,16,6,CombBLAS-profile,wall,lookup_build,5.1418000000000001e-05,0
cant.mtx,16,6,CombBLAS-profile,wall,thread_setup,7.2540000000000003e-06,0
cant.mtx,16,6,CombBLAS-profile,wall,work_bound,0.0020902989999999999,0
cant.mtx,16,6,CombBLAS-profile,wall,work_prefix,2.5890000000000001e-05,0
cant.mtx,16,6,CombBLAS-profile,wall,symbolic,0.024532155,0
cant.mtx,16,6,CombBLAS-profile,wall,output_prefix,2.7844e-05,0
cant.mtx,16,6,CombBLAS-profile,wall,output_allocate,0.023530714000000001,0
cant.mtx,16,6,CombBLAS-profile,wall,numeric_scratch_setup,0.0024345600000000001,0
cant.mtx,16,6,CombBLAS-profile,wall,numeric,0.081810861999999998,0
cant.mtx,16,6,CombBLAS-profile,wall,internal_cleanup,3.1360000000000001e-06,0
cant.mtx,16,6,CombBLAS-profile,wall,return_cleanup,2.565e-06,0
cant.mtx,16,6,CombBLAS-profile,wall,output_free,5.3099999999999998e-07,0
cant.mtx,16,7,DCSC-sampled,wall,total,0.12948805199999999,0
cant.mtx,16,7,DCSC-sampled,wall,validate,4.7100000000000002e-07,0
cant.mtx,16,7,DCSC-sampled,wall,lookup_build,2.6100000000000002e-07,0
cant.mtx,16,7,DCSC-sampled,wall,scratch_setup,0.00013099100000000001,0
cant.mtx,16,7,DCSC-sampled,wall,work_bound,0.0010723169999999999,0
cant.mtx,16,7,DCSC-sampled,wall,symbolic_capacity,0.00037205300000000001,0
cant.mtx,16,7,DCSC-sampled,wall,symbolic,0.030101378000000002,0
cant.mtx,16,7,DCSC-sampled,wall,prefix_numeric_capacity,7.2259000000000001e-05,0
cant.mtx,16,7,DCSC-sampled,wall,output_allocate,0.014339704999999999,0
cant.mtx,16,7,DCSC-sampled,wall,numeric,0.083395932000000006,0
cant.mtx,16,7,DCSC-sampled,wall,return_cleanup,1.443e-06,0
cant.mtx,16,7,DCSC-sampled,wall,output_free,1.1820000000000001e-06,0
cant.mtx,16,7,DCSC-sampled,sampled_worker,lookup,0,8922
cant.mtx,16,7,DCSC-sampled,sampled_worker,alloc_init,0.0026485099999999959,8922
cant.mtx,16,7,DCSC-sampled,sampled_worker,lookup_multiply_hash,0.13273400400000002,8922
cant.mtx,16,7,DCSC-sampled,sampled_worker,compact,0.0046179579999999984,8922
cant.mtx,16,7,DCSC-sampled,sampled_worker,sort,0.046947169000000032,8922
cant.mtx,16,7,DCSC-sampled,sampled_worker,write,0.0023476839999999983,8922
cant.mtx,16,7,DCSC-sampled,sampled_worker,scratch_free,0.00051550800000000241,8922
cant.mtx,16,7,CombBLAS-profile,wall,total,0.13381293799999999,0
cant.mtx,16,7,CombBLAS-profile,wall,lookup_build,5.0967999999999997e-05,0
cant.mtx,16,7,CombBLAS-profile,wall,thread_setup,7.9850000000000006e-06,0
cant.mtx,16,7,CombBLAS-profile,wall,work_bound,0.0020874940000000001,0
cant.mtx,16,7,CombBLAS-profile,wall,work_prefix,2.5959999999999999e-05,0
cant.mtx,16,7,CombBLAS-profile,wall,symbolic,0.024269671999999999,0
cant.mtx,16,7,CombBLAS-profile,wall,output_prefix,2.1121e-05,0
cant.mtx,16,7,CombBLAS-profile,wall,output_allocate,0.023218816,0
cant.mtx,16,7,CombBLAS-profile,wall,numeric_scratch_setup,0.0023700259999999999,0
cant.mtx,16,7,CombBLAS-profile,wall,numeric,0.081754002000000006,0
cant.mtx,16,7,CombBLAS-profile,wall,internal_cleanup,3.517e-06,0
cant.mtx,16,7,CombBLAS-profile,wall,return_cleanup,2.4650000000000001e-06,0
cant.mtx,16,7,CombBLAS-profile,wall,output_free,8.6199999999999996e-07,0
cant.mtx,16,7,DCSC-profile,wall,total,0.12942990100000001,0
cant.mtx,16,7,DCSC-profile,wall,validate,4.51e-07,0
cant.mtx,16,7,DCSC-profile,wall,lookup_build,2.7099999999999998e-07,0
cant.mtx,16,7,DCSC-profile,wall,scratch_setup,0.000131502,0
cant.mtx,16,7,DCSC-profile,wall,work_bound,0.0010718559999999999,0
cant.mtx,16,7,DCSC-profile,wall,symbolic_capacity,0.00044622599999999998,0
cant.mtx,16,7,DCSC-profile,wall,symbolic,0.030168917,0
cant.mtx,16,7,DCSC-profile,wall,prefix_numeric_capacity,7.2869999999999999e-05,0
cant.mtx,16,7,DCSC-profile,wall,output_allocate,0.014255673999999999,0
cant.mtx,16,7,DCSC-profile,wall,numeric,0.083279418999999993,0
cant.mtx,16,7,DCSC-profile,wall,return_cleanup,1.6929999999999999e-06,0
cant.mtx,16,7,DCSC-profile,wall,output_free,9.6200000000000006e-07,0
cant.mtx,16,7,CSC-profile,wall,total,0.12985574799999999,0
cant.mtx,16,7,CSC-profile,wall,validate,7.2099999999999996e-07,0
cant.mtx,16,7,CSC-profile,wall,lookup_build,3.1e-08,0
cant.mtx,16,7,CSC-profile,wall,scratch_setup,0.000139297,0
cant.mtx,16,7,CSC-profile,wall,work_bound,0.00087926599999999997,0
cant.mtx,16,7,CSC-profile,wall,symbolic_capacity,0.00032341100000000001,0
cant.mtx,16,7,CSC-profile,wall,symbolic,0.029636866000000001,0
cant.mtx,16,7,CSC-profile,wall,prefix_numeric_capacity,7.1186999999999995e-05,0
cant.mtx,16,7,CSC-profile,wall,output_allocate,0.014202312,0
cant.mtx,16,7,CSC-profile,wall,numeric,0.084600242000000006,0
cant.mtx,16,7,CSC-profile,wall,return_cleanup,1.1319999999999999e-06,0
cant.mtx,16,7,CSC-profile,wall,output_free,1.223e-06,0
cant.mtx,16,7,CombBLAS-control,wall,total,0.127816085,0
cant.mtx,16,7,CombBLAS-control,wall,native_call_and_free,0.12781532400000001,0
cant.mtx,16,7,DCSC-control,wall,total,0.12512309999999999,0
cant.mtx,16,7,DCSC-control,wall,native_call_and_free,0.12512277899999999,0
cant.mtx,16,7,CSC-control,wall,total,0.128202556,0
cant.mtx,16,7,CSC-control,wall,native_call_and_free,0.128201434,0
cant.mtx,16,7,Tuples-profile,wall,total,0.14066443000000001,0
cant.mtx,16,7,Tuples-profile,wall,validate,9.9099999999999991e-07,0
cant.mtx,16,7,Tuples-profile,wall,lookup_build,1.7100000000000001e-07,0
cant.mtx,16,7,Tuples-profile,wall,scratch_setup,0.000138255,0
cant.mtx,16,7,Tuples-profile,wall,work_bound,0.00096009199999999995,0
cant.mtx,16,7,Tuples-profile,wall,symbolic_capacity,0.000407852,0
cant.mtx,16,7,Tuples-profile,wall,symbolic,0.033817435,0
cant.mtx,16,7,Tuples-profile,wall,prefix_numeric_capacity,6.9503000000000002e-05,0
cant.mtx,16,7,Tuples-profile,wall,output_allocate,0.023930772999999999,0
cant.mtx,16,7,Tuples-profile,wall,numeric,0.081337263000000007,0
cant.mtx,16,7,Tuples-profile,wall,return_cleanup,1.5030000000000001e-06,0
cant.mtx,16,7,Tuples-profile,wall,output_free,5.2099999999999997e-07,0
cant.mtx,16,7,Tuples-control,wall,total,0.129826672,0
cant.mtx,16,7,Tuples-control,wall,native_call_and_free,0.12982593000000001,0
cant.mtx,16,7,DCSC-dense-static,wall,total,0.133777119,0
cant.mtx,16,7,DCSC-dense-static,wall,native_call_and_free,0.13377612699999999,0
cant.mtx,16,7,DCSC-static,wall,total,0.12632744900000001,0
cant.mtx,16,7,DCSC-static,wall,native_call_and_free,0.12632668799999999,0
cant.mtx,16,7,DCSC-dense-lookup,wall,total,0.125243681,0
cant.mtx,16,7,DCSC-dense-lookup,wall,native_call_and_free,0.12524316999999999,0
cant.mtx,16,7,CombBLAS-conversion,wall,total,0.19312821999999999,0
cant.mtx,16,7,CombBLAS-conversion,wall,native_call,0.127908512,0
cant.mtx,16,7,CombBLAS-conversion,wall,tuple_to_dcsc,0.065215159999999994,0
cant.mtx,16,7,CombBLAS-conversion,wall,dcsc_free,2.655e-06,0
cant.mtx,16,7,CombBLAS-conversion,wall,output_free,1.823e-06,0
cant.mtx,16,7,CombBLAS-sampled,wall,total,0.13327319300000001,0
cant.mtx,16,7,CombBLAS-sampled,wall,lookup_build,7.0093999999999997e-05,0
cant.mtx,16,7,CombBLAS-sampled,wall,thread_setup,1.1602e-05,0
cant.mtx,16,7,CombBLAS-sampled,wall,work_bound,0.002082946,0
cant.mtx,16,7,CombBLAS-sampled,wall,work_prefix,2.3405e-05,0
cant.mtx,16,7,CombBLAS-sampled,wall,symbolic,0.024527074999999999,0
cant.mtx,16,7,CombBLAS-sampled,wall,output_prefix,1.2894999999999999e-05,0
cant.mtx,16,7,CombBLAS-sampled,wall,output_allocate,0.022244988,0
cant.mtx,16,7,CombBLAS-sampled,wall,numeric_scratch_setup,0.0023309910000000001,0
cant.mtx,16,7,CombBLAS-sampled,wall,numeric,0.081961961999999999,0
cant.mtx,16,7,CombBLAS-sampled,wall,internal_cleanup,4.0779999999999997e-06,0
cant.mtx,16,7,CombBLAS-sampled,wall,return_cleanup,2.5950000000000001e-06,0
cant.mtx,16,7,CombBLAS-sampled,wall,output_free,5.0100000000000005e-07,0
cant.mtx,16,7,CombBLAS-sampled,sampled_worker,lookup,0.0051220020000000031,8922
cant.mtx,16,7,CombBLAS-sampled,sampled_worker,alloc_init,0.0038830640000000051,8922
cant.mtx,16,7,CombBLAS-sampled,sampled_worker,lookup_multiply_hash,0.12149583400000002,8922
cant.mtx,16,7,CombBLAS-sampled,sampled_worker,compact,0.005606284999999999,8922
cant.mtx,16,7,CombBLAS-sampled,sampled_worker,sort,0.047202399999999999,8922
cant.mtx,16,7,CombBLAS-sampled,sampled_worker,write,0.0034564299999999991,8922
cant.mtx,16,7,CombBLAS-sampled,sampled_worker,scratch_free,0.00050253400000000207,8922
cant.mtx,16,8,CombBLAS-conversion,wall,total,0.19303079300000001,0
cant.mtx,16,8,CombBLAS-conversion,wall,native_call,0.12775381499999999,0
cant.mtx,16,8,CombBLAS-conversion,wall,tuple_to_dcsc,0.065273362000000001,0
cant.mtx,16,8,CombBLAS-conversion,wall,dcsc_free,2.294e-06,0
cant.mtx,16,8,CombBLAS-conversion,wall,output_free,1.252e-06,0
cant.mtx,16,8,DCSC-dense-lookup,wall,total,0.12503705400000001,0
cant.mtx,16,8,DCSC-dense-lookup,wall,native_call_and_free,0.12503630299999999,0
cant.mtx,16,8,DCSC-static,wall,total,0.12610600499999999,0
cant.mtx,16,8,DCSC-static,wall,native_call_and_free,0.126105473,0
cant.mtx,16,8,DCSC-dense-static,wall,total,0.135119143,0
cant.mtx,16,8,DCSC-dense-static,wall,native_call_and_free,0.135118392,0
cant.mtx,16,8,Tuples-control,wall,total,0.12947577900000001,0
cant.mtx,16,8,Tuples-control,wall,native_call_and_free,0.12947524799999999,0
cant.mtx,16,8,Tuples-profile,wall,total,0.13931452,0
cant.mtx,16,8,Tuples-profile,wall,validate,7.0100000000000004e-07,0
cant.mtx,16,8,Tuples-profile,wall,lookup_build,2.7099999999999998e-07,0
cant.mtx,16,8,Tuples-profile,wall,scratch_setup,0.00013878600000000001,0
cant.mtx,16,8,Tuples-profile,wall,work_bound,0.00099351600000000006,0
cant.mtx,16,8,Tuples-profile,wall,symbolic_capacity,0.00047487099999999997,0
cant.mtx,16,8,Tuples-profile,wall,symbolic,0.033311524000000002,0
cant.mtx,16,8,Tuples-profile,wall,prefix_numeric_capacity,7.3030999999999999e-05,0
cant.mtx,16,8,Tuples-profile,wall,output_allocate,0.022990357999999999,0
cant.mtx,16,8,Tuples-profile,wall,numeric,0.081329459000000007,0
cant.mtx,16,8,Tuples-profile,wall,return_cleanup,1.412e-06,0
cant.mtx,16,8,Tuples-profile,wall,output_free,5.2099999999999997e-07,0
cant.mtx,16,8,CSC-control,wall,total,0.12752840300000001,0
cant.mtx,16,8,CSC-control,wall,native_call_and_free,0.12752812299999999,0
cant.mtx,16,8,DCSC-control,wall,total,0.12498160899999999,0
cant.mtx,16,8,DCSC-control,wall,native_call_and_free,0.124981308,0
cant.mtx,16,8,CombBLAS-control,wall,total,0.12795493199999999,0
cant.mtx,16,8,CombBLAS-control,wall,native_call_and_free,0.12795419,0
cant.mtx,16,8,CSC-profile,wall,total,0.12957492800000001,0
cant.mtx,16,8,CSC-profile,wall,validate,6.5099999999999999e-07,0
cant.mtx,16,8,CSC-profile,wall,lookup_build,4.0000000000000001e-08,0
cant.mtx,16,8,CSC-profile,wall,scratch_setup,0.00013315500000000001,0
cant.mtx,16,8,CSC-profile,wall,work_bound,0.0010083049999999999,0
cant.mtx,16,8,CSC-profile,wall,symbolic_capacity,0.00042650799999999998,0
cant.mtx,16,8,CSC-profile,wall,symbolic,0.029467742000000002,0
cant.mtx,16,8,CSC-profile,wall,prefix_numeric_capacity,7.2749000000000004e-05,0
cant.mtx,16,8,CSC-profile,wall,output_allocate,0.014114353,0
cant.mtx,16,8,CSC-profile,wall,numeric,0.084348580000000006,0
cant.mtx,16,8,CSC-profile,wall,return_cleanup,1.7230000000000001e-06,0
cant.mtx,16,8,CSC-profile,wall,output_free,1.052e-06,0
cant.mtx,16,8,DCSC-profile,wall,total,0.129163209,0
cant.mtx,16,8,DCSC-profile,wall,validate,6.61e-07,0
cant.mtx,16,8,DCSC-profile,wall,lookup_build,6.5099999999999999e-07,0
cant.mtx,16,8,DCSC-profile,wall,scratch_setup,0.00013734399999999999,0
cant.mtx,16,8,DCSC-profile,wall,work_bound,0.00096564199999999995,0
cant.mtx,16,8,DCSC-profile,wall,symbolic_capacity,0.00034073300000000002,0
cant.mtx,16,8,DCSC-profile,wall,symbolic,0.030183024999999999,0
cant.mtx,16,8,DCSC-profile,wall,prefix_numeric_capacity,8.0964999999999995e-05,0
cant.mtx,16,8,DCSC-profile,wall,output_allocate,0.014228782000000001,0
cant.mtx,16,8,DCSC-profile,wall,numeric,0.083223100999999994,0
cant.mtx,16,8,DCSC-profile,wall,return_cleanup,1.1319999999999999e-06,0
cant.mtx,16,8,DCSC-profile,wall,output_free,1.1119999999999999e-06,0
cant.mtx,16,8,CombBLAS-profile,wall,total,0.13415419200000001,0
cant.mtx,16,8,CombBLAS-profile,wall,lookup_build,5.0787e-05,0
cant.mtx,16,8,CombBLAS-profile,wall,thread_setup,6.9439999999999999e-06,0
cant.mtx,16,8,CombBLAS-profile,wall,work_bound,0.002087233,0
cant.mtx,16,8,CombBLAS-profile,wall,work_prefix,2.4987999999999999e-05,0
cant.mtx,16,8,CombBLAS-profile,wall,symbolic,0.024373671999999999,0
cant.mtx,16,8,CombBLAS-profile,wall,output_prefix,2.2612999999999998e-05,0
cant.mtx,16,8,CombBLAS-profile,wall,output_allocate,0.023439109,0
cant.mtx,16,8,CombBLAS-profile,wall,numeric_scratch_setup,0.002420733,0
cant.mtx,16,8,CombBLAS-profile,wall,numeric,0.081721880999999996,0
cant.mtx,16,8,CombBLAS-profile,wall,internal_cleanup,2.8559999999999998e-06,0
cant.mtx,16,8,CombBLAS-profile,wall,return_cleanup,2.6850000000000001e-06,0
cant.mtx,16,8,CombBLAS-profile,wall,output_free,6.3099999999999997e-07,0
cant.mtx,16,8,DCSC-sampled,wall,total,0.129203125,0
cant.mtx,16,8,DCSC-sampled,wall,validate,5.8100000000000003e-07,0
cant.mtx,16,8,DCSC-sampled,wall,lookup_build,2.91e-07,0
cant.mtx,16,8,DCSC-sampled,wall,scratch_setup,0.000150569,0
cant.mtx,16,8,DCSC-sampled,wall,work_bound,0.0010556540000000001,0
cant.mtx,16,8,DCSC-sampled,wall,symbolic_capacity,0.00036436900000000002,0
cant.mtx,16,8,DCSC-sampled,wall,symbolic,0.029814518000000002,0
cant.mtx,16,8,DCSC-sampled,wall,prefix_numeric_capacity,7.3751000000000006e-05,0
cant.mtx,16,8,DCSC-sampled,wall,output_allocate,0.014233872,0
cant.mtx,16,8,DCSC-sampled,wall,numeric,0.083506284,0
cant.mtx,16,8,DCSC-sampled,wall,return_cleanup,1.9640000000000002e-06,0
cant.mtx,16,8,DCSC-sampled,wall,output_free,1.2020000000000001e-06,0
cant.mtx,16,8,DCSC-sampled,sampled_worker,lookup,0,8922
cant.mtx,16,8,DCSC-sampled,sampled_worker,alloc_init,0.0026648759999999961,8922
cant.mtx,16,8,DCSC-sampled,sampled_worker,lookup_multiply_hash,0.13291764399999997,8922
cant.mtx,16,8,DCSC-sampled,sampled_worker,compact,0.0046197310000000002,8922
cant.mtx,16,8,DCSC-sampled,sampled_worker,sort,0.046914743999999994,8922
cant.mtx,16,8,DCSC-sampled,sampled_worker,write,0.0023410909999999983,8922
cant.mtx,16,8,DCSC-sampled,sampled_worker,scratch_free,0.00051419300000000252,8922
cant.mtx,16,8,CombBLAS-sampled,wall,total,0.134224237,0
cant.mtx,16,8,CombBLAS-sampled,wall,lookup_build,5.1539000000000002e-05,0
cant.mtx,16,8,CombBLAS-sampled,wall,thread_setup,7.5449999999999998e-06,0
cant.mtx,16,8,CombBLAS-sampled,wall,work_bound,0.0020908599999999999,0
cant.mtx,16,8,CombBLAS-sampled,wall,work_prefix,2.4677000000000001e-05,0
cant.mtx,16,8,CombBLAS-sampled,wall,symbolic,0.024269051,0
cant.mtx,16,8,CombBLAS-sampled,wall,output_prefix,2.0078999999999999e-05,0
cant.mtx,16,8,CombBLAS-sampled,wall,output_allocate,0.023383963000000001,0
cant.mtx,16,8,CombBLAS-sampled,wall,numeric_scratch_setup,0.0023656269999999999,0
cant.mtx,16,8,CombBLAS-sampled,wall,numeric,0.082003841999999993,0
cant.mtx,16,8,CombBLAS-sampled,wall,internal_cleanup,3.658e-06,0
cant.mtx,16,8,CombBLAS-sampled,wall,return_cleanup,2.4540000000000001e-06,0
cant.mtx,16,8,CombBLAS-sampled,wall,output_free,8.7199999999999997e-07,0
cant.mtx,16,8,CombBLAS-sampled,sampled_worker,lookup,0.0051322720000000011,8922
cant.mtx,16,8,CombBLAS-sampled,sampled_worker,alloc_init,0.0038841820000000064,8922
cant.mtx,16,8,CombBLAS-sampled,sampled_worker,lookup_multiply_hash,0.12149157099999999,8922
cant.mtx,16,8,CombBLAS-sampled,sampled_worker,compact,0.0057054529999999992,8922
cant.mtx,16,8,CombBLAS-sampled,sampled_worker,sort,0.047097184999999993,8922
cant.mtx,16,8,CombBLAS-sampled,sampled_worker,write,0.0035050280000000003,8922
cant.mtx,16,8,CombBLAS-sampled,sampled_worker,scratch_free,0.00050296500000000213,8922
cant.mtx,16,9,CombBLAS-conversion,wall,total,0.19320462699999999,0
cant.mtx,16,9,CombBLAS-conversion,wall,native_call,0.127782751,0
cant.mtx,16,9,CombBLAS-conversion,wall,tuple_to_dcsc,0.065417157000000004,0
cant.mtx,16,9,CombBLAS-conversion,wall,dcsc_free,3.2459999999999999e-06,0
cant.mtx,16,9,CombBLAS-conversion,wall,output_free,1.403e-06,0
cant.mtx,16,9,CombBLAS-sampled,wall,total,0.13407453999999999,0
cant.mtx,16,9,CombBLAS-sampled,wall,lookup_build,8.4581999999999998e-05,0
cant.mtx,16,9,CombBLAS-sampled,wall,thread_setup,1.0801e-05,0
cant.mtx,16,9,CombBLAS-sampled,wall,work_bound,0.002092834,0
cant.mtx,16,9,CombBLAS-sampled,wall,work_prefix,2.3935999999999999e-05,0
cant.mtx,16,9,CombBLAS-sampled,wall,symbolic,0.024474134000000002,0
cant.mtx,16,9,CombBLAS-sampled,wall,output_prefix,1.2252999999999999e-05,0
cant.mtx,16,9,CombBLAS-sampled,wall,output_allocate,0.022941504000000001,0
cant.mtx,16,9,CombBLAS-sampled,wall,numeric_scratch_setup,0.0023651269999999999,0
cant.mtx,16,9,CombBLAS-sampled,wall,numeric,0.082062183999999996,0
cant.mtx,16,9,CombBLAS-sampled,wall,internal_cleanup,3.817e-06,0
cant.mtx,16,9,CombBLAS-sampled,wall,return_cleanup,2.4949999999999998e-06,0
cant.mtx,16,9,CombBLAS-sampled,wall,output_free,8.0200000000000001e-07,0
cant.mtx,16,9,CombBLAS-sampled,sampled_worker,lookup,0.0051465090000000031,8922
cant.mtx,16,9,CombBLAS-sampled,sampled_worker,alloc_init,0.0039078680000000062,8922
cant.mtx,16,9,CombBLAS-sampled,sampled_worker,lookup_multiply_hash,0.12147705100000002,8922
cant.mtx,16,9,CombBLAS-sampled,sampled_worker,compact,0.0056147229999999985,8922
cant.mtx,16,9,CombBLAS-sampled,sampled_worker,sort,0.046956245999999993,8922
cant.mtx,16,9,CombBLAS-sampled,sampled_worker,write,0.0034402229999999996,8922
cant.mtx,16,9,CombBLAS-sampled,sampled_worker,scratch_free,0.0005024180000000022,8922
cant.mtx,16,9,DCSC-sampled,wall,total,0.128936203,0
cant.mtx,16,9,DCSC-sampled,wall,validate,7.61e-07,0
cant.mtx,16,9,DCSC-sampled,wall,lookup_build,2.7099999999999998e-07,0
cant.mtx,16,9,DCSC-sampled,wall,scratch_setup,0.000131352,0
cant.mtx,16,9,DCSC-sampled,wall,work_bound,0.0010774059999999999,0
cant.mtx,16,9,DCSC-sampled,wall,symbolic_capacity,0.00046539299999999998,0
cant.mtx,16,9,DCSC-sampled,wall,symbolic,0.02960192,0
cant.mtx,16,9,DCSC-sampled,wall,prefix_numeric_capacity,7.6927000000000004e-05,0
cant.mtx,16,9,DCSC-sampled,wall,output_allocate,0.014221208000000001,0
cant.mtx,16,9,DCSC-sampled,wall,numeric,0.083358139999999997,0
cant.mtx,16,9,DCSC-sampled,wall,return_cleanup,1.4729999999999999e-06,0
cant.mtx,16,9,DCSC-sampled,wall,output_free,1.282e-06,0
cant.mtx,16,9,DCSC-sampled,sampled_worker,lookup,0,8922
cant.mtx,16,9,DCSC-sampled,sampled_worker,alloc_init,0.0026490589999999957,8922
cant.mtx,16,9,DCSC-sampled,sampled_worker,lookup_multiply_hash,0.13286873299999996,8922
cant.mtx,16,9,DCSC-sampled,sampled_worker,compact,0.0046329359999999998,8922
cant.mtx,16,9,DCSC-sampled,sampled_worker,sort,0.046907687000000017,8922
cant.mtx,16,9,DCSC-sampled,sampled_worker,write,0.0023580349999999983,8922
cant.mtx,16,9,DCSC-sampled,sampled_worker,scratch_free,0.00050928600000000235,8922
cant.mtx,16,9,CombBLAS-profile,wall,total,0.134195762,0
cant.mtx,16,9,CombBLAS-profile,wall,lookup_build,5.1669000000000003e-05,0
cant.mtx,16,9,CombBLAS-profile,wall,thread_setup,8.2460000000000003e-06,0
cant.mtx,16,9,CombBLAS-profile,wall,work_bound,0.0021123819999999999,0
cant.mtx,16,9,CombBLAS-profile,wall,work_prefix,2.4998e-05,0
cant.mtx,16,9,CombBLAS-profile,wall,symbolic,0.024363301,0
cant.mtx,16,9,CombBLAS-profile,wall,output_prefix,2.0800000000000001e-05,0
cant.mtx,16,9,CombBLAS-profile,wall,output_allocate,0.023469467000000001,0
cant.mtx,16,9,CombBLAS-profile,wall,numeric_scratch_setup,0.0023373930000000001,0
cant.mtx,16,9,CombBLAS-profile,wall,numeric,0.081800603,0
cant.mtx,16,9,CombBLAS-profile,wall,internal_cleanup,3.6370000000000001e-06,0
cant.mtx,16,9,CombBLAS-profile,wall,return_cleanup,2.565e-06,0
cant.mtx,16,9,CombBLAS-profile,wall,output_free,6.4099999999999998e-07,0
cant.mtx,16,9,DCSC-profile,wall,total,0.12912648800000001,0
cant.mtx,16,9,DCSC-profile,wall,validate,4.51e-07,0
cant.mtx,16,9,DCSC-profile,wall,lookup_build,4.8100000000000003e-07,0
cant.mtx,16,9,DCSC-profile,wall,scratch_setup,0.000132003,0
cant.mtx,16,9,DCSC-profile,wall,work_bound,0.001061586,0
cant.mtx,16,9,DCSC-profile,wall,symbolic_capacity,0.00035547200000000001,0
cant.mtx,16,9,DCSC-profile,wall,symbolic,0.030069096,0
cant.mtx,16,9,DCSC-profile,wall,prefix_numeric_capacity,7.1917999999999998e-05,0
cant.mtx,16,9,DCSC-profile,wall,output_allocate,0.014143719000000001,0
cant.mtx,16,9,DCSC-profile,wall,numeric,0.083289739000000002,0
cant.mtx,16,9,DCSC-profile,wall,return_cleanup,1.232e-06,0
cant.mtx,16,9,DCSC-profile,wall,output_free,7.4199999999999995e-07,0
cant.mtx,16,9,CSC-profile,wall,total,0.12987341099999999,0
cant.mtx,16,9,CSC-profile,wall,validate,6.2200000000000004e-07,0
cant.mtx,16,9,CSC-profile,wall,lookup_build,4.0000000000000001e-08,0
cant.mtx,16,9,CSC-profile,wall,scratch_setup,0.000137243,0
cant.mtx,16,9,CSC-profile,wall,work_bound,0.00087743300000000005,0
cant.mtx,16,9,CSC-profile,wall,symbolic_capacity,0.00043791000000000001,0
cant.mtx,16,9,CSC-profile,wall,symbolic,0.029708162999999999,0
cant.mtx,16,9,CSC-profile,wall,prefix_numeric_capacity,7.1917999999999998e-05,0
cant.mtx,16,9,CSC-profile,wall,output_allocate,0.014147517,0
cant.mtx,16,9,CSC-profile,wall,numeric,0.084489629999999996,0
cant.mtx,16,9,CSC-profile,wall,return_cleanup,1.483e-06,0
cant.mtx,16,9,CSC-profile,wall,output_free,1.392e-06,0
cant.mtx,16,9,CombBLAS-control,wall,total,0.12812597000000001,0
cant.mtx,16,9,CombBLAS-control,wall,native_call_and_free,0.12812521800000001,0
cant.mtx,16,9,DCSC-control,wall,total,0.124666464,0
cant.mtx,16,9,DCSC-control,wall,native_call_and_free,0.124665712,0
cant.mtx,16,9,CSC-control,wall,total,0.128213307,0
cant.mtx,16,9,CSC-control,wall,native_call_and_free,0.12821302600000001,0
cant.mtx,16,9,Tuples-profile,wall,total,0.13966632500000001,0
cant.mtx,16,9,Tuples-profile,wall,validate,9.2200000000000002e-07,0
cant.mtx,16,9,Tuples-profile,wall,lookup_build,2.2999999999999999e-07,0
cant.mtx,16,9,Tuples-profile,wall,scratch_setup,0.00013626099999999999,0
cant.mtx,16,9,Tuples-profile,wall,work_bound,0.00094715700000000001,0
cant.mtx,16,9,Tuples-profile,wall,symbolic_capacity,0.00036501099999999999,0
cant.mtx,16,9,Tuples-profile,wall,symbolic,0.033725608999999997,0
cant.mtx,16,9,Tuples-profile,wall,prefix_numeric_capacity,6.9443000000000006e-05,0
cant.mtx,16,9,Tuples-profile,wall,output_allocate,0.023014463999999998,0
cant.mtx,16,9,Tuples-profile,wall,numeric,0.081405234000000007,0
cant.mtx,16,9,Tuples-profile,wall,return_cleanup,1.6130000000000001e-06,0
cant.mtx,16,9,Tuples-profile,wall,output_free,3.3099999999999999e-07,0
cant.mtx,16,9,Tuples-control,wall,total,0.12940410099999999,0
cant.mtx,16,9,Tuples-control,wall,native_call_and_free,0.129403821,0
cant.mtx,16,9,DCSC-dense-static,wall,total,0.13398097,0
cant.mtx,16,9,DCSC-dense-static,wall,native_call_and_free,0.133980449,0
cant.mtx,16,9,DCSC-static,wall,total,0.12651194299999999,0
cant.mtx,16,9,DCSC-static,wall,native_call_and_free,0.126511653,0
cant.mtx,16,9,DCSC-dense-lookup,wall,total,0.12554529,0
cant.mtx,16,9,DCSC-dense-lookup,wall,native_call_and_free,0.12554453800000001,0
cant.mtx,16,10,DCSC-static,wall,total,0.126028697,0
cant.mtx,16,10,DCSC-static,wall,native_call_and_free,0.12602839599999999,0
cant.mtx,16,10,DCSC-dense-static,wall,total,0.13516317799999999,0
cant.mtx,16,10,DCSC-dense-static,wall,native_call_and_free,0.13516261600000001,0
cant.mtx,16,10,Tuples-control,wall,total,0.12939716700000001,0
cant.mtx,16,10,Tuples-control,wall,native_call_and_free,0.12939593499999999,0
cant.mtx,16,10,Tuples-profile,wall,total,0.13874936500000001,0
cant.mtx,16,10,Tuples-profile,wall,validate,5.4099999999999999e-07,0
cant.mtx,16,10,Tuples-profile,wall,lookup_build,5.1e-08,0
cant.mtx,16,10,Tuples-profile,wall,scratch_setup,0.000143144,0
cant.mtx,16,10,Tuples-profile,wall,work_bound,0.00099036999999999997,0
cant.mtx,16,10,Tuples-profile,wall,symbolic_capacity,0.00035489000000000001,0
cant.mtx,16,10,Tuples-profile,wall,symbolic,0.033342284999999999,0
cant.mtx,16,10,Tuples-profile,wall,prefix_numeric_capacity,7.1155999999999994e-05,0
cant.mtx,16,10,Tuples-profile,wall,output_allocate,0.022679952999999999,0
cant.mtx,16,10,Tuples-profile,wall,numeric,0.081164932999999995,0
cant.mtx,16,10,Tuples-profile,wall,return_cleanup,1.452e-06,0
cant.mtx,16,10,Tuples-profile,wall,output_free,5.3200000000000005e-07,0
cant.mtx,16,10,CSC-control,wall,total,0.127640478,0
cant.mtx,16,10,CSC-control,wall,native_call_and_free,0.12764017799999999,0
cant.mtx,16,10,DCSC-control,wall,total,0.124833073,0
cant.mtx,16,10,DCSC-control,wall,native_call_and_free,0.12483267200000001,0
cant.mtx,16,10,CombBLAS-control,wall,total,0.12764841299999999,0
cant.mtx,16,10,CombBLAS-control,wall,native_call_and_free,0.12764768200000001,0
cant.mtx,16,10,CSC-profile,wall,total,0.13000215900000001,0
cant.mtx,16,10,CSC-profile,wall,validate,4.7199999999999999e-07,0
cant.mtx,16,10,CSC-profile,wall,lookup_build,2.9000000000000002e-08,0
cant.mtx,16,10,CSC-profile,wall,scratch_setup,0.00013183300000000001,0
cant.mtx,16,10,CSC-profile,wall,work_bound,0.0010133239999999999,0
cant.mtx,16,10,CSC-profile,wall,symbolic_capacity,0.00042876200000000001,0
cant.mtx,16,10,CSC-profile,wall,symbolic,0.029690459999999998,0
cant.mtx,16,10,CSC-profile,wall,prefix_numeric_capacity,7.2379000000000006e-05,0
cant.mtx,16,10,CSC-profile,wall,output_allocate,0.014343823,0
cant.mtx,16,10,CSC-profile,wall,numeric,0.084318220999999999,0
cant.mtx,16,10,CSC-profile,wall,return_cleanup,1.6929999999999999e-06,0
cant.mtx,16,10,CSC-profile,wall,output_free,1.102e-06,0
cant.mtx,16,10,DCSC-profile,wall,total,0.12917743700000001,0
cant.mtx,16,10,DCSC-profile,wall,validate,4.6100000000000001e-07,0
cant.mtx,16,10,DCSC-profile,wall,lookup_build,6.5199999999999996e-07,0
cant.mtx,16,10,DCSC-profile,wall,scratch_setup,0.000139617,0
cant.mtx,16,10,DCSC-profile,wall,work_bound,0.00096429000000000003,0
cant.mtx,16,10,DCSC-profile,wall,symbolic_capacity,0.000323951,0
cant.mtx,16,10,DCSC-profile,wall,symbolic,0.030334173999999998,0
cant.mtx,16,10,DCSC-profile,wall,prefix_numeric_capacity,7.3931999999999996e-05,0
cant.mtx,16,10,DCSC-profile,wall,output_allocate,0.014220356999999999,0
cant.mtx,16,10,DCSC-profile,wall,numeric,0.083117618000000004,0
cant.mtx,16,10,DCSC-profile,wall,return_cleanup,1.1820000000000001e-06,0
cant.mtx,16,10,DCSC-profile,wall,output_free,1.1429999999999999e-06,0
cant.mtx,16,10,CombBLAS-profile,wall,total,0.13434629100000001,0
cant.mtx,16,10,CombBLAS-profile,wall,lookup_build,5.1338000000000002e-05,0
cant.mtx,16,10,CombBLAS-profile,wall,thread_setup,8.6969999999999999e-06,0
cant.mtx,16,10,CombBLAS-profile,wall,work_bound,0.0021092049999999998,0
cant.mtx,16,10,CombBLAS-profile,wall,work_prefix,2.4978e-05,0
cant.mtx,16,10,CombBLAS-profile,wall,symbolic,0.024546944000000001,0
cant.mtx,16,10,CombBLAS-profile,wall,output_prefix,1.9738e-05,0
cant.mtx,16,10,CombBLAS-profile,wall,output_allocate,0.023326382,0
cant.mtx,16,10,CombBLAS-profile,wall,numeric_scratch_setup,0.0023851850000000002,0
cant.mtx,16,10,CombBLAS-profile,wall,numeric,0.081866939999999999,0
cant.mtx,16,10,CombBLAS-profile,wall,internal_cleanup,3.4060000000000001e-06,0
cant.mtx,16,10,CombBLAS-profile,wall,return_cleanup,2.4849999999999999e-06,0
cant.mtx,16,10,CombBLAS-profile,wall,output_free,9.2200000000000002e-07,0
cant.mtx,16,10,DCSC-sampled,wall,total,0.12897470799999999,0
cant.mtx,16,10,DCSC-sampled,wall,validate,6.7100000000000001e-07,0
cant.mtx,16,10,DCSC-sampled,wall,lookup_build,2.7099999999999998e-07,0
cant.mtx,16,10,DCSC-sampled,wall,scratch_setup,0.00013244400000000001,0
cant.mtx,16,10,DCSC-sampled,wall,work_bound,0.001056186,0
cant.mtx,16,10,DCSC-sampled,wall,symbolic_capacity,0.00036199399999999998,0
cant.mtx,16,10,DCSC-sampled,wall,symbolic,0.029699646999999999,0
cant.mtx,16,10,DCSC-sampled,wall,prefix_numeric_capacity,8.1396000000000005e-05,0
cant.mtx,16,10,DCSC-sampled,wall,output_allocate,0.014256176000000001,0
cant.mtx,16,10,DCSC-sampled,wall,numeric,0.083383186999999998,0
cant.mtx,16,10,DCSC-sampled,wall,return_cleanup,1.804e-06,0
cant.mtx,16,10,DCSC-sampled,wall,output_free,8.6099999999999999e-07,0
cant.mtx,16,10,DCSC-sampled,sampled_worker,lookup,0,8922
cant.mtx,16,10,DCSC-sampled,sampled_worker,alloc_init,0.0026585429999999963,8922
cant.mtx,16,10,DCSC-sampled,sampled_worker,lookup_multiply_hash,0.13286995500000004,8922
cant.mtx,16,10,DCSC-sampled,sampled_worker,compact,0.0046201300000000018,8922
cant.mtx,16,10,DCSC-sampled,sampled_worker,sort,0.046908417999999993,8922
cant.mtx,16,10,DCSC-sampled,sampled_worker,write,0.0023307479999999988,8922
cant.mtx,16,10,DCSC-sampled,sampled_worker,scratch_free,0.00050983900000000227,8922
cant.mtx,16,10,CombBLAS-sampled,wall,total,0.13470923700000001,0
cant.mtx,16,10,CombBLAS-sampled,wall,lookup_build,5.1208000000000002e-05,0
cant.mtx,16,10,CombBLAS-sampled,wall,thread_setup,8.7269999999999996e-06,0
cant.mtx,16,10,CombBLAS-sampled,wall,work_bound,0.0020897680000000001,0
cant.mtx,16,10,CombBLAS-sampled,wall,work_prefix,2.4556999999999999e-05,0
cant.mtx,16,10,CombBLAS-sampled,wall,symbolic,0.02468037,0
cant.mtx,16,10,CombBLAS-sampled,wall,output_prefix,2.0268e-05,0
cant.mtx,16,10,CombBLAS-sampled,wall,output_allocate,0.023282659000000001,0
cant.mtx,16,10,CombBLAS-sampled,wall,numeric_scratch_setup,0.002442034,0
cant.mtx,16,10,CombBLAS-sampled,wall,numeric,0.082103232999999998,0
cant.mtx,16,10,CombBLAS-sampled,wall,internal_cleanup,2.875e-06,0
cant.mtx,16,10,CombBLAS-sampled,wall,return_cleanup,2.8059999999999999e-06,0
cant.mtx,16,10,CombBLAS-sampled,wall,output_free,6.7100000000000001e-07,0
cant.mtx,16,10,CombBLAS-sampled,sampled_worker,lookup,0.0051363560000000008,8922
cant.mtx,16,10,CombBLAS-sampled,sampled_worker,alloc_init,0.003896850000000006,8922
cant.mtx,16,10,CombBLAS-sampled,sampled_worker,lookup_multiply_hash,0.12167085599999999,8922
cant.mtx,16,10,CombBLAS-sampled,sampled_worker,compact,0.0056010489999999986,8922
cant.mtx,16,10,CombBLAS-sampled,sampled_worker,sort,0.047002802999999996,8922
cant.mtx,16,10,CombBLAS-sampled,sampled_worker,write,0.003462471,8922
cant.mtx,16,10,CombBLAS-sampled,sampled_worker,scratch_free,0.00050577000000000185,8922
cant.mtx,16,10,CombBLAS-conversion,wall,total,0.19283377600000001,0
cant.mtx,16,10,CombBLAS-conversion,wall,native_call,0.12757686600000001,0
cant.mtx,16,10,CombBLAS-conversion,wall,tuple_to_dcsc,0.065253573999999995,0
cant.mtx,16,10,CombBLAS-conversion,wall,dcsc_free,2.5550000000000001e-06,0
cant.mtx,16,10,CombBLAS-conversion,wall,output_free,7.2099999999999996e-07,0
cant.mtx,16,10,DCSC-dense-lookup,wall,total,0.12479277599999999,0
cant.mtx,16,10,DCSC-dense-lookup,wall,native_call_and_free,0.124792376,0
cant.mtx,16,11,DCSC-static,wall,total,0.12602038099999999,0
cant.mtx,16,11,DCSC-static,wall,native_call_and_free,0.12601984999999999,0
cant.mtx,16,11,DCSC-dense-lookup,wall,total,0.125402756,0
cant.mtx,16,11,DCSC-dense-lookup,wall,native_call_and_free,0.125402445,0
cant.mtx,16,11,CombBLAS-conversion,wall,total,0.19305397799999999,0
cant.mtx,16,11,CombBLAS-conversion,wall,native_call,0.12801156999999999,0
cant.mtx,16,11,CombBLAS-conversion,wall,tuple_to_dcsc,0.065038841,0
cant.mtx,16,11,CombBLAS-conversion,wall,dcsc_free,2.6350000000000002e-06,0
cant.mtx,16,11,CombBLAS-conversion,wall,output_free,8.7199999999999997e-07,0
cant.mtx,16,11,CombBLAS-sampled,wall,total,0.13425364300000001,0
cant.mtx,16,11,CombBLAS-sampled,wall,lookup_build,6.4243000000000001e-05,0
cant.mtx,16,11,CombBLAS-sampled,wall,thread_setup,1.0149000000000001e-05,0
cant.mtx,16,11,CombBLAS-sampled,wall,work_bound,0.0020891170000000001,0
cant.mtx,16,11,CombBLAS-sampled,wall,work_prefix,2.4516999999999999e-05,0
cant.mtx,16,11,CombBLAS-sampled,wall,symbolic,0.024430640999999999,0
cant.mtx,16,11,CombBLAS-sampled,wall,output_prefix,1.3135e-05,0
cant.mtx,16,11,CombBLAS-sampled,wall,output_allocate,0.022420004,0
cant.mtx,16,11,CombBLAS-sampled,wall,numeric_scratch_setup,0.0024269560000000001,0
cant.mtx,16,11,CombBLAS-sampled,wall,numeric,0.082768156999999995,0
cant.mtx,16,11,CombBLAS-sampled,wall,internal_cleanup,3.8480000000000003e-06,0
cant.mtx,16,11,CombBLAS-sampled,wall,return_cleanup,2.4940000000000002e-06,0
cant.mtx,16,11,CombBLAS-sampled,wall,output_free,3.2099999999999998e-07,0
cant.mtx,16,11,CombBLAS-sampled,sampled_worker,lookup,0.005139580000000003,8922
cant.mtx,16,11,CombBLAS-sampled,sampled_worker,alloc_init,0.0039321560000000052,8922
cant.mtx,16,11,CombBLAS-sampled,sampled_worker,lookup_multiply_hash,0.12144461799999998,8922
cant.mtx,16,11,CombBLAS-sampled,sampled_worker,compact,0.0056020709999999993,8922
cant.mtx,16,11,CombBLAS-sampled,sampled_worker,sort,0.047098361999999998,8922
cant.mtx,16,11,CombBLAS-sampled,sampled_worker,write,0.0034397719999999998,8922
cant.mtx,16,11,CombBLAS-sampled,sampled_worker,scratch_free,0.000503452000000002,8922
cant.mtx,16,11,DCSC-sampled,wall,total,0.12874581800000001,0
cant.mtx,16,11,DCSC-sampled,wall,validate,4.6100000000000001e-07,0
cant.mtx,16,11,DCSC-sampled,wall,lookup_build,2.7000000000000001e-07,0
cant.mtx,16,11,DCSC-sampled,wall,scratch_setup,0.00013110199999999999,0
cant.mtx,16,11,DCSC-sampled,wall,work_bound,0.0010585200000000001,0
cant.mtx,16,11,DCSC-sampled,wall,symbolic_capacity,0.00035434000000000003,0
cant.mtx,16,11,DCSC-sampled,wall,symbolic,0.029472521000000002,0
cant.mtx,16,11,DCSC-sampled,wall,prefix_numeric_capacity,7.5605999999999994e-05,0
cant.mtx,16,11,DCSC-sampled,wall,output_allocate,0.014259381,0
cant.mtx,16,11,DCSC-sampled,wall,numeric,0.083390310999999995,0
cant.mtx,16,11,DCSC-sampled,wall,return_cleanup,1.623e-06,0
cant.mtx,16,11,DCSC-sampled,wall,output_free,1.6130000000000001e-06,0
cant.mtx,16,11,DCSC-sampled,sampled_worker,lookup,0,8922
cant.mtx,16,11,DCSC-sampled,sampled_worker,alloc_init,0.0026524209999999968,8922
cant.mtx,16,11,DCSC-sampled,sampled_worker,lookup_multiply_hash,0.13287310499999996,8922
cant.mtx,16,11,DCSC-sampled,sampled_worker,compact,0.0046310520000000001,8922
cant.mtx,16,11,DCSC-sampled,sampled_worker,sort,0.046983284,8922
cant.mtx,16,11,DCSC-sampled,sampled_worker,write,0.0023404559999999986,8922
cant.mtx,16,11,DCSC-sampled,sampled_worker,scratch_free,0.00052762200000000244,8922
cant.mtx,16,11,CombBLAS-profile,wall,total,0.134636276,0
cant.mtx,16,11,CombBLAS-profile,wall,lookup_build,6.9343000000000003e-05,0
cant.mtx,16,11,CombBLAS-profile,wall,thread_setup,8.055e-06,0
cant.mtx,16,11,CombBLAS-profile,wall,work_bound,0.0021307769999999999,0
cant.mtx,16,11,CombBLAS-profile,wall,work_prefix,2.7251999999999999e-05,0
cant.mtx,16,11,CombBLAS-profile,wall,symbolic,0.024547986000000001,0
cant.mtx,16,11,CombBLAS-profile,wall,output_prefix,2.0389000000000001e-05,0
cant.mtx,16,11,CombBLAS-profile,wall,output_allocate,0.023416916999999999,0
cant.mtx,16,11,CombBLAS-profile,wall,numeric_scratch_setup,0.0024076380000000001,0
cant.mtx,16,11,CombBLAS-profile,wall,numeric,0.082001798000000001,0
cant.mtx,16,11,CombBLAS-profile,wall,internal_cleanup,2.976e-06,0
cant.mtx,16,11,CombBLAS-profile,wall,return_cleanup,2.5339999999999998e-06,0
cant.mtx,16,11,CombBLAS-profile,wall,output_free,5.5199999999999997e-07,0
cant.mtx,16,11,DCSC-profile,wall,total,0.12883209300000001,0
cant.mtx,16,11,DCSC-profile,wall,validate,7.2099999999999996e-07,0
cant.mtx,16,11,DCSC-profile,wall,lookup_build,2.2000000000000001e-07,0
cant.mtx,16,11,DCSC-profile,wall,scratch_setup,0.00012939900000000001,0
cant.mtx,16,11,DCSC-profile,wall,work_bound,0.0010419279999999999,0
cant.mtx,16,11,DCSC-profile,wall,symbolic_capacity,0.000355161,0
cant.mtx,16,11,DCSC-profile,wall,symbolic,0.029831981,0
cant.mtx,16,11,DCSC-profile,wall,prefix_numeric_capacity,7.2769999999999996e-05,0
cant.mtx,16,11,DCSC-profile,wall,output_allocate,0.01427432,0
cant.mtx,16,11,DCSC-profile,wall,numeric,0.083122868000000003,0
cant.mtx,16,11,DCSC-profile,wall,return_cleanup,1.2729999999999999e-06,0
cant.mtx,16,11,DCSC-profile,wall,output_free,1.392e-06,0
cant.mtx,16,11,CSC-profile,wall,total,0.129594406,0
cant.mtx,16,11,CSC-profile,wall,validate,7.3200000000000004e-07,0
cant.mtx,16,11,CSC-profile,wall,lookup_build,2.9999999999999997e-08,0
cant.mtx,16,11,CSC-profile,wall,scratch_setup,0.00013843500000000001,0
cant.mtx,16,11,CSC-profile,wall,work_bound,0.000874007,0
cant.mtx,16,11,CSC-profile,wall,symbolic_capacity,0.00032433199999999998,0
cant.mtx,16,11,CSC-profile,wall,symbolic,0.029605706999999998,0
cant.mtx,16,11,CSC-profile,wall,prefix_numeric_capacity,7.7497999999999996e-05,0
cant.mtx,16,11,CSC-profile,wall,output_allocate,0.014126446000000001,0
cant.mtx,16,11,CSC-profile,wall,numeric,0.084444844000000005,0
cant.mtx,16,11,CSC-profile,wall,return_cleanup,1.113e-06,0
cant.mtx,16,11,CSC-profile,wall,output_free,1.212e-06,0
cant.mtx,16,11,CombBLAS-control,wall,total,0.12797032,0
cant.mtx,16,11,CombBLAS-control,wall,native_call_and_free,0.127969789,0
cant.mtx,16,11,DCSC-control,wall,total,0.12533370299999999,0
cant.mtx,16,11,DCSC-control,wall,native_call_and_free,0.125333373,0
cant.mtx,16,11,CSC-control,wall,total,0.12787723300000001,0
cant.mtx,16,11,CSC-control,wall,native_call_and_free,0.12787691200000001,0
cant.mtx,16,11,Tuples-profile,wall,total,0.139434381,0
cant.mtx,16,11,Tuples-profile,wall,validate,7.2200000000000003e-07,0
cant.mtx,16,11,Tuples-profile,wall,lookup_build,4.4999999999999998e-07,0
cant.mtx,16,11,Tuples-profile,wall,scratch_setup,0.00014920600000000001,0
cant.mtx,16,11,Tuples-profile,wall,work_bound,0.00096872899999999999,0
cant.mtx,16,11,Tuples-profile,wall,symbolic_capacity,0.000350923,0
cant.mtx,16,11,Tuples-profile,wall,symbolic,0.033618354000000003,0
cant.mtx,16,11,Tuples-profile,wall,prefix_numeric_capacity,7.3349999999999994e-05,0
cant.mtx,16,11,Tuples-profile,wall,output_allocate,0.023268071000000001,0
cant.mtx,16,11,Tuples-profile,wall,numeric,0.081002751999999997,0
cant.mtx,16,11,Tuples-profile,wall,return_cleanup,1.282e-06,0
cant.mtx,16,11,Tuples-profile,wall,output_free,4.8100000000000003e-07,0
cant.mtx,16,11,Tuples-control,wall,total,0.1299564,0
cant.mtx,16,11,Tuples-control,wall,native_call_and_free,0.129956089,0
cant.mtx,16,11,DCSC-dense-static,wall,total,0.13379136599999999,0
cant.mtx,16,11,DCSC-dense-static,wall,native_call_and_free,0.133791086,0
cant.mtx,128,0,CSC-control,wall,total,0.055750225,0
cant.mtx,128,0,CSC-control,wall,native_call_and_free,0.055749954999999997,0
cant.mtx,128,0,DCSC-control,wall,total,0.055820769999999999,0
cant.mtx,128,0,DCSC-control,wall,native_call_and_free,0.05582049,0
cant.mtx,128,0,CombBLAS-control,wall,total,0.054576724,0
cant.mtx,128,0,CombBLAS-control,wall,native_call_and_free,0.054576433000000001,0
cant.mtx,128,0,CSC-profile,wall,total,0.059494797000000002,0
cant.mtx,128,0,CSC-profile,wall,validate,9.1200000000000001e-07,0
cant.mtx,128,0,CSC-profile,wall,lookup_build,2.9999999999999997e-08,0
cant.mtx,128,0,CSC-profile,wall,scratch_setup,0.000228879,0
cant.mtx,128,0,CSC-profile,wall,work_bound,0.001132372,0
cant.mtx,128,0,CSC-profile,wall,symbolic_capacity,0.00033349999999999997,0
cant.mtx,128,0,CSC-profile,wall,symbolic,0.0084964169999999992,0
cant.mtx,128,0,CSC-profile,wall,prefix_numeric_capacity,0.00022923,0
cant.mtx,128,0,CSC-profile,wall,output_allocate,0.021913272000000001,0
cant.mtx,128,0,CSC-profile,wall,numeric,0.027157171000000001,0
cant.mtx,128,0,CSC-profile,wall,return_cleanup,1.482e-06,0
cant.mtx,128,0,CSC-profile,wall,output_free,1.463e-06,0
cant.mtx,128,0,DCSC-profile,wall,total,0.055912757,0
cant.mtx,128,0,DCSC-profile,wall,validate,6.0100000000000005e-07,0
cant.mtx,128,0,DCSC-profile,wall,lookup_build,2.6e-07,0
cant.mtx,128,0,DCSC-profile,wall,scratch_setup,0.000487756,0
cant.mtx,128,0,DCSC-profile,wall,work_bound,0.001257392,0
cant.mtx,128,0,DCSC-profile,wall,symbolic_capacity,0.00034778700000000001,0
cant.mtx,128,0,DCSC-profile,wall,symbolic,0.0077511170000000001,0
cant.mtx,128,0,DCSC-profile,wall,prefix_numeric_capacity,0.00020651600000000001,0
cant.mtx,128,0,DCSC-profile,wall,output_allocate,0.02005608,0
cant.mtx,128,0,DCSC-profile,wall,numeric,0.025802372000000001,0
cant.mtx,128,0,DCSC-profile,wall,return_cleanup,1.3519999999999999e-06,0
cant.mtx,128,0,DCSC-profile,wall,output_free,1.4529999999999999e-06,0
cant.mtx,128,0,CombBLAS-profile,wall,total,0.054895786000000002,0
cant.mtx,128,0,CombBLAS-profile,wall,lookup_build,6.5455000000000003e-05,0
cant.mtx,128,0,CombBLAS-profile,wall,thread_setup,5.1198e-05,0
cant.mtx,128,0,CombBLAS-profile,wall,work_bound,0.0010500240000000001,0
cant.mtx,128,0,CombBLAS-profile,wall,work_prefix,9.8058000000000002e-05,0
cant.mtx,128,0,CombBLAS-profile,wall,symbolic,0.003843062,0
cant.mtx,128,0,CombBLAS-profile,wall,output_prefix,9.5131999999999997e-05,0
cant.mtx,128,0,CombBLAS-profile,wall,output_allocate,0.031736212999999999,0
cant.mtx,128,0,CombBLAS-profile,wall,numeric_scratch_setup,0.0024247919999999998,0
cant.mtx,128,0,CombBLAS-profile,wall,numeric,0.015505601000000001,0
cant.mtx,128,0,CombBLAS-profile,wall,internal_cleanup,2.8559999999999998e-06,0
cant.mtx,128,0,CombBLAS-profile,wall,return_cleanup,2.2623e-05,0
cant.mtx,128,0,CombBLAS-profile,wall,output_free,7.0100000000000004e-07,0
cant.mtx,128,0,DCSC-sampled,wall,total,0.059591703000000003,0
cant.mtx,128,0,DCSC-sampled,wall,validate,6.2099999999999996e-07,0
cant.mtx,128,0,DCSC-sampled,wall,lookup_build,2.3099999999999999e-07,0
cant.mtx,128,0,DCSC-sampled,wall,scratch_setup,0.00023238499999999999,0
cant.mtx,128,0,DCSC-sampled,wall,work_bound,0.001371431,0
cant.mtx,128,0,DCSC-sampled,wall,symbolic_capacity,0.00037526999999999998,0
cant.mtx,128,0,DCSC-sampled,wall,symbolic,0.0083359090000000007,0
cant.mtx,128,0,DCSC-sampled,wall,prefix_numeric_capacity,0.000211676,0
cant.mtx,128,0,DCSC-sampled,wall,output_allocate,0.022102714999999998,0
cant.mtx,128,0,DCSC-sampled,wall,numeric,0.026957979,0
cant.mtx,128,0,DCSC-sampled,wall,return_cleanup,1.753e-06,0
cant.mtx,128,0,DCSC-sampled,wall,output_free,1.663e-06,0
cant.mtx,128,0,DCSC-sampled,sampled_worker,lookup,0,8922
cant.mtx,128,0,DCSC-sampled,sampled_worker,alloc_init,0.0058063870000000005,8922
cant.mtx,128,0,DCSC-sampled,sampled_worker,lookup_multiply_hash,0.35136441400000001,8922
cant.mtx,128,0,DCSC-sampled,sampled_worker,compact,0.0068722519999999971,8922
cant.mtx,128,0,DCSC-sampled,sampled_worker,sort,0.049054089999999974,8922
cant.mtx,128,0,DCSC-sampled,sampled_worker,write,0.052292544999999982,8922
cant.mtx,128,0,DCSC-sampled,sampled_worker,scratch_free,0.011751973000000002,8922
cant.mtx,128,0,CombBLAS-sampled,wall,total,0.056195790000000002,0
cant.mtx,128,0,CombBLAS-sampled,wall,lookup_build,0.00014375499999999999,0
cant.mtx,128,0,CombBLAS-sampled,wall,thread_setup,6.0386000000000001e-05,0
cant.mtx,128,0,CombBLAS-sampled,wall,work_bound,0.001064321,0
cant.mtx,128,0,CombBLAS-sampled,wall,work_prefix,9.8278999999999999e-05,0
cant.mtx,128,0,CombBLAS-sampled,wall,symbolic,0.0035574930000000001,0
cant.mtx,128,0,CombBLAS-sampled,wall,output_prefix,0.000148355,0
cant.mtx,128,0,CombBLAS-sampled,wall,output_allocate,0.033550563999999998,0
cant.mtx,128,0,CombBLAS-sampled,wall,numeric_scratch_setup,0.0024507610000000001,0
cant.mtx,128,0,CombBLAS-sampled,wall,numeric,0.015096185999999999,0
cant.mtx,128,0,CombBLAS-sampled,wall,internal_cleanup,2.9950000000000001e-06,0
cant.mtx,128,0,CombBLAS-sampled,wall,return_cleanup,2.2053e-05,0
cant.mtx,128,0,CombBLAS-sampled,wall,output_free,4.7100000000000002e-07,0
cant.mtx,128,0,CombBLAS-sampled,sampled_worker,lookup,0.0098999410000000024,8922
cant.mtx,128,0,CombBLAS-sampled,sampled_worker,alloc_init,0.0043217859999999976,8922
cant.mtx,128,0,CombBLAS-sampled,sampled_worker,lookup_multiply_hash,0.13493460799999998,8922
cant.mtx,128,0,CombBLAS-sampled,sampled_worker,compact,0.0061581379999999979,8922
cant.mtx,128,0,CombBLAS-sampled,sampled_worker,sort,0.051166561999999999,8922
cant.mtx,128,0,CombBLAS-sampled,sampled_worker,write,0.026234738999999997,8922
cant.mtx,128,0,CombBLAS-sampled,sampled_worker,scratch_free,0.0031032799999999978,8922
cant.mtx,128,0,CombBLAS-conversion,wall,total,0.123895746,0
cant.mtx,128,0,CombBLAS-conversion,wall,native_call,0.050060611999999997,0
cant.mtx,128,0,CombBLAS-conversion,wall,tuple_to_dcsc,0.073832008000000005,0
cant.mtx,128,0,CombBLAS-conversion,wall,dcsc_free,2.024e-06,0
cant.mtx,128,0,CombBLAS-conversion,wall,output_free,1.032e-06,0
cant.mtx,128,0,DCSC-dense-lookup,wall,total,0.047396762000000002,0
cant.mtx,128,0,DCSC-dense-lookup,wall,native_call_and_free,0.047396301000000002,0
cant.mtx,128,0,DCSC-static,wall,total,0.043514285,0
cant.mtx,128,0,DCSC-static,wall,native_call_and_free,0.043513965000000002,0
cant.mtx,128,0,DCSC-dense-static,wall,total,0.041825576000000003,0
cant.mtx,128,0,DCSC-dense-static,wall,native_call_and_free,0.041825025000000002,0
cant.mtx,128,0,Tuples-control,wall,total,0.065367180999999996,0
cant.mtx,128,0,Tuples-control,wall,native_call_and_free,0.065366881000000002,0
cant.mtx,128,0,Tuples-profile,wall,total,0.068641120999999999,0
cant.mtx,128,0,Tuples-profile,wall,validate,5.1099999999999996e-07,0
cant.mtx,128,0,Tuples-profile,wall,lookup_build,4.7100000000000002e-07,0
cant.mtx,128,0,Tuples-profile,wall,scratch_setup,0.000465122,0
cant.mtx,128,0,Tuples-profile,wall,work_bound,0.001424392,0
cant.mtx,128,0,Tuples-profile,wall,symbolic_capacity,0.00036042099999999998,0
cant.mtx,128,0,Tuples-profile,wall,symbolic,0.0069178590000000002,0
cant.mtx,128,0,Tuples-profile,wall,prefix_numeric_capacity,0.00020495299999999999,0
cant.mtx,128,0,Tuples-profile,wall,output_allocate,0.031468810999999999,0
cant.mtx,128,0,Tuples-profile,wall,numeric,0.027796026000000001,0
cant.mtx,128,0,Tuples-profile,wall,return_cleanup,1.7630000000000001e-06,0
cant.mtx,128,0,Tuples-profile,wall,output_free,7.4199999999999995e-07,0
cant.mtx,128,1,CSC-control,wall,total,0.055840959000000003,0
cant.mtx,128,1,CSC-control,wall,native_call_and_free,0.055840698000000001,0
cant.mtx,128,1,Tuples-profile,wall,total,0.068699283,0
cant.mtx,128,1,Tuples-profile,wall,validate,4.51e-07,0
cant.mtx,128,1,Tuples-profile,wall,lookup_build,1.9000000000000001e-07,0
cant.mtx,128,1,Tuples-profile,wall,scratch_setup,0.00040321399999999999,0
cant.mtx,128,1,Tuples-profile,wall,work_bound,0.0013075879999999999,0
cant.mtx,128,1,Tuples-profile,wall,symbolic_capacity,0.00037569099999999999,0
cant.mtx,128,1,Tuples-profile,wall,symbolic,0.00768471,0
cant.mtx,128,1,Tuples-profile,wall,prefix_numeric_capacity,0.00020284900000000001,0
cant.mtx,128,1,Tuples-profile,wall,output_allocate,0.030144880999999998,0
cant.mtx,128,1,Tuples-profile,wall,numeric,0.028577604999999999,0
cant.mtx,128,1,Tuples-profile,wall,return_cleanup,1.172e-06,0
cant.mtx,128,1,Tuples-profile,wall,output_free,8.6199999999999996e-07,0
cant.mtx,128,1,Tuples-control,wall,total,0.067835285999999995,0
cant.mtx,128,1,Tuples-control,wall,native_call_and_free,0.067834624999999996,0
cant.mtx,128,1,DCSC-dense-static,wall,total,0.043356031000000003,0
cant.mtx,128,1,DCSC-dense-static,wall,native_call_and_free,0.043355741000000003,0
cant.mtx,128,1,DCSC-static,wall,total,0.040990894999999999,0
cant.mtx,128,1,DCSC-static,wall,native_call_and_free,0.040990513999999999,0
cant.mtx,128,1,DCSC-dense-lookup,wall,total,0.057752845999999997,0
cant.mtx,128,1,DCSC-dense-lookup,wall,native_call_and_free,0.057752365,0
cant.mtx,128,1,CombBLAS-conversion,wall,total,0.128239457,0
cant.mtx,128,1,CombBLAS-conversion,wall,native_call,0.054506688999999997,0
cant.mtx,128,1,CombBLAS-conversion,wall,tuple_to_dcsc,0.073729270999999999,0
cant.mtx,128,1,CombBLAS-conversion,wall,dcsc_free,2.3649999999999998e-06,0
cant.mtx,128,1,CombBLAS-conversion,wall,output_free,1.0720000000000001e-06,0
cant.mtx,128,1,CombBLAS-sampled,wall,total,0.044039332,0
cant.mtx,128,1,CombBLAS-sampled,wall,lookup_build,0.00013759500000000001,0
cant.mtx,128,1,CombBLAS-sampled,wall,thread_setup,6.3081000000000001e-05,0
cant.mtx,128,1,CombBLAS-sampled,wall,work_bound,0.00050995800000000003,0
cant.mtx,128,1,CombBLAS-sampled,wall,work_prefix,7.3770999999999996e-05,0
cant.mtx,128,1,CombBLAS-sampled,wall,symbolic,0.0032680489999999999,0
cant.mtx,128,1,CombBLAS-sampled,wall,output_prefix,7.6376000000000002e-05,0
cant.mtx,128,1,CombBLAS-sampled,wall,output_allocate,0.022682997999999999,0
cant.mtx,128,1,CombBLAS-sampled,wall,numeric_scratch_setup,0.0024990339999999998,0
cant.mtx,128,1,CombBLAS-sampled,wall,numeric,0.014702089999999999,0
cant.mtx,128,1,CombBLAS-sampled,wall,internal_cleanup,3.7570000000000002e-06,0
cant.mtx,128,1,CombBLAS-sampled,wall,return_cleanup,2.1872e-05,0
cant.mtx,128,1,CombBLAS-sampled,wall,output_free,6.9100000000000003e-07,0
cant.mtx,128,1,CombBLAS-sampled,sampled_worker,lookup,0.0097490680000000014,8922
cant.mtx,128,1,CombBLAS-sampled,sampled_worker,alloc_init,0.0042484139999999981,8922
cant.mtx,128,1,CombBLAS-sampled,sampled_worker,lookup_multiply_hash,0.12933416700000003,8922
cant.mtx,128,1,CombBLAS-sampled,sampled_worker,compact,0.0060018209999999975,8922
cant.mtx,128,1,CombBLAS-sampled,sampled_worker,sort,0.050537688999999997,8922
cant.mtx,128,1,CombBLAS-sampled,sampled_worker,write,0.028460051999999993,8922
cant.mtx,128,1,CombBLAS-sampled,sampled_worker,scratch_free,0.0031991329999999998,8922
cant.mtx,128,1,DCSC-sampled,wall,total,0.059623143000000003,0
cant.mtx,128,1,DCSC-sampled,wall,validate,6.5099999999999999e-07,0
cant.mtx,128,1,DCSC-sampled,wall,lookup_build,6.0100000000000005e-07,0
cant.mtx,128,1,DCSC-sampled,wall,scratch_setup,0.00021480199999999999,0
cant.mtx,128,1,DCSC-sampled,wall,work_bound,0.0014450120000000001,0
cant.mtx,128,1,DCSC-sampled,wall,symbolic_capacity,0.00036267599999999998,0
cant.mtx,128,1,DCSC-sampled,wall,symbolic,0.0082908219999999998,0
cant.mtx,128,1,DCSC-sampled,wall,prefix_numeric_capacity,0.00023639399999999999,0
cant.mtx,128,1,DCSC-sampled,wall,output_allocate,0.022016520000000001,0
cant.mtx,128,1,DCSC-sampled,wall,numeric,0.027052258999999999,0
cant.mtx,128,1,DCSC-sampled,wall,return_cleanup,1.7230000000000001e-06,0
cant.mtx,128,1,DCSC-sampled,wall,output_free,1.6029999999999999e-06,0
cant.mtx,128,1,DCSC-sampled,sampled_worker,lookup,0,8922
cant.mtx,128,1,DCSC-sampled,sampled_worker,alloc_init,0.0058501679999999967,8922
cant.mtx,128,1,DCSC-sampled,sampled_worker,lookup_multiply_hash,0.35173087299999994,8922
cant.mtx,128,1,DCSC-sampled,sampled_worker,compact,0.0069793979999999986,8922
cant.mtx,128,1,DCSC-sampled,sampled_worker,sort,0.048630555999999998,8922
cant.mtx,128,1,DCSC-sampled,sampled_worker,write,0.051538451000000013,8922
cant.mtx,128,1,DCSC-sampled,sampled_worker,scratch_free,0.012214714000000002,8922
cant.mtx,128,1,CombBLAS-profile,wall,total,0.055288579999999997,0
cant.mtx,128,1,CombBLAS-profile,wall,lookup_build,0.00011232599999999999,0
cant.mtx,128,1,CombBLAS-profile,wall,thread_setup,5.2169999999999997e-05,0
cant.mtx,128,1,CombBLAS-profile,wall,work_bound,0.0010110989999999999,0
cant.mtx,128,1,CombBLAS-profile,wall,work_prefix,9.8329e-05,0
cant.mtx,128,1,CombBLAS-profile,wall,symbolic,0.0036842770000000001,0
cant.mtx,128,1,CombBLAS-profile,wall,output_prefix,9.7837000000000005e-05,0
cant.mtx,128,1,CombBLAS-profile,wall,output_allocate,0.032441507000000001,0
cant.mtx,128,1,CombBLAS-profile,wall,numeric_scratch_setup,0.0024908479999999999,0
cant.mtx,128,1,CombBLAS-profile,wall,numeric,0.015271532000000001,0
cant.mtx,128,1,CombBLAS-profile,wall,internal_cleanup,3.5269999999999999e-06,0
cant.mtx,128,1,CombBLAS-profile,wall,return_cleanup,2.4286000000000001e-05,0
cant.mtx,128,1,CombBLAS-profile,wall,output_free,7.7199999999999998e-07,0
cant.mtx,128,1,DCSC-profile,wall,total,0.059501891000000001,0
cant.mtx,128,1,DCSC-profile,wall,validate,4.4099999999999999e-07,0
cant.mtx,128,1,DCSC-profile,wall,lookup_build,6.9100000000000003e-07,0
cant.mtx,128,1,DCSC-profile,wall,scratch_setup,0.00027599999999999999,0
cant.mtx,128,1,DCSC-profile,wall,work_bound,0.001430394,0
cant.mtx,128,1,DCSC-profile,wall,symbolic_capacity,0.00036775499999999999,0
cant.mtx,128,1,DCSC-profile,wall,symbolic,0.0083709360000000007,0
cant.mtx,128,1,DCSC-profile,wall,prefix_numeric_capacity,0.00021749700000000001,0
cant.mtx,128,1,DCSC-profile,wall,output_allocate,0.021920516000000001,0
cant.mtx,128,1,DCSC-profile,wall,numeric,0.026914545000000002,0
cant.mtx,128,1,DCSC-profile,wall,return_cleanup,1.5629999999999999e-06,0
cant.mtx,128,1,DCSC-profile,wall,output_free,1.483e-06,0
cant.mtx,128,1,CSC-profile,wall,total,0.056278006999999998,0
cant.mtx,128,1,CSC-profile,wall,validate,1.1519999999999999e-06,0
cant.mtx,128,1,CSC-profile,wall,lookup_build,4.0000000000000001e-08,0
cant.mtx,128,1,CSC-profile,wall,scratch_setup,0.00055080600000000004,0
cant.mtx,128,1,CSC-profile,wall,work_bound,0.00121952,0
cant.mtx,128,1,CSC-profile,wall,symbolic_capacity,0.00042961399999999998,0
cant.mtx,128,1,CSC-profile,wall,symbolic,0.0078432940000000007,0
cant.mtx,128,1,CSC-profile,wall,prefix_numeric_capacity,0.00025827499999999998,0
cant.mtx,128,1,CSC-profile,wall,output_allocate,0.020149980000000001,0
cant.mtx,128,1,CSC-profile,wall,numeric,0.02582243,0
cant.mtx,128,1,CSC-profile,wall,return_cleanup,1.3829999999999999e-06,0
cant.mtx,128,1,CSC-profile,wall,output_free,1.443e-06,0
cant.mtx,128,1,CombBLAS-control,wall,total,0.054218487000000003,0
cant.mtx,128,1,CombBLAS-control,wall,native_call_and_free,0.054218187000000001,0
cant.mtx,128,1,DCSC-control,wall,total,0.059680714000000003,0
cant.mtx,128,1,DCSC-control,wall,native_call_and_free,0.059679862,0
cant.mtx,128,2,CombBLAS-control,wall,total,0.055835167999999998,0
cant.mtx,128,2,CombBLAS-control,wall,native_call_and_free,0.055834657000000003,0
cant.mtx,128,2,CSC-profile,wall,total,0.059229458999999998,0
cant.mtx,128,2,CSC-profile,wall,validate,4.2100000000000002e-07,0
cant.mtx,128,2,CSC-profile,wall,lookup_build,4.0000000000000001e-08,0
cant.mtx,128,2,CSC-profile,wall,scratch_setup,0.000228378,0
cant.mtx,128,2,CSC-profile,wall,work_bound,0.0011305690000000001,0
cant.mtx,128,2,CSC-profile,wall,symbolic_capacity,0.00032364999999999998,0
cant.mtx,128,2,CSC-profile,wall,symbolic,0.0085166459999999992,0
cant.mtx,128,2,CSC-profile,wall,prefix_numeric_capacity,0.00029848199999999998,0
cant.mtx,128,2,CSC-profile,wall,output_allocate,0.021763706000000001,0
cant.mtx,128,2,CSC-profile,wall,numeric,0.026965302,0
cant.mtx,128,2,CSC-profile,wall,return_cleanup,1.2419999999999999e-06,0
cant.mtx,128,2,CSC-profile,wall,output_free,9.6200000000000006e-07,0
cant.mtx,128,2,DCSC-profile,wall,total,0.055932865999999998,0
cant.mtx,128,2,DCSC-profile,wall,validate,6.1200000000000003e-07,0
cant.mtx,128,2,DCSC-profile,wall,lookup_build,4.4000000000000002e-07,0
cant.mtx,128,2,DCSC-profile,wall,scratch_setup,0.000323992,0
cant.mtx,128,2,DCSC-profile,wall,work_bound,0.001251711,0
cant.mtx,128,2,DCSC-profile,wall,symbolic_capacity,0.00032268800000000001,0
cant.mtx,128,2,DCSC-profile,wall,symbolic,0.0078889319999999995,0
cant.mtx,128,2,DCSC-profile,wall,prefix_numeric_capacity,0.000204763,0
cant.mtx,128,2,DCSC-profile,wall,output_allocate,0.020204084000000001,0
cant.mtx,128,2,DCSC-profile,wall,numeric,0.025733490000000001,0
cant.mtx,128,2,DCSC-profile,wall,return_cleanup,1.071e-06,0
cant.mtx,128,2,DCSC-profile,wall,output_free,1.0130000000000001e-06,0
cant.mtx,128,2,CombBLAS-profile,wall,total,0.054929270000000002,0
cant.mtx,128,2,CombBLAS-profile,wall,lookup_build,6.3270999999999998e-05,0
cant.mtx,128,2,CombBLAS-profile,wall,thread_setup,4.8222e-05,0
cant.mtx,128,2,CombBLAS-profile,wall,work_bound,0.001044314,0
cant.mtx,128,2,CombBLAS-profile,wall,work_prefix,9.5812999999999999e-05,0
cant.mtx,128,2,CombBLAS-profile,wall,symbolic,0.0038741719999999999,0
cant.mtx,128,2,CombBLAS-profile,wall,output_prefix,9.7366000000000003e-05,0
cant.mtx,128,2,CombBLAS-profile,wall,output_allocate,0.031846315,0
cant.mtx,128,2,CombBLAS-profile,wall,numeric_scratch_setup,0.0024630440000000002,0
cant.mtx,128,2,CombBLAS-profile,wall,numeric,0.015370292000000001,0
cant.mtx,128,2,CombBLAS-profile,wall,internal_cleanup,2.7659999999999999e-06,0
cant.mtx,128,2,CombBLAS-profile,wall,return_cleanup,2.2934000000000001e-05,0
cant.mtx,128,2,CombBLAS-profile,wall,output_free,7.0100000000000004e-07,0
cant.mtx,128,2,DCSC-sampled,wall,total,0.059669001999999999,0
cant.mtx,128,2,DCSC-sampled,wall,validate,6.2200000000000004e-07,0
cant.mtx,128,2,DCSC-sampled,wall,lookup_build,4.0999999999999999e-07,0
cant.mtx,128,2,DCSC-sampled,wall,scratch_setup,0.000278514,0
cant.mtx,128,2,DCSC-sampled,wall,work_bound,0.0013695370000000001,0
cant.mtx,128,2,DCSC-sampled,wall,symbolic_capacity,0.00035440999999999999,0
cant.mtx,128,2,DCSC-sampled,wall,symbolic,0.0083008019999999995,0
cant.mtx,128,2,DCSC-sampled,wall,prefix_numeric_capacity,0.00023460000000000001,0
cant.mtx,128,2,DCSC-sampled,wall,output_allocate,0.022204821,0
cant.mtx,128,2,DCSC-sampled,wall,numeric,0.026921588999999999,0
cant.mtx,128,2,DCSC-sampled,wall,return_cleanup,2.1129999999999999e-06,0
cant.mtx,128,2,DCSC-sampled,wall,output_free,1.513e-06,0
cant.mtx,128,2,DCSC-sampled,sampled_worker,lookup,0,8922
cant.mtx,128,2,DCSC-sampled,sampled_worker,alloc_init,0.0058336940000000012,8922
cant.mtx,128,2,DCSC-sampled,sampled_worker,lookup_multiply_hash,0.35230617800000003,8922
cant.mtx,128,2,DCSC-sampled,sampled_worker,compact,0.0069432099999999983,8922
cant.mtx,128,2,DCSC-sampled,sampled_worker,sort,0.04848029199999998,8922
cant.mtx,128,2,DCSC-sampled,sampled_worker,write,0.052069150000000015,8922
cant.mtx,128,2,DCSC-sampled,sampled_worker,scratch_free,0.012554217999999994,8922
cant.mtx,128,2,CombBLAS-sampled,wall,total,0.056754602000000001,0
cant.mtx,128,2,CombBLAS-sampled,wall,lookup_build,0.000114239,0
cant.mtx,128,2,CombBLAS-sampled,wall,thread_setup,4.9465000000000002e-05,0
cant.mtx,128,2,CombBLAS-sampled,wall,work_bound,0.0010894100000000001,0
cant.mtx,128,2,CombBLAS-sampled,wall,work_prefix,9.7286000000000003e-05,0
cant.mtx,128,2,CombBLAS-sampled,wall,symbolic,0.0036830249999999999,0
cant.mtx,128,2,CombBLAS-sampled,wall,output_prefix,9.6664999999999997e-05,0
cant.mtx,128,2,CombBLAS-sampled,wall,output_allocate,0.034037768000000003,0
cant.mtx,128,2,CombBLAS-sampled,wall,numeric_scratch_setup,0.002480688,0
cant.mtx,128,2,CombBLAS-sampled,wall,numeric,0.015079835999999999,0
cant.mtx,128,2,CombBLAS-sampled,wall,internal_cleanup,3.2760000000000001e-06,0
cant.mtx,128,2,CombBLAS-sampled,wall,return_cleanup,2.2313000000000001e-05,0
cant.mtx,128,2,CombBLAS-sampled,wall,output_free,5.7100000000000002e-07,0
cant.mtx,128,2,CombBLAS-sampled,sampled_worker,lookup,0.0098431980000000044,8922
cant.mtx,128,2,CombBLAS-sampled,sampled_worker,alloc_init,0.0043245669999999996,8922
cant.mtx,128,2,CombBLAS-sampled,sampled_worker,lookup_multiply_hash,0.13492505399999993,8922
cant.mtx,128,2,CombBLAS-sampled,sampled_worker,compact,0.0061208730000000015,8922
cant.mtx,128,2,CombBLAS-sampled,sampled_worker,sort,0.050961419999999993,8922
cant.mtx,128,2,CombBLAS-sampled,sampled_worker,write,0.025999783999999995,8922
cant.mtx,128,2,CombBLAS-sampled,sampled_worker,scratch_free,0.0029868889999999995,8922
cant.mtx,128,2,CombBLAS-conversion,wall,total,0.124097522,0
cant.mtx,128,2,CombBLAS-conversion,wall,native_call,0.050340467999999999,0
cant.mtx,128,2,CombBLAS-conversion,wall,tuple_to_dcsc,0.073753396999999998,0
cant.mtx,128,2,CombBLAS-conversion,wall,dcsc_free,2.525e-06,0
cant.mtx,128,2,CombBLAS-conversion,wall,output_free,1.062e-06,0
cant.mtx,128,2,DCSC-dense-lookup,wall,total,0.047153134999999999,0
cant.mtx,128,2,DCSC-dense-lookup,wall,native_call_and_free,0.047152865000000002,0
cant.mtx,128,2,DCSC-static,wall,total,0.043082888,0
cant.mtx,128,2,DCSC-static,wall,native_call_and_free,0.043082597,0
cant.mtx,128,2,DCSC-dense-static,wall,total,0.041957798999999997,0
cant.mtx,128,2,DCSC-dense-static,wall,native_call_and_free,0.041957347999999998,0
cant.mtx,128,2,Tuples-control,wall,total,0.065451291999999994,0
cant.mtx,128,2,Tuples-control,wall,native_call_and_free,0.065450801000000003,0
cant.mtx,128,2,Tuples-profile,wall,total,0.069239528999999994,0
cant.mtx,128,2,Tuples-profile,wall,validate,5.1099999999999996e-07,0
cant.mtx,128,2,Tuples-profile,wall,lookup_build,1.062e-06,0
cant.mtx,128,2,Tuples-profile,wall,scratch_setup,0.00070282799999999996,0
cant.mtx,128,2,Tuples-profile,wall,work_bound,0.0014537090000000001,0
cant.mtx,128,2,Tuples-profile,wall,symbolic_capacity,0.00044244800000000002,0
cant.mtx,128,2,Tuples-profile,wall,symbolic,0.0068719410000000003,0
cant.mtx,128,2,Tuples-profile,wall,prefix_numeric_capacity,0.00024449900000000002,0
cant.mtx,128,2,Tuples-profile,wall,output_allocate,0.031644047000000002,0
cant.mtx,128,2,Tuples-profile,wall,numeric,0.027876139000000001,0
cant.mtx,128,2,Tuples-profile,wall,return_cleanup,1.6339999999999999e-06,0
cant.mtx,128,2,Tuples-profile,wall,output_free,6.5099999999999999e-07,0
cant.mtx,128,2,CSC-control,wall,total,0.056126747999999997,0
cant.mtx,128,2,CSC-control,wall,native_call_and_free,0.056126476000000002,0
cant.mtx,128,2,DCSC-control,wall,total,0.055509263000000003,0
cant.mtx,128,2,DCSC-control,wall,native_call_and_free,0.055508680999999997,0
cant.mtx,128,3,CombBLAS-control,wall,total,0.053868635999999998,0
cant.mtx,128,3,CombBLAS-control,wall,native_call_and_free,0.053867954000000003,0
cant.mtx,128,3,DCSC-control,wall,total,0.059307437999999997,0
cant.mtx,128,3,DCSC-control,wall,native_call_and_free,0.059307048000000001,0
cant.mtx,128,3,CSC-control,wall,total,0.055973612999999998,0
cant.mtx,128,3,CSC-control,wall,native_call_and_free,0.055972932000000003,0
cant.mtx,128,3,Tuples-profile,wall,total,0.068430458,0
cant.mtx,128,3,Tuples-profile,wall,validate,8.71e-07,0
cant.mtx,128,3,Tuples-profile,wall,lookup_build,2.3999999999999998e-07,0
cant.mtx,128,3,Tuples-profile,wall,scratch_setup,0.00031909199999999999,0
cant.mtx,128,3,Tuples-profile,wall,work_bound,0.0012965380000000001,0
cant.mtx,128,3,Tuples-profile,wall,symbolic_capacity,0.00043495399999999998,0
cant.mtx,128,3,Tuples-profile,wall,symbolic,0.0077788509999999998,0
cant.mtx,128,3,Tuples-profile,wall,prefix_numeric_capacity,0.000203229,0
cant.mtx,128,3,Tuples-profile,wall,output_allocate,0.030071501,0
cant.mtx,128,3,Tuples-profile,wall,numeric,0.028323297000000001,0
cant.mtx,128,3,Tuples-profile,wall,return_cleanup,1.4130000000000001e-06,0
cant.mtx,128,3,Tuples-profile,wall,output_free,4.1100000000000001e-07,0
cant.mtx,128,3,Tuples-control,wall,total,0.068069543999999996,0
cant.mtx,128,3,Tuples-control,wall,native_call_and_free,0.068069083000000002,0
cant.mtx,128,3,DCSC-dense-static,wall,total,0.043358286000000003,0
cant.mtx,128,3,DCSC-dense-static,wall,native_call_and_free,0.043357986000000001,0
cant.mtx,128,3,DCSC-static,wall,total,0.040833863999999997,0
cant.mtx,128,3,DCSC-static,wall,native_call_and_free,0.040832972000000002,0
cant.mtx,128,3,DCSC-dense-lookup,wall,total,0.058006812999999997,0
cant.mtx,128,3,DCSC-dense-lookup,wall,native_call_and_free,0.058006532999999999,0
cant.mtx,128,3,CombBLAS-conversion,wall,total,0.12891886,0
cant.mtx,128,3,CombBLAS-conversion,wall,native_call,0.054828647000000001,0
cant.mtx,128,3,CombBLAS-conversion,wall,tuple_to_dcsc,0.074085263999999998,0
cant.mtx,128,3,CombBLAS-conversion,wall,dcsc_free,3.3759999999999999e-06,0
cant.mtx,128,3,CombBLAS-conversion,wall,output_free,1.513e-06,0
cant.mtx,128,3,CombBLAS-sampled,wall,total,0.044069019000000001,0
cant.mtx,128,3,CombBLAS-sampled,wall,lookup_build,0.00015652,0
cant.mtx,128,3,CombBLAS-sampled,wall,thread_setup,6.3792000000000002e-05,0
cant.mtx,128,3,CombBLAS-sampled,wall,work_bound,0.00050824599999999996,0
cant.mtx,128,3,CombBLAS-sampled,wall,work_prefix,7.6736000000000005e-05,0
cant.mtx,128,3,CombBLAS-sampled,wall,symbolic,0.003307094,0
cant.mtx,128,3,CombBLAS-sampled,wall,output_prefix,6.8671999999999996e-05,0
cant.mtx,128,3,CombBLAS-sampled,wall,output_allocate,0.022306526,0
cant.mtx,128,3,CombBLAS-sampled,wall,numeric_scratch_setup,0.0024807589999999999,0
cant.mtx,128,3,CombBLAS-sampled,wall,numeric,0.015075365,0
cant.mtx,128,3,CombBLAS-sampled,wall,internal_cleanup,2.7760000000000002e-06,0
cant.mtx,128,3,CombBLAS-sampled,wall,return_cleanup,2.1571000000000001e-05,0
cant.mtx,128,3,CombBLAS-sampled,wall,output_free,8.9199999999999999e-07,0
cant.mtx,128,3,CombBLAS-sampled,sampled_worker,lookup,0.0097151450000000014,8922
cant.mtx,128,3,CombBLAS-sampled,sampled_worker,alloc_init,0.0042385759999999965,8922
cant.mtx,128,3,CombBLAS-sampled,sampled_worker,lookup_multiply_hash,0.12942823899999997,8922
cant.mtx,128,3,CombBLAS-sampled,sampled_worker,compact,0.0059908180000000019,8922
cant.mtx,128,3,CombBLAS-sampled,sampled_worker,sort,0.050483233999999981,8922
cant.mtx,128,3,CombBLAS-sampled,sampled_worker,write,0.030350350999999987,8922
cant.mtx,128,3,CombBLAS-sampled,sampled_worker,scratch_free,0.0029778350000000007,8922
cant.mtx,128,3,DCSC-sampled,wall,total,0.059290897000000002,0
cant.mtx,128,3,DCSC-sampled,wall,validate,6.3099999999999997e-07,0
cant.mtx,128,3,DCSC-sampled,wall,lookup_build,4.4099999999999999e-07,0
cant.mtx,128,3,DCSC-sampled,wall,scratch_setup,0.00021320900000000001,0
cant.mtx,128,3,DCSC-sampled,wall,work_bound,0.0014257250000000001,0
cant.mtx,128,3,DCSC-sampled,wall,symbolic_capacity,0.00038628099999999998,0
cant.mtx,128,3,DCSC-sampled,wall,symbolic,0.0082082539999999999,0
cant.mtx,128,3,DCSC-sampled,wall,prefix_numeric_capacity,0.000225112,0
cant.mtx,128,3,DCSC-sampled,wall,output_allocate,0.021808351,0
cant.mtx,128,3,DCSC-sampled,wall,numeric,0.027019897000000001,0
cant.mtx,128,3,DCSC-sampled,wall,return_cleanup,1.6929999999999999e-06,0
cant.mtx,128,3,DCSC-sampled,wall,output_free,1.2330000000000001e-06,0
cant.mtx,128,3,DCSC-sampled,sampled_worker,lookup,0,8922
cant.mtx,128,3,DCSC-sampled,sampled_worker,alloc_init,0.0056433400000000002,8922
cant.mtx,128,3,DCSC-sampled,sampled_worker,lookup_multiply_hash,0.3491191270000002,8922
cant.mtx,128,3,DCSC-sampled,sampled_worker,compact,0.0069139030000000016,8922
cant.mtx,128,3,DCSC-sampled,sampled_worker,sort,0.04934865799999999,8922
cant.mtx,128,3,DCSC-sampled,sampled_worker,write,0.05201170900000001,8922
cant.mtx,128,3,DCSC-sampled,sampled_worker,scratch_free,0.011904882000000002,8922
cant.mtx,128,3,CombBLAS-profile,wall,total,0.056364333000000003,0
cant.mtx,128,3,CombBLAS-profile,wall,lookup_build,7.8659999999999996e-05,0
cant.mtx,128,3,CombBLAS-profile,wall,thread_setup,4.8834e-05,0
cant.mtx,128,3,CombBLAS-profile,wall,work_bound,0.0011578910000000001,0
cant.mtx,128,3,CombBLAS-profile,wall,work_prefix,9.5583999999999998e-05,0
cant.mtx,128,3,CombBLAS-profile,wall,symbolic,0.0037131310000000002,0
cant.mtx,128,3,CombBLAS-profile,wall,output_prefix,9.6805999999999994e-05,0
cant.mtx,128,3,CombBLAS-profile,wall,output_allocate,0.033237744,0
cant.mtx,128,3,CombBLAS-profile,wall,numeric_scratch_setup,0.0024774319999999999,0
cant.mtx,128,3,CombBLAS-profile,wall,numeric,0.015428984,0
cant.mtx,128,3,CombBLAS-profile,wall,internal_cleanup,2.8660000000000002e-06,0
cant.mtx,128,3,CombBLAS-profile,wall,return_cleanup,2.5639e-05,0
cant.mtx,128,3,CombBLAS-profile,wall,output_free,6.8100000000000002e-07,0
cant.mtx,128,3,DCSC-profile,wall,total,0.059510727999999999,0
cant.mtx,128,3,DCSC-profile,wall,validate,4.9200000000000001e-07,0
cant.mtx,128,3,DCSC-profile,wall,lookup_build,3.9999999999999998e-07,0
cant.mtx,128,3,DCSC-profile,wall,scratch_setup,0.000228989,0
cant.mtx,128,3,DCSC-profile,wall,work_bound,0.0014002859999999999,0
cant.mtx,128,3,DCSC-profile,wall,symbolic_capacity,0.00037831600000000001,0
cant.mtx,128,3,DCSC-profile,wall,symbolic,0.0082857729999999997,0
cant.mtx,128,3,DCSC-profile,wall,prefix_numeric_capacity,0.00022261700000000001,0
cant.mtx,128,3,DCSC-profile,wall,output_allocate,0.022090731999999998,0
cant.mtx,128,3,DCSC-profile,wall,numeric,0.026900218,0
cant.mtx,128,3,DCSC-profile,wall,return_cleanup,1.5230000000000001e-06,0
cant.mtx,128,3,DCSC-profile,wall,output_free,1.302e-06,0
cant.mtx,128,3,CSC-profile,wall,total,0.056015152999999998,0
cant.mtx,128,3,CSC-profile,wall,validate,9.9199999999999999e-07,0
cant.mtx,128,3,CSC-profile,wall,lookup_build,2.9999999999999997e-08,0
cant.mtx,128,3,CSC-profile,wall,scratch_setup,0.00042987500000000003,0
cant.mtx,128,3,CSC-profile,wall,work_bound,0.001214599,0
cant.mtx,128,3,CSC-profile,wall,symbolic_capacity,0.00033721700000000001,0
cant.mtx,128,3,CSC-profile,wall,symbolic,0.007774703,0
cant.mtx,128,3,CSC-profile,wall,prefix_numeric_capacity,0.00020433199999999999,0
cant.mtx,128,3,CSC-profile,wall,output_allocate,0.020269829999999999,0
cant.mtx,128,3,CSC-profile,wall,numeric,0.02578101,0
cant.mtx,128,3,CSC-profile,wall,return_cleanup,1.263e-06,0
cant.mtx,128,3,CSC-profile,wall,output_free,1.232e-06,0
cant.mtx,128,4,DCSC-profile,wall,total,0.055773279000000002,0
cant.mtx,128,4,DCSC-profile,wall,validate,4.9100000000000004e-07,0
cant.mtx,128,4,DCSC-profile,wall,lookup_build,2.3999999999999998e-07,0
cant.mtx,128,4,DCSC-profile,wall,scratch_setup,0.00041681999999999998,0
cant.mtx,128,4,DCSC-profile,wall,work_bound,0.0013080990000000001,0
cant.mtx,128,4,DCSC-profile,wall,symbolic_capacity,0.00034440099999999998,0
cant.mtx,128,4,DCSC-profile,wall,symbolic,0.0077000389999999997,0
cant.mtx,128,4,DCSC-profile,wall,prefix_numeric_capacity,0.00020223800000000001,0
cant.mtx,128,4,DCSC-profile,wall,output_allocate,0.020374099999999999,0
cant.mtx,128,4,DCSC-profile,wall,numeric,0.025423734999999999,0
cant.mtx,128,4,DCSC-profile,wall,return_cleanup,1.854e-06,0
cant.mtx,128,4,DCSC-profile,wall,output_free,1.2020000000000001e-06,0
cant.mtx,128,4,CombBLAS-profile,wall,total,0.054734485999999999,0
cant.mtx,128,4,CombBLAS-profile,wall,lookup_build,6.2841000000000004e-05,0
cant.mtx,128,4,CombBLAS-profile,wall,thread_setup,4.7741000000000003e-05,0
cant.mtx,128,4,CombBLAS-profile,wall,work_bound,0.001137472,0
cant.mtx,128,4,CombBLAS-profile,wall,work_prefix,9.8349000000000003e-05,0
cant.mtx,128,4,CombBLAS-profile,wall,symbolic,0.003836679,0
cant.mtx,128,4,CombBLAS-profile,wall,output_prefix,9.7005999999999999e-05,0
cant.mtx,128,4,CombBLAS-profile,wall,output_allocate,0.031565364999999998,0
cant.mtx,128,4,CombBLAS-profile,wall,numeric_scratch_setup,0.002434791,0
cant.mtx,128,4,CombBLAS-profile,wall,numeric,0.015427892,0
cant.mtx,128,4,CombBLAS-profile,wall,internal_cleanup,2.875e-06,0
cant.mtx,128,4,CombBLAS-profile,wall,return_cleanup,2.2293000000000002e-05,0
cant.mtx,128,4,CombBLAS-profile,wall,output_free,1.1230000000000001e-06,0
cant.mtx,128,4,DCSC-sampled,wall,total,0.059753423999999999,0
cant.mtx,128,4,DCSC-sampled,wall,validate,7.1200000000000002e-07,0
cant.mtx,128,4,DCSC-sampled,wall,lookup_build,2.3999999999999998e-07,0
cant.mtx,128,4,DCSC-sampled,wall,scratch_setup,0.00023147400000000001,0
cant.mtx,128,4,DCSC-sampled,wall,work_bound,0.001553189,0
cant.mtx,128,4,DCSC-sampled,wall,symbolic_capacity,0.00039466700000000002,0
cant.mtx,128,4,DCSC-sampled,wall,symbolic,0.0083456680000000005,0
cant.mtx,128,4,DCSC-sampled,wall,prefix_numeric_capacity,0.000219741,0
cant.mtx,128,4,DCSC-sampled,wall,output_allocate,0.022081224999999999,0
cant.mtx,128,4,DCSC-sampled,wall,numeric,0.02692247,0
cant.mtx,128,4,DCSC-sampled,wall,return_cleanup,2.2840000000000001e-06,0
cant.mtx,128,4,DCSC-sampled,wall,output_free,1.694e-06,0
cant.mtx,128,4,DCSC-sampled,sampled_worker,lookup,0,8922
cant.mtx,128,4,DCSC-sampled,sampled_worker,alloc_init,0.0056998939999999996,8922
cant.mtx,128,4,DCSC-sampled,sampled_worker,lookup_multiply_hash,0.34784951200000008,8922
cant.mtx,128,4,DCSC-sampled,sampled_worker,compact,0.007105291000000004,8922
cant.mtx,128,4,DCSC-sampled,sampled_worker,sort,0.04879816,8922
cant.mtx,128,4,DCSC-sampled,sampled_worker,write,0.051563871999999983,8922
cant.mtx,128,4,DCSC-sampled,sampled_worker,scratch_free,0.011866219999999997,8922
cant.mtx,128,4,CombBLAS-sampled,wall,total,0.056628019000000002,0
cant.mtx,128,4,CombBLAS-sampled,wall,lookup_build,0.00014394500000000001,0
cant.mtx,128,4,CombBLAS-sampled,wall,thread_setup,6.0566999999999998e-05,0
cant.mtx,128,4,CombBLAS-sampled,wall,work_bound,0.00098021999999999996,0
cant.mtx,128,4,CombBLAS-sampled,wall,work_prefix,9.4061000000000006e-05,0
cant.mtx,128,4,CombBLAS-sampled,wall,symbolic,0.0037348030000000001,0
cant.mtx,128,4,CombBLAS-sampled,wall,output_prefix,9.5082999999999997e-05,0
cant.mtx,128,4,CombBLAS-sampled,wall,output_allocate,0.034026415999999997,0
cant.mtx,128,4,CombBLAS-sampled,wall,numeric_scratch_setup,0.0024472539999999998,0
cant.mtx,128,4,CombBLAS-sampled,wall,numeric,0.015016422999999999,0
cant.mtx,128,4,CombBLAS-sampled,wall,internal_cleanup,3.8380000000000004e-06,0
cant.mtx,128,4,CombBLAS-sampled,wall,return_cleanup,2.4176e-05,0
cant.mtx,128,4,CombBLAS-sampled,wall,output_free,1.1519999999999999e-06,0
cant.mtx,128,4,CombBLAS-sampled,sampled_worker,lookup,0.009921780000000005,8922
cant.mtx,128,4,CombBLAS-sampled,sampled_worker,alloc_init,0.0044500779999999997,8922
cant.mtx,128,4,CombBLAS-sampled,sampled_worker,lookup_multiply_hash,0.13494616100000004,8922
cant.mtx,128,4,CombBLAS-sampled,sampled_worker,compact,0.0060792619999999976,8922
cant.mtx,128,4,CombBLAS-sampled,sampled_worker,sort,0.05098594900000001,8922
cant.mtx,128,4,CombBLAS-sampled,sampled_worker,write,0.026676926000000004,8922
cant.mtx,128,4,CombBLAS-sampled,sampled_worker,scratch_free,0.0030388070000000001,8922
cant.mtx,128,4,CombBLAS-conversion,wall,total,0.12443304500000001,0
cant.mtx,128,4,CombBLAS-conversion,wall,native_call,0.050629233000000003,0
cant.mtx,128,4,CombBLAS-conversion,wall,tuple_to_dcsc,0.073800377,0
cant.mtx,128,4,CombBLAS-conversion,wall,dcsc_free,1.8840000000000001e-06,0
cant.mtx,128,4,CombBLAS-conversion,wall,output_free,1.4929999999999999e-06,0
cant.mtx,128,4,DCSC-dense-lookup,wall,total,0.047303171999999997,0
cant.mtx,128,4,DCSC-dense-lookup,wall,native_call_and_free,0.047302911000000003,0
cant.mtx,128,4,DCSC-static,wall,total,0.043603194999999997,0
cant.mtx,128,4,DCSC-static,wall,native_call_and_free,0.043602904999999997,0
cant.mtx,128,4,DCSC-dense-static,wall,total,0.041810527,0
cant.mtx,128,4,DCSC-dense-static,wall,native_call_and_free,0.041810196000000001,0
cant.mtx,128,4,Tuples-control,wall,total,0.065517710000000007,0
cant.mtx,128,4,Tuples-control,wall,native_call_and_free,0.065517029000000004,0
cant.mtx,128,4,Tuples-profile,wall,total,0.068706826999999998,0
cant.mtx,128,4,Tuples-profile,wall,validate,5.1099999999999996e-07,0
cant.mtx,128,4,Tuples-profile,wall,lookup_build,4.0000000000000001e-08,0
cant.mtx,128,4,Tuples-profile,wall,scratch_setup,0.00034752600000000002,0
cant.mtx,128,4,Tuples-profile,wall,work_bound,0.0014654620000000001,0
cant.mtx,128,4,Tuples-profile,wall,symbolic_capacity,0.00035398800000000001,0
cant.mtx,128,4,Tuples-profile,wall,symbolic,0.0069298019999999997,0
cant.mtx,128,4,Tuples-profile,wall,prefix_numeric_capacity,0.00020441200000000001,0
cant.mtx,128,4,Tuples-profile,wall,output_allocate,0.031525530000000003,0
cant.mtx,128,4,Tuples-profile,wall,numeric,0.027877161000000001,0
cant.mtx,128,4,Tuples-profile,wall,return_cleanup,1.373e-06,0
cant.mtx,128,4,Tuples-profile,wall,output_free,9.5199999999999995e-07,0
cant.mtx,128,4,CSC-control,wall,total,0.056412214000000002,0
cant.mtx,128,4,CSC-control,wall,native_call_and_free,0.056411754000000001,0
cant.mtx,128,4,DCSC-control,wall,total,0.056157627000000002,0
cant.mtx,128,4,DCSC-control,wall,native_call_and_free,0.056157345999999997,0
cant.mtx,128,4,CombBLAS-control,wall,total,0.054433428999999998,0
cant.mtx,128,4,CombBLAS-control,wall,native_call_and_free,0.054432938,0
cant.mtx,128,4,CSC-profile,wall,total,0.059490709000000003,0
cant.mtx,128,4,CSC-profile,wall,validate,4.3099999999999998e-07,0
cant.mtx,128,4,CSC-profile,wall,lookup_build,2.9999999999999997e-08,0
cant.mtx,128,4,CSC-profile,wall,scratch_setup,0.000227827,0
cant.mtx,128,4,CSC-profile,wall,work_bound,0.001139876,0
cant.mtx,128,4,CSC-profile,wall,symbolic_capacity,0.00033987200000000001,0
cant.mtx,128,4,CSC-profile,wall,symbolic,0.0085603699999999994,0
cant.mtx,128,4,CSC-profile,wall,prefix_numeric_capacity,0.000234329,0
cant.mtx,128,4,CSC-profile,wall,output_allocate,0.021838488999999999,0
cant.mtx,128,4,CSC-profile,wall,numeric,0.027147020000000001,0
cant.mtx,128,4,CSC-profile,wall,return_cleanup,1.2330000000000001e-06,0
cant.mtx,128,4,CSC-profile,wall,output_free,1.172e-06,0
cant.mtx,128,5,DCSC-profile,wall,total,0.056235156000000001,0
cant.mtx,128,5,DCSC-profile,wall,validate,4.4000000000000002e-07,0
cant.mtx,128,5,DCSC-profile,wall,lookup_build,2.5100000000000001e-07,0
cant.mtx,128,5,DCSC-profile,wall,scratch_setup,0.00029663900000000002,0
cant.mtx,128,5,DCSC-profile,wall,work_bound,0.0012574019999999999,0
cant.mtx,128,5,DCSC-profile,wall,symbolic_capacity,0.00032367099999999998,0
cant.mtx,128,5,DCSC-profile,wall,symbolic,0.0079375550000000007,0
cant.mtx,128,5,DCSC-profile,wall,prefix_numeric_capacity,0.00020410099999999999,0
cant.mtx,128,5,DCSC-profile,wall,output_allocate,0.020422623000000001,0
cant.mtx,128,5,DCSC-profile,wall,numeric,0.025789307000000001,0
cant.mtx,128,5,DCSC-profile,wall,return_cleanup,1.4729999999999999e-06,0
cant.mtx,128,5,DCSC-profile,wall,output_free,1.6330000000000001e-06,0
cant.mtx,128,5,CSC-profile,wall,total,0.055912986999999997,0
cant.mtx,128,5,CSC-profile,wall,validate,9.6200000000000006e-07,0
cant.mtx,128,5,CSC-profile,wall,lookup_build,2.9999999999999997e-08,0
cant.mtx,128,5,CSC-profile,wall,scratch_setup,0.00031722800000000002,0
cant.mtx,128,5,CSC-profile,wall,work_bound,0.0012506590000000001,0
cant.mtx,128,5,CSC-profile,wall,symbolic_capacity,0.00032512399999999999,0
cant.mtx,128,5,CSC-profile,wall,symbolic,0.0077356669999999999,0
cant.mtx,128,5,CSC-profile,wall,prefix_numeric_capacity,0.000204723,0
cant.mtx,128,5,CSC-profile,wall,output_allocate,0.020230564999999999,0
cant.mtx,128,5,CSC-profile,wall,numeric,0.025845383999999999,0
cant.mtx,128,5,CSC-profile,wall,return_cleanup,1.553e-06,0
cant.mtx,128,5,CSC-profile,wall,output_free,1.0219999999999999e-06,0
cant.mtx,128,5,CombBLAS-control,wall,total,0.054577555999999999,0
cant.mtx,128,5,CombBLAS-control,wall,native_call_and_free,0.054577065000000001,0
cant.mtx,128,5,DCSC-control,wall,total,0.059597324,0
cant.mtx,128,5,DCSC-control,wall,native_call_and_free,0.059597265000000003,0
cant.mtx,128,5,CSC-control,wall,total,0.056074385999999997,0
cant.mtx,128,5,CSC-control,wall,native_call_and_free,0.056073985999999999,0
cant.mtx,128,5,Tuples-profile,wall,total,0.068730291999999998,0
cant.mtx,128,5,Tuples-profile,wall,validate,1.0720000000000001e-06,0
cant.mtx,128,5,Tuples-profile,wall,lookup_build,3.7099999999999997e-07,0
cant.mtx,128,5,Tuples-profile,wall,scratch_setup,0.000585102,0
cant.mtx,128,5,Tuples-profile,wall,work_bound,0.0013160139999999999,0
cant.mtx,128,5,Tuples-profile,wall,symbolic_capacity,0.00044475299999999999,0
cant.mtx,128,5,Tuples-profile,wall,symbolic,0.0077692530000000003,0
cant.mtx,128,5,Tuples-profile,wall,prefix_numeric_capacity,0.000200795,0
cant.mtx,128,5,Tuples-profile,wall,output_allocate,0.029924869,0
cant.mtx,128,5,Tuples-profile,wall,numeric,0.028485778999999999,0
cant.mtx,128,5,Tuples-profile,wall,return_cleanup,1.3030000000000001e-06,0
cant.mtx,128,5,Tuples-profile,wall,output_free,9.1100000000000004e-07,0
cant.mtx,128,5,Tuples-control,wall,total,0.068634418000000003,0
cant.mtx,128,5,Tuples-control,wall,native_call_and_free,0.068633345999999998,0
cant.mtx,128,5,DCSC-dense-static,wall,total,0.043328657999999999,0
cant.mtx,128,5,DCSC-dense-static,wall,native_call_and_free,0.043328339,0
cant.mtx,128,5,DCSC-static,wall,total,0.040879450999999997,0
cant.mtx,128,5,DCSC-static,wall,native_call_and_free,0.040879160999999997,0
cant.mtx,128,5,DCSC-dense-lookup,wall,total,0.057923493,0
cant.mtx,128,5,DCSC-dense-lookup,wall,native_call_and_free,0.057922491999999999,0
cant.mtx,128,5,CombBLAS-conversion,wall,total,0.12749422799999999,0
cant.mtx,128,5,CombBLAS-conversion,wall,native_call,0.053944160999999997,0
cant.mtx,128,5,CombBLAS-conversion,wall,tuple_to_dcsc,0.073546099000000004,0
cant.mtx,128,5,CombBLAS-conversion,wall,dcsc_free,2.334e-06,0
cant.mtx,128,5,CombBLAS-conversion,wall,output_free,1.5740000000000001e-06,0
cant.mtx,128,5,CombBLAS-sampled,wall,total,0.043974777999999999,0
cant.mtx,128,5,CombBLAS-sampled,wall,lookup_build,0.00013174199999999999,0
cant.mtx,128,5,CombBLAS-sampled,wall,thread_setup,6.2189999999999999e-05,0
cant.mtx,128,5,CombBLAS-sampled,wall,work_bound,0.00069003300000000005,0
cant.mtx,128,5,CombBLAS-sampled,wall,work_prefix,7.5935999999999999e-05,0
cant.mtx,128,5,CombBLAS-sampled,wall,symbolic,0.0033015119999999999,0
cant.mtx,128,5,CombBLAS-sampled,wall,output_prefix,6.8812000000000005e-05,0
cant.mtx,128,5,CombBLAS-sampled,wall,output_allocate,0.022543100999999999,0
cant.mtx,128,5,CombBLAS-sampled,wall,numeric_scratch_setup,0.0024525940000000002,0
cant.mtx,128,5,CombBLAS-sampled,wall,numeric,0.014622678,0
cant.mtx,128,5,CombBLAS-sampled,wall,internal_cleanup,3.3459999999999998e-06,0
cant.mtx,128,5,CombBLAS-sampled,wall,return_cleanup,2.1642e-05,0
cant.mtx,128,5,CombBLAS-sampled,wall,output_free,9.6200000000000006e-07,0
cant.mtx,128,5,CombBLAS-sampled,sampled_worker,lookup,0.009866016999999996,8922
cant.mtx,128,5,CombBLAS-sampled,sampled_worker,alloc_init,0.0042759189999999978,8922
cant.mtx,128,5,CombBLAS-sampled,sampled_worker,lookup_multiply_hash,0.12940902199999998,8922
cant.mtx,128,5,CombBLAS-sampled,sampled_worker,compact,0.0059895439999999986,8922
cant.mtx,128,5,CombBLAS-sampled,sampled_worker,sort,0.05030792399999999,8922
cant.mtx,128,5,CombBLAS-sampled,sampled_worker,write,0.030287726000000008,8922
cant.mtx,128,5,CombBLAS-sampled,sampled_worker,scratch_free,0.0034030260000000004,8922
cant.mtx,128,5,DCSC-sampled,wall,total,0.059316696000000002,0
cant.mtx,128,5,DCSC-sampled,wall,validate,4.2100000000000002e-07,0
cant.mtx,128,5,DCSC-sampled,wall,lookup_build,4.3099999999999998e-07,0
cant.mtx,128,5,DCSC-sampled,wall,scratch_setup,0.000218128,0
cant.mtx,128,5,DCSC-sampled,wall,work_bound,0.001414804,0
cant.mtx,128,5,DCSC-sampled,wall,symbolic_capacity,0.00038637099999999999,0
cant.mtx,128,5,DCSC-sampled,wall,symbolic,0.0082564470000000001,0
cant.mtx,128,5,DCSC-sampled,wall,prefix_numeric_capacity,0.00021718599999999999,0
cant.mtx,128,5,DCSC-sampled,wall,output_allocate,0.021680496,0
cant.mtx,128,5,DCSC-sampled,wall,numeric,0.027138845000000002,0
cant.mtx,128,5,DCSC-sampled,wall,return_cleanup,1.8640000000000001e-06,0
cant.mtx,128,5,DCSC-sampled,wall,output_free,1.643e-06,0
cant.mtx,128,5,DCSC-sampled,sampled_worker,lookup,0,8922
cant.mtx,128,5,DCSC-sampled,sampled_worker,alloc_init,0.0060905940000000013,8922
cant.mtx,128,5,DCSC-sampled,sampled_worker,lookup_multiply_hash,0.35592122900000006,8922
cant.mtx,128,5,DCSC-sampled,sampled_worker,compact,0.0071103810000000024,8922
cant.mtx,128,5,DCSC-sampled,sampled_worker,sort,0.048841421000000045,8922
cant.mtx,128,5,DCSC-sampled,sampled_worker,write,0.051454886999999991,8922
cant.mtx,128,5,DCSC-sampled,sampled_worker,scratch_free,0.012022698000000002,8922
cant.mtx,128,5,CombBLAS-profile,wall,total,0.054746940000000001,0
cant.mtx,128,5,CombBLAS-profile,wall,lookup_build,0.00012316700000000001,0
cant.mtx,128,5,CombBLAS-profile,wall,thread_setup,5.4194000000000003e-05,0
cant.mtx,128,5,CombBLAS-profile,wall,work_bound,0.001005468,0
cant.mtx,128,5,CombBLAS-profile,wall,work_prefix,9.4171000000000004e-05,0
cant.mtx,128,5,CombBLAS-profile,wall,symbolic,0.0037972029999999999,0
cant.mtx,128,5,CombBLAS-profile,wall,output_prefix,0.00010428,0
cant.mtx,128,5,CombBLAS-profile,wall,output_allocate,0.03182836,0
cant.mtx,128,5,CombBLAS-profile,wall,numeric_scratch_setup,0.002644202,0
cant.mtx,128,5,CombBLAS-profile,wall,numeric,0.015070507,0
cant.mtx,128,5,CombBLAS-profile,wall,internal_cleanup,2.7949999999999999e-06,0
cant.mtx,128,5,CombBLAS-profile,wall,return_cleanup,2.1752000000000001e-05,0
cant.mtx,128,5,CombBLAS-profile,wall,output_free,7.8199999999999999e-07,0
cant.mtx,128,6,DCSC-sampled,wall,total,0.059493214000000003,0
cant.mtx,128,6,DCSC-sampled,wall,validate,4.2100000000000002e-07,0
cant.mtx,128,6,DCSC-sampled,wall,lookup_build,2.2999999999999999e-07,0
cant.mtx,128,6,DCSC-sampled,wall,scratch_setup,0.000231855,0
cant.mtx,128,6,DCSC-sampled,wall,work_bound,0.0013903170000000001,0
cant.mtx,128,6,DCSC-sampled,wall,symbolic_capacity,0.000359689,0
cant.mtx,128,6,DCSC-sampled,wall,symbolic,0.0083913459999999992,0
cant.mtx,128,6,DCSC-sampled,wall,prefix_numeric_capacity,0.00022183599999999999,0
cant.mtx,128,6,DCSC-sampled,wall,output_allocate,0.021873586,0
cant.mtx,128,6,DCSC-sampled,wall,numeric,0.027019946999999999,0
cant.mtx,128,6,DCSC-sampled,wall,return_cleanup,2.074e-06,0
cant.mtx,128,6,DCSC-sampled,wall,output_free,1.843e-06,0
cant.mtx,128,6,DCSC-sampled,sampled_worker,lookup,0,8922
cant.mtx,128,6,DCSC-sampled,sampled_worker,alloc_init,0.0057973769999999959,8922
cant.mtx,128,6,DCSC-sampled,sampled_worker,lookup_multiply_hash,0.34599080800000004,8922
cant.mtx,128,6,DCSC-sampled,sampled_worker,compact,0.0069201290000000014,8922
cant.mtx,128,6,DCSC-sampled,sampled_worker,sort,0.048860963999999965,8922
cant.mtx,128,6,DCSC-sampled,sampled_worker,write,0.052541205999999972,8922
cant.mtx,128,6,DCSC-sampled,sampled_worker,scratch_free,0.012309122999999998,8922
cant.mtx,128,6,CombBLAS-sampled,wall,total,0.056826489000000001,0
cant.mtx,128,6,CombBLAS-sampled,wall,lookup_build,0.000112346,0
cant.mtx,128,6,CombBLAS-sampled,wall,thread_setup,5.5055000000000001e-05,0
cant.mtx,128,6,CombBLAS-sampled,wall,work_bound,0.000997974,0
cant.mtx,128,6,CombBLAS-sampled,wall,work_prefix,9.8349000000000003e-05,0
cant.mtx,128,6,CombBLAS-sampled,wall,symbolic,0.0042163569999999996,0
cant.mtx,128,6,CombBLAS-sampled,wall,output_prefix,0.000100924,0
cant.mtx,128,6,CombBLAS-sampled,wall,output_allocate,0.033610418000000003,0
cant.mtx,128,6,CombBLAS-sampled,wall,numeric_scratch_setup,0.0024853169999999999,0
cant.mtx,128,6,CombBLAS-sampled,wall,numeric,0.015122787,0
cant.mtx,128,6,CombBLAS-sampled,wall,internal_cleanup,3.2669999999999998e-06,0
cant.mtx,128,6,CombBLAS-sampled,wall,return_cleanup,2.2442999999999998e-05,0
cant.mtx,128,6,CombBLAS-sampled,wall,output_free,1.1820000000000001e-06,0
cant.mtx,128,6,CombBLAS-sampled,sampled_worker,lookup,0.010091073999999993,8922
cant.mtx,128,6,CombBLAS-sampled,sampled_worker,alloc_init,0.0045693079999999994,8922
cant.mtx,128,6,CombBLAS-sampled,sampled_worker,lookup_multiply_hash,0.13518161499999995,8922
cant.mtx,128,6,CombBLAS-sampled,sampled_worker,compact,0.0060870660000000004,8922
cant.mtx,128,6,CombBLAS-sampled,sampled_worker,sort,0.050572909000000006,8922
cant.mtx,128,6,CombBLAS-sampled,sampled_worker,write,0.027630066999999991,8922
cant.mtx,128,6,CombBLAS-sampled,sampled_worker,scratch_free,0.0030366270000000005,8922
cant.mtx,128,6,CombBLAS-conversion,wall,total,0.125007057,0
cant.mtx,128,6,CombBLAS-conversion,wall,native_call,0.051305449000000003,0
cant.mtx,128,6,CombBLAS-conversion,wall,tuple_to_dcsc,0.073697921,0
cant.mtx,128,6,CombBLAS-conversion,wall,dcsc_free,2.0839999999999999e-06,0
cant.mtx,128,6,CombBLAS-conversion,wall,output_free,1.5430000000000001e-06,0
cant.mtx,128,6,DCSC-dense-lookup,wall,total,0.047250792,0
cant.mtx,128,6,DCSC-dense-lookup,wall,native_call_and_free,0.047250301000000001,0
cant.mtx,128,6,DCSC-static,wall,total,0.043098356999999997,0
cant.mtx,128,6,DCSC-static,wall,native_call_and_free,0.043097855999999997,0
cant.mtx,128,6,DCSC-dense-static,wall,total,0.041770058999999998,0
cant.mtx,128,6,DCSC-dense-static,wall,native_call_and_free,0.041769749000000002,0
cant.mtx,128,6,Tuples-control,wall,total,0.065929790000000002,0
cant.mtx,128,6,Tuples-control,wall,native_call_and_free,0.065929278999999993,0
cant.mtx,128,6,Tuples-profile,wall,total,0.068969681000000005,0
cant.mtx,128,6,Tuples-profile,wall,validate,3.9000000000000002e-07,0
cant.mtx,128,6,Tuples-profile,wall,lookup_build,2.41e-07,0
cant.mtx,128,6,Tuples-profile,wall,scratch_setup,0.00041555699999999999,0
cant.mtx,128,6,Tuples-profile,wall,work_bound,0.0014275379999999999,0
cant.mtx,128,6,Tuples-profile,wall,symbolic_capacity,0.00036540100000000001,0
cant.mtx,128,6,Tuples-profile,wall,symbolic,0.0069341799999999999,0
cant.mtx,128,6,Tuples-profile,wall,prefix_numeric_capacity,0.00020285999999999999,0
cant.mtx,128,6,Tuples-profile,wall,output_allocate,0.031615902000000001,0
cant.mtx,128,6,Tuples-profile,wall,numeric,0.028004586000000001,0
cant.mtx,128,6,Tuples-profile,wall,return_cleanup,1.403e-06,0
cant.mtx,128,6,Tuples-profile,wall,output_free,1.553e-06,0
cant.mtx,128,6,CSC-control,wall,total,0.056592178999999999,0
cant.mtx,128,6,CSC-control,wall,native_call_and_free,0.056591548999999998,0
cant.mtx,128,6,DCSC-control,wall,total,0.056126106000000002,0
cant.mtx,128,6,DCSC-control,wall,native_call_and_free,0.056126045999999999,0
cant.mtx,128,6,CombBLAS-control,wall,total,0.053850770999999999,0
cant.mtx,128,6,CombBLAS-control,wall,native_call_and_free,0.053850310999999998,0
cant.mtx,128,6,CSC-profile,wall,total,0.059367704,0
cant.mtx,128,6,CSC-profile,wall,validate,6.6199999999999997e-07,0
cant.mtx,128,6,CSC-profile,wall,lookup_build,4.0000000000000001e-08,0
cant.mtx,128,6,CSC-profile,wall,scratch_setup,0.000239619,0
cant.mtx,128,6,CSC-profile,wall,work_bound,0.001143133,0
cant.mtx,128,6,CSC-profile,wall,symbolic_capacity,0.000329783,0
cant.mtx,128,6,CSC-profile,wall,symbolic,0.0085178979999999994,0
cant.mtx,128,6,CSC-profile,wall,prefix_numeric_capacity,0.00022573299999999999,0
cant.mtx,128,6,CSC-profile,wall,output_allocate,0.021810574999999999,0
cant.mtx,128,6,CSC-profile,wall,numeric,0.027097566,0
cant.mtx,128,6,CSC-profile,wall,return_cleanup,1.2529999999999999e-06,0
cant.mtx,128,6,CSC-profile,wall,output_free,1.212e-06,0
cant.mtx,128,6,DCSC-profile,wall,total,0.056043046999999999,0
cant.mtx,128,6,DCSC-profile,wall,validate,4.4099999999999999e-07,0
cant.mtx,128,6,DCSC-profile,wall,lookup_build,2.3099999999999999e-07,0
cant.mtx,128,6,DCSC-profile,wall,scratch_setup,0.00031778900000000002,0
cant.mtx,128,6,DCSC-profile,wall,work_bound,0.0012757070000000001,0
cant.mtx,128,6,DCSC-profile,wall,symbolic_capacity,0.00043552599999999999,0
cant.mtx,128,6,DCSC-profile,wall,symbolic,0.0078433340000000004,0
cant.mtx,128,6,DCSC-profile,wall,prefix_numeric_capacity,0.000205544,0
cant.mtx,128,6,DCSC-profile,wall,output_allocate,0.020333561999999999,0
cant.mtx,128,6,DCSC-profile,wall,numeric,0.025628158000000002,0
cant.mtx,128,6,DCSC-profile,wall,return_cleanup,1.6130000000000001e-06,0
cant.mtx,128,6,DCSC-profile,wall,output_free,1.082e-06,0
cant.mtx,128,6,CombBLAS-profile,wall,total,0.054561234,0
cant.mtx,128,6,CombBLAS-profile,wall,lookup_build,5.7951000000000001e-05,0
cant.mtx,128,6,CombBLAS-profile,wall,thread_setup,4.9224999999999997e-05,0
cant.mtx,128,6,CombBLAS-profile,wall,work_bound,0.001121391,0
cant.mtx,128,6,CombBLAS-profile,wall,work_prefix,9.9751000000000001e-05,0
cant.mtx,128,6,CombBLAS-profile,wall,symbolic,0.0038610350000000001,0
cant.mtx,128,6,CombBLAS-profile,wall,output_prefix,9.5262999999999999e-05,0
cant.mtx,128,6,CombBLAS-profile,wall,output_allocate,0.031348098999999997,0
cant.mtx,128,6,CombBLAS-profile,wall,numeric_scratch_setup,0.002469607,0
cant.mtx,128,6,CombBLAS-profile,wall,numeric,0.015432542,0
cant.mtx,128,6,CombBLAS-profile,wall,internal_cleanup,3.056e-06,0
cant.mtx,128,6,CombBLAS-profile,wall,return_cleanup,2.2523000000000001e-05,0
cant.mtx,128,6,CombBLAS-profile,wall,output_free,7.1099999999999995e-07,0
cant.mtx,128,7,DCSC-sampled,wall,total,0.059411327999999999,0
cant.mtx,128,7,DCSC-sampled,wall,validate,5.0100000000000005e-07,0
cant.mtx,128,7,DCSC-sampled,wall,lookup_build,2.3999999999999998e-07,0
cant.mtx,128,7,DCSC-sampled,wall,scratch_setup,0.00023183500000000001,0
cant.mtx,128,7,DCSC-sampled,wall,work_bound,0.0013644869999999999,0
cant.mtx,128,7,DCSC-sampled,wall,symbolic_capacity,0.00044253899999999999,0
cant.mtx,128,7,DCSC-sampled,wall,symbolic,0.0082993890000000008,0
cant.mtx,128,7,DCSC-sampled,wall,prefix_numeric_capacity,0.00022191600000000001,0
cant.mtx,128,7,DCSC-sampled,wall,output_allocate,0.021945273000000001,0
cant.mtx,128,7,DCSC-sampled,wall,numeric,0.026902142,0
cant.mtx,128,7,DCSC-sampled,wall,return_cleanup,1.933e-06,0
cant.mtx,128,7,DCSC-sampled,wall,output_free,9.9199999999999999e-07,0
cant.mtx,128,7,DCSC-sampled,sampled_worker,lookup,0,8922
cant.mtx,128,7,DCSC-sampled,sampled_worker,alloc_init,0.0057768769999999997,8922
cant.mtx,128,7,DCSC-sampled,sampled_worker,lookup_multiply_hash,0.35075444899999991,8922
cant.mtx,128,7,DCSC-sampled,sampled_worker,compact,0.006830053,8922
cant.mtx,128,7,DCSC-sampled,sampled_worker,sort,0.048884991999999988,8922
cant.mtx,128,7,DCSC-sampled,sampled_worker,write,0.051969404999999989,8922
cant.mtx,128,7,DCSC-sampled,sampled_worker,scratch_free,0.011689165999999996,8922
cant.mtx,128,7,CombBLAS-profile,wall,total,0.055731298999999998,0
cant.mtx,128,7,CombBLAS-profile,wall,lookup_build,9.6434999999999994e-05,0
cant.mtx,128,7,CombBLAS-profile,wall,thread_setup,4.7722000000000002e-05,0
cant.mtx,128,7,CombBLAS-profile,wall,work_bound,0.000997864,0
cant.mtx,128,7,CombBLAS-profile,wall,work_prefix,9.9129999999999994e-05,0
cant.mtx,128,7,CombBLAS-profile,wall,symbolic,0.0037391120000000002,0
cant.mtx,128,7,CombBLAS-profile,wall,output_prefix,9.8277999999999997e-05,0
cant.mtx,128,7,CombBLAS-profile,wall,output_allocate,0.033114848000000002,0
cant.mtx,128,7,CombBLAS-profile,wall,numeric_scratch_setup,0.0025017889999999999,0
cant.mtx,128,7,CombBLAS-profile,wall,numeric,0.015009961,0
cant.mtx,128,7,CombBLAS-profile,wall,internal_cleanup,2.915e-06,0
cant.mtx,128,7,CombBLAS-profile,wall,return_cleanup,2.2053e-05,0
cant.mtx,128,7,CombBLAS-profile,wall,output_free,1.122e-06,0
cant.mtx,128,7,DCSC-profile,wall,total,0.059488276,0
cant.mtx,128,7,DCSC-profile,wall,validate,6.1200000000000003e-07,0
cant.mtx,128,7,DCSC-profile,wall,lookup_build,2.2000000000000001e-07,0
cant.mtx,128,7,DCSC-profile,wall,scratch_setup,0.000232356,0
cant.mtx,128,7,DCSC-profile,wall,work_bound,0.0013901160000000001,0
cant.mtx,128,7,DCSC-profile,wall,symbolic_capacity,0.00036643299999999999,0
cant.mtx,128,7,DCSC-profile,wall,symbolic,0.0083667780000000001,0
cant.mtx,128,7,DCSC-profile,wall,prefix_numeric_capacity,0.00028291299999999998,0
cant.mtx,128,7,DCSC-profile,wall,output_allocate,0.021873686,0
cant.mtx,128,7,DCSC-profile,wall,numeric,0.026972196,0
cant.mtx,128,7,DCSC-profile,wall,return_cleanup,1.412e-06,0
cant.mtx,128,7,DCSC-profile,wall,output_free,1.483e-06,0
cant.mtx,128,7,CSC-profile,wall,total,0.055877308000000001,0
cant.mtx,128,7,CSC-profile,wall,validate,8.4200000000000005e-07,0
cant.mtx,128,7,CSC-profile,wall,lookup_build,4.0000000000000001e-08,0
cant.mtx,128,7,CSC-profile,wall,scratch_setup,0.00041459500000000002,0
cant.mtx,128,7,CSC-profile,wall,work_bound,0.001184402,0
cant.mtx,128,7,CSC-profile,wall,symbolic_capacity,0.00034733600000000001,0
cant.mtx,128,7,CSC-profile,wall,symbolic,0.0078140589999999999,0
cant.mtx,128,7,CSC-profile,wall,prefix_numeric_capacity,0.00020545399999999999,0
cant.mtx,128,7,CSC-profile,wall,output_allocate,0.020141974,0
cant.mtx,128,7,CSC-profile,wall,numeric,0.025765501,0
cant.mtx,128,7,CSC-profile,wall,return_cleanup,1.423e-06,0
cant.mtx,128,7,CSC-profile,wall,output_free,1.623e-06,0
cant.mtx,128,7,CombBLAS-control,wall,total,0.054154604000000002,0
cant.mtx,128,7,CombBLAS-control,wall,native_call_and_free,0.054154152999999997,0
cant.mtx,128,7,DCSC-control,wall,total,0.05944936,0
cant.mtx,128,7,DCSC-control,wall,native_call_and_free,0.059449290000000002,0
cant.mtx,128,7,CSC-control,wall,total,0.056123780999999998,0
cant.mtx,128,7,CSC-control,wall,native_call_and_free,0.056123120999999998,0
cant.mtx,128,7,Tuples-profile,wall,total,0.069443389999999994,0
cant.mtx,128,7,Tuples-profile,wall,validate,9.5199999999999995e-07,0
cant.mtx,128,7,Tuples-profile,wall,lookup_build,5.6100000000000001e-07,0
cant.mtx,128,7,Tuples-profile,wall,scratch_setup,0.00044321999999999997,0
cant.mtx,128,7,Tuples-profile,wall,work_bound,0.0013406920000000001,0
cant.mtx,128,7,Tuples-profile,wall,symbolic_capacity,0.00043882099999999999,0
cant.mtx,128,7,Tuples-profile,wall,symbolic,0.0078132770000000004,0
cant.mtx,128,7,Tuples-profile,wall,prefix_numeric_capacity,0.00020067500000000001,0
cant.mtx,128,7,Tuples-profile,wall,output_allocate,0.030766904000000001,0
cant.mtx,128,7,Tuples-profile,wall,numeric,0.028435523000000001,0
cant.mtx,128,7,Tuples-profile,wall,return_cleanup,2.114e-06,0
cant.mtx,128,7,Tuples-profile,wall,output_free,5.9100000000000004e-07,0
cant.mtx,128,7,Tuples-control,wall,total,0.067884088999999995,0
cant.mtx,128,7,Tuples-control,wall,native_call_and_free,0.067883388000000003,0
cant.mtx,128,7,DCSC-dense-static,wall,total,0.043445723999999998,0
cant.mtx,128,7,DCSC-dense-static,wall,native_call_and_free,0.043445413000000002,0
cant.mtx,128,7,DCSC-static,wall,total,0.041491034000000003,0
cant.mtx,128,7,DCSC-static,wall,native_call_and_free,0.041490744000000003,0
cant.mtx,128,7,DCSC-dense-lookup,wall,total,0.057806018000000001,0
cant.mtx,128,7,DCSC-dense-lookup,wall,native_call_and_free,0.057805637,0
cant.mtx,128,7,CombBLAS-conversion,wall,total,0.12846279499999999,0
cant.mtx,128,7,CombBLAS-conversion,wall,native_call,0.054839709,0
cant.mtx,128,7,CombBLAS-conversion,wall,tuple_to_dcsc,0.073618428,0
cant.mtx,128,7,CombBLAS-conversion,wall,dcsc_free,3.326e-06,0
cant.mtx,128,7,CombBLAS-conversion,wall,output_free,1.2729999999999999e-06,0
cant.mtx,128,7,CombBLAS-sampled,wall,total,0.044389864000000001,0
cant.mtx,128,7,CombBLAS-sampled,wall,lookup_build,0.00013855599999999999,0
cant.mtx,128,7,CombBLAS-sampled,wall,thread_setup,6.0304999999999999e-05,0
cant.mtx,128,7,CombBLAS-sampled,wall,work_bound,0.000630921,0
cant.mtx,128,7,CombBLAS-sampled,wall,work_prefix,9.7306000000000007e-05,0
cant.mtx,128,7,CombBLAS-sampled,wall,symbolic,0.003407757,0
cant.mtx,128,7,CombBLAS-sampled,wall,output_prefix,7.7228e-05,0
cant.mtx,128,7,CombBLAS-sampled,wall,output_allocate,0.022855579000000001,0
cant.mtx,128,7,CombBLAS-sampled,wall,numeric_scratch_setup,0.002492551,0
cant.mtx,128,7,CombBLAS-sampled,wall,numeric,0.014603540999999999,0
cant.mtx,128,7,CombBLAS-sampled,wall,internal_cleanup,3.0860000000000002e-06,0
cant.mtx,128,7,CombBLAS-sampled,wall,return_cleanup,2.2002e-05,0
cant.mtx,128,7,CombBLAS-sampled,wall,output_free,9.6200000000000006e-07,0
cant.mtx,128,7,CombBLAS-sampled,sampled_worker,lookup,0.0097295569999999998,8922
cant.mtx,128,7,CombBLAS-sampled,sampled_worker,alloc_init,0.004269415999999999,8922
cant.mtx,128,7,CombBLAS-sampled,sampled_worker,lookup_multiply_hash,0.12938751900000003,8922
cant.mtx,128,7,CombBLAS-sampled,sampled_worker,compact,0.0059804960000000001,8922
cant.mtx,128,7,CombBLAS-sampled,sampled_worker,sort,0.050275363999999989,8922
cant.mtx,128,7,CombBLAS-sampled,sampled_worker,write,0.030933130999999992,8922
cant.mtx,128,7,CombBLAS-sampled,sampled_worker,scratch_free,0.003049523000000001,8922
cant.mtx,128,8,CombBLAS-conversion,wall,total,0.123582205,0
cant.mtx,128,8,CombBLAS-conversion,wall,native_call,0.049919101,0
cant.mtx,128,8,CombBLAS-conversion,wall,tuple_to_dcsc,0.073659126000000005,0
cant.mtx,128,8,CombBLAS-conversion,wall,dcsc_free,2.2639999999999998e-06,0
cant.mtx,128,8,CombBLAS-conversion,wall,output_free,1.6530000000000001e-06,0
cant.mtx,128,8,DCSC-dense-lookup,wall,total,0.047478648999999998,0
cant.mtx,128,8,DCSC-dense-lookup,wall,native_call_and_free,0.047478378000000002,0
cant.mtx,128,8,DCSC-static,wall,total,0.043040607000000002,0
cant.mtx,128,8,DCSC-static,wall,native_call_and_free,0.043040335999999998,0
cant.mtx,128,8,DCSC-dense-static,wall,total,0.042491362999999997,0
cant.mtx,128,8,DCSC-dense-static,wall,native_call_and_free,0.042491031999999998,0
cant.mtx,128,8,Tuples-control,wall,total,0.065163088999999993,0
cant.mtx,128,8,Tuples-control,wall,native_call_and_free,0.065162598000000002,0
cant.mtx,128,8,Tuples-profile,wall,total,0.068370531999999998,0
cant.mtx,128,8,Tuples-profile,wall,validate,2.6100000000000002e-07,0
cant.mtx,128,8,Tuples-profile,wall,lookup_build,2.4999999999999999e-07,0
cant.mtx,128,8,Tuples-profile,wall,scratch_setup,0.00037113199999999998,0
cant.mtx,128,8,Tuples-profile,wall,work_bound,0.0014218569999999999,0
cant.mtx,128,8,Tuples-profile,wall,symbolic_capacity,0.00037992899999999999,0
cant.mtx,128,8,Tuples-profile,wall,symbolic,0.0069000449999999996,0
cant.mtx,128,8,Tuples-profile,wall,prefix_numeric_capacity,0.00020681700000000001,0
cant.mtx,128,8,Tuples-profile,wall,output_allocate,0.031213800999999999,0
cant.mtx,128,8,Tuples-profile,wall,numeric,0.027874717,0
cant.mtx,128,8,Tuples-profile,wall,return_cleanup,1.1820000000000001e-06,0
cant.mtx,128,8,Tuples-profile,wall,output_free,4.8100000000000003e-07,0
cant.mtx,128,8,CSC-control,wall,total,0.056017958999999999,0
cant.mtx,128,8,CSC-control,wall,native_call_and_free,0.056017697999999998,0
cant.mtx,128,8,DCSC-control,wall,total,0.055797866000000002,0
cant.mtx,128,8,DCSC-control,wall,native_call_and_free,0.055797465999999997,0
cant.mtx,128,8,CombBLAS-control,wall,total,0.053307438999999998,0
cant.mtx,128,8,CombBLAS-control,wall,native_call_and_free,0.053306969000000003,0
cant.mtx,128,8,CSC-profile,wall,total,0.059340902000000001,0
cant.mtx,128,8,CSC-profile,wall,validate,4.3099999999999998e-07,0
cant.mtx,128,8,CSC-profile,wall,lookup_build,4.0000000000000001e-08,0
cant.mtx,128,8,CSC-profile,wall,scratch_setup,0.00022912,0
cant.mtx,128,8,CSC-profile,wall,work_bound,0.0011259390000000001,0
cant.mtx,128,8,CSC-profile,wall,symbolic_capacity,0.00034228699999999998,0
cant.mtx,128,8,CSC-profile,wall,symbolic,0.0084615899999999997,0
cant.mtx,128,8,CSC-profile,wall,prefix_numeric_capacity,0.00022493099999999999,0
cant.mtx,128,8,CSC-profile,wall,output_allocate,0.021875439999999999,0
cant.mtx,128,8,CSC-profile,wall,numeric,0.027078319,0
cant.mtx,128,8,CSC-profile,wall,return_cleanup,1.313e-06,0
cant.mtx,128,8,CSC-profile,wall,output_free,1.432e-06,0
cant.mtx,128,8,DCSC-profile,wall,total,0.056284038000000002,0
cant.mtx,128,8,DCSC-profile,wall,validate,4.4000000000000002e-07,0
cant.mtx,128,8,DCSC-profile,wall,lookup_build,2.6100000000000002e-07,0
cant.mtx,128,8,DCSC-profile,wall,scratch_setup,0.00030709900000000002,0
cant.mtx,128,8,DCSC-profile,wall,work_bound,0.0012926700000000001,0
cant.mtx,128,8,DCSC-profile,wall,symbolic_capacity,0.00046039200000000001,0
cant.mtx,128,8,DCSC-profile,wall,symbolic,0.0079135690000000005,0
cant.mtx,128,8,DCSC-profile,wall,prefix_numeric_capacity,0.00020443300000000001,0
cant.mtx,128,8,DCSC-profile,wall,output_allocate,0.020320866999999999,0
cant.mtx,128,8,DCSC-profile,wall,numeric,0.025781651999999999,0
cant.mtx,128,8,DCSC-profile,wall,return_cleanup,1.5030000000000001e-06,0
cant.mtx,128,8,DCSC-profile,wall,output_free,1.102e-06,0
cant.mtx,128,8,CombBLAS-profile,wall,total,0.054935812000000001,0
cant.mtx,128,8,CombBLAS-profile,wall,lookup_build,5.6518000000000003e-05,0
cant.mtx,128,8,CombBLAS-profile,wall,thread_setup,4.9966000000000002e-05,0
cant.mtx,128,8,CombBLAS-profile,wall,work_bound,0.0011403369999999999,0
cant.mtx,128,8,CombBLAS-profile,wall,work_prefix,0.00011977999999999999,0
cant.mtx,128,8,CombBLAS-profile,wall,symbolic,0.003839224,0
cant.mtx,128,8,CombBLAS-profile,wall,output_prefix,0.00011787599999999999,0
cant.mtx,128,8,CombBLAS-profile,wall,output_allocate,0.031716385999999999,0
cant.mtx,128,8,CombBLAS-profile,wall,numeric_scratch_setup,0.0024796559999999998,0
cant.mtx,128,8,CombBLAS-profile,wall,numeric,0.015389247999999999,0
cant.mtx,128,8,CombBLAS-profile,wall,internal_cleanup,3.366e-06,0
cant.mtx,128,8,CombBLAS-profile,wall,return_cleanup,2.2422999999999999e-05,0
cant.mtx,128,8,CombBLAS-profile,wall,output_free,9.7300000000000004e-07,0
cant.mtx,128,8,DCSC-sampled,wall,total,0.059619587000000002,0
cant.mtx,128,8,DCSC-sampled,wall,validate,7.0100000000000004e-07,0
cant.mtx,128,8,DCSC-sampled,wall,lookup_build,2.2100000000000001e-07,0
cant.mtx,128,8,DCSC-sampled,wall,scratch_setup,0.00022949999999999999,0
cant.mtx,128,8,DCSC-sampled,wall,work_bound,0.0013763600000000001,0
cant.mtx,128,8,DCSC-sampled,wall,symbolic_capacity,0.00036657299999999997,0
cant.mtx,128,8,DCSC-sampled,wall,symbolic,0.0083931890000000006,0
cant.mtx,128,8,DCSC-sampled,wall,prefix_numeric_capacity,0.00022295799999999999,0
cant.mtx,128,8,DCSC-sampled,wall,output_allocate,0.022046937999999999,0
cant.mtx,128,8,DCSC-sampled,wall,numeric,0.026980131000000001,0
cant.mtx,128,8,DCSC-sampled,wall,return_cleanup,1.8640000000000001e-06,0
cant.mtx,128,8,DCSC-sampled,wall,output_free,1.082e-06,0
cant.mtx,128,8,DCSC-sampled,sampled_worker,lookup,0,8922
cant.mtx,128,8,DCSC-sampled,sampled_worker,alloc_init,0.0059919310000000007,8922
cant.mtx,128,8,DCSC-sampled,sampled_worker,lookup_multiply_hash,0.34729639100000009,8922
cant.mtx,128,8,DCSC-sampled,sampled_worker,compact,0.0068218209999999987,8922
cant.mtx,128,8,DCSC-sampled,sampled_worker,sort,0.048565099999999972,8922
cant.mtx,128,8,DCSC-sampled,sampled_worker,write,0.052154224999999978,8922
cant.mtx,128,8,DCSC-sampled,sampled_worker,scratch_free,0.012033669,8922
cant.mtx,128,8,CombBLAS-sampled,wall,total,0.056346248000000002,0
cant.mtx,128,8,CombBLAS-sampled,wall,lookup_build,0.00011277600000000001,0
cant.mtx,128,8,CombBLAS-sampled,wall,thread_setup,5.2070000000000001e-05,0
cant.mtx,128,8,CombBLAS-sampled,wall,work_bound,0.00098946800000000007,0
cant.mtx,128,8,CombBLAS-sampled,wall,work_prefix,9.4240999999999994e-05,0
cant.mtx,128,8,CombBLAS-sampled,wall,symbolic,0.0036979130000000002,0
cant.mtx,128,8,CombBLAS-sampled,wall,output_prefix,9.7046000000000006e-05,0
cant.mtx,128,8,CombBLAS-sampled,wall,output_allocate,0.033640354999999997,0
cant.mtx,128,8,CombBLAS-sampled,wall,numeric_scratch_setup,0.0024868109999999998,0
cant.mtx,128,8,CombBLAS-sampled,wall,numeric,0.015149518000000001,0
cant.mtx,128,8,CombBLAS-sampled,wall,internal_cleanup,3.056e-06,0
cant.mtx,128,8,CombBLAS-sampled,wall,return_cleanup,2.2212e-05,0
cant.mtx,128,8,CombBLAS-sampled,wall,output_free,7.3200000000000004e-07,0
cant.mtx,128,8,CombBLAS-sampled,sampled_worker,lookup,0.010329371,8922
cant.mtx,128,8,CombBLAS-sampled,sampled_worker,alloc_init,0.0044216349999999993,8922
cant.mtx,128,8,CombBLAS-sampled,sampled_worker,lookup_multiply_hash,0.13571334800000001,8922
cant.mtx,128,8,CombBLAS-sampled,sampled_worker,compact,0.0061325409999999957,8922
cant.mtx,128,8,CombBLAS-sampled,sampled_worker,sort,0.051018162000000006,8922
cant.mtx,128,8,CombBLAS-sampled,sampled_worker,write,0.028520508,8922
cant.mtx,128,8,CombBLAS-sampled,sampled_worker,scratch_free,0.0031334940000000001,8922
cant.mtx,128,9,CombBLAS-conversion,wall,total,0.12581762199999999,0
cant.mtx,128,9,CombBLAS-conversion,wall,native_call,0.051917853999999999,0
cant.mtx,128,9,CombBLAS-conversion,wall,tuple_to_dcsc,0.073895980999999999,0
cant.mtx,128,9,CombBLAS-conversion,wall,dcsc_free,1.823e-06,0
cant.mtx,128,9,CombBLAS-conversion,wall,output_free,1.9039999999999999e-06,0
cant.mtx,128,9,CombBLAS-sampled,wall,total,0.044152078999999997,0
cant.mtx,128,9,CombBLAS-sampled,wall,lookup_build,0.000170056,0
cant.mtx,128,9,CombBLAS-sampled,wall,thread_setup,8.5643999999999995e-05,0
cant.mtx,128,9,CombBLAS-sampled,wall,work_bound,0.00057613599999999999,0
cant.mtx,128,9,CombBLAS-sampled,wall,work_prefix,6.8170000000000006e-05,0
cant.mtx,128,9,CombBLAS-sampled,wall,symbolic,0.0040544170000000003,0
cant.mtx,128,9,CombBLAS-sampled,wall,output_prefix,6.7529999999999999e-05,0
cant.mtx,128,9,CombBLAS-sampled,wall,output_allocate,0.022164203,0
cant.mtx,128,9,CombBLAS-sampled,wall,numeric_scratch_setup,0.0024876619999999999,0
cant.mtx,128,9,CombBLAS-sampled,wall,numeric,0.014448894,0
cant.mtx,128,9,CombBLAS-sampled,wall,internal_cleanup,4.2080000000000002e-06,0
cant.mtx,128,9,CombBLAS-sampled,wall,return_cleanup,2.4277000000000002e-05,0
cant.mtx,128,9,CombBLAS-sampled,wall,output_free,8.2099999999999995e-07,0
cant.mtx,128,9,CombBLAS-sampled,sampled_worker,lookup,0.0096381909999999991,8922
cant.mtx,128,9,CombBLAS-sampled,sampled_worker,alloc_init,0.0043219700000000022,8922
cant.mtx,128,9,CombBLAS-sampled,sampled_worker,lookup_multiply_hash,0.13008291199999999,8922
cant.mtx,128,9,CombBLAS-sampled,sampled_worker,compact,0.0059872180000000007,8922
cant.mtx,128,9,CombBLAS-sampled,sampled_worker,sort,0.050191043000000005,8922
cant.mtx,128,9,CombBLAS-sampled,sampled_worker,write,0.025710608999999995,8922
cant.mtx,128,9,CombBLAS-sampled,sampled_worker,scratch_free,0.0029161519999999991,8922
cant.mtx,128,9,DCSC-sampled,wall,total,0.059319801999999998,0
cant.mtx,128,9,DCSC-sampled,wall,validate,6.61e-07,0
cant.mtx,128,9,DCSC-sampled,wall,lookup_build,4.2100000000000002e-07,0
cant.mtx,128,9,DCSC-sampled,wall,scratch_setup,0.00022901900000000001,0
cant.mtx,128,9,DCSC-sampled,wall,work_bound,0.0014153950000000001,0
cant.mtx,128,9,DCSC-sampled,wall,symbolic_capacity,0.00035838800000000001,0
cant.mtx,128,9,DCSC-sampled,wall,symbolic,0.0082473489999999993,0
cant.mtx,128,9,DCSC-sampled,wall,prefix_numeric_capacity,0.00022256700000000001,0
cant.mtx,128,9,DCSC-sampled,wall,output_allocate,0.02178722,0
cant.mtx,128,9,DCSC-sampled,wall,numeric,0.027055425000000001,0
cant.mtx,128,9,DCSC-sampled,wall,return_cleanup,1.984e-06,0
cant.mtx,128,9,DCSC-sampled,wall,output_free,1.3030000000000001e-06,0
cant.mtx,128,9,DCSC-sampled,sampled_worker,lookup,0,8922
cant.mtx,128,9,DCSC-sampled,sampled_worker,alloc_init,0.0057751690000000027,8922
cant.mtx,128,9,DCSC-sampled,sampled_worker,lookup_multiply_hash,0.34141739000000004,8922
cant.mtx,128,9,DCSC-sampled,sampled_worker,compact,0.0069497390000000034,8922
cant.mtx,128,9,DCSC-sampled,sampled_worker,sort,0.04888194000000002,8922
cant.mtx,128,9,DCSC-sampled,sampled_worker,write,0.051906449000000014,8922
cant.mtx,128,9,DCSC-sampled,sampled_worker,scratch_free,0.012097575000000001,8922
cant.mtx,128,9,CombBLAS-profile,wall,total,0.055603183,0
cant.mtx,128,9,CombBLAS-profile,wall,lookup_build,0.00013472899999999999,0
cant.mtx,128,9,CombBLAS-profile,wall,thread_setup,6.0174999999999999e-05,0
cant.mtx,128,9,CombBLAS-profile,wall,work_bound,0.0010627690000000001,0
cant.mtx,128,9,CombBLAS-profile,wall,work_prefix,0.000100633,0
cant.mtx,128,9,CombBLAS-profile,wall,symbolic,0.0037814530000000002,0
cant.mtx,128,9,CombBLAS-profile,wall,output_prefix,9.4962000000000003e-05,0
cant.mtx,128,9,CombBLAS-profile,wall,output_allocate,0.032807158000000003,0
cant.mtx,128,9,CombBLAS-profile,wall,numeric_scratch_setup,0.0024491880000000001,0
cant.mtx,128,9,CombBLAS-profile,wall,numeric,0.015085285,0
cant.mtx,128,9,CombBLAS-profile,wall,internal_cleanup,2.9050000000000001e-06,0
cant.mtx,128,9,CombBLAS-profile,wall,return_cleanup,2.2874000000000002e-05,0
cant.mtx,128,9,CombBLAS-profile,wall,output_free,9.8200000000000008e-07,0
cant.mtx,128,9,DCSC-profile,wall,total,0.059289122999999999,0
cant.mtx,128,9,DCSC-profile,wall,validate,6.1099999999999995e-07,0
cant.mtx,128,9,DCSC-profile,wall,lookup_build,2.41e-07,0
cant.mtx,128,9,DCSC-profile,wall,scratch_setup,0.000230943,0
cant.mtx,128,9,DCSC-profile,wall,work_bound,0.001382381,0
cant.mtx,128,9,DCSC-profile,wall,symbolic_capacity,0.00041919400000000001,0
cant.mtx,128,9,DCSC-profile,wall,symbolic,0.0083231350000000006,0
cant.mtx,128,9,DCSC-profile,wall,prefix_numeric_capacity,0.000218299,0
cant.mtx,128,9,DCSC-profile,wall,output_allocate,0.021905026000000001,0
cant.mtx,128,9,DCSC-profile,wall,numeric,0.026806638000000001,0
cant.mtx,128,9,DCSC-profile,wall,return_cleanup,1.573e-06,0
cant.mtx,128,9,DCSC-profile,wall,output_free,1.0020000000000001e-06,0
cant.mtx,128,9,CSC-profile,wall,total,0.05590407,0
cant.mtx,128,9,CSC-profile,wall,validate,8.1100000000000005e-07,0
cant.mtx,128,9,CSC-profile,wall,lookup_build,4.0000000000000001e-08,0
cant.mtx,128,9,CSC-profile,wall,scratch_setup,0.00042515599999999999,0
cant.mtx,128,9,CSC-profile,wall,work_bound,0.001252071,0
cant.mtx,128,9,CSC-profile,wall,symbolic_capacity,0.00037067099999999999,0
cant.mtx,128,9,CSC-profile,wall,symbolic,0.0078394980000000003,0
cant.mtx,128,9,CSC-profile,wall,prefix_numeric_capacity,0.000204031,0
cant.mtx,128,9,CSC-profile,wall,output_allocate,0.020099143,0
cant.mtx,128,9,CSC-profile,wall,numeric,0.025709151999999999,0
cant.mtx,128,9,CSC-profile,wall,return_cleanup,1.4929999999999999e-06,0
cant.mtx,128,9,CSC-profile,wall,output_free,1.934e-06,0
cant.mtx,128,9,CombBLAS-control,wall,total,0.054019124000000002,0
cant.mtx,128,9,CombBLAS-control,wall,native_call_and_free,0.054018824,0
cant.mtx,128,9,DCSC-control,wall,total,0.059347215000000002,0
cant.mtx,128,9,DCSC-control,wall,native_call_and_free,0.059346924000000002,0
cant.mtx,128,9,CSC-control,wall,total,0.056371445999999999,0
cant.mtx,128,9,CSC-control,wall,native_call_and_free,0.056371096000000002,0
cant.mtx,128,9,Tuples-profile,wall,total,0.069466723999999994,0
cant.mtx,128,9,Tuples-profile,wall,validate,7.1200000000000002e-07,0
cant.mtx,128,9,Tuples-profile,wall,lookup_build,5.8100000000000003e-07,0
cant.mtx,128,9,Tuples-profile,wall,scratch_setup,0.00044218799999999999,0
cant.mtx,128,9,Tuples-profile,wall,work_bound,0.001293291,0
cant.mtx,128,9,Tuples-profile,wall,symbolic_capacity,0.00044412199999999997,0
cant.mtx,128,9,Tuples-profile,wall,symbolic,0.0077752339999999998,0
cant.mtx,128,9,Tuples-profile,wall,prefix_numeric_capacity,0.00020512300000000001,0
cant.mtx,128,9,Tuples-profile,wall,output_allocate,0.030975493999999999,0
cant.mtx,128,9,Tuples-profile,wall,numeric,0.028327516000000001,0
cant.mtx,128,9,Tuples-profile,wall,return_cleanup,1.372e-06,0
cant.mtx,128,9,Tuples-profile,wall,output_free,1.032e-06,0
cant.mtx,128,9,Tuples-control,wall,total,0.068353910000000004,0
cant.mtx,128,9,Tuples-control,wall,native_call_and_free,0.068353249000000005,0
cant.mtx,128,9,DCSC-dense-static,wall,total,0.043175787,0
cant.mtx,128,9,DCSC-dense-static,wall,native_call_and_free,0.043175505000000003,0
cant.mtx,128,9,DCSC-static,wall,total,0.040896063000000003,0
cant.mtx,128,9,DCSC-static,wall,native_call_and_free,0.040895611999999998,0
cant.mtx,128,9,DCSC-dense-lookup,wall,total,0.057954103,0
cant.mtx,128,9,DCSC-dense-lookup,wall,native_call_and_free,0.057953782000000002,0
cant.mtx,128,10,DCSC-static,wall,total,0.042305194999999997,0
cant.mtx,128,10,DCSC-static,wall,native_call_and_free,0.042304895000000002,0
cant.mtx,128,10,DCSC-dense-static,wall,total,0.041812451,0
cant.mtx,128,10,DCSC-dense-static,wall,native_call_and_free,0.041812099999999998,0
cant.mtx,128,10,Tuples-control,wall,total,0.065790372999999999,0
cant.mtx,128,10,Tuples-control,wall,native_call_and_free,0.065789009999999995,0
cant.mtx,128,10,Tuples-profile,wall,total,0.069643013000000004,0
cant.mtx,128,10,Tuples-profile,wall,validate,4.51e-07,0
cant.mtx,128,10,Tuples-profile,wall,lookup_build,4.2100000000000002e-07,0
cant.mtx,128,10,Tuples-profile,wall,scratch_setup,0.00055049600000000004,0
cant.mtx,128,10,Tuples-profile,wall,work_bound,0.0014802089999999999,0
cant.mtx,128,10,Tuples-profile,wall,symbolic_capacity,0.000403614,0
cant.mtx,128,10,Tuples-profile,wall,symbolic,0.006959359,0
cant.mtx,128,10,Tuples-profile,wall,prefix_numeric_capacity,0.00020923099999999999,0
cant.mtx,128,10,Tuples-profile,wall,output_allocate,0.031997554999999997,0
cant.mtx,128,10,Tuples-profile,wall,numeric,0.028039573000000002,0
cant.mtx,128,10,Tuples-profile,wall,return_cleanup,1.5430000000000001e-06,0
cant.mtx,128,10,Tuples-profile,wall,output_free,4.9100000000000004e-07,0
cant.mtx,128,10,CSC-control,wall,total,0.056829895999999998,0
cant.mtx,128,10,CSC-control,wall,native_call_and_free,0.056829615,0
cant.mtx,128,10,DCSC-control,wall,total,0.056296051999999999,0
cant.mtx,128,10,DCSC-control,wall,native_call_and_free,0.056295391,0
cant.mtx,128,10,CombBLAS-control,wall,total,0.054027059000000002,0
cant.mtx,128,10,CombBLAS-control,wall,native_call_and_free,0.054025996999999999,0
cant.mtx,128,10,CSC-profile,wall,total,0.059479990000000003,0
cant.mtx,128,10,CSC-profile,wall,validate,6.0100000000000005e-07,0
cant.mtx,128,10,CSC-profile,wall,lookup_build,2.9999999999999997e-08,0
cant.mtx,128,10,CSC-profile,wall,scratch_setup,0.00023017099999999999,0
cant.mtx,128,10,CSC-profile,wall,work_bound,0.001154916,0
cant.mtx,128,10,CSC-profile,wall,symbolic_capacity,0.00039596899999999998,0
cant.mtx,128,10,CSC-profile,wall,symbolic,0.0085562820000000001,0
cant.mtx,128,10,CSC-profile,wall,prefix_numeric_capacity,0.000226054,0
cant.mtx,128,10,CSC-profile,wall,output_allocate,0.021826075,0
cant.mtx,128,10,CSC-profile,wall,numeric,0.027087156000000001,0
cant.mtx,128,10,CSC-profile,wall,return_cleanup,1.2920000000000001e-06,0
cant.mtx,128,10,CSC-profile,wall,output_free,1.373e-06,0
cant.mtx,128,10,DCSC-profile,wall,total,0.056333002,0
cant.mtx,128,10,DCSC-profile,wall,validate,8.3200000000000004e-07,0
cant.mtx,128,10,DCSC-profile,wall,lookup_build,5.7100000000000002e-07,0
cant.mtx,128,10,DCSC-profile,wall,scratch_setup,0.00041713999999999998,0
cant.mtx,128,10,DCSC-profile,wall,work_bound,0.0013081989999999999,0
cant.mtx,128,10,DCSC-profile,wall,symbolic_capacity,0.00038694199999999998,0
cant.mtx,128,10,DCSC-profile,wall,symbolic,0.0078750550000000006,0
cant.mtx,128,10,DCSC-profile,wall,prefix_numeric_capacity,0.00020373099999999999,0
cant.mtx,128,10,DCSC-profile,wall,output_allocate,0.020444605000000001,0
cant.mtx,128,10,DCSC-profile,wall,numeric,0.025693363,0
cant.mtx,128,10,DCSC-profile,wall,return_cleanup,1.2020000000000001e-06,0
cant.mtx,128,10,DCSC-profile,wall,output_free,1.2920000000000001e-06,0
cant.mtx,128,10,CombBLAS-profile,wall,total,0.054583175999999997,0
cant.mtx,128,10,CombBLAS-profile,wall,lookup_build,6.1437000000000001e-05,0
cant.mtx,128,10,CombBLAS-profile,wall,thread_setup,4.7831999999999999e-05,0
cant.mtx,128,10,CombBLAS-profile,wall,work_bound,0.001151228,0
cant.mtx,128,10,CombBLAS-profile,wall,work_prefix,0.00010648499999999999,0
cant.mtx,128,10,CombBLAS-profile,wall,symbolic,0.0038359079999999999,0
cant.mtx,128,10,CombBLAS-profile,wall,output_prefix,0.000119128,0
cant.mtx,128,10,CombBLAS-profile,wall,output_allocate,0.031354541999999999,0
cant.mtx,128,10,CombBLAS-profile,wall,numeric_scratch_setup,0.0024780219999999999,0
cant.mtx,128,10,CombBLAS-profile,wall,numeric,0.015403416,0
cant.mtx,128,10,CombBLAS-profile,wall,internal_cleanup,2.4549999999999998e-06,0
cant.mtx,128,10,CombBLAS-profile,wall,return_cleanup,2.1962000000000001e-05,0
cant.mtx,128,10,CombBLAS-profile,wall,output_free,7.0100000000000004e-07,0
cant.mtx,128,10,DCSC-sampled,wall,total,0.059714108000000002,0
cant.mtx,128,10,DCSC-sampled,wall,validate,4.4099999999999999e-07,0
cant.mtx,128,10,DCSC-sampled,wall,lookup_build,2.2999999999999999e-07,0
cant.mtx,128,10,DCSC-sampled,wall,scratch_setup,0.00023366899999999999,0
cant.mtx,128,10,DCSC-sampled,wall,work_bound,0.001383453,0
cant.mtx,128,10,DCSC-sampled,wall,symbolic_capacity,0.00037953900000000003,0
cant.mtx,128,10,DCSC-sampled,wall,symbolic,0.0083692430000000002,0
cant.mtx,128,10,DCSC-sampled,wall,prefix_numeric_capacity,0.00032269900000000002,0
cant.mtx,128,10,DCSC-sampled,wall,output_allocate,0.021981431999999999,0
cant.mtx,128,10,DCSC-sampled,wall,numeric,0.027040046000000002,0
cant.mtx,128,10,DCSC-sampled,wall,return_cleanup,1.874e-06,0
cant.mtx,128,10,DCSC-sampled,wall,output_free,1.232e-06,0
cant.mtx,128,10,DCSC-sampled,sampled_worker,lookup,0,8922
cant.mtx,128,10,DCSC-sampled,sampled_worker,alloc_init,0.0057623870000000025,8922
cant.mtx,128,10,DCSC-sampled,sampled_worker,lookup_multiply_hash,0.34833084400000003,8922
cant.mtx,128,10,DCSC-sampled,sampled_worker,compact,0.0068904600000000019,8922
cant.mtx,128,10,DCSC-sampled,sampled_worker,sort,0.048920598999999988,8922
cant.mtx,128,10,DCSC-sampled,sampled_worker,write,0.052140891999999987,8922
cant.mtx,128,10,DCSC-sampled,sampled_worker,scratch_free,0.011844009000000001,8922
cant.mtx,128,10,CombBLAS-sampled,wall,total,0.056475806000000003,0
cant.mtx,128,10,CombBLAS-sampled,wall,lookup_build,0.000105512,0
cant.mtx,128,10,CombBLAS-sampled,wall,thread_setup,5.0396999999999999e-05,0
cant.mtx,128,10,CombBLAS-sampled,wall,work_bound,0.00098213399999999996,0
cant.mtx,128,10,CombBLAS-sampled,wall,work_prefix,9.8227999999999995e-05,0
cant.mtx,128,10,CombBLAS-sampled,wall,symbolic,0.0036569850000000002,0
cant.mtx,128,10,CombBLAS-sampled,wall,output_prefix,9.6644999999999994e-05,0
cant.mtx,128,10,CombBLAS-sampled,wall,output_allocate,0.033854866999999997,0
cant.mtx,128,10,CombBLAS-sampled,wall,numeric_scratch_setup,0.0024861290000000001,0
cant.mtx,128,10,CombBLAS-sampled,wall,numeric,0.015118187999999999,0
cant.mtx,128,10,CombBLAS-sampled,wall,internal_cleanup,3.3160000000000001e-06,0
cant.mtx,128,10,CombBLAS-sampled,wall,return_cleanup,2.2623999999999999e-05,0
cant.mtx,128,10,CombBLAS-sampled,wall,output_free,7.0100000000000004e-07,0
cant.mtx,128,10,CombBLAS-sampled,sampled_worker,lookup,0.010341288000000002,8922
cant.mtx,128,10,CombBLAS-sampled,sampled_worker,alloc_init,0.0043582429999999986,8922
cant.mtx,128,10,CombBLAS-sampled,sampled_worker,lookup_multiply_hash,0.13514009800000007,8922
cant.mtx,128,10,CombBLAS-sampled,sampled_worker,compact,0.0060890370000000003,8922
cant.mtx,128,10,CombBLAS-sampled,sampled_worker,sort,0.050702872000000017,8922
cant.mtx,128,10,CombBLAS-sampled,sampled_worker,write,0.029211057999999998,8922
cant.mtx,128,10,CombBLAS-sampled,sampled_worker,scratch_free,0.0032205080000000017,8922
cant.mtx,128,10,CombBLAS-conversion,wall,total,0.124823486,0
cant.mtx,128,10,CombBLAS-conversion,wall,native_call,0.050931793000000003,0
cant.mtx,128,10,CombBLAS-conversion,wall,tuple_to_dcsc,0.073887965,0
cant.mtx,128,10,CombBLAS-conversion,wall,dcsc_free,1.9139999999999998e-06,0
cant.mtx,128,10,CombBLAS-conversion,wall,output_free,1.753e-06,0
cant.mtx,128,10,DCSC-dense-lookup,wall,total,0.047479309999999997,0
cant.mtx,128,10,DCSC-dense-lookup,wall,native_call_and_free,0.04747904,0
cant.mtx,128,11,DCSC-static,wall,total,0.043309963,0
cant.mtx,128,11,DCSC-static,wall,native_call_and_free,0.043309091000000001,0
cant.mtx,128,11,DCSC-dense-lookup,wall,total,0.057075608,0
cant.mtx,128,11,DCSC-dense-lookup,wall,native_call_and_free,0.057075236000000001,0
cant.mtx,128,11,CombBLAS-conversion,wall,total,0.12727872500000001,0
cant.mtx,128,11,CombBLAS-conversion,wall,native_call,0.053810464000000002,0
cant.mtx,128,11,CombBLAS-conversion,wall,tuple_to_dcsc,0.073464623000000007,0
cant.mtx,128,11,CombBLAS-conversion,wall,dcsc_free,2.5450000000000002e-06,0
cant.mtx,128,11,CombBLAS-conversion,wall,output_free,1.0219999999999999e-06,0
cant.mtx,128,11,CombBLAS-sampled,wall,total,0.044673479000000002,0
cant.mtx,128,11,CombBLAS-sampled,wall,lookup_build,0.00013109100000000001,0
cant.mtx,128,11,CombBLAS-sampled,wall,thread_setup,6.1679000000000004e-05,0
cant.mtx,128,11,CombBLAS-sampled,wall,work_bound,0.00049869599999999997,0
cant.mtx,128,11,CombBLAS-sampled,wall,work_prefix,7.2548999999999999e-05,0
cant.mtx,128,11,CombBLAS-sampled,wall,symbolic,0.0032771760000000001,0
cant.mtx,128,11,CombBLAS-sampled,wall,output_prefix,6.5937000000000002e-05,0
cant.mtx,128,11,CombBLAS-sampled,wall,output_allocate,0.023149894000000001,0
cant.mtx,128,11,CombBLAS-sampled,wall,numeric_scratch_setup,0.0024485959999999999,0
cant.mtx,128,11,CombBLAS-sampled,wall,numeric,0.014942422,0
cant.mtx,128,11,CombBLAS-sampled,wall,internal_cleanup,2.7049999999999999e-06,0
cant.mtx,128,11,CombBLAS-sampled,wall,return_cleanup,2.1792000000000001e-05,0
cant.mtx,128,11,CombBLAS-sampled,wall,output_free,7.1099999999999995e-07,0
cant.mtx,128,11,CombBLAS-sampled,sampled_worker,lookup,0.0094198929999999986,8922
cant.mtx,128,11,CombBLAS-sampled,sampled_worker,alloc_init,0.004270266,8922
cant.mtx,128,11,CombBLAS-sampled,sampled_worker,lookup_multiply_hash,0.12966776299999994,8922
cant.mtx,128,11,CombBLAS-sampled,sampled_worker,compact,0.0059868850000000017,8922
cant.mtx,128,11,CombBLAS-sampled,sampled_worker,sort,0.05033023900000002,8922
cant.mtx,128,11,CombBLAS-sampled,sampled_worker,write,0.027427638000000001,8922
cant.mtx,128,11,CombBLAS-sampled,sampled_worker,scratch_free,0.0030141959999999989,8922
cant.mtx,128,11,DCSC-sampled,wall,total,0.059197618,0
cant.mtx,128,11,DCSC-sampled,wall,validate,4.4099999999999999e-07,0
cant.mtx,128,11,DCSC-sampled,wall,lookup_build,2.3099999999999999e-07,0
cant.mtx,128,11,DCSC-sampled,wall,scratch_setup,0.00021631499999999999,0
cant.mtx,128,11,DCSC-sampled,wall,work_bound,0.001391518,0
cant.mtx,128,11,DCSC-sampled,wall,symbolic_capacity,0.00046786799999999997,0
cant.mtx,128,11,DCSC-sampled,wall,symbolic,0.0082484910000000002,0
cant.mtx,128,11,DCSC-sampled,wall,prefix_numeric_capacity,0.00021949200000000001,0
cant.mtx,128,11,DCSC-sampled,wall,output_allocate,0.021693489999999999,0
cant.mtx,128,11,DCSC-sampled,wall,numeric,0.026956005000000002,0
cant.mtx,128,11,DCSC-sampled,wall,return_cleanup,2.0329999999999998e-06,0
cant.mtx,128,11,DCSC-sampled,wall,output_free,1.674e-06,0
cant.mtx,128,11,DCSC-sampled,sampled_worker,lookup,0,8922
cant.mtx,128,11,DCSC-sampled,sampled_worker,alloc_init,0.0059600790000000027,8922
cant.mtx,128,11,DCSC-sampled,sampled_worker,lookup_multiply_hash,0.34984081900000003,8922
cant.mtx,128,11,DCSC-sampled,sampled_worker,compact,0.0071043019999999998,8922
cant.mtx,128,11,DCSC-sampled,sampled_worker,sort,0.048592877999999992,8922
cant.mtx,128,11,DCSC-sampled,sampled_worker,write,0.05132399499999999,8922
cant.mtx,128,11,DCSC-sampled,sampled_worker,scratch_free,0.012090718000000006,8922
cant.mtx,128,11,CombBLAS-profile,wall,total,0.055005718000000002,0
cant.mtx,128,11,CombBLAS-profile,wall,lookup_build,9.3358999999999998e-05,0
cant.mtx,128,11,CombBLAS-profile,wall,thread_setup,4.8544000000000001e-05,0
cant.mtx,128,11,CombBLAS-profile,wall,work_bound,0.00096493100000000004,0
cant.mtx,128,11,CombBLAS-profile,wall,work_prefix,9.6974999999999999e-05,0
cant.mtx,128,11,CombBLAS-profile,wall,symbolic,0.003849304,0
cant.mtx,128,11,CombBLAS-profile,wall,output_prefix,9.6104e-05,0
cant.mtx,128,11,CombBLAS-profile,wall,output_allocate,0.032141992000000001,0
cant.mtx,128,11,CombBLAS-profile,wall,numeric_scratch_setup,0.002501067,0
cant.mtx,128,11,CombBLAS-profile,wall,numeric,0.01518631,0
cant.mtx,128,11,CombBLAS-profile,wall,internal_cleanup,3.7469999999999999e-06,0
cant.mtx,128,11,CombBLAS-profile,wall,return_cleanup,2.2583e-05,0
cant.mtx,128,11,CombBLAS-profile,wall,output_free,7.5099999999999999e-07,0
cant.mtx,128,11,DCSC-profile,wall,total,0.058903302999999997,0
cant.mtx,128,11,DCSC-profile,wall,validate,4.3099999999999998e-07,0
cant.mtx,128,11,DCSC-profile,wall,lookup_build,2.3099999999999999e-07,0
cant.mtx,128,11,DCSC-profile,wall,scratch_setup,0.000231203,0
cant.mtx,128,11,DCSC-profile,wall,work_bound,0.0013700679999999999,0
cant.mtx,128,11,DCSC-profile,wall,symbolic_capacity,0.00037824499999999998,0
cant.mtx,128,11,DCSC-profile,wall,symbolic,0.0083154200000000005,0
cant.mtx,128,11,DCSC-profile,wall,prefix_numeric_capacity,0.000223709,0
cant.mtx,128,11,DCSC-profile,wall,output_allocate,0.021588359000000001,0
cant.mtx,128,11,DCSC-profile,wall,numeric,0.026792680999999999,0
cant.mtx,128,11,DCSC-profile,wall,return_cleanup,1.373e-06,0
cant.mtx,128,11,DCSC-profile,wall,output_free,1.5120000000000001e-06,0
cant.mtx,128,11,CSC-profile,wall,total,0.055797846999999998,0
cant.mtx,128,11,CSC-profile,wall,validate,6.61e-07,0
cant.mtx,128,11,CSC-profile,wall,lookup_build,4.0000000000000001e-08,0
cant.mtx,128,11,CSC-profile,wall,scratch_setup,0.00049317700000000003,0
cant.mtx,128,11,CSC-profile,wall,work_bound,0.0012155309999999999,0
cant.mtx,128,11,CSC-profile,wall,symbolic_capacity,0.00032423199999999998,0
cant.mtx,128,11,CSC-profile,wall,symbolic,0.0078133370000000001,0
cant.mtx,128,11,CSC-profile,wall,prefix_numeric_capacity,0.00020455199999999999,0
cant.mtx,128,11,CSC-profile,wall,output_allocate,0.020054646999999998,0
cant.mtx,128,11,CSC-profile,wall,numeric,0.025689244999999999,0
cant.mtx,128,11,CSC-profile,wall,return_cleanup,1.2529999999999999e-06,0
cant.mtx,128,11,CSC-profile,wall,output_free,1.111e-06,0
cant.mtx,128,11,CombBLAS-control,wall,total,0.054268463000000003,0
cant.mtx,128,11,CombBLAS-control,wall,native_call_and_free,0.054267792000000002,0
cant.mtx,128,11,DCSC-control,wall,total,0.059328428000000002,0
cant.mtx,128,11,DCSC-control,wall,native_call_and_free,0.059328146999999998,0
cant.mtx,128,11,CSC-control,wall,total,0.055700188999999997,0
cant.mtx,128,11,CSC-control,wall,native_call_and_free,0.055699697999999999,0
cant.mtx,128,11,Tuples-profile,wall,total,0.069327056999999997,0
cant.mtx,128,11,Tuples-profile,wall,validate,7.9100000000000003e-07,0
cant.mtx,128,11,Tuples-profile,wall,lookup_build,2.6e-07,0
cant.mtx,128,11,Tuples-profile,wall,scratch_setup,0.00027772300000000001,0
cant.mtx,128,11,Tuples-profile,wall,work_bound,0.0012961159999999999,0
cant.mtx,128,11,Tuples-profile,wall,symbolic_capacity,0.00035713500000000002,0
cant.mtx,128,11,Tuples-profile,wall,symbolic,0.0077249270000000004,0
cant.mtx,128,11,Tuples-profile,wall,prefix_numeric_capacity,0.000202339,0
cant.mtx,128,11,Tuples-profile,wall,output_allocate,0.030982697999999999,0
cant.mtx,128,11,Tuples-profile,wall,numeric,0.028482512000000001,0
cant.mtx,128,11,Tuples-profile,wall,return_cleanup,1.483e-06,0
cant.mtx,128,11,Tuples-profile,wall,output_free,1.0020000000000001e-06,0
cant.mtx,128,11,Tuples-control,wall,total,0.066965185999999996,0
cant.mtx,128,11,Tuples-control,wall,native_call_and_free,0.066964795999999993,0
cant.mtx,128,11,DCSC-dense-static,wall,total,0.043846833000000002,0
cant.mtx,128,11,DCSC-dense-static,wall,native_call_and_free,0.043846542000000002,0
