dataset,threads,iteration,backend,kind,phase,seconds,sampled_columns
ecology1.mtx,16,0,CSC-control,wall,total,0.038591281999999998,0
ecology1.mtx,16,0,CSC-control,wall,native_call_and_free,0.038590820999999997,0
ecology1.mtx,16,0,DCSC-control,wall,total,0.040479634,0
ecology1.mtx,16,0,DCSC-control,wall,native_call_and_free,0.040479322999999998,0
ecology1.mtx,16,0,CombBLAS-control,wall,total,0.047757384,0
ecology1.mtx,16,0,CombBLAS-control,wall,native_call_and_free,0.047756682000000002,0
ecology1.mtx,16,0,CSC-profile,wall,total,0.038820141000000002,0
ecology1.mtx,16,0,CSC-profile,wall,validate,6.8199999999999999e-07,0
ecology1.mtx,16,0,CSC-profile,wall,lookup_build,2.9999999999999997e-08,0
ecology1.mtx,16,0,CSC-profile,wall,scratch_setup,0.0015975640000000001,0
ecology1.mtx,16,0,CSC-profile,wall,work_bound,0.0025298730000000002,0
ecology1.mtx,16,0,CSC-profile,wall,symbolic_capacity,0.0023797250000000001,0
ecology1.mtx,16,0,CSC-profile,wall,symbolic,0.0046788740000000004,0
ecology1.mtx,16,0,CSC-profile,wall,prefix_numeric_capacity,0.00076532800000000002,0
ecology1.mtx,16,0,CSC-profile,wall,output_allocate,0.011000841000000001,0
ecology1.mtx,16,0,CSC-profile,wall,numeric,0.015862606000000001,0
ecology1.mtx,16,0,CSC-profile,wall,return_cleanup,3.2959999999999999e-06,0
ecology1.mtx,16,0,CSC-profile,wall,output_free,1.2529999999999999e-06,0
ecology1.mtx,16,0,DCSC-profile,wall,total,0.040483031000000003,0
ecology1.mtx,16,0,DCSC-profile,wall,validate,6.61e-07,0
ecology1.mtx,16,0,DCSC-profile,wall,lookup_build,4.4099999999999999e-07,0
ecology1.mtx,16,0,DCSC-profile,wall,scratch_setup,0.001916156,0
ecology1.mtx,16,0,DCSC-profile,wall,work_bound,0.002167787,0
ecology1.mtx,16,0,DCSC-profile,wall,symbolic_capacity,0.002485718,0
ecology1.mtx,16,0,DCSC-profile,wall,symbolic,0.0052684359999999996,0
ecology1.mtx,16,0,DCSC-profile,wall,prefix_numeric_capacity,0.00074009,0
ecology1.mtx,16,0,DCSC-profile,wall,output_allocate,0.012490538000000001,0
ecology1.mtx,16,0,DCSC-profile,wall,numeric,0.015408134,0
ecology1.mtx,16,0,DCSC-profile,wall,return_cleanup,3.5769999999999998e-06,0
ecology1.mtx,16,0,DCSC-profile,wall,output_free,1.4330000000000001e-06,0
ecology1.mtx,16,0,CombBLAS-profile,wall,total,0.047746002000000003,0
ecology1.mtx,16,0,CombBLAS-profile,wall,lookup_build,0.00090018699999999999,0
ecology1.mtx,16,0,CombBLAS-profile,wall,thread_setup,1.0550000000000001e-05,0
ecology1.mtx,16,0,CombBLAS-profile,wall,work_bound,0.0038345050000000002,0
ecology1.mtx,16,0,CombBLAS-profile,wall,work_prefix,0.00022931899999999999,0
ecology1.mtx,16,0,CombBLAS-profile,wall,symbolic,0.0070221299999999997,0
ecology1.mtx,16,0,CombBLAS-profile,wall,output_prefix,0.00016862299999999999,0
ecology1.mtx,16,0,CombBLAS-profile,wall,output_allocate,0.016372103999999998,0
ecology1.mtx,16,0,CombBLAS-profile,wall,numeric_scratch_setup,0.0030731650000000001,0
ecology1.mtx,16,0,CombBLAS-profile,wall,numeric,0.016128586,0
ecology1.mtx,16,0,CombBLAS-profile,wall,internal_cleanup,3.1860000000000001e-06,0
ecology1.mtx,16,0,CombBLAS-profile,wall,return_cleanup,2.9960000000000002e-06,0
ecology1.mtx,16,0,CombBLAS-profile,wall,output_free,5.8100000000000003e-07,0
ecology1.mtx,16,0,DCSC-sampled,wall,total,0.040708042,0
ecology1.mtx,16,0,DCSC-sampled,wall,validate,4.4099999999999999e-07,0
ecology1.mtx,16,0,DCSC-sampled,wall,lookup_build,2.6e-07,0
ecology1.mtx,16,0,DCSC-sampled,wall,scratch_setup,0.0016393849999999999,0
ecology1.mtx,16,0,DCSC-sampled,wall,work_bound,0.002612451,0
ecology1.mtx,16,0,DCSC-sampled,wall,symbolic_capacity,0.0024696269999999998,0
ecology1.mtx,16,0,DCSC-sampled,wall,symbolic,0.0052475050000000004,0
ecology1.mtx,16,0,DCSC-sampled,wall,prefix_numeric_capacity,0.00074979799999999998,0
ecology1.mtx,16,0,DCSC-sampled,wall,output_allocate,0.012582645,0
ecology1.mtx,16,0,DCSC-sampled,wall,numeric,0.015401652,0
ecology1.mtx,16,0,DCSC-sampled,wall,return_cleanup,3.1159999999999999e-06,0
ecology1.mtx,16,0,DCSC-sampled,wall,output_free,1.0920000000000001e-06,0
ecology1.mtx,16,0,DCSC-sampled,sampled_worker,lookup,0,8197
ecology1.mtx,16,0,DCSC-sampled,sampled_worker,alloc_init,0.00034762799999999843,8197
ecology1.mtx,16,0,DCSC-sampled,sampled_worker,lookup_multiply_hash,0.0011890560000000019,8197
ecology1.mtx,16,0,DCSC-sampled,sampled_worker,compact,0.00042644100000000066,8197
ecology1.mtx,16,0,DCSC-sampled,sampled_worker,sort,0.00071981799999999881,8197
ecology1.mtx,16,0,DCSC-sampled,sampled_worker,write,0.00046997299999999821,8197
ecology1.mtx,16,0,DCSC-sampled,sampled_worker,scratch_free,0.00040000699999999861,8197
ecology1.mtx,16,0,CombBLAS-sampled,wall,total,0.047882143000000002,0
ecology1.mtx,16,0,CombBLAS-sampled,wall,lookup_build,0.00082790800000000003,0
ecology1.mtx,16,0,CombBLAS-sampled,wall,thread_setup,8.5860000000000005e-06,0
ecology1.mtx,16,0,CombBLAS-sampled,wall,work_bound,0.0039215220000000002,0
ecology1.mtx,16,0,CombBLAS-sampled,wall,work_prefix,0.000234109,0
ecology1.mtx,16,0,CombBLAS-sampled,wall,symbolic,0.0069145830000000002,0
ecology1.mtx,16,0,CombBLAS-sampled,wall,output_prefix,0.00016395400000000001,0
ecology1.mtx,16,0,CombBLAS-sampled,wall,output_allocate,0.016394517000000001,0
ecology1.mtx,16,0,CombBLAS-sampled,wall,numeric_scratch_setup,0.0030571840000000001,0
ecology1.mtx,16,0,CombBLAS-sampled,wall,numeric,0.016351913999999999,0
ecology1.mtx,16,0,CombBLAS-sampled,wall,internal_cleanup,4.1389999999999997e-06,0
ecology1.mtx,16,0,CombBLAS-sampled,wall,return_cleanup,2.875e-06,0
ecology1.mtx,16,0,CombBLAS-sampled,wall,output_free,7.61e-07,0
ecology1.mtx,16,0,CombBLAS-sampled,sampled_worker,lookup,0.00065879699999999808,8197
ecology1.mtx,16,0,CombBLAS-sampled,sampled_worker,alloc_init,0.00041747500000000206,8197
ecology1.mtx,16,0,CombBLAS-sampled,sampled_worker,lookup_multiply_hash,0.00083500200000000439,8197
ecology1.mtx,16,0,CombBLAS-sampled,sampled_worker,compact,0.00041133899999999993,8197
ecology1.mtx,16,0,CombBLAS-sampled,sampled_worker,sort,0.00060910999999999897,8197
ecology1.mtx,16,0,CombBLAS-sampled,sampled_worker,write,0.00033137199999999775,8197
ecology1.mtx,16,0,CombBLAS-sampled,sampled_worker,scratch_free,0.00032899599999999796,8197
ecology1.mtx,16,0,CombBLAS-conversion,wall,total,0.096678911000000006,0
ecology1.mtx,16,0,CombBLAS-conversion,wall,native_call,0.047758637,0
ecology1.mtx,16,0,CombBLAS-conversion,wall,tuple_to_dcsc,0.048916787000000003,0
ecology1.mtx,16,0,CombBLAS-conversion,wall,dcsc_free,2.5349999999999999e-06,0
ecology1.mtx,16,0,CombBLAS-conversion,wall,output_free,8.8199999999999998e-07,0
ecology1.mtx,16,0,DCSC-dense-lookup,wall,total,0.039480456999999997,0
ecology1.mtx,16,0,DCSC-dense-lookup,wall,native_call_and_free,0.039480166999999997,0
ecology1.mtx,16,0,DCSC-static,wall,total,0.036755421000000003,0
ecology1.mtx,16,0,DCSC-static,wall,native_call_and_free,0.03675494,0
ecology1.mtx,16,0,DCSC-dense-static,wall,total,0.036570065999999998,0
ecology1.mtx,16,0,DCSC-dense-static,wall,native_call_and_free,0.036569563999999999,0
ecology1.mtx,16,0,Tuples-control,wall,total,0.047951777000000001,0
ecology1.mtx,16,0,Tuples-control,wall,native_call_and_free,0.047951215999999998,0
ecology1.mtx,16,0,Tuples-profile,wall,total,0.04781291,0
ecology1.mtx,16,0,Tuples-profile,wall,validate,5.6100000000000001e-07,0
ecology1.mtx,16,0,Tuples-profile,wall,lookup_build,6.4099999999999998e-07,0
ecology1.mtx,16,0,Tuples-profile,wall,scratch_setup,0.001882681,0
ecology1.mtx,16,0,Tuples-profile,wall,work_bound,0.0022895820000000001,0
ecology1.mtx,16,0,Tuples-profile,wall,symbolic_capacity,0.0025723339999999999,0
ecology1.mtx,16,0,Tuples-profile,wall,symbolic,0.0055180239999999998,0
ecology1.mtx,16,0,Tuples-profile,wall,prefix_numeric_capacity,0.00072235599999999995,0
ecology1.mtx,16,0,Tuples-profile,wall,output_allocate,0.016526490000000001,0
ecology1.mtx,16,0,Tuples-profile,wall,numeric,0.018296163000000001,0
ecology1.mtx,16,0,Tuples-profile,wall,return_cleanup,3.4470000000000002e-06,0
ecology1.mtx,16,0,Tuples-profile,wall,output_free,5.7100000000000002e-07,0
ecology1.mtx,16,1,CSC-control,wall,total,0.038626057999999998,0
ecology1.mtx,16,1,CSC-control,wall,native_call_and_free,0.038625468000000003,0
ecology1.mtx,16,1,Tuples-profile,wall,total,0.047694383999999999,0
ecology1.mtx,16,1,Tuples-profile,wall,validate,1.071e-06,0
ecology1.mtx,16,1,Tuples-profile,wall,lookup_build,4.2100000000000002e-07,0
ecology1.mtx,16,1,Tuples-profile,wall,scratch_setup,0.001891127,0
ecology1.mtx,16,1,Tuples-profile,wall,work_bound,0.0022205699999999998,0
ecology1.mtx,16,1,Tuples-profile,wall,symbolic_capacity,0.0024965590000000002,0
ecology1.mtx,16,1,Tuples-profile,wall,symbolic,0.0053017289999999998,0
ecology1.mtx,16,1,Tuples-profile,wall,prefix_numeric_capacity,0.00073497000000000005,0
ecology1.mtx,16,1,Tuples-profile,wall,output_allocate,0.016739177000000001,0
ecology1.mtx,16,1,Tuples-profile,wall,numeric,0.018304691000000001,0
ecology1.mtx,16,1,Tuples-profile,wall,return_cleanup,3.2760000000000001e-06,0
ecology1.mtx,16,1,Tuples-profile,wall,output_free,7.1200000000000002e-07,0
ecology1.mtx,16,1,Tuples-control,wall,total,0.047975402,0
ecology1.mtx,16,1,Tuples-control,wall,native_call_and_free,0.047975010999999998,0
ecology1.mtx,16,1,DCSC-dense-static,wall,total,0.037111624000000003,0
ecology1.mtx,16,1,DCSC-dense-static,wall,native_call_and_free,0.037111113000000001,0
ecology1.mtx,16,1,DCSC-static,wall,total,0.036685397000000002,0
ecology1.mtx,16,1,DCSC-static,wall,native_call_and_free,0.036685115999999997,0
ecology1.mtx,16,1,DCSC-dense-lookup,wall,total,0.040433234999999998,0
ecology1.mtx,16,1,DCSC-dense-lookup,wall,native_call_and_free,0.040432834000000001,0
ecology1.mtx,16,1,CombBLAS-conversion,wall,total,0.096464758999999997,0
ecology1.mtx,16,1,CombBLAS-conversion,wall,native_call,0.047742554999999999,0
ecology1.mtx,16,1,CombBLAS-conversion,wall,tuple_to_dcsc,0.048717946999999998,0
ecology1.mtx,16,1,CombBLAS-conversion,wall,dcsc_free,3.2660000000000002e-06,0
ecology1.mtx,16,1,CombBLAS-conversion,wall,output_free,8.6099999999999999e-07,0
ecology1.mtx,16,1,CombBLAS-sampled,wall,total,0.048097357,0
ecology1.mtx,16,1,CombBLAS-sampled,wall,lookup_build,0.00092150700000000001,0
ecology1.mtx,16,1,CombBLAS-sampled,wall,thread_setup,1.0891e-05,0
ecology1.mtx,16,1,CombBLAS-sampled,wall,work_bound,0.0038444339999999999,0
ecology1.mtx,16,1,CombBLAS-sampled,wall,work_prefix,0.000228559,0
ecology1.mtx,16,1,CombBLAS-sampled,wall,symbolic,0.0071129130000000002,0
ecology1.mtx,16,1,CombBLAS-sampled,wall,output_prefix,0.00014117099999999999,0
ecology1.mtx,16,1,CombBLAS-sampled,wall,output_allocate,0.016500629999999999,0
ecology1.mtx,16,1,CombBLAS-sampled,wall,numeric_scratch_setup,0.0031203649999999999,0
ecology1.mtx,16,1,CombBLAS-sampled,wall,numeric,0.016209050999999999,0
ecology1.mtx,16,1,CombBLAS-sampled,wall,internal_cleanup,3.8870000000000002e-06,0
ecology1.mtx,16,1,CombBLAS-sampled,wall,return_cleanup,3.1559999999999999e-06,0
ecology1.mtx,16,1,CombBLAS-sampled,wall,output_free,7.3200000000000004e-07,0
ecology1.mtx,16,1,CombBLAS-sampled,sampled_worker,lookup,0.00065565699999999808,8197
ecology1.mtx,16,1,CombBLAS-sampled,sampled_worker,alloc_init,0.00042163200000000224,8197
ecology1.mtx,16,1,CombBLAS-sampled,sampled_worker,lookup_multiply_hash,0.00084765200000000429,8197
ecology1.mtx,16,1,CombBLAS-sampled,sampled_worker,compact,0.00039045599999999991,8197
ecology1.mtx,16,1,CombBLAS-sampled,sampled_worker,sort,0.00060276599999999915,8197
ecology1.mtx,16,1,CombBLAS-sampled,sampled_worker,write,0.00032937999999999777,8197
ecology1.mtx,16,1,CombBLAS-sampled,sampled_worker,scratch_free,0.00032974999999999791,8197
ecology1.mtx,16,1,DCSC-sampled,wall,total,0.040287226000000002,0
ecology1.mtx,16,1,DCSC-sampled,wall,validate,7.0200000000000001e-07,0
ecology1.mtx,16,1,DCSC-sampled,wall,lookup_build,5.3099999999999998e-07,0
ecology1.mtx,16,1,DCSC-sampled,wall,scratch_setup,0.0016959830000000001,0
ecology1.mtx,16,1,DCSC-sampled,wall,work_bound,0.0024202120000000001,0
ecology1.mtx,16,1,DCSC-sampled,wall,symbolic_capacity,0.0024040009999999998,0
ecology1.mtx,16,1,DCSC-sampled,wall,symbolic,0.0051553989999999997,0
ecology1.mtx,16,1,DCSC-sampled,wall,prefix_numeric_capacity,0.000737274,0
ecology1.mtx,16,1,DCSC-sampled,wall,output_allocate,0.012393642,0
ecology1.mtx,16,1,DCSC-sampled,wall,numeric,0.015475795000000001,0
ecology1.mtx,16,1,DCSC-sampled,wall,return_cleanup,2.5950000000000001e-06,0
ecology1.mtx,16,1,DCSC-sampled,wall,output_free,1.032e-06,0
ecology1.mtx,16,1,DCSC-sampled,sampled_worker,lookup,0,8197
ecology1.mtx,16,1,DCSC-sampled,sampled_worker,alloc_init,0.00036172599999999852,8197
ecology1.mtx,16,1,DCSC-sampled,sampled_worker,lookup_multiply_hash,0.0011412380000000019,8197
ecology1.mtx,16,1,DCSC-sampled,sampled_worker,compact,0.00040112000000000047,8197
ecology1.mtx,16,1,DCSC-sampled,sampled_worker,sort,0.00071066099999999904,8197
ecology1.mtx,16,1,DCSC-sampled,sampled_worker,write,0.00046167599999999805,8197
ecology1.mtx,16,1,DCSC-sampled,sampled_worker,scratch_free,0.00041331999999999849,8197
ecology1.mtx,16,1,CombBLAS-profile,wall,total,0.048170866999999999,0
ecology1.mtx,16,1,CombBLAS-profile,wall,lookup_build,0.00092067600000000005,0
ecology1.mtx,16,1,CombBLAS-profile,wall,thread_setup,8.9069999999999996e-06,0
ecology1.mtx,16,1,CombBLAS-profile,wall,work_bound,0.0040596770000000003,0
ecology1.mtx,16,1,CombBLAS-profile,wall,work_prefix,0.00022891900000000001,0
ecology1.mtx,16,1,CombBLAS-profile,wall,symbolic,0.0069749190000000004,0
ecology1.mtx,16,1,CombBLAS-profile,wall,output_prefix,0.00017714900000000001,0
ecology1.mtx,16,1,CombBLAS-profile,wall,output_allocate,0.016595582000000001,0
ecology1.mtx,16,1,CombBLAS-profile,wall,numeric_scratch_setup,0.003032046,0
ecology1.mtx,16,1,CombBLAS-profile,wall,numeric,0.01616662,0
ecology1.mtx,16,1,CombBLAS-profile,wall,internal_cleanup,2.915e-06,0
ecology1.mtx,16,1,CombBLAS-profile,wall,return_cleanup,2.6850000000000001e-06,0
ecology1.mtx,16,1,CombBLAS-profile,wall,output_free,7.1200000000000002e-07,0
ecology1.mtx,16,1,DCSC-profile,wall,total,0.040518218000000002,0
ecology1.mtx,16,1,DCSC-profile,wall,validate,6.4099999999999998e-07,0
ecology1.mtx,16,1,DCSC-profile,wall,lookup_build,2.41e-07,0
ecology1.mtx,16,1,DCSC-profile,wall,scratch_setup,0.001685853,0
ecology1.mtx,16,1,DCSC-profile,wall,work_bound,0.0023687439999999999,0
ecology1.mtx,16,1,DCSC-profile,wall,symbolic_capacity,0.0024734940000000001,0
ecology1.mtx,16,1,DCSC-profile,wall,symbolic,0.0049315690000000002,0
ecology1.mtx,16,1,DCSC-profile,wall,prefix_numeric_capacity,0.00076124099999999996,0
ecology1.mtx,16,1,DCSC-profile,wall,output_allocate,0.012840529,0
ecology1.mtx,16,1,DCSC-profile,wall,numeric,0.015451347000000001,0
ecology1.mtx,16,1,DCSC-profile,wall,return_cleanup,3.0960000000000001e-06,0
ecology1.mtx,16,1,DCSC-profile,wall,output_free,1.393e-06,0
ecology1.mtx,16,1,CSC-profile,wall,total,0.038577155000000002,0
ecology1.mtx,16,1,CSC-profile,wall,validate,6.8100000000000002e-07,0
ecology1.mtx,16,1,CSC-profile,wall,lookup_build,4.0000000000000001e-08,0
ecology1.mtx,16,1,CSC-profile,wall,scratch_setup,0.0019519240000000001,0
ecology1.mtx,16,1,CSC-profile,wall,work_bound,0.002130056,0
ecology1.mtx,16,1,CSC-profile,wall,symbolic_capacity,0.0023076759999999998,0
ecology1.mtx,16,1,CSC-profile,wall,symbolic,0.0045804660000000001,0
ecology1.mtx,16,1,CSC-profile,wall,prefix_numeric_capacity,0.00076815300000000004,0
ecology1.mtx,16,1,CSC-profile,wall,output_allocate,0.011163052,0
ecology1.mtx,16,1,CSC-profile,wall,numeric,0.015670838999999999,0
ecology1.mtx,16,1,CSC-profile,wall,return_cleanup,3.0759999999999999e-06,0
ecology1.mtx,16,1,CSC-profile,wall,output_free,1.122e-06,0
ecology1.mtx,16,1,CombBLAS-control,wall,total,0.047623587000000002,0
ecology1.mtx,16,1,CombBLAS-control,wall,native_call_and_free,0.047623105999999998,0
ecology1.mtx,16,1,DCSC-control,wall,total,0.040700597999999998,0
ecology1.mtx,16,1,DCSC-control,wall,native_call_and_free,0.040700317999999999,0
ecology1.mtx,16,2,CombBLAS-control,wall,total,0.047698260999999999,0
ecology1.mtx,16,2,CombBLAS-control,wall,native_call_and_free,0.047697749999999997,0
ecology1.mtx,16,2,CSC-profile,wall,total,0.038800362999999997,0
ecology1.mtx,16,2,CSC-profile,wall,validate,7.1099999999999995e-07,0
ecology1.mtx,16,2,CSC-profile,wall,lookup_build,3.1e-08,0
ecology1.mtx,16,2,CSC-profile,wall,scratch_setup,0.0017107610000000001,0
ecology1.mtx,16,2,CSC-profile,wall,work_bound,0.0023634329999999999,0
ecology1.mtx,16,2,CSC-profile,wall,symbolic_capacity,0.0024264640000000001,0
ecology1.mtx,16,2,CSC-profile,wall,symbolic,0.00464511,0
ecology1.mtx,16,2,CSC-profile,wall,prefix_numeric_capacity,0.00072708500000000004,0
ecology1.mtx,16,2,CSC-profile,wall,output_allocate,0.011032902000000001,0
ecology1.mtx,16,2,CSC-profile,wall,numeric,0.015888796,0
ecology1.mtx,16,2,CSC-profile,wall,return_cleanup,3.6770000000000001e-06,0
ecology1.mtx,16,2,CSC-profile,wall,output_free,1.333e-06,0
ecology1.mtx,16,2,DCSC-profile,wall,total,0.040695507999999998,0
ecology1.mtx,16,2,DCSC-profile,wall,validate,1.172e-06,0
ecology1.mtx,16,2,DCSC-profile,wall,lookup_build,4.3099999999999998e-07,0
ecology1.mtx,16,2,DCSC-profile,wall,scratch_setup,0.0018908569999999999,0
ecology1.mtx,16,2,DCSC-profile,wall,work_bound,0.0021703930000000001,0
ecology1.mtx,16,2,DCSC-profile,wall,symbolic_capacity,0.0029735030000000002,0
ecology1.mtx,16,2,DCSC-profile,wall,symbolic,0.0051681540000000003,0
ecology1.mtx,16,2,DCSC-profile,wall,prefix_numeric_capacity,0.00072662400000000004,0
ecology1.mtx,16,2,DCSC-profile,wall,output_allocate,0.012372842,0
ecology1.mtx,16,2,DCSC-profile,wall,numeric,0.01538541,0
ecology1.mtx,16,2,DCSC-profile,wall,return_cleanup,4.7400000000000004e-06,0
ecology1.mtx,16,2,DCSC-profile,wall,output_free,1.3120000000000001e-06,0
ecology1.mtx,16,2,CombBLAS-profile,wall,total,0.048410536999999997,0
ecology1.mtx,16,2,CombBLAS-profile,wall,lookup_build,0.00083776599999999999,0
ecology1.mtx,16,2,CombBLAS-profile,wall,thread_setup,7.4549999999999998e-06,0
ecology1.mtx,16,2,CombBLAS-profile,wall,work_bound,0.0039375729999999998,0
ecology1.mtx,16,2,CombBLAS-profile,wall,work_prefix,0.00023107299999999999,0
ecology1.mtx,16,2,CombBLAS-profile,wall,symbolic,0.0071367490000000004,0
ecology1.mtx,16,2,CombBLAS-profile,wall,output_prefix,0.00016693,0
ecology1.mtx,16,2,CombBLAS-profile,wall,output_allocate,0.01673525,0
ecology1.mtx,16,2,CombBLAS-profile,wall,numeric_scratch_setup,0.0032733979999999998,0
ecology1.mtx,16,2,CombBLAS-profile,wall,numeric,0.016077498999999999,0
ecology1.mtx,16,2,CombBLAS-profile,wall,internal_cleanup,2.6450000000000001e-06,0
ecology1.mtx,16,2,CombBLAS-profile,wall,return_cleanup,3.2059999999999999e-06,0
ecology1.mtx,16,2,CombBLAS-profile,wall,output_free,9.3200000000000003e-07,0
ecology1.mtx,16,2,DCSC-sampled,wall,total,0.040552164000000002,0
ecology1.mtx,16,2,DCSC-sampled,wall,validate,6.2099999999999996e-07,0
ecology1.mtx,16,2,DCSC-sampled,wall,lookup_build,2.5100000000000001e-07,0
ecology1.mtx,16,2,DCSC-sampled,wall,scratch_setup,0.0016949409999999999,0
ecology1.mtx,16,2,DCSC-sampled,wall,work_bound,0.0025774940000000001,0
ecology1.mtx,16,2,DCSC-sampled,wall,symbolic_capacity,0.0024619020000000002,0
ecology1.mtx,16,2,DCSC-sampled,wall,symbolic,0.0050213920000000004,0
ecology1.mtx,16,2,DCSC-sampled,wall,prefix_numeric_capacity,0.000910606,0
ecology1.mtx,16,2,DCSC-sampled,wall,output_allocate,0.012447135,0
ecology1.mtx,16,2,DCSC-sampled,wall,numeric,0.015433203,0
ecology1.mtx,16,2,DCSC-sampled,wall,return_cleanup,3.6270000000000002e-06,0
ecology1.mtx,16,2,DCSC-sampled,wall,output_free,9.4200000000000004e-07,0
ecology1.mtx,16,2,DCSC-sampled,sampled_worker,lookup,0,8197
ecology1.mtx,16,2,DCSC-sampled,sampled_worker,alloc_init,0.0003523979999999984,8197
ecology1.mtx,16,2,DCSC-sampled,sampled_worker,lookup_multiply_hash,0.0011707450000000023,8197
ecology1.mtx,16,2,DCSC-sampled,sampled_worker,compact,0.00040036800000000045,8197
ecology1.mtx,16,2,DCSC-sampled,sampled_worker,sort,0.00071668299999999888,8197
ecology1.mtx,16,2,DCSC-sampled,sampled_worker,write,0.00045855499999999824,8197
ecology1.mtx,16,2,DCSC-sampled,sampled_worker,scratch_free,0.00040267499999999861,8197
ecology1.mtx,16,2,CombBLAS-sampled,wall,total,0.048351102,0
ecology1.mtx,16,2,CombBLAS-sampled,wall,lookup_build,0.00091484499999999996,0
ecology1.mtx,16,2,CombBLAS-sampled,wall,thread_setup,8.0150000000000003e-06,0
ecology1.mtx,16,2,CombBLAS-sampled,wall,work_bound,0.00388924,0
ecology1.mtx,16,2,CombBLAS-sampled,wall,work_prefix,0.00022955,0
ecology1.mtx,16,2,CombBLAS-sampled,wall,symbolic,0.0068828520000000001,0
ecology1.mtx,16,2,CombBLAS-sampled,wall,output_prefix,0.000170648,0
ecology1.mtx,16,2,CombBLAS-sampled,wall,output_allocate,0.016755358000000001,0
ecology1.mtx,16,2,CombBLAS-sampled,wall,numeric_scratch_setup,0.003036525,0
ecology1.mtx,16,2,CombBLAS-sampled,wall,numeric,0.016455452999999998,0
ecology1.mtx,16,2,CombBLAS-sampled,wall,internal_cleanup,4.989e-06,0
ecology1.mtx,16,2,CombBLAS-sampled,wall,return_cleanup,2.9660000000000001e-06,0
ecology1.mtx,16,2,CombBLAS-sampled,wall,output_free,6.0100000000000005e-07,0
ecology1.mtx,16,2,CombBLAS-sampled,sampled_worker,lookup,0.00066919499999999765,8197
ecology1.mtx,16,2,CombBLAS-sampled,sampled_worker,alloc_init,0.00041932800000000218,8197
ecology1.mtx,16,2,CombBLAS-sampled,sampled_worker,lookup_multiply_hash,0.00082443200000000482,8197
ecology1.mtx,16,2,CombBLAS-sampled,sampled_worker,compact,0.00039137399999999994,8197
ecology1.mtx,16,2,CombBLAS-sampled,sampled_worker,sort,0.00060556599999999922,8197
ecology1.mtx,16,2,CombBLAS-sampled,sampled_worker,write,0.00033112199999999777,8197
ecology1.mtx,16,2,CombBLAS-sampled,sampled_worker,scratch_free,0.00032872799999999797,8197
ecology1.mtx,16,2,CombBLAS-conversion,wall,total,0.097144072999999997,0
ecology1.mtx,16,2,CombBLAS-conversion,wall,native_call,0.048199111000000003,0
ecology1.mtx,16,2,CombBLAS-conversion,wall,tuple_to_dcsc,0.048941424999999997,0
ecology1.mtx,16,2,CombBLAS-conversion,wall,dcsc_free,2.565e-06,0
ecology1.mtx,16,2,CombBLAS-conversion,wall,output_free,8.9199999999999999e-07,0
ecology1.mtx,16,2,DCSC-dense-lookup,wall,total,0.039458585999999997,0
ecology1.mtx,16,2,DCSC-dense-lookup,wall,native_call_and_free,0.039458295999999997,0
ecology1.mtx,16,2,DCSC-static,wall,total,0.036543884999999998,0
ecology1.mtx,16,2,DCSC-static,wall,native_call_and_free,0.036543594999999998,0
ecology1.mtx,16,2,DCSC-dense-static,wall,total,0.036884888999999997,0
ecology1.mtx,16,2,DCSC-dense-static,wall,native_call_and_free,0.036884357999999999,0
ecology1.mtx,16,2,Tuples-control,wall,total,0.047721415000000003,0
ecology1.mtx,16,2,Tuples-control,wall,native_call_and_free,0.047720622999999997,0
ecology1.mtx,16,2,Tuples-profile,wall,total,0.048048913999999998,0
ecology1.mtx,16,2,Tuples-profile,wall,validate,4.0999999999999999e-07,0
ecology1.mtx,16,2,Tuples-profile,wall,lookup_build,5.0100000000000005e-07,0
ecology1.mtx,16,2,Tuples-profile,wall,scratch_setup,0.0018896150000000001,0
ecology1.mtx,16,2,Tuples-profile,wall,work_bound,0.0022774079999999999,0
ecology1.mtx,16,2,Tuples-profile,wall,symbolic_capacity,0.002586652,0
ecology1.mtx,16,2,Tuples-profile,wall,symbolic,0.0054838489999999998,0
ecology1.mtx,16,2,Tuples-profile,wall,prefix_numeric_capacity,0.00072189400000000005,0
ecology1.mtx,16,2,Tuples-profile,wall,output_allocate,0.016777401000000001,0
ecology1.mtx,16,2,Tuples-profile,wall,numeric,0.018307805999999999,0
ecology1.mtx,16,2,Tuples-profile,wall,return_cleanup,2.7350000000000001e-06,0
ecology1.mtx,16,2,Tuples-profile,wall,output_free,5.8100000000000003e-07,0
ecology1.mtx,16,2,CSC-control,wall,total,0.038699619999999997,0
ecology1.mtx,16,2,CSC-control,wall,native_call_and_free,0.038699109000000002,0
ecology1.mtx,16,2,DCSC-control,wall,total,0.040459807,0
ecology1.mtx,16,2,DCSC-control,wall,native_call_and_free,0.040459114999999997,0
ecology1.mtx,16,3,CombBLAS-control,wall,total,0.047357486999999997,0
ecology1.mtx,16,3,CombBLAS-control,wall,native_call_and_free,0.047356806000000001,0
ecology1.mtx,16,3,DCSC-control,wall,total,0.040767856999999998,0
ecology1.mtx,16,3,DCSC-control,wall,native_call_and_free,0.040767386000000003,0
ecology1.mtx,16,3,CSC-control,wall,total,0.038406809,0
ecology1.mtx,16,3,CSC-control,wall,native_call_and_free,0.038406528000000002,0
ecology1.mtx,16,3,Tuples-profile,wall,total,0.047611474000000001,0
ecology1.mtx,16,3,Tuples-profile,wall,validate,9.9199999999999999e-07,0
ecology1.mtx,16,3,Tuples-profile,wall,lookup_build,3.2099999999999998e-07,0
ecology1.mtx,16,3,Tuples-profile,wall,scratch_setup,0.001834067,0
ecology1.mtx,16,3,Tuples-profile,wall,work_bound,0.0021986079999999999,0
ecology1.mtx,16,3,Tuples-profile,wall,symbolic_capacity,0.0026712530000000002,0
ecology1.mtx,16,3,Tuples-profile,wall,symbolic,0.005394668,0
ecology1.mtx,16,3,Tuples-profile,wall,prefix_numeric_capacity,0.00072677400000000002,0
ecology1.mtx,16,3,Tuples-profile,wall,output_allocate,0.016287030000000001,0
ecology1.mtx,16,3,Tuples-profile,wall,numeric,0.018493692999999999,0
ecology1.mtx,16,3,Tuples-profile,wall,return_cleanup,3.6969999999999999e-06,0
ecology1.mtx,16,3,Tuples-profile,wall,output_free,3.0100000000000001e-07,0
ecology1.mtx,16,3,Tuples-control,wall,total,0.047904295999999999,0
ecology1.mtx,16,3,Tuples-control,wall,native_call_and_free,0.047903695000000003,0
ecology1.mtx,16,3,DCSC-dense-static,wall,total,0.036196227999999997,0
ecology1.mtx,16,3,DCSC-dense-static,wall,native_call_and_free,0.036195958,0
ecology1.mtx,16,3,DCSC-static,wall,total,0.037185817000000003,0
ecology1.mtx,16,3,DCSC-static,wall,native_call_and_free,0.037185276000000003,0
ecology1.mtx,16,3,DCSC-dense-lookup,wall,total,0.040409799000000003,0
ecology1.mtx,16,3,DCSC-dense-lookup,wall,native_call_and_free,0.040409420000000001,0
ecology1.mtx,16,3,CombBLAS-conversion,wall,total,0.096513213,0
ecology1.mtx,16,3,CombBLAS-conversion,wall,native_call,0.047585685000000003,0
ecology1.mtx,16,3,CombBLAS-conversion,wall,tuple_to_dcsc,0.048923479999999998,0
ecology1.mtx,16,3,CombBLAS-conversion,wall,dcsc_free,2.886e-06,0
ecology1.mtx,16,3,CombBLAS-conversion,wall,output_free,1.1119999999999999e-06,0
ecology1.mtx,16,3,CombBLAS-sampled,wall,total,0.048364207999999999,0
ecology1.mtx,16,3,CombBLAS-sampled,wall,lookup_build,0.00086338599999999995,0
ecology1.mtx,16,3,CombBLAS-sampled,wall,thread_setup,1.2473999999999999e-05,0
ecology1.mtx,16,3,CombBLAS-sampled,wall,work_bound,0.0038850120000000002,0
ecology1.mtx,16,3,CombBLAS-sampled,wall,work_prefix,0.00022064299999999999,0
ecology1.mtx,16,3,CombBLAS-sampled,wall,symbolic,0.0069678350000000003,0
ecology1.mtx,16,3,CombBLAS-sampled,wall,output_prefix,0.00013651200000000001,0
ecology1.mtx,16,3,CombBLAS-sampled,wall,output_allocate,0.016717135000000001,0
ecology1.mtx,16,3,CombBLAS-sampled,wall,numeric_scratch_setup,0.0031215280000000001,0
ecology1.mtx,16,3,CombBLAS-sampled,wall,numeric,0.016430896,0
ecology1.mtx,16,3,CombBLAS-sampled,wall,internal_cleanup,4.9799999999999998e-06,0
ecology1.mtx,16,3,CombBLAS-sampled,wall,return_cleanup,2.9249999999999999e-06,0
ecology1.mtx,16,3,CombBLAS-sampled,wall,output_free,8.2200000000000003e-07,0
ecology1.mtx,16,3,CombBLAS-sampled,sampled_worker,lookup,0.00066852699999999786,8197
ecology1.mtx,16,3,CombBLAS-sampled,sampled_worker,alloc_init,0.00042079700000000216,8197
ecology1.mtx,16,3,CombBLAS-sampled,sampled_worker,lookup_multiply_hash,0.00082562900000000448,8197
ecology1.mtx,16,3,CombBLAS-sampled,sampled_worker,compact,0.00041915700000000024,8197
ecology1.mtx,16,3,CombBLAS-sampled,sampled_worker,sort,0.00060795699999999903,8197
ecology1.mtx,16,3,CombBLAS-sampled,sampled_worker,write,0.00032980599999999781,8197
ecology1.mtx,16,3,CombBLAS-sampled,sampled_worker,scratch_free,0.00032825999999999797,8197
ecology1.mtx,16,3,DCSC-sampled,wall,total,0.040178526999999999,0
ecology1.mtx,16,3,DCSC-sampled,wall,validate,6.8199999999999999e-07,0
ecology1.mtx,16,3,DCSC-sampled,wall,lookup_build,5.2099999999999997e-07,0
ecology1.mtx,16,3,DCSC-sampled,wall,scratch_setup,0.0016127629999999999,0
ecology1.mtx,16,3,DCSC-sampled,wall,work_bound,0.0024509010000000001,0
ecology1.mtx,16,3,DCSC-sampled,wall,symbolic_capacity,0.0023819890000000002,0
ecology1.mtx,16,3,DCSC-sampled,wall,symbolic,0.0051783230000000003,0
ecology1.mtx,16,3,DCSC-sampled,wall,prefix_numeric_capacity,0.00073909699999999997,0
ecology1.mtx,16,3,DCSC-sampled,wall,output_allocate,0.012340471,0
ecology1.mtx,16,3,DCSC-sampled,wall,numeric,0.015469922000000001,0
ecology1.mtx,16,3,DCSC-sampled,wall,return_cleanup,2.836e-06,0
ecology1.mtx,16,3,DCSC-sampled,wall,output_free,9.6200000000000006e-07,0
ecology1.mtx,16,3,DCSC-sampled,sampled_worker,lookup,0,8197
ecology1.mtx,16,3,DCSC-sampled,sampled_worker,alloc_init,0.0003537789999999984,8197
ecology1.mtx,16,3,DCSC-sampled,sampled_worker,lookup_multiply_hash,0.001151055000000002,8197
ecology1.mtx,16,3,DCSC-sampled,sampled_worker,compact,0.00040159200000000053,8197
ecology1.mtx,16,3,DCSC-sampled,sampled_worker,sort,0.00071251099999999879,8197
ecology1.mtx,16,3,DCSC-sampled,sampled_worker,write,0.00046168399999999812,8197
ecology1.mtx,16,3,DCSC-sampled,sampled_worker,scratch_free,0.00041176399999999849,8197
ecology1.mtx,16,3,CombBLAS-profile,wall,total,0.048203128999999997,0
ecology1.mtx,16,3,CombBLAS-profile,wall,lookup_build,0.00080221899999999996,0
ecology1.mtx,16,3,CombBLAS-profile,wall,thread_setup,1.0159e-05,0
ecology1.mtx,16,3,CombBLAS-profile,wall,work_bound,0.0038735800000000002,0
ecology1.mtx,16,3,CombBLAS-profile,wall,work_prefix,0.00022802799999999999,0
ecology1.mtx,16,3,CombBLAS-profile,wall,symbolic,0.0071944490000000003,0
ecology1.mtx,16,3,CombBLAS-profile,wall,output_prefix,0.000165057,0
ecology1.mtx,16,3,CombBLAS-profile,wall,output_allocate,0.016558862000000001,0
ecology1.mtx,16,3,CombBLAS-profile,wall,numeric_scratch_setup,0.0031402729999999998,0
ecology1.mtx,16,3,CombBLAS-profile,wall,numeric,0.016223728999999999,0
ecology1.mtx,16,3,CombBLAS-profile,wall,internal_cleanup,2.8459999999999999e-06,0
ecology1.mtx,16,3,CombBLAS-profile,wall,return_cleanup,2.745e-06,0
ecology1.mtx,16,3,CombBLAS-profile,wall,output_free,1.1119999999999999e-06,0
ecology1.mtx,16,3,DCSC-profile,wall,total,0.040234604,0
ecology1.mtx,16,3,DCSC-profile,wall,validate,5.1099999999999996e-07,0
ecology1.mtx,16,3,DCSC-profile,wall,lookup_build,2.6100000000000002e-07,0
ecology1.mtx,16,3,DCSC-profile,wall,scratch_setup,0.0016701730000000001,0
ecology1.mtx,16,3,DCSC-profile,wall,work_bound,0.0023753759999999998,0
ecology1.mtx,16,3,DCSC-profile,wall,symbolic_capacity,0.0024583859999999999,0
ecology1.mtx,16,3,DCSC-profile,wall,symbolic,0.0050281040000000003,0
ecology1.mtx,16,3,DCSC-profile,wall,prefix_numeric_capacity,0.00074018,0
ecology1.mtx,16,3,DCSC-profile,wall,output_allocate,0.012479537000000001,0
ecology1.mtx,16,3,DCSC-profile,wall,numeric,0.015477578000000001,0
ecology1.mtx,16,3,DCSC-profile,wall,return_cleanup,3.4259999999999999e-06,0
ecology1.mtx,16,3,DCSC-profile,wall,output_free,1.012e-06,0
ecology1.mtx,16,3,CSC-profile,wall,total,0.038713326999999999,0
ecology1.mtx,16,3,CSC-profile,wall,validate,1.0920000000000001e-06,0
ecology1.mtx,16,3,CSC-profile,wall,lookup_build,4.0000000000000001e-08,0
ecology1.mtx,16,3,CSC-profile,wall,scratch_setup,0.0019789360000000001,0
ecology1.mtx,16,3,CSC-profile,wall,work_bound,0.0020835960000000001,0
ecology1.mtx,16,3,CSC-profile,wall,symbolic_capacity,0.002430612,0
ecology1.mtx,16,3,CSC-profile,wall,symbolic,0.0047427980000000003,0
ecology1.mtx,16,3,CSC-profile,wall,prefix_numeric_capacity,0.00072977899999999995,0
ecology1.mtx,16,3,CSC-profile,wall,output_allocate,0.011028474,0
ecology1.mtx,16,3,CSC-profile,wall,numeric,0.015712508,0
ecology1.mtx,16,3,CSC-profile,wall,return_cleanup,4.4089999999999996e-06,0
ecology1.mtx,16,3,CSC-profile,wall,output_free,1.0210000000000001e-06,0
ecology1.mtx,16,4,DCSC-profile,wall,total,0.040739813,0
ecology1.mtx,16,4,DCSC-profile,wall,validate,5.1099999999999996e-07,0
ecology1.mtx,16,4,DCSC-profile,wall,lookup_build,4.5999999999999999e-07,0
ecology1.mtx,16,4,DCSC-profile,wall,scratch_setup,0.0017522410000000001,0
ecology1.mtx,16,4,DCSC-profile,wall,work_bound,0.0021598939999999999,0
ecology1.mtx,16,4,DCSC-profile,wall,symbolic_capacity,0.0030894659999999999,0
ecology1.mtx,16,4,DCSC-profile,wall,symbolic,0.0051895040000000002,0
ecology1.mtx,16,4,DCSC-profile,wall,prefix_numeric_capacity,0.00072794600000000004,0
ecology1.mtx,16,4,DCSC-profile,wall,output_allocate,0.012410064,0
ecology1.mtx,16,4,DCSC-profile,wall,numeric,0.0154059,0
ecology1.mtx,16,4,DCSC-profile,wall,return_cleanup,2.6450000000000001e-06,0
ecology1.mtx,16,4,DCSC-profile,wall,output_free,1.1119999999999999e-06,0
ecology1.mtx,16,4,CombBLAS-profile,wall,total,0.048444221000000003,0
ecology1.mtx,16,4,CombBLAS-profile,wall,lookup_build,0.00080081599999999998,0
ecology1.mtx,16,4,CombBLAS-profile,wall,thread_setup,1.0009e-05,0
ecology1.mtx,16,4,CombBLAS-profile,wall,work_bound,0.0038941100000000001,0
ecology1.mtx,16,4,CombBLAS-profile,wall,work_prefix,0.000230051,0
ecology1.mtx,16,4,CombBLAS-profile,wall,symbolic,0.0071444539999999997,0
ecology1.mtx,16,4,CombBLAS-profile,wall,output_prefix,0.00016565699999999999,0
ecology1.mtx,16,4,CombBLAS-profile,wall,output_allocate,0.016604549999999999,0
ecology1.mtx,16,4,CombBLAS-profile,wall,numeric_scratch_setup,0.0033045380000000001,0
ecology1.mtx,16,4,CombBLAS-profile,wall,numeric,0.016282841999999999,0
ecology1.mtx,16,4,CombBLAS-profile,wall,internal_cleanup,3.146e-06,0
ecology1.mtx,16,4,CombBLAS-profile,wall,return_cleanup,3.016e-06,0
ecology1.mtx,16,4,CombBLAS-profile,wall,output_free,9.7199999999999997e-07,0
ecology1.mtx,16,4,DCSC-sampled,wall,total,0.040394441000000003,0
ecology1.mtx,16,4,DCSC-sampled,wall,validate,7.0200000000000001e-07,0
ecology1.mtx,16,4,DCSC-sampled,wall,lookup_build,2.8000000000000002e-07,0
ecology1.mtx,16,4,DCSC-sampled,wall,scratch_setup,0.001691966,0
ecology1.mtx,16,4,DCSC-sampled,wall,work_bound,0.0024079280000000002,0
ecology1.mtx,16,4,DCSC-sampled,wall,symbolic_capacity,0.0023940720000000001,0
ecology1.mtx,16,4,DCSC-sampled,wall,symbolic,0.0053475170000000004,0
ecology1.mtx,16,4,DCSC-sampled,wall,prefix_numeric_capacity,0.00073419900000000005,0
ecology1.mtx,16,4,DCSC-sampled,wall,output_allocate,0.01240313,0
ecology1.mtx,16,4,DCSC-sampled,wall,numeric,0.015409157,0
ecology1.mtx,16,4,DCSC-sampled,wall,return_cleanup,4.0779999999999997e-06,0
ecology1.mtx,16,4,DCSC-sampled,wall,output_free,1.342e-06,0
ecology1.mtx,16,4,DCSC-sampled,sampled_worker,lookup,0,8197
ecology1.mtx,16,4,DCSC-sampled,sampled_worker,alloc_init,0.0003467959999999985,8197
ecology1.mtx,16,4,DCSC-sampled,sampled_worker,lookup_multiply_hash,0.0011539430000000021,8197
ecology1.mtx,16,4,DCSC-sampled,sampled_worker,compact,0.00039851300000000062,8197
ecology1.mtx,16,4,DCSC-sampled,sampled_worker,sort,0.00073555399999999872,8197
ecology1.mtx,16,4,DCSC-sampled,sampled_worker,write,0.0004665609999999981,8197
ecology1.mtx,16,4,DCSC-sampled,sampled_worker,scratch_free,0.00040306699999999844,8197
ecology1.mtx,16,4,CombBLAS-sampled,wall,total,0.048586324,0
ecology1.mtx,16,4,CombBLAS-sampled,wall,lookup_build,0.00088539900000000004,0
ecology1.mtx,16,4,CombBLAS-sampled,wall,thread_setup,8.0350000000000001e-06,0
ecology1.mtx,16,4,CombBLAS-sampled,wall,work_bound,0.0039197679999999997,0
ecology1.mtx,16,4,CombBLAS-sampled,wall,work_prefix,0.00023157399999999999,0
ecology1.mtx,16,4,CombBLAS-sampled,wall,symbolic,0.006961694,0
ecology1.mtx,16,4,CombBLAS-sampled,wall,output_prefix,0.000173463,0
ecology1.mtx,16,4,CombBLAS-sampled,wall,output_allocate,0.017057708000000001,0
ecology1.mtx,16,4,CombBLAS-sampled,wall,numeric_scratch_setup,0.0030253530000000002,0
ecology1.mtx,16,4,CombBLAS-sampled,wall,numeric,0.016315355,0
ecology1.mtx,16,4,CombBLAS-sampled,wall,internal_cleanup,3.5760000000000002e-06,0
ecology1.mtx,16,4,CombBLAS-sampled,wall,return_cleanup,3.3670000000000001e-06,0
ecology1.mtx,16,4,CombBLAS-sampled,wall,output_free,9.6200000000000006e-07,0
ecology1.mtx,16,4,CombBLAS-sampled,sampled_worker,lookup,0.00066990199999999783,8197
ecology1.mtx,16,4,CombBLAS-sampled,sampled_worker,alloc_init,0.00041749500000000215,8197
ecology1.mtx,16,4,CombBLAS-sampled,sampled_worker,lookup_multiply_hash,0.00082866100000000473,8197
ecology1.mtx,16,4,CombBLAS-sampled,sampled_worker,compact,0.00039295900000000013,8197
ecology1.mtx,16,4,CombBLAS-sampled,sampled_worker,sort,0.00060906799999999907,8197
ecology1.mtx,16,4,CombBLAS-sampled,sampled_worker,write,0.00033084999999999777,8197
ecology1.mtx,16,4,CombBLAS-sampled,sampled_worker,scratch_free,0.00032719299999999792,8197
ecology1.mtx,16,4,CombBLAS-conversion,wall,total,0.097202083999999994,0
ecology1.mtx,16,4,CombBLAS-conversion,wall,native_call,0.048338498000000001,0
ecology1.mtx,16,4,CombBLAS-conversion,wall,tuple_to_dcsc,0.048859858999999999,0
ecology1.mtx,16,4,CombBLAS-conversion,wall,dcsc_free,3.2459999999999999e-06,0
ecology1.mtx,16,4,CombBLAS-conversion,wall,output_free,4.2100000000000002e-07,0
ecology1.mtx,16,4,DCSC-dense-lookup,wall,total,0.039361891000000003,0
ecology1.mtx,16,4,DCSC-dense-lookup,wall,native_call_and_free,0.039361599999999997,0
ecology1.mtx,16,4,DCSC-static,wall,total,0.036782303000000002,0
ecology1.mtx,16,4,DCSC-static,wall,native_call_and_free,0.036781991999999999,0
ecology1.mtx,16,4,DCSC-dense-static,wall,total,0.036685556000000001,0
ecology1.mtx,16,4,DCSC-dense-static,wall,native_call_and_free,0.036684725000000001,0
ecology1.mtx,16,4,Tuples-control,wall,total,0.047809393999999998,0
ecology1.mtx,16,4,Tuples-control,wall,native_call_and_free,0.047808903,0
ecology1.mtx,16,4,Tuples-profile,wall,total,0.047766372000000001,0
ecology1.mtx,16,4,Tuples-profile,wall,validate,2.8999999999999998e-07,0
ecology1.mtx,16,4,Tuples-profile,wall,lookup_build,4.8100000000000003e-07,0
ecology1.mtx,16,4,Tuples-profile,wall,scratch_setup,0.00176202,0
ecology1.mtx,16,4,Tuples-profile,wall,work_bound,0.0022858539999999999,0
ecology1.mtx,16,4,Tuples-profile,wall,symbolic_capacity,0.0026356050000000001,0
ecology1.mtx,16,4,Tuples-profile,wall,symbolic,0.0055490340000000004,0
ecology1.mtx,16,4,Tuples-profile,wall,prefix_numeric_capacity,0.00071658500000000005,0
ecology1.mtx,16,4,Tuples-profile,wall,output_allocate,0.016500991,0
ecology1.mtx,16,4,Tuples-profile,wall,numeric,0.018311172000000001,0
ecology1.mtx,16,4,Tuples-profile,wall,return_cleanup,3.4369999999999999e-06,0
ecology1.mtx,16,4,Tuples-profile,wall,output_free,8.3099999999999996e-07,0
ecology1.mtx,16,4,CSC-control,wall,total,0.038721933,0
ecology1.mtx,16,4,CSC-control,wall,native_call_and_free,0.038721452000000003,0
ecology1.mtx,16,4,DCSC-control,wall,total,0.040443875999999997,0
ecology1.mtx,16,4,DCSC-control,wall,native_call_and_free,0.040443535000000003,0
ecology1.mtx,16,4,CombBLAS-control,wall,total,0.047246915,0
ecology1.mtx,16,4,CombBLAS-control,wall,native_call_and_free,0.047246021999999999,0
ecology1.mtx,16,4,CSC-profile,wall,total,0.038717354000000002,0
ecology1.mtx,16,4,CSC-profile,wall,validate,6.7100000000000001e-07,0
ecology1.mtx,16,4,CSC-profile,wall,lookup_build,2.9999999999999997e-08,0
ecology1.mtx,16,4,CSC-profile,wall,scratch_setup,0.0015972040000000001,0
ecology1.mtx,16,4,CSC-profile,wall,work_bound,0.0023511700000000001,0
ecology1.mtx,16,4,CSC-profile,wall,symbolic_capacity,0.0025332280000000002,0
ecology1.mtx,16,4,CSC-profile,wall,symbolic,0.0046428160000000001,0
ecology1.mtx,16,4,CSC-profile,wall,prefix_numeric_capacity,0.000754647,0
ecology1.mtx,16,4,CSC-profile,wall,output_allocate,0.010968629000000001,0
ecology1.mtx,16,4,CSC-profile,wall,numeric,0.015864841000000001,0
ecology1.mtx,16,4,CSC-profile,wall,return_cleanup,3.0060000000000001e-06,0
ecology1.mtx,16,4,CSC-profile,wall,output_free,1.0419999999999999e-06,0
ecology1.mtx,16,5,DCSC-profile,wall,total,0.040390613999999998,0
ecology1.mtx,16,5,DCSC-profile,wall,validate,4.6100000000000001e-07,0
ecology1.mtx,16,5,DCSC-profile,wall,lookup_build,6.0100000000000005e-07,0
ecology1.mtx,16,5,DCSC-profile,wall,scratch_setup,0.0019870420000000001,0
ecology1.mtx,16,5,DCSC-profile,wall,work_bound,0.0021633289999999999,0
ecology1.mtx,16,5,DCSC-profile,wall,symbolic_capacity,0.0024148020000000002,0
ecology1.mtx,16,5,DCSC-profile,wall,symbolic,0.0052517930000000003,0
ecology1.mtx,16,5,DCSC-profile,wall,prefix_numeric_capacity,0.00072817699999999999,0
ecology1.mtx,16,5,DCSC-profile,wall,output_allocate,0.012405405,0
ecology1.mtx,16,5,DCSC-profile,wall,numeric,0.015434626,0
ecology1.mtx,16,5,DCSC-profile,wall,return_cleanup,3.2459999999999999e-06,0
ecology1.mtx,16,5,DCSC-profile,wall,output_free,1.0720000000000001e-06,0
ecology1.mtx,16,5,CSC-profile,wall,total,0.038423510000000001,0
ecology1.mtx,16,5,CSC-profile,wall,validate,9.4200000000000004e-07,0
ecology1.mtx,16,5,CSC-profile,wall,lookup_build,4.0000000000000001e-08,0
ecology1.mtx,16,5,CSC-profile,wall,scratch_setup,0.00181957,0
ecology1.mtx,16,5,CSC-profile,wall,work_bound,0.0021114900000000002,0
ecology1.mtx,16,5,CSC-profile,wall,symbolic_capacity,0.0023919380000000001,0
ecology1.mtx,16,5,CSC-profile,wall,symbolic,0.0045996329999999997,0
ecology1.mtx,16,5,CSC-profile,wall,prefix_numeric_capacity,0.000734919,0
ecology1.mtx,16,5,CSC-profile,wall,output_allocate,0.01105244,0
ecology1.mtx,16,5,CSC-profile,wall,numeric,0.015708130000000001,0
ecology1.mtx,16,5,CSC-profile,wall,return_cleanup,3.4460000000000001e-06,0
ecology1.mtx,16,5,CSC-profile,wall,output_free,9.1200000000000001e-07,0
ecology1.mtx,16,5,CombBLAS-control,wall,total,0.04808904,0
ecology1.mtx,16,5,CombBLAS-control,wall,native_call_and_free,0.048088277999999998,0
ecology1.mtx,16,5,DCSC-control,wall,total,0.040624491999999998,0
ecology1.mtx,16,5,DCSC-control,wall,native_call_and_free,0.040624111999999997,0
ecology1.mtx,16,5,CSC-control,wall,total,0.038501250000000001,0
ecology1.mtx,16,5,CSC-control,wall,native_call_and_free,0.038500889000000003,0
ecology1.mtx,16,5,Tuples-profile,wall,total,0.048005289,0
ecology1.mtx,16,5,Tuples-profile,wall,validate,9.5199999999999995e-07,0
ecology1.mtx,16,5,Tuples-profile,wall,lookup_build,5.8100000000000003e-07,0
ecology1.mtx,16,5,Tuples-profile,wall,scratch_setup,0.0018695059999999999,0
ecology1.mtx,16,5,Tuples-profile,wall,work_bound,0.0022730799999999998,0
ecology1.mtx,16,5,Tuples-profile,wall,symbolic_capacity,0.0024202719999999998,0
ecology1.mtx,16,5,Tuples-profile,wall,symbolic,0.0053328689999999996,0
ecology1.mtx,16,5,Tuples-profile,wall,prefix_numeric_capacity,0.00072970000000000001,0
ecology1.mtx,16,5,Tuples-profile,wall,output_allocate,0.016853245999999999,0
ecology1.mtx,16,5,Tuples-profile,wall,numeric,0.018520865000000001,0
ecology1.mtx,16,5,Tuples-profile,wall,return_cleanup,3.7179999999999998e-06,0
ecology1.mtx,16,5,Tuples-profile,wall,output_free,4.4099999999999999e-07,0
ecology1.mtx,16,5,Tuples-control,wall,total,0.047716745999999997,0
ecology1.mtx,16,5,Tuples-control,wall,native_call_and_free,0.047716284999999997,0
ecology1.mtx,16,5,DCSC-dense-static,wall,total,0.036243188000000003,0
ecology1.mtx,16,5,DCSC-dense-static,wall,native_call_and_free,0.036242706999999999,0
ecology1.mtx,16,5,DCSC-static,wall,total,0.036946618000000001,0
ecology1.mtx,16,5,DCSC-static,wall,native_call_and_free,0.036946145999999999,0
ecology1.mtx,16,5,DCSC-dense-lookup,wall,total,0.040408407,0
ecology1.mtx,16,5,DCSC-dense-lookup,wall,native_call_and_free,0.040408127000000002,0
ecology1.mtx,16,5,CombBLAS-conversion,wall,total,0.096665335000000005,0
ecology1.mtx,16,5,CombBLAS-conversion,wall,native_call,0.047767754000000003,0
ecology1.mtx,16,5,CombBLAS-conversion,wall,tuple_to_dcsc,0.048893582999999997,0
ecology1.mtx,16,5,CombBLAS-conversion,wall,dcsc_free,3.066e-06,0
ecology1.mtx,16,5,CombBLAS-conversion,wall,output_free,8.7199999999999997e-07,0
ecology1.mtx,16,5,CombBLAS-sampled,wall,total,0.048059512999999998,0
ecology1.mtx,16,5,CombBLAS-sampled,wall,lookup_build,0.001005309,0
ecology1.mtx,16,5,CombBLAS-sampled,wall,thread_setup,1.076e-05,0
ecology1.mtx,16,5,CombBLAS-sampled,wall,work_bound,0.0038515480000000002,0
ecology1.mtx,16,5,CombBLAS-sampled,wall,work_prefix,0.00022466000000000001,0
ecology1.mtx,16,5,CombBLAS-sampled,wall,symbolic,0.0068530450000000003,0
ecology1.mtx,16,5,CombBLAS-sampled,wall,output_prefix,0.000135811,0
ecology1.mtx,16,5,CombBLAS-sampled,wall,output_allocate,0.016504126000000001,0
ecology1.mtx,16,5,CombBLAS-sampled,wall,numeric_scratch_setup,0.0030890760000000001,0
ecology1.mtx,16,5,CombBLAS-sampled,wall,numeric,0.016377442999999998,0
ecology1.mtx,16,5,CombBLAS-sampled,wall,internal_cleanup,3.8480000000000003e-06,0
ecology1.mtx,16,5,CombBLAS-sampled,wall,return_cleanup,3.0759999999999999e-06,0
ecology1.mtx,16,5,CombBLAS-sampled,wall,output_free,7.5099999999999999e-07,0
ecology1.mtx,16,5,CombBLAS-sampled,sampled_worker,lookup,0.00066597899999999775,8197
ecology1.mtx,16,5,CombBLAS-sampled,sampled_worker,alloc_init,0.00042031700000000224,8197
ecology1.mtx,16,5,CombBLAS-sampled,sampled_worker,lookup_multiply_hash,0.00082552600000000448,8197
ecology1.mtx,16,5,CombBLAS-sampled,sampled_worker,compact,0.00039309800000000015,8197
ecology1.mtx,16,5,CombBLAS-sampled,sampled_worker,sort,0.00060783999999999903,8197
ecology1.mtx,16,5,CombBLAS-sampled,sampled_worker,write,0.00032827199999999773,8197
ecology1.mtx,16,5,CombBLAS-sampled,sampled_worker,scratch_free,0.00032823399999999794,8197
ecology1.mtx,16,5,DCSC-sampled,wall,total,0.040342179999999998,0
ecology1.mtx,16,5,DCSC-sampled,wall,validate,7.2200000000000003e-07,0
ecology1.mtx,16,5,DCSC-sampled,wall,lookup_build,4.8100000000000003e-07,0
ecology1.mtx,16,5,DCSC-sampled,wall,scratch_setup,0.0016853219999999999,0
ecology1.mtx,16,5,DCSC-sampled,wall,work_bound,0.0024133789999999998,0
ecology1.mtx,16,5,DCSC-sampled,wall,symbolic_capacity,0.0024607000000000001,0
ecology1.mtx,16,5,DCSC-sampled,wall,symbolic,0.0051517120000000001,0
ecology1.mtx,16,5,DCSC-sampled,wall,prefix_numeric_capacity,0.00073057099999999995,0
ecology1.mtx,16,5,DCSC-sampled,wall,output_allocate,0.012475449,0
ecology1.mtx,16,5,DCSC-sampled,wall,numeric,0.015419176,0
ecology1.mtx,16,5,DCSC-sampled,wall,return_cleanup,3.056e-06,0
ecology1.mtx,16,5,DCSC-sampled,wall,output_free,1.5430000000000001e-06,0
ecology1.mtx,16,5,DCSC-sampled,sampled_worker,lookup,0,8197
ecology1.mtx,16,5,DCSC-sampled,sampled_worker,alloc_init,0.00035535299999999852,8197
ecology1.mtx,16,5,DCSC-sampled,sampled_worker,lookup_multiply_hash,0.0011382190000000022,8197
ecology1.mtx,16,5,DCSC-sampled,sampled_worker,compact,0.0004021920000000006,8197
ecology1.mtx,16,5,DCSC-sampled,sampled_worker,sort,0.00071766299999999859,8197
ecology1.mtx,16,5,DCSC-sampled,sampled_worker,write,0.00045481099999999816,8197
ecology1.mtx,16,5,DCSC-sampled,sampled_worker,scratch_free,0.00041843099999999846,8197
ecology1.mtx,16,5,CombBLAS-profile,wall,total,0.047965964,0
ecology1.mtx,16,5,CombBLAS-profile,wall,lookup_build,0.00094694600000000005,0
ecology1.mtx,16,5,CombBLAS-profile,wall,thread_setup,7.3050000000000004e-06,0
ecology1.mtx,16,5,CombBLAS-profile,wall,work_bound,0.0038648530000000001,0
ecology1.mtx,16,5,CombBLAS-profile,wall,work_prefix,0.000228037,0
ecology1.mtx,16,5,CombBLAS-profile,wall,symbolic,0.0068982219999999999,0
ecology1.mtx,16,5,CombBLAS-profile,wall,output_prefix,0.00017657799999999999,0
ecology1.mtx,16,5,CombBLAS-profile,wall,output_allocate,0.016664394999999999,0
ecology1.mtx,16,5,CombBLAS-profile,wall,numeric_scratch_setup,0.0030241399999999998,0
ecology1.mtx,16,5,CombBLAS-profile,wall,numeric,0.016148615000000002,0
ecology1.mtx,16,5,CombBLAS-profile,wall,internal_cleanup,3.106e-06,0
ecology1.mtx,16,5,CombBLAS-profile,wall,return_cleanup,2.7650000000000002e-06,0
ecology1.mtx,16,5,CombBLAS-profile,wall,output_free,9.3200000000000003e-07,0
ecology1.mtx,16,6,DCSC-sampled,wall,total,0.040337181,0
ecology1.mtx,16,6,DCSC-sampled,wall,validate,6.4099999999999998e-07,0
ecology1.mtx,16,6,DCSC-sampled,wall,lookup_build,2.3999999999999998e-07,0
ecology1.mtx,16,6,DCSC-sampled,wall,scratch_setup,0.0016326019999999999,0
ecology1.mtx,16,6,DCSC-sampled,wall,work_bound,0.0023733130000000002,0
ecology1.mtx,16,6,DCSC-sampled,wall,symbolic_capacity,0.0024536760000000001,0
ecology1.mtx,16,6,DCSC-sampled,wall,symbolic,0.0050072240000000002,0
ecology1.mtx,16,6,DCSC-sampled,wall,prefix_numeric_capacity,0.00075067000000000005,0
ecology1.mtx,16,6,DCSC-sampled,wall,output_allocate,0.012673149,0
ecology1.mtx,16,6,DCSC-sampled,wall,numeric,0.015440336000000001,0
ecology1.mtx,16,6,DCSC-sampled,wall,return_cleanup,3.7270000000000001e-06,0
ecology1.mtx,16,6,DCSC-sampled,wall,output_free,1.533e-06,0
ecology1.mtx,16,6,DCSC-sampled,sampled_worker,lookup,0,8197
ecology1.mtx,16,6,DCSC-sampled,sampled_worker,alloc_init,0.00035306899999999839,8197
ecology1.mtx,16,6,DCSC-sampled,sampled_worker,lookup_multiply_hash,0.0011412150000000023,8197
ecology1.mtx,16,6,DCSC-sampled,sampled_worker,compact,0.00039839000000000047,8197
ecology1.mtx,16,6,DCSC-sampled,sampled_worker,sort,0.00070561699999999899,8197
ecology1.mtx,16,6,DCSC-sampled,sampled_worker,write,0.00046482999999999811,8197
ecology1.mtx,16,6,DCSC-sampled,sampled_worker,scratch_free,0.00040779099999999849,8197
ecology1.mtx,16,6,CombBLAS-sampled,wall,total,0.048598948000000003,0
ecology1.mtx,16,6,CombBLAS-sampled,wall,lookup_build,0.00088684099999999997,0
ecology1.mtx,16,6,CombBLAS-sampled,wall,thread_setup,9.8789999999999998e-06,0
ecology1.mtx,16,6,CombBLAS-sampled,wall,work_bound,0.003842481,0
ecology1.mtx,16,6,CombBLAS-sampled,wall,work_prefix,0.00023476000000000001,0
ecology1.mtx,16,6,CombBLAS-sampled,wall,symbolic,0.0069017380000000001,0
ecology1.mtx,16,6,CombBLAS-sampled,wall,output_prefix,0.00016600799999999999,0
ecology1.mtx,16,6,CombBLAS-sampled,wall,output_allocate,0.016942267,0
ecology1.mtx,16,6,CombBLAS-sampled,wall,numeric_scratch_setup,0.003072333,0
ecology1.mtx,16,6,CombBLAS-sampled,wall,numeric,0.016535847999999999,0
ecology1.mtx,16,6,CombBLAS-sampled,wall,internal_cleanup,3.3560000000000001e-06,0
ecology1.mtx,16,6,CombBLAS-sampled,wall,return_cleanup,2.6359999999999998e-06,0
ecology1.mtx,16,6,CombBLAS-sampled,wall,output_free,7.3099999999999997e-07,0
ecology1.mtx,16,6,CombBLAS-sampled,sampled_worker,lookup,0.00066737499999999794,8197
ecology1.mtx,16,6,CombBLAS-sampled,sampled_worker,alloc_init,0.00041702600000000209,8197
ecology1.mtx,16,6,CombBLAS-sampled,sampled_worker,lookup_multiply_hash,0.00081545500000000464,8197
ecology1.mtx,16,6,CombBLAS-sampled,sampled_worker,compact,0.00038732299999999991,8197
ecology1.mtx,16,6,CombBLAS-sampled,sampled_worker,sort,0.00060374999999999936,8197
ecology1.mtx,16,6,CombBLAS-sampled,sampled_worker,write,0.00033204199999999778,8197
ecology1.mtx,16,6,CombBLAS-sampled,sampled_worker,scratch_free,0.00032983199999999795,8197
ecology1.mtx,16,6,CombBLAS-conversion,wall,total,0.096599467999999994,0
ecology1.mtx,16,6,CombBLAS-conversion,wall,native_call,0.047764336999999997,0
ecology1.mtx,16,6,CombBLAS-conversion,wall,tuple_to_dcsc,0.048831463999999998,0
ecology1.mtx,16,6,CombBLAS-conversion,wall,dcsc_free,2.5050000000000002e-06,0
ecology1.mtx,16,6,CombBLAS-conversion,wall,output_free,1.0920000000000001e-06,0
ecology1.mtx,16,6,DCSC-dense-lookup,wall,total,0.039389683000000002,0
ecology1.mtx,16,6,DCSC-dense-lookup,wall,native_call_and_free,0.039389383,0
ecology1.mtx,16,6,DCSC-static,wall,total,0.036737455000000002,0
ecology1.mtx,16,6,DCSC-static,wall,native_call_and_free,0.036737155000000001,0
ecology1.mtx,16,6,DCSC-dense-static,wall,total,0.036395952000000002,0
ecology1.mtx,16,6,DCSC-dense-static,wall,native_call_and_free,0.036395550999999998,0
ecology1.mtx,16,6,Tuples-control,wall,total,0.047894837000000003,0
ecology1.mtx,16,6,Tuples-control,wall,native_call_and_free,0.047894336000000003,0
ecology1.mtx,16,6,Tuples-profile,wall,total,0.047958961000000001,0
ecology1.mtx,16,6,Tuples-profile,wall,validate,3.1100000000000002e-07,0
ecology1.mtx,16,6,Tuples-profile,wall,lookup_build,4.51e-07,0
ecology1.mtx,16,6,Tuples-profile,wall,scratch_setup,0.001779222,0
ecology1.mtx,16,6,Tuples-profile,wall,work_bound,0.0022940009999999999,0
ecology1.mtx,16,6,Tuples-profile,wall,symbolic_capacity,0.0025632160000000001,0
ecology1.mtx,16,6,Tuples-profile,wall,symbolic,0.0055363299999999999,0
ecology1.mtx,16,6,Tuples-profile,wall,prefix_numeric_capacity,0.00073024099999999996,0
ecology1.mtx,16,6,Tuples-profile,wall,output_allocate,0.016738665999999999,0
ecology1.mtx,16,6,Tuples-profile,wall,numeric,0.018312826000000001,0
ecology1.mtx,16,6,Tuples-profile,wall,return_cleanup,2.7750000000000001e-06,0
ecology1.mtx,16,6,Tuples-profile,wall,output_free,8.6199999999999996e-07,0
ecology1.mtx,16,6,CSC-control,wall,total,0.038671927000000002,0
ecology1.mtx,16,6,CSC-control,wall,native_call_and_free,0.038671425000000002,0
ecology1.mtx,16,6,DCSC-control,wall,total,0.040460256999999999,0
ecology1.mtx,16,6,DCSC-control,wall,native_call_and_free,0.040459446000000003,0
ecology1.mtx,16,6,CombBLAS-control,wall,total,0.047637914000000003,0
ecology1.mtx,16,6,CombBLAS-control,wall,native_call_and_free,0.047637423999999998,0
ecology1.mtx,16,6,CSC-profile,wall,total,0.038747963000000003,0
ecology1.mtx,16,6,CSC-profile,wall,validate,6.5099999999999999e-07,0
ecology1.mtx,16,6,CSC-profile,wall,lookup_build,2.9999999999999997e-08,0
ecology1.mtx,16,6,CSC-profile,wall,scratch_setup,0.0016056,0
ecology1.mtx,16,6,CSC-profile,wall,work_bound,0.0025420450000000002,0
ecology1.mtx,16,6,CSC-profile,wall,symbolic_capacity,0.0023003429999999998,0
ecology1.mtx,16,6,CSC-profile,wall,symbolic,0.004625522,0
ecology1.mtx,16,6,CSC-profile,wall,prefix_numeric_capacity,0.00076739199999999999,0
ecology1.mtx,16,6,CSC-profile,wall,output_allocate,0.011005849999999999,0
ecology1.mtx,16,6,CSC-profile,wall,numeric,0.01589575,0
ecology1.mtx,16,6,CSC-profile,wall,return_cleanup,3.4070000000000002e-06,0
ecology1.mtx,16,6,CSC-profile,wall,output_free,1.302e-06,0
ecology1.mtx,16,6,DCSC-profile,wall,total,0.040506526000000001,0
ecology1.mtx,16,6,DCSC-profile,wall,validate,8.8199999999999998e-07,0
ecology1.mtx,16,6,DCSC-profile,wall,lookup_build,5.4099999999999999e-07,0
ecology1.mtx,16,6,DCSC-profile,wall,scratch_setup,0.001860048,0
ecology1.mtx,16,6,DCSC-profile,wall,work_bound,0.0021621570000000001,0
ecology1.mtx,16,6,DCSC-profile,wall,symbolic_capacity,0.0024484960000000001,0
ecology1.mtx,16,6,DCSC-profile,wall,symbolic,0.0053524169999999999,0
ecology1.mtx,16,6,DCSC-profile,wall,prefix_numeric_capacity,0.00074905700000000002,0
ecology1.mtx,16,6,DCSC-profile,wall,output_allocate,0.012529062000000001,0
ecology1.mtx,16,6,DCSC-profile,wall,numeric,0.015399077000000001,0
ecology1.mtx,16,6,DCSC-profile,wall,return_cleanup,3.366e-06,0
ecology1.mtx,16,6,DCSC-profile,wall,output_free,1.3629999999999999e-06,0
ecology1.mtx,16,6,CombBLAS-profile,wall,total,0.047986724000000001,0
ecology1.mtx,16,6,CombBLAS-profile,wall,lookup_build,0.00090574700000000004,0
ecology1.mtx,16,6,CombBLAS-profile,wall,thread_setup,8.2150000000000001e-06,0
ecology1.mtx,16,6,CombBLAS-profile,wall,work_bound,0.0038455669999999998,0
ecology1.mtx,16,6,CombBLAS-profile,wall,work_prefix,0.00022735600000000001,0
ecology1.mtx,16,6,CombBLAS-profile,wall,symbolic,0.0069633769999999998,0
ecology1.mtx,16,6,CombBLAS-profile,wall,output_prefix,0.00016111899999999999,0
ecology1.mtx,16,6,CombBLAS-profile,wall,output_allocate,0.016651338000000002,0
ecology1.mtx,16,6,CombBLAS-profile,wall,numeric_scratch_setup,0.0030386990000000002,0
ecology1.mtx,16,6,CombBLAS-profile,wall,numeric,0.016178001000000001,0
ecology1.mtx,16,6,CombBLAS-profile,wall,internal_cleanup,3.6569999999999999e-06,0
ecology1.mtx,16,6,CombBLAS-profile,wall,return_cleanup,2.9560000000000002e-06,0
ecology1.mtx,16,6,CombBLAS-profile,wall,output_free,6.1099999999999995e-07,0
ecology1.mtx,16,7,DCSC-sampled,wall,total,0.040486768999999999,0
ecology1.mtx,16,7,DCSC-sampled,wall,validate,4.4000000000000002e-07,0
ecology1.mtx,16,7,DCSC-sampled,wall,lookup_build,4.2100000000000002e-07,0
ecology1.mtx,16,7,DCSC-sampled,wall,scratch_setup,0.0015982150000000001,0
ecology1.mtx,16,7,DCSC-sampled,wall,work_bound,0.0025800089999999999,0
ecology1.mtx,16,7,DCSC-sampled,wall,symbolic_capacity,0.00234089,0
ecology1.mtx,16,7,DCSC-sampled,wall,symbolic,0.0050327940000000002,0
ecology1.mtx,16,7,DCSC-sampled,wall,prefix_numeric_capacity,0.0010165899999999999,0
ecology1.mtx,16,7,DCSC-sampled,wall,output_allocate,0.012514755000000001,0
ecology1.mtx,16,7,DCSC-sampled,wall,numeric,0.015399207,0
ecology1.mtx,16,7,DCSC-sampled,wall,return_cleanup,2.1739999999999999e-06,0
ecology1.mtx,16,7,DCSC-sampled,wall,output_free,1.2020000000000001e-06,0
ecology1.mtx,16,7,DCSC-sampled,sampled_worker,lookup,0,8197
ecology1.mtx,16,7,DCSC-sampled,sampled_worker,alloc_init,0.00034984399999999841,8197
ecology1.mtx,16,7,DCSC-sampled,sampled_worker,lookup_multiply_hash,0.0011813540000000021,8197
ecology1.mtx,16,7,DCSC-sampled,sampled_worker,compact,0.00039952200000000062,8197
ecology1.mtx,16,7,DCSC-sampled,sampled_worker,sort,0.00071086799999999883,8197
ecology1.mtx,16,7,DCSC-sampled,sampled_worker,write,0.00046086999999999815,8197
ecology1.mtx,16,7,DCSC-sampled,sampled_worker,scratch_free,0.00040287199999999856,8197
ecology1.mtx,16,7,CombBLAS-profile,wall,total,0.047747643999999999,0
ecology1.mtx,16,7,CombBLAS-profile,wall,lookup_build,0.00080690799999999995,0
ecology1.mtx,16,7,CombBLAS-profile,wall,thread_setup,7.2830000000000004e-06,0
ecology1.mtx,16,7,CombBLAS-profile,wall,work_bound,0.0038526300000000001,0
ecology1.mtx,16,7,CombBLAS-profile,wall,work_prefix,0.000229671,0
ecology1.mtx,16,7,CombBLAS-profile,wall,symbolic,0.0069116969999999996,0
ecology1.mtx,16,7,CombBLAS-profile,wall,output_prefix,0.000168293,0
ecology1.mtx,16,7,CombBLAS-profile,wall,output_allocate,0.01644317,0
ecology1.mtx,16,7,CombBLAS-profile,wall,numeric_scratch_setup,0.0030578549999999999,0
ecology1.mtx,16,7,CombBLAS-profile,wall,numeric,0.016262563000000001,0
ecology1.mtx,16,7,CombBLAS-profile,wall,internal_cleanup,3.9179999999999996e-06,0
ecology1.mtx,16,7,CombBLAS-profile,wall,return_cleanup,2.965e-06,0
ecology1.mtx,16,7,CombBLAS-profile,wall,output_free,6.0100000000000005e-07,0
ecology1.mtx,16,7,DCSC-profile,wall,total,0.041182793000000002,0
ecology1.mtx,16,7,DCSC-profile,wall,validate,4.6100000000000001e-07,0
ecology1.mtx,16,7,DCSC-profile,wall,lookup_build,4.1100000000000001e-07,0
ecology1.mtx,16,7,DCSC-profile,wall,scratch_setup,0.0015901000000000001,0
ecology1.mtx,16,7,DCSC-profile,wall,work_bound,0.0024030900000000001,0
ecology1.mtx,16,7,DCSC-profile,wall,symbolic_capacity,0.0032850510000000002,0
ecology1.mtx,16,7,DCSC-profile,wall,symbolic,0.0050173529999999996,0
ecology1.mtx,16,7,DCSC-profile,wall,prefix_numeric_capacity,0.00072507099999999998,0
ecology1.mtx,16,7,DCSC-profile,wall,output_allocate,0.012562276000000001,0
ecology1.mtx,16,7,DCSC-profile,wall,numeric,0.015594571999999999,0
ecology1.mtx,16,7,DCSC-profile,wall,return_cleanup,3.066e-06,0
ecology1.mtx,16,7,DCSC-profile,wall,output_free,1.2720000000000001e-06,0
ecology1.mtx,16,7,CSC-profile,wall,total,0.038086093000000001,0
ecology1.mtx,16,7,CSC-profile,wall,validate,6.3099999999999997e-07,0
ecology1.mtx,16,7,CSC-profile,wall,lookup_build,4.0000000000000001e-08,0
ecology1.mtx,16,7,CSC-profile,wall,scratch_setup,0.00178819,0
ecology1.mtx,16,7,CSC-profile,wall,work_bound,0.0021389730000000002,0
ecology1.mtx,16,7,CSC-profile,wall,symbolic_capacity,0.0021998999999999999,0
ecology1.mtx,16,7,CSC-profile,wall,symbolic,0.0046045119999999998,0
ecology1.mtx,16,7,CSC-profile,wall,prefix_numeric_capacity,0.00074478900000000004,0
ecology1.mtx,16,7,CSC-profile,wall,output_allocate,0.010962677000000001,0
ecology1.mtx,16,7,CSC-profile,wall,numeric,0.015641381999999999,0
ecology1.mtx,16,7,CSC-profile,wall,return_cleanup,3.3859999999999999e-06,0
ecology1.mtx,16,7,CSC-profile,wall,output_free,1.5540000000000001e-06,0
ecology1.mtx,16,7,CombBLAS-control,wall,total,0.047487705999999998,0
ecology1.mtx,16,7,CombBLAS-control,wall,native_call_and_free,0.047487214999999999,0
ecology1.mtx,16,7,DCSC-control,wall,total,0.041222039000000002,0
ecology1.mtx,16,7,DCSC-control,wall,native_call_and_free,0.041221568,0
ecology1.mtx,16,7,CSC-control,wall,total,0.038430143,0
ecology1.mtx,16,7,CSC-control,wall,native_call_and_free,0.038429532000000002,0
ecology1.mtx,16,7,Tuples-profile,wall,total,0.048061217000000003,0
ecology1.mtx,16,7,Tuples-profile,wall,validate,7.7199999999999998e-07,0
ecology1.mtx,16,7,Tuples-profile,wall,lookup_build,4.5999999999999999e-07,0
ecology1.mtx,16,7,Tuples-profile,wall,scratch_setup,0.0019288,0
ecology1.mtx,16,7,Tuples-profile,wall,work_bound,0.0022351670000000001,0
ecology1.mtx,16,7,Tuples-profile,wall,symbolic_capacity,0.0028043590000000002,0
ecology1.mtx,16,7,Tuples-profile,wall,symbolic,0.0053320379999999999,0
ecology1.mtx,16,7,Tuples-profile,wall,prefix_numeric_capacity,0.00075441699999999996,0
ecology1.mtx,16,7,Tuples-profile,wall,output_allocate,0.016549844000000001,0
ecology1.mtx,16,7,Tuples-profile,wall,numeric,0.018450059000000001,0
ecology1.mtx,16,7,Tuples-profile,wall,return_cleanup,4.5889999999999996e-06,0
ecology1.mtx,16,7,Tuples-profile,wall,output_free,6.5199999999999996e-07,0
ecology1.mtx,16,7,Tuples-control,wall,total,0.048366080999999998,0
ecology1.mtx,16,7,Tuples-control,wall,native_call_and_free,0.0483653,0
ecology1.mtx,16,7,DCSC-dense-static,wall,total,0.036415289000000003,0
ecology1.mtx,16,7,DCSC-dense-static,wall,native_call_and_free,0.036414787999999997,0
ecology1.mtx,16,7,DCSC-static,wall,total,0.037600320999999999,0
ecology1.mtx,16,7,DCSC-static,wall,native_call_and_free,0.037599789000000002,0
ecology1.mtx,16,7,DCSC-dense-lookup,wall,total,0.040407907,0
ecology1.mtx,16,7,DCSC-dense-lookup,wall,native_call_and_free,0.040407515999999997,0
ecology1.mtx,16,7,CombBLAS-conversion,wall,total,0.096436706999999997,0
ecology1.mtx,16,7,CombBLAS-conversion,wall,native_call,0.047679525,0
ecology1.mtx,16,7,CombBLAS-conversion,wall,tuple_to_dcsc,0.048752573,0
ecology1.mtx,16,7,CombBLAS-conversion,wall,dcsc_free,3.5559999999999999e-06,0
ecology1.mtx,16,7,CombBLAS-conversion,wall,output_free,1.0020000000000001e-06,0
ecology1.mtx,16,7,CombBLAS-sampled,wall,total,0.048089791,0
ecology1.mtx,16,7,CombBLAS-sampled,wall,lookup_build,0.00086138199999999995,0
ecology1.mtx,16,7,CombBLAS-sampled,wall,thread_setup,1.2805e-05,0
ecology1.mtx,16,7,CombBLAS-sampled,wall,work_bound,0.003885473,0
ecology1.mtx,16,7,CombBLAS-sampled,wall,work_prefix,0.00022281699999999999,0
ecology1.mtx,16,7,CombBLAS-sampled,wall,symbolic,0.0070771740000000003,0
ecology1.mtx,16,7,CombBLAS-sampled,wall,output_prefix,0.00013731400000000001,0
ecology1.mtx,16,7,CombBLAS-sampled,wall,output_allocate,0.016555464999999998,0
ecology1.mtx,16,7,CombBLAS-sampled,wall,numeric_scratch_setup,0.003116448,0
ecology1.mtx,16,7,CombBLAS-sampled,wall,numeric,0.016213538999999999,0
ecology1.mtx,16,7,CombBLAS-sampled,wall,internal_cleanup,3.6069999999999999e-06,0
ecology1.mtx,16,7,CombBLAS-sampled,wall,return_cleanup,2.8959999999999999e-06,0
ecology1.mtx,16,7,CombBLAS-sampled,wall,output_free,8.1100000000000005e-07,0
ecology1.mtx,16,7,CombBLAS-sampled,sampled_worker,lookup,0.000666235999999998,8197
ecology1.mtx,16,7,CombBLAS-sampled,sampled_worker,alloc_init,0.00042198100000000226,8197
ecology1.mtx,16,7,CombBLAS-sampled,sampled_worker,lookup_multiply_hash,0.00083625200000000466,8197
ecology1.mtx,16,7,CombBLAS-sampled,sampled_worker,compact,0.00039332899999999993,8197
ecology1.mtx,16,7,CombBLAS-sampled,sampled_worker,sort,0.00060936599999999877,8197
ecology1.mtx,16,7,CombBLAS-sampled,sampled_worker,write,0.00033016099999999771,8197
ecology1.mtx,16,7,CombBLAS-sampled,sampled_worker,scratch_free,0.00033548299999999797,8197
ecology1.mtx,16,8,CombBLAS-conversion,wall,total,0.097182747,0
ecology1.mtx,16,8,CombBLAS-conversion,wall,native_call,0.048373885999999998,0
ecology1.mtx,16,8,CombBLAS-conversion,wall,tuple_to_dcsc,0.048804963,0
ecology1.mtx,16,8,CombBLAS-conversion,wall,dcsc_free,2.8660000000000002e-06,0
ecology1.mtx,16,8,CombBLAS-conversion,wall,output_free,9.7199999999999997e-07,0
ecology1.mtx,16,8,DCSC-dense-lookup,wall,total,0.039315220999999997,0
ecology1.mtx,16,8,DCSC-dense-lookup,wall,native_call_and_free,0.039314951000000001,0
ecology1.mtx,16,8,DCSC-static,wall,total,0.036452078999999998,0
ecology1.mtx,16,8,DCSC-static,wall,native_call_and_free,0.036451609000000003,0
ecology1.mtx,16,8,DCSC-dense-static,wall,total,0.036952388000000003,0
ecology1.mtx,16,8,DCSC-dense-static,wall,native_call_and_free,0.036951827999999999,0
ecology1.mtx,16,8,Tuples-control,wall,total,0.047561258000000002,0
ecology1.mtx,16,8,Tuples-control,wall,native_call_and_free,0.047560565999999999,0
ecology1.mtx,16,8,Tuples-profile,wall,total,0.048052069000000003,0
ecology1.mtx,16,8,Tuples-profile,wall,validate,3.6100000000000002e-07,0
ecology1.mtx,16,8,Tuples-profile,wall,lookup_build,2.8099999999999999e-07,0
ecology1.mtx,16,8,Tuples-profile,wall,scratch_setup,0.001738234,0
ecology1.mtx,16,8,Tuples-profile,wall,work_bound,0.002290523,0
ecology1.mtx,16,8,Tuples-profile,wall,symbolic_capacity,0.0025768430000000001,0
ecology1.mtx,16,8,Tuples-profile,wall,symbolic,0.00544781,0
ecology1.mtx,16,8,Tuples-profile,wall,prefix_numeric_capacity,0.00073030000000000002,0
ecology1.mtx,16,8,Tuples-profile,wall,output_allocate,0.016951755999999998,0
ecology1.mtx,16,8,Tuples-profile,wall,numeric,0.018312695,0
ecology1.mtx,16,8,Tuples-profile,wall,return_cleanup,2.3250000000000002e-06,0
ecology1.mtx,16,8,Tuples-profile,wall,output_free,8.8199999999999998e-07,0
ecology1.mtx,16,8,CSC-control,wall,total,0.038692747,0
ecology1.mtx,16,8,CSC-control,wall,native_call_and_free,0.038692275999999998,0
ecology1.mtx,16,8,DCSC-control,wall,total,0.040755303999999999,0
ecology1.mtx,16,8,DCSC-control,wall,native_call_and_free,0.040754831999999998,0
ecology1.mtx,16,8,CombBLAS-control,wall,total,0.047439184000000002,0
ecology1.mtx,16,8,CombBLAS-control,wall,native_call_and_free,0.047438281999999998,0
ecology1.mtx,16,8,CSC-profile,wall,total,0.038978154000000001,0
ecology1.mtx,16,8,CSC-profile,wall,validate,6.7100000000000001e-07,0
ecology1.mtx,16,8,CSC-profile,wall,lookup_build,4.0000000000000001e-08,0
ecology1.mtx,16,8,CSC-profile,wall,scratch_setup,0.0016826580000000001,0
ecology1.mtx,16,8,CSC-profile,wall,work_bound,0.0025201030000000001,0
ecology1.mtx,16,8,CSC-profile,wall,symbolic_capacity,0.0024776630000000002,0
ecology1.mtx,16,8,CSC-profile,wall,symbolic,0.0045991820000000003,0
ecology1.mtx,16,8,CSC-profile,wall,prefix_numeric_capacity,0.00073404799999999995,0
ecology1.mtx,16,8,CSC-profile,wall,output_allocate,0.011058772,0
ecology1.mtx,16,8,CSC-profile,wall,numeric,0.015900808999999998,0
ecology1.mtx,16,8,CSC-profile,wall,return_cleanup,3.1259999999999998e-06,0
ecology1.mtx,16,8,CSC-profile,wall,output_free,1.0219999999999999e-06,0
ecology1.mtx,16,8,DCSC-profile,wall,total,0.040122578999999998,0
ecology1.mtx,16,8,DCSC-profile,wall,validate,6.2099999999999996e-07,0
ecology1.mtx,16,8,DCSC-profile,wall,lookup_build,4.4999999999999998e-07,0
ecology1.mtx,16,8,DCSC-profile,wall,scratch_setup,0.0018630140000000001,0
ecology1.mtx,16,8,DCSC-profile,wall,work_bound,0.0021817149999999999,0
ecology1.mtx,16,8,DCSC-profile,wall,symbolic_capacity,0.002368392,0
ecology1.mtx,16,8,DCSC-profile,wall,symbolic,0.0051926200000000002,0
ecology1.mtx,16,8,DCSC-profile,wall,prefix_numeric_capacity,0.00073241500000000004,0
ecology1.mtx,16,8,DCSC-profile,wall,output_allocate,0.012392019000000001,0
ecology1.mtx,16,8,DCSC-profile,wall,numeric,0.015388107,0
ecology1.mtx,16,8,DCSC-profile,wall,return_cleanup,2.1440000000000001e-06,0
ecology1.mtx,16,8,DCSC-profile,wall,output_free,1.0109999999999999e-06,0
ecology1.mtx,16,8,CombBLAS-profile,wall,total,0.048015870000000002,0
ecology1.mtx,16,8,CombBLAS-profile,wall,lookup_build,0.00077824199999999995,0
ecology1.mtx,16,8,CombBLAS-profile,wall,thread_setup,9.8889999999999997e-06,0
ecology1.mtx,16,8,CombBLAS-profile,wall,work_bound,0.0038741719999999999,0
ecology1.mtx,16,8,CombBLAS-profile,wall,work_prefix,0.000230442,0
ecology1.mtx,16,8,CombBLAS-profile,wall,symbolic,0.0071296249999999997,0
ecology1.mtx,16,8,CombBLAS-profile,wall,output_prefix,0.00016385400000000001,0
ecology1.mtx,16,8,CombBLAS-profile,wall,output_allocate,0.016504588000000001,0
ecology1.mtx,16,8,CombBLAS-profile,wall,numeric_scratch_setup,0.003131296,0
ecology1.mtx,16,8,CombBLAS-profile,wall,numeric,0.016187369,0
ecology1.mtx,16,8,CombBLAS-profile,wall,internal_cleanup,2.976e-06,0
ecology1.mtx,16,8,CombBLAS-profile,wall,return_cleanup,2.785e-06,0
ecology1.mtx,16,8,CombBLAS-profile,wall,output_free,5.6100000000000001e-07,0
ecology1.mtx,16,8,DCSC-sampled,wall,total,0.04036816,0
ecology1.mtx,16,8,DCSC-sampled,wall,validate,5.3099999999999998e-07,0
ecology1.mtx,16,8,DCSC-sampled,wall,lookup_build,2.4999999999999999e-07,0
ecology1.mtx,16,8,DCSC-sampled,wall,scratch_setup,0.001637381,0
ecology1.mtx,16,8,DCSC-sampled,wall,work_bound,0.0026065400000000001,0
ecology1.mtx,16,8,DCSC-sampled,wall,symbolic_capacity,0.0023829300000000001,0
ecology1.mtx,16,8,DCSC-sampled,wall,symbolic,0.0052369560000000001,0
ecology1.mtx,16,8,DCSC-sampled,wall,prefix_numeric_capacity,0.00073517999999999999,0
ecology1.mtx,16,8,DCSC-sampled,wall,output_allocate,0.012351531000000001,0
ecology1.mtx,16,8,DCSC-sampled,wall,numeric,0.015412343,0
ecology1.mtx,16,8,DCSC-sampled,wall,return_cleanup,3.4369999999999999e-06,0
ecology1.mtx,16,8,DCSC-sampled,wall,output_free,1.0109999999999999e-06,0
ecology1.mtx,16,8,DCSC-sampled,sampled_worker,lookup,0,8197
ecology1.mtx,16,8,DCSC-sampled,sampled_worker,alloc_init,0.00035038799999999841,8197
ecology1.mtx,16,8,DCSC-sampled,sampled_worker,lookup_multiply_hash,0.0011652870000000025,8197
ecology1.mtx,16,8,DCSC-sampled,sampled_worker,compact,0.00039980400000000051,8197
ecology1.mtx,16,8,DCSC-sampled,sampled_worker,sort,0.00072278299999999854,8197
ecology1.mtx,16,8,DCSC-sampled,sampled_worker,write,0.00046853499999999812,8197
ecology1.mtx,16,8,DCSC-sampled,sampled_worker,scratch_free,0.00040787099999999845,8197
ecology1.mtx,16,8,CombBLAS-sampled,wall,total,0.048315164000000001,0
ecology1.mtx,16,8,CombBLAS-sampled,wall,lookup_build,0.00079646700000000003,0
ecology1.mtx,16,8,CombBLAS-sampled,wall,thread_setup,1.0730999999999999e-05,0
ecology1.mtx,16,8,CombBLAS-sampled,wall,work_bound,0.0039319120000000001,0
ecology1.mtx,16,8,CombBLAS-sampled,wall,work_prefix,0.00022791700000000001,0
ecology1.mtx,16,8,CombBLAS-sampled,wall,symbolic,0.0070186420000000003,0
ecology1.mtx,16,8,CombBLAS-sampled,wall,output_prefix,0.00017591800000000001,0
ecology1.mtx,16,8,CombBLAS-sampled,wall,output_allocate,0.016595561000000002,0
ecology1.mtx,16,8,CombBLAS-sampled,wall,numeric_scratch_setup,0.0031500429999999999,0
ecology1.mtx,16,8,CombBLAS-sampled,wall,numeric,0.016400377000000001,0
ecology1.mtx,16,8,CombBLAS-sampled,wall,internal_cleanup,4.3590000000000001e-06,0
ecology1.mtx,16,8,CombBLAS-sampled,wall,return_cleanup,2.3640000000000002e-06,0
ecology1.mtx,16,8,CombBLAS-sampled,wall,output_free,8.2200000000000003e-07,0
ecology1.mtx,16,8,CombBLAS-sampled,sampled_worker,lookup,0.00066386399999999806,8197
ecology1.mtx,16,8,CombBLAS-sampled,sampled_worker,alloc_init,0.00041823300000000217,8197
ecology1.mtx,16,8,CombBLAS-sampled,sampled_worker,lookup_multiply_hash,0.0008294660000000045,8197
ecology1.mtx,16,8,CombBLAS-sampled,sampled_worker,compact,0.00038990299999999982,8197
ecology1.mtx,16,8,CombBLAS-sampled,sampled_worker,sort,0.00060684299999999906,8197
ecology1.mtx,16,8,CombBLAS-sampled,sampled_worker,write,0.00033196999999999773,8197
ecology1.mtx,16,8,CombBLAS-sampled,sampled_worker,scratch_free,0.00036969499999999801,8197
ecology1.mtx,16,9,CombBLAS-conversion,wall,total,0.096853245000000004,0
ecology1.mtx,16,9,CombBLAS-conversion,wall,native_call,0.048236292,0
ecology1.mtx,16,9,CombBLAS-conversion,wall,tuple_to_dcsc,0.048613024999999997,0
ecology1.mtx,16,9,CombBLAS-conversion,wall,dcsc_free,3.0860000000000002e-06,0
ecology1.mtx,16,9,CombBLAS-conversion,wall,output_free,7.9100000000000003e-07,0
ecology1.mtx,16,9,CombBLAS-sampled,wall,total,0.047912060999999999,0
ecology1.mtx,16,9,CombBLAS-sampled,wall,lookup_build,0.0010207479999999999,0
ecology1.mtx,16,9,CombBLAS-sampled,wall,thread_setup,1.1251e-05,0
ecology1.mtx,16,9,CombBLAS-sampled,wall,work_bound,0.0037931359999999999,0
ecology1.mtx,16,9,CombBLAS-sampled,wall,work_prefix,0.00022257700000000001,0
ecology1.mtx,16,9,CombBLAS-sampled,wall,symbolic,0.0069150840000000002,0
ecology1.mtx,16,9,CombBLAS-sampled,wall,output_prefix,0.00014470800000000001,0
ecology1.mtx,16,9,CombBLAS-sampled,wall,output_allocate,0.016422049000000001,0
ecology1.mtx,16,9,CombBLAS-sampled,wall,numeric_scratch_setup,0.003017437,0
ecology1.mtx,16,9,CombBLAS-sampled,wall,numeric,0.016357325999999998,0
ecology1.mtx,16,9,CombBLAS-sampled,wall,internal_cleanup,3.9870000000000001e-06,0
ecology1.mtx,16,9,CombBLAS-sampled,wall,return_cleanup,3.066e-06,0
ecology1.mtx,16,9,CombBLAS-sampled,wall,output_free,6.2200000000000004e-07,0
ecology1.mtx,16,9,CombBLAS-sampled,sampled_worker,lookup,0.00067056099999999791,8197
ecology1.mtx,16,9,CombBLAS-sampled,sampled_worker,alloc_init,0.00041848100000000212,8197
ecology1.mtx,16,9,CombBLAS-sampled,sampled_worker,lookup_multiply_hash,0.0008253080000000043,8197
ecology1.mtx,16,9,CombBLAS-sampled,sampled_worker,compact,0.00037757599999999953,8197
ecology1.mtx,16,9,CombBLAS-sampled,sampled_worker,sort,0.00059800799999999927,8197
ecology1.mtx,16,9,CombBLAS-sampled,sampled_worker,write,0.00032862599999999772,8197
ecology1.mtx,16,9,CombBLAS-sampled,sampled_worker,scratch_free,0.00032711799999999793,8197
ecology1.mtx,16,9,DCSC-sampled,wall,total,0.040237961000000003,0
ecology1.mtx,16,9,DCSC-sampled,wall,validate,4.9100000000000004e-07,0
ecology1.mtx,16,9,DCSC-sampled,wall,lookup_build,4.9100000000000004e-07,0
ecology1.mtx,16,9,DCSC-sampled,wall,scratch_setup,0.0016080440000000001,0
ecology1.mtx,16,9,DCSC-sampled,wall,work_bound,0.0024209230000000002,0
ecology1.mtx,16,9,DCSC-sampled,wall,symbolic_capacity,0.002344357,0
ecology1.mtx,16,9,DCSC-sampled,wall,symbolic,0.0051860179999999997,0
ecology1.mtx,16,9,DCSC-sampled,wall,prefix_numeric_capacity,0.00075797400000000002,0
ecology1.mtx,16,9,DCSC-sampled,wall,output_allocate,0.012493113,0
ecology1.mtx,16,9,DCSC-sampled,wall,numeric,0.015421610000000001,0
ecology1.mtx,16,9,DCSC-sampled,wall,return_cleanup,3.8079999999999998e-06,0
ecology1.mtx,16,9,DCSC-sampled,wall,output_free,1.071e-06,0
ecology1.mtx,16,9,DCSC-sampled,sampled_worker,lookup,0,8197
ecology1.mtx,16,9,DCSC-sampled,sampled_worker,alloc_init,0.00034735099999999846,8197
ecology1.mtx,16,9,DCSC-sampled,sampled_worker,lookup_multiply_hash,0.0011516380000000026,8197
ecology1.mtx,16,9,DCSC-sampled,sampled_worker,compact,0.00039751700000000044,8197
ecology1.mtx,16,9,DCSC-sampled,sampled_worker,sort,0.00071179799999999873,8197
ecology1.mtx,16,9,DCSC-sampled,sampled_worker,write,0.00045809199999999816,8197
ecology1.mtx,16,9,DCSC-sampled,sampled_worker,scratch_free,0.00040251599999999854,8197
ecology1.mtx,16,9,CombBLAS-profile,wall,total,0.048327707999999997,0
ecology1.mtx,16,9,CombBLAS-profile,wall,lookup_build,0.00083023199999999998,0
ecology1.mtx,16,9,CombBLAS-profile,wall,thread_setup,9.4890000000000001e-06,0
ecology1.mtx,16,9,CombBLAS-profile,wall,work_bound,0.0038182630000000001,0
ecology1.mtx,16,9,CombBLAS-profile,wall,work_prefix,0.00022759700000000001,0
ecology1.mtx,16,9,CombBLAS-profile,wall,symbolic,0.0069675249999999996,0
ecology1.mtx,16,9,CombBLAS-profile,wall,output_prefix,0.00016786200000000001,0
ecology1.mtx,16,9,CombBLAS-profile,wall,output_allocate,0.01687611,0
ecology1.mtx,16,9,CombBLAS-profile,wall,numeric_scratch_setup,0.0030800770000000001,0
ecology1.mtx,16,9,CombBLAS-profile,wall,numeric,0.016343628999999998,0
ecology1.mtx,16,9,CombBLAS-profile,wall,internal_cleanup,3.1259999999999998e-06,0
ecology1.mtx,16,9,CombBLAS-profile,wall,return_cleanup,2.9059999999999998e-06,0
ecology1.mtx,16,9,CombBLAS-profile,wall,output_free,8.1100000000000005e-07,0
ecology1.mtx,16,9,DCSC-profile,wall,total,0.040052263999999997,0
ecology1.mtx,16,9,DCSC-profile,wall,validate,6.4099999999999998e-07,0
ecology1.mtx,16,9,DCSC-profile,wall,lookup_build,4.1100000000000001e-07,0
ecology1.mtx,16,9,DCSC-profile,wall,scratch_setup,0.001597093,0
ecology1.mtx,16,9,DCSC-profile,wall,work_bound,0.0024149229999999998,0
ecology1.mtx,16,9,DCSC-profile,wall,symbolic_capacity,0.0022916550000000001,0
ecology1.mtx,16,9,DCSC-profile,wall,symbolic,0.0049831379999999998,0
ecology1.mtx,16,9,DCSC-profile,wall,prefix_numeric_capacity,0.00074034999999999997,0
ecology1.mtx,16,9,DCSC-profile,wall,output_allocate,0.012632762000000001,0
ecology1.mtx,16,9,DCSC-profile,wall,numeric,0.015386502,0
ecology1.mtx,16,9,DCSC-profile,wall,return_cleanup,3.517e-06,0
ecology1.mtx,16,9,DCSC-profile,wall,output_free,1.2020000000000001e-06,0
ecology1.mtx,16,9,CSC-profile,wall,total,0.038464488999999998,0
ecology1.mtx,16,9,CSC-profile,wall,validate,7.5199999999999996e-07,0
ecology1.mtx,16,9,CSC-profile,wall,lookup_build,2.9000000000000002e-08,0
ecology1.mtx,16,9,CSC-profile,wall,scratch_setup,0.0017771390000000001,0
ecology1.mtx,16,9,CSC-profile,wall,work_bound,0.0021595519999999999,0
ecology1.mtx,16,9,CSC-profile,wall,symbolic_capacity,0.0022864560000000001,0
ecology1.mtx,16,9,CSC-profile,wall,symbolic,0.0045947330000000002,0
ecology1.mtx,16,9,CSC-profile,wall,prefix_numeric_capacity,0.00094731800000000005,0
ecology1.mtx,16,9,CSC-profile,wall,output_allocate,0.01098504,0
ecology1.mtx,16,9,CSC-profile,wall,numeric,0.015707749,0
ecology1.mtx,16,9,CSC-profile,wall,return_cleanup,4.0980000000000004e-06,0
ecology1.mtx,16,9,CSC-profile,wall,output_free,1.5430000000000001e-06,0
ecology1.mtx,16,9,CombBLAS-control,wall,total,0.047850722999999998,0
ecology1.mtx,16,9,CombBLAS-control,wall,native_call_and_free,0.047850231999999999,0
ecology1.mtx,16,9,DCSC-control,wall,total,0.040932141999999998,0
ecology1.mtx,16,9,DCSC-control,wall,native_call_and_free,0.040931742,0
ecology1.mtx,16,9,CSC-control,wall,total,0.038663822,0
ecology1.mtx,16,9,CSC-control,wall,native_call_and_free,0.038663541000000003,0
ecology1.mtx,16,9,Tuples-profile,wall,total,0.047694041999999999,0
ecology1.mtx,16,9,Tuples-profile,wall,validate,8.8100000000000001e-07,0
ecology1.mtx,16,9,Tuples-profile,wall,lookup_build,6.6199999999999997e-07,0
ecology1.mtx,16,9,Tuples-profile,wall,scratch_setup,0.0019367449999999999,0
ecology1.mtx,16,9,Tuples-profile,wall,work_bound,0.0022391540000000001,0
ecology1.mtx,16,9,Tuples-profile,wall,symbolic_capacity,0.0026314580000000001,0
ecology1.mtx,16,9,Tuples-profile,wall,symbolic,0.0053688080000000001,0
ecology1.mtx,16,9,Tuples-profile,wall,prefix_numeric_capacity,0.00072727499999999999,0
ecology1.mtx,16,9,Tuples-profile,wall,output_allocate,0.016475742000000002,0
ecology1.mtx,16,9,Tuples-profile,wall,numeric,0.018309740000000001,0
ecology1.mtx,16,9,Tuples-profile,wall,return_cleanup,3.146e-06,0
ecology1.mtx,16,9,Tuples-profile,wall,output_free,3.8099999999999998e-07,0
ecology1.mtx,16,9,Tuples-control,wall,total,0.047769807999999997,0
ecology1.mtx,16,9,Tuples-control,wall,native_call_and_free,0.047768634999999997,0
ecology1.mtx,16,9,DCSC-dense-static,wall,total,0.036534848000000002,0
ecology1.mtx,16,9,DCSC-dense-static,wall,native_call_and_free,0.036534527999999997,0
ecology1.mtx,16,9,DCSC-static,wall,total,0.036698992,0
ecology1.mtx,16,9,DCSC-static,wall,native_call_and_free,0.036698491999999999,0
ecology1.mtx,16,9,DCSC-dense-lookup,wall,total,0.040640212000000002,0
ecology1.mtx,16,9,DCSC-dense-lookup,wall,native_call_and_free,0.040639559999999998,0
ecology1.mtx,16,10,DCSC-static,wall,total,0.036813773000000001,0
ecology1.mtx,16,10,DCSC-static,wall,native_call_and_free,0.036813282000000003,0
ecology1.mtx,16,10,DCSC-dense-static,wall,total,0.036541380999999998,0
ecology1.mtx,16,10,DCSC-dense-static,wall,native_call_and_free,0.036540958999999998,0
ecology1.mtx,16,10,Tuples-control,wall,total,0.047784335999999997,0
ecology1.mtx,16,10,Tuples-control,wall,native_call_and_free,0.047783565,0
ecology1.mtx,16,10,Tuples-profile,wall,total,0.047979689999999998,0
ecology1.mtx,16,10,Tuples-profile,wall,validate,8.0200000000000001e-07,0
ecology1.mtx,16,10,Tuples-profile,wall,lookup_build,2.91e-07,0
ecology1.mtx,16,10,Tuples-profile,wall,scratch_setup,0.001834418,0
ecology1.mtx,16,10,Tuples-profile,wall,work_bound,0.0022922469999999999,0
ecology1.mtx,16,10,Tuples-profile,wall,symbolic_capacity,0.0024852369999999999,0
ecology1.mtx,16,10,Tuples-profile,wall,symbolic,0.0057367939999999999,0
ecology1.mtx,16,10,Tuples-profile,wall,prefix_numeric_capacity,0.00072320700000000002,0
ecology1.mtx,16,10,Tuples-profile,wall,output_allocate,0.016589130000000001,0
ecology1.mtx,16,10,Tuples-profile,wall,numeric,0.018314599000000001,0
ecology1.mtx,16,10,Tuples-profile,wall,return_cleanup,2.4049999999999998e-06,0
ecology1.mtx,16,10,Tuples-profile,wall,output_free,4.9100000000000004e-07,0
ecology1.mtx,16,10,CSC-control,wall,total,0.038215371999999997,0
ecology1.mtx,16,10,CSC-control,wall,native_call_and_free,0.038214771000000002,0
ecology1.mtx,16,10,DCSC-control,wall,total,0.040868750000000002,0
ecology1.mtx,16,10,DCSC-control,wall,native_call_and_free,0.040868459000000003,0
ecology1.mtx,16,10,CombBLAS-control,wall,total,0.047650999999999999,0
ecology1.mtx,16,10,CombBLAS-control,wall,native_call_and_free,0.047650259,0
ecology1.mtx,16,10,CSC-profile,wall,total,0.038668360999999998,0
ecology1.mtx,16,10,CSC-profile,wall,validate,6.92e-07,0
ecology1.mtx,16,10,CSC-profile,wall,lookup_build,4.0000000000000001e-08,0
ecology1.mtx,16,10,CSC-profile,wall,scratch_setup,0.0015924839999999999,0
ecology1.mtx,16,10,CSC-profile,wall,work_bound,0.0023711079999999998,0
ecology1.mtx,16,10,CSC-profile,wall,symbolic_capacity,0.0023948139999999999,0
ecology1.mtx,16,10,CSC-profile,wall,symbolic,0.0046299210000000004,0
ecology1.mtx,16,10,CSC-profile,wall,prefix_numeric_capacity,0.00075725200000000003,0
ecology1.mtx,16,10,CSC-profile,wall,output_allocate,0.011027861999999999,0
ecology1.mtx,16,10,CSC-profile,wall,numeric,0.015888507,0
ecology1.mtx,16,10,CSC-profile,wall,return_cleanup,3.9870000000000001e-06,0
ecology1.mtx,16,10,CSC-profile,wall,output_free,1.6130000000000001e-06,0
ecology1.mtx,16,10,DCSC-profile,wall,total,0.040306811999999997,0
ecology1.mtx,16,10,DCSC-profile,wall,validate,8.1200000000000002e-07,0
ecology1.mtx,16,10,DCSC-profile,wall,lookup_build,4.51e-07,0
ecology1.mtx,16,10,DCSC-profile,wall,scratch_setup,0.0019392599999999999,0
ecology1.mtx,16,10,DCSC-profile,wall,work_bound,0.0021667259999999999,0
ecology1.mtx,16,10,DCSC-profile,wall,symbolic_capacity,0.0024058740000000001,0
ecology1.mtx,16,10,DCSC-profile,wall,symbolic,0.0052483970000000001,0
ecology1.mtx,16,10,DCSC-profile,wall,prefix_numeric_capacity,0.00072754600000000003,0
ecology1.mtx,16,10,DCSC-profile,wall,output_allocate,0.012411576000000001,0
ecology1.mtx,16,10,DCSC-profile,wall,numeric,0.015401322,0
ecology1.mtx,16,10,DCSC-profile,wall,return_cleanup,3.7069999999999998e-06,0
ecology1.mtx,16,10,DCSC-profile,wall,output_free,1.0720000000000001e-06,0
ecology1.mtx,16,10,CombBLAS-profile,wall,total,0.048062148999999998,0
ecology1.mtx,16,10,CombBLAS-profile,wall,lookup_build,0.00086903600000000001,0
ecology1.mtx,16,10,CombBLAS-profile,wall,thread_setup,8.5669999999999995e-06,0
ecology1.mtx,16,10,CombBLAS-profile,wall,work_bound,0.0038699630000000001,0
ecology1.mtx,16,10,CombBLAS-profile,wall,work_prefix,0.00022929999999999999,0
ecology1.mtx,16,10,CombBLAS-profile,wall,symbolic,0.0069427070000000002,0
ecology1.mtx,16,10,CombBLAS-profile,wall,output_prefix,0.00016862299999999999,0
ecology1.mtx,16,10,CombBLAS-profile,wall,output_allocate,0.016751651999999999,0
ecology1.mtx,16,10,CombBLAS-profile,wall,numeric_scratch_setup,0.003079296,0
ecology1.mtx,16,10,CombBLAS-profile,wall,numeric,0.016135109000000002,0
ecology1.mtx,16,10,CombBLAS-profile,wall,internal_cleanup,3.7469999999999999e-06,0
ecology1.mtx,16,10,CombBLAS-profile,wall,return_cleanup,3.2760000000000001e-06,0
ecology1.mtx,16,10,CombBLAS-profile,wall,output_free,8.0200000000000001e-07,0
ecology1.mtx,16,10,DCSC-sampled,wall,total,0.040611708000000003,0
ecology1.mtx,16,10,DCSC-sampled,wall,validate,7.3200000000000004e-07,0
ecology1.mtx,16,10,DCSC-sampled,wall,lookup_build,2.3999999999999998e-07,0
ecology1.mtx,16,10,DCSC-sampled,wall,scratch_setup,0.001655255,0
ecology1.mtx,16,10,DCSC-sampled,wall,work_bound,0.0025532469999999998,0
ecology1.mtx,16,10,DCSC-sampled,wall,symbolic_capacity,0.0025245530000000001,0
ecology1.mtx,16,10,DCSC-sampled,wall,symbolic,0.0049921050000000002,0
ecology1.mtx,16,10,DCSC-sampled,wall,prefix_numeric_capacity,0.00093935199999999996,0
ecology1.mtx,16,10,DCSC-sampled,wall,output_allocate,0.012519433999999999,0
ecology1.mtx,16,10,DCSC-sampled,wall,numeric,0.015422672,0
ecology1.mtx,16,10,DCSC-sampled,wall,return_cleanup,2.9359999999999999e-06,0
ecology1.mtx,16,10,DCSC-sampled,wall,output_free,1.1119999999999999e-06,0
ecology1.mtx,16,10,DCSC-sampled,sampled_worker,lookup,0,8197
ecology1.mtx,16,10,DCSC-sampled,sampled_worker,alloc_init,0.00034787599999999854,8197
ecology1.mtx,16,10,DCSC-sampled,sampled_worker,lookup_multiply_hash,0.0012659460000000019,8197
ecology1.mtx,16,10,DCSC-sampled,sampled_worker,compact,0.00039863300000000045,8197
ecology1.mtx,16,10,DCSC-sampled,sampled_worker,sort,0.00074078899999999875,8197
ecology1.mtx,16,10,DCSC-sampled,sampled_worker,write,0.00045963399999999815,8197
ecology1.mtx,16,10,DCSC-sampled,sampled_worker,scratch_free,0.00040908799999999848,8197
ecology1.mtx,16,10,CombBLAS-sampled,wall,total,0.048052400000000002,0
ecology1.mtx,16,10,CombBLAS-sampled,wall,lookup_build,0.00084886800000000002,0
ecology1.mtx,16,10,CombBLAS-sampled,wall,thread_setup,8.8470000000000002e-06,0
ecology1.mtx,16,10,CombBLAS-sampled,wall,work_bound,0.0038623889999999999,0
ecology1.mtx,16,10,CombBLAS-sampled,wall,work_prefix,0.00022939,0
ecology1.mtx,16,10,CombBLAS-sampled,wall,symbolic,0.0068821510000000004,0
ecology1.mtx,16,10,CombBLAS-sampled,wall,output_prefix,0.000168503,0
ecology1.mtx,16,10,CombBLAS-sampled,wall,output_allocate,0.016454691,0
ecology1.mtx,16,10,CombBLAS-sampled,wall,numeric_scratch_setup,0.0030647389999999999,0
ecology1.mtx,16,10,CombBLAS-sampled,wall,numeric,0.016524646,0
ecology1.mtx,16,10,CombBLAS-sampled,wall,internal_cleanup,4.0380000000000001e-06,0
ecology1.mtx,16,10,CombBLAS-sampled,wall,return_cleanup,3.4259999999999999e-06,0
ecology1.mtx,16,10,CombBLAS-sampled,wall,output_free,6.3200000000000005e-07,0
ecology1.mtx,16,10,CombBLAS-sampled,sampled_worker,lookup,0.0006678819999999979,8197
ecology1.mtx,16,10,CombBLAS-sampled,sampled_worker,alloc_init,0.00041664600000000218,8197
ecology1.mtx,16,10,CombBLAS-sampled,sampled_worker,lookup_multiply_hash,0.00083468000000000431,8197
ecology1.mtx,16,10,CombBLAS-sampled,sampled_worker,compact,0.00039225299999999996,8197
ecology1.mtx,16,10,CombBLAS-sampled,sampled_worker,sort,0.00060701799999999888,8197
ecology1.mtx,16,10,CombBLAS-sampled,sampled_worker,write,0.00033270399999999774,8197
ecology1.mtx,16,10,CombBLAS-sampled,sampled_worker,scratch_free,0.000328705999999998,8197
ecology1.mtx,16,10,CombBLAS-conversion,wall,total,0.096497944000000002,0
ecology1.mtx,16,10,CombBLAS-conversion,wall,native_call,0.047680095999999998,0
ecology1.mtx,16,10,CombBLAS-conversion,wall,tuple_to_dcsc,0.048814040000000003,0
ecology1.mtx,16,10,CombBLAS-conversion,wall,dcsc_free,3.056e-06,0
ecology1.mtx,16,10,CombBLAS-conversion,wall,output_free,6.8199999999999999e-07,0
ecology1.mtx,16,10,DCSC-dense-lookup,wall,total,0.039354667000000003,0
ecology1.mtx,16,10,DCSC-dense-lookup,wall,native_call_and_free,0.039354335999999997,0
ecology1.mtx,16,11,DCSC-static,wall,total,0.036801338000000003,0
ecology1.mtx,16,11,DCSC-static,wall,native_call_and_free,0.036801028,0
ecology1.mtx,16,11,DCSC-dense-lookup,wall,total,0.040337079999999997,0
ecology1.mtx,16,11,DCSC-dense-lookup,wall,native_call_and_free,0.040336789999999997,0
ecology1.mtx,16,11,CombBLAS-conversion,wall,total,0.096447336999999994,0
ecology1.mtx,16,11,CombBLAS-conversion,wall,native_call,0.047921839000000001,0
ecology1.mtx,16,11,CombBLAS-conversion,wall,tuple_to_dcsc,0.048521239000000001,0
ecology1.mtx,16,11,CombBLAS-conversion,wall,dcsc_free,3.337e-06,0
ecology1.mtx,16,11,CombBLAS-conversion,wall,output_free,8.6099999999999999e-07,0
ecology1.mtx,16,11,CombBLAS-sampled,wall,total,0.047690215000000001,0
ecology1.mtx,16,11,CombBLAS-sampled,wall,lookup_build,0.00086783499999999996,0
ecology1.mtx,16,11,CombBLAS-sampled,wall,thread_setup,1.0679999999999999e-05,0
ecology1.mtx,16,11,CombBLAS-sampled,wall,work_bound,0.0038834289999999999,0
ecology1.mtx,16,11,CombBLAS-sampled,wall,work_prefix,0.000220974,0
ecology1.mtx,16,11,CombBLAS-sampled,wall,symbolic,0.0067988709999999997,0
ecology1.mtx,16,11,CombBLAS-sampled,wall,output_prefix,0.00013750399999999999,0
ecology1.mtx,16,11,CombBLAS-sampled,wall,output_allocate,0.016326466000000001,0
ecology1.mtx,16,11,CombBLAS-sampled,wall,numeric_scratch_setup,0.0031049250000000001,0
ecology1.mtx,16,11,CombBLAS-sampled,wall,numeric,0.016331997000000001,0
ecology1.mtx,16,11,CombBLAS-sampled,wall,internal_cleanup,3.3359999999999999e-06,0
ecology1.mtx,16,11,CombBLAS-sampled,wall,return_cleanup,3.3270000000000001e-06,0
ecology1.mtx,16,11,CombBLAS-sampled,wall,output_free,8.1100000000000005e-07,0
ecology1.mtx,16,11,CombBLAS-sampled,sampled_worker,lookup,0.00066949399999999769,8197
ecology1.mtx,16,11,CombBLAS-sampled,sampled_worker,alloc_init,0.00044748800000000201,8197
ecology1.mtx,16,11,CombBLAS-sampled,sampled_worker,lookup_multiply_hash,0.00083207300000000457,8197
ecology1.mtx,16,11,CombBLAS-sampled,sampled_worker,compact,0.00038970099999999989,8197
ecology1.mtx,16,11,CombBLAS-sampled,sampled_worker,sort,0.00060538799999999902,8197
ecology1.mtx,16,11,CombBLAS-sampled,sampled_worker,write,0.00033004799999999777,8197
ecology1.mtx,16,11,CombBLAS-sampled,sampled_worker,scratch_free,0.00032718799999999795,8197
ecology1.mtx,16,11,DCSC-sampled,wall,total,0.040023538999999997,0
ecology1.mtx,16,11,DCSC-sampled,wall,validate,9.7199999999999997e-07,0
ecology1.mtx,16,11,DCSC-sampled,wall,lookup_build,2.8999999999999998e-07,0
ecology1.mtx,16,11,DCSC-sampled,wall,scratch_setup,0.0016123330000000001,0
ecology1.mtx,16,11,DCSC-sampled,wall,work_bound,0.0024656700000000001,0
ecology1.mtx,16,11,DCSC-sampled,wall,symbolic_capacity,0.0022490930000000002,0
ecology1.mtx,16,11,DCSC-sampled,wall,symbolic,0.0051538160000000003,0
ecology1.mtx,16,11,DCSC-sampled,wall,prefix_numeric_capacity,0.00073403800000000001,0
ecology1.mtx,16,11,DCSC-sampled,wall,output_allocate,0.012348806,0
ecology1.mtx,16,11,DCSC-sampled,wall,numeric,0.015453341000000001,0
ecology1.mtx,16,11,DCSC-sampled,wall,return_cleanup,3.7979999999999999e-06,0
ecology1.mtx,16,11,DCSC-sampled,wall,output_free,1.322e-06,0
ecology1.mtx,16,11,DCSC-sampled,sampled_worker,lookup,0,8197
ecology1.mtx,16,11,DCSC-sampled,sampled_worker,alloc_init,0.00035995299999999852,8197
ecology1.mtx,16,11,DCSC-sampled,sampled_worker,lookup_multiply_hash,0.0011320910000000028,8197
ecology1.mtx,16,11,DCSC-sampled,sampled_worker,compact,0.00039933700000000048,8197
ecology1.mtx,16,11,DCSC-sampled,sampled_worker,sort,0.00070770599999999892,8197
ecology1.mtx,16,11,DCSC-sampled,sampled_worker,write,0.00045212099999999826,8197
ecology1.mtx,16,11,DCSC-sampled,sampled_worker,scratch_free,0.00042029599999999871,8197
ecology1.mtx,16,11,CombBLAS-profile,wall,total,0.048417719999999997,0
ecology1.mtx,16,11,CombBLAS-profile,wall,lookup_build,0.000811676,0
ecology1.mtx,16,11,CombBLAS-profile,wall,thread_setup,1.0601000000000001e-05,0
ecology1.mtx,16,11,CombBLAS-profile,wall,work_bound,0.003839725,0
ecology1.mtx,16,11,CombBLAS-profile,wall,work_prefix,0.00022952000000000001,0
ecology1.mtx,16,11,CombBLAS-profile,wall,symbolic,0.0071322709999999999,0
ecology1.mtx,16,11,CombBLAS-profile,wall,output_prefix,0.00016360300000000001,0
ecology1.mtx,16,11,CombBLAS-profile,wall,output_allocate,0.01693836,0
ecology1.mtx,16,11,CombBLAS-profile,wall,numeric_scratch_setup,0.0031259059999999999,0
ecology1.mtx,16,11,CombBLAS-profile,wall,numeric,0.016159284999999999,0
ecology1.mtx,16,11,CombBLAS-profile,wall,internal_cleanup,3.3359999999999999e-06,0
ecology1.mtx,16,11,CombBLAS-profile,wall,return_cleanup,2.7659999999999999e-06,0
ecology1.mtx,16,11,CombBLAS-profile,wall,output_free,6.1099999999999995e-07,0
ecology1.mtx,16,11,DCSC-profile,wall,total,0.040197403,0
ecology1.mtx,16,11,DCSC-profile,wall,validate,6.3099999999999997e-07,0
ecology1.mtx,16,11,DCSC-profile,wall,lookup_build,2.7099999999999998e-07,0
ecology1.mtx,16,11,DCSC-profile,wall,scratch_setup,0.001598466,0
ecology1.mtx,16,11,DCSC-profile,wall,work_bound,0.0024362329999999999,0
ecology1.mtx,16,11,DCSC-profile,wall,symbolic_capacity,0.0023574410000000001,0
ecology1.mtx,16,11,DCSC-profile,wall,symbolic,0.0050758970000000002,0
ecology1.mtx,16,11,DCSC-profile,wall,prefix_numeric_capacity,0.00072902799999999995,0
ecology1.mtx,16,11,DCSC-profile,wall,output_allocate,0.012524904,0
ecology1.mtx,16,11,DCSC-profile,wall,numeric,0.01546851,0
ecology1.mtx,16,11,DCSC-profile,wall,return_cleanup,4.7999999999999998e-06,0
ecology1.mtx,16,11,DCSC-profile,wall,output_free,1.172e-06,0
ecology1.mtx,16,11,CSC-profile,wall,total,0.038759685000000002,0
ecology1.mtx,16,11,CSC-profile,wall,validate,9.6200000000000006e-07,0
ecology1.mtx,16,11,CSC-profile,wall,lookup_build,4.0000000000000001e-08,0
ecology1.mtx,16,11,CSC-profile,wall,scratch_setup,0.0020602319999999999,0
ecology1.mtx,16,11,CSC-profile,wall,work_bound,0.0021087850000000002,0
ecology1.mtx,16,11,CSC-profile,wall,symbolic_capacity,0.0023980889999999999,0
ecology1.mtx,16,11,CSC-profile,wall,symbolic,0.0047681260000000001,0
ecology1.mtx,16,11,CSC-profile,wall,prefix_numeric_capacity,0.00071808799999999997,0
ecology1.mtx,16,11,CSC-profile,wall,output_allocate,0.011018824999999999,0
ecology1.mtx,16,11,CSC-profile,wall,numeric,0.015681357999999999,0
ecology1.mtx,16,11,CSC-profile,wall,return_cleanup,3.7780000000000001e-06,0
ecology1.mtx,16,11,CSC-profile,wall,output_free,1.342e-06,0
ecology1.mtx,16,11,CombBLAS-control,wall,total,0.048226865000000001,0
ecology1.mtx,16,11,CombBLAS-control,wall,native_call_and_free,0.048226383999999997,0
ecology1.mtx,16,11,DCSC-control,wall,total,0.040648708999999998,0
ecology1.mtx,16,11,DCSC-control,wall,native_call_and_free,0.040648428,0
ecology1.mtx,16,11,CSC-control,wall,total,0.038484997999999999,0
ecology1.mtx,16,11,CSC-control,wall,native_call_and_free,0.038484697999999998,0
ecology1.mtx,16,11,Tuples-profile,wall,total,0.047758245999999997,0
ecology1.mtx,16,11,Tuples-profile,wall,validate,7.5099999999999999e-07,0
ecology1.mtx,16,11,Tuples-profile,wall,lookup_build,4.2100000000000002e-07,0
ecology1.mtx,16,11,Tuples-profile,wall,scratch_setup,0.001730489,0
ecology1.mtx,16,11,Tuples-profile,wall,work_bound,0.0022590129999999998,0
ecology1.mtx,16,11,Tuples-profile,wall,symbolic_capacity,0.0025180200000000002,0
ecology1.mtx,16,11,Tuples-profile,wall,symbolic,0.0053920119999999998,0
ecology1.mtx,16,11,Tuples-profile,wall,prefix_numeric_capacity,0.00072856799999999997,0
ecology1.mtx,16,11,Tuples-profile,wall,output_allocate,0.016784584000000002,0
ecology1.mtx,16,11,Tuples-profile,wall,numeric,0.018341310999999999,0
ecology1.mtx,16,11,Tuples-profile,wall,return_cleanup,2.525e-06,0
ecology1.mtx,16,11,Tuples-profile,wall,output_free,4.8100000000000003e-07,0
ecology1.mtx,16,11,Tuples-control,wall,total,0.048147421000000003,0
ecology1.mtx,16,11,Tuples-control,wall,native_call_and_free,0.048147122000000001,0
ecology1.mtx,16,11,DCSC-dense-static,wall,total,0.036873687000000002,0
ecology1.mtx,16,11,DCSC-dense-static,wall,native_call_and_free,0.036873387000000001,0
ecology1.mtx,128,0,CSC-control,wall,total,0.050566712999999999,0
ecology1.mtx,128,0,CSC-control,wall,native_call_and_free,0.050566352000000002,0
ecology1.mtx,128,0,DCSC-control,wall,total,0.056939266000000002,0
ecology1.mtx,128,0,DCSC-control,wall,native_call_and_free,0.056937452,0
ecology1.mtx,128,0,CombBLAS-control,wall,total,0.047382154000000003,0
ecology1.mtx,128,0,CombBLAS-control,wall,native_call_and_free,0.047381451999999998,0
ecology1.mtx,128,0,CSC-profile,wall,total,0.051501344999999997,0
ecology1.mtx,128,0,CSC-profile,wall,validate,9.1200000000000001e-07,0
ecology1.mtx,128,0,CSC-profile,wall,lookup_build,2.9000000000000002e-08,0
ecology1.mtx,128,0,CSC-profile,wall,scratch_setup,0.0028937609999999999,0
ecology1.mtx,128,0,CSC-profile,wall,work_bound,0.002857942,0
ecology1.mtx,128,0,CSC-profile,wall,symbolic_capacity,0.0028003519999999999,0
ecology1.mtx,128,0,CSC-profile,wall,symbolic,0.0058007759999999997,0
ecology1.mtx,128,0,CSC-profile,wall,prefix_numeric_capacity,0.001731401,0
ecology1.mtx,128,0,CSC-profile,wall,output_allocate,0.017041306999999999,0
ecology1.mtx,128,0,CSC-profile,wall,numeric,0.018366980000000001,0
ecology1.mtx,128,0,CSC-profile,wall,return_cleanup,6.2419999999999997e-06,0
ecology1.mtx,128,0,CSC-profile,wall,output_free,1.573e-06,0
ecology1.mtx,128,0,DCSC-profile,wall,total,0.054403523000000002,0
ecology1.mtx,128,0,DCSC-profile,wall,validate,9.3200000000000003e-07,0
ecology1.mtx,128,0,DCSC-profile,wall,lookup_build,7.61e-07,0
ecology1.mtx,128,0,DCSC-profile,wall,scratch_setup,0.0050368310000000003,0
ecology1.mtx,128,0,DCSC-profile,wall,work_bound,0.0029660699999999999,0
ecology1.mtx,128,0,DCSC-profile,wall,symbolic_capacity,0.003001297,0
ecology1.mtx,128,0,DCSC-profile,wall,symbolic,0.0060396039999999996,0
ecology1.mtx,128,0,DCSC-profile,wall,prefix_numeric_capacity,0.001910424,0
ecology1.mtx,128,0,DCSC-profile,wall,output_allocate,0.020125583999999998,0
ecology1.mtx,128,0,DCSC-profile,wall,numeric,0.015309956,0
ecology1.mtx,128,0,DCSC-profile,wall,return_cleanup,9.0669999999999998e-06,0
ecology1.mtx,128,0,DCSC-profile,wall,output_free,2.7659999999999999e-06,0
ecology1.mtx,128,0,CombBLAS-profile,wall,total,0.047132445000000002,0
ecology1.mtx,128,0,CombBLAS-profile,wall,lookup_build,0.001832495,0
ecology1.mtx,128,0,CombBLAS-profile,wall,thread_setup,5.3152000000000002e-05,0
ecology1.mtx,128,0,CombBLAS-profile,wall,work_bound,0.0024131690000000002,0
ecology1.mtx,128,0,CombBLAS-profile,wall,work_prefix,0.00074118100000000004,0
ecology1.mtx,128,0,CombBLAS-profile,wall,symbolic,0.0029324249999999998,0
ecology1.mtx,128,0,CombBLAS-profile,wall,output_prefix,0.00068440199999999997,0
ecology1.mtx,128,0,CombBLAS-profile,wall,output_allocate,0.024789660000000002,0
ecology1.mtx,128,0,CombBLAS-profile,wall,numeric_scratch_setup,0.0042630070000000001,0
ecology1.mtx,128,0,CombBLAS-profile,wall,numeric,0.0093918539999999998,0
ecology1.mtx,128,0,CombBLAS-profile,wall,internal_cleanup,6.3430000000000001e-06,0
ecology1.mtx,128,0,CombBLAS-profile,wall,return_cleanup,2.3445e-05,0
ecology1.mtx,128,0,CombBLAS-profile,wall,output_free,1.252e-06,0
ecology1.mtx,128,0,DCSC-sampled,wall,total,0.051996014,0
ecology1.mtx,128,0,DCSC-sampled,wall,validate,8.7199999999999997e-07,0
ecology1.mtx,128,0,DCSC-sampled,wall,lookup_build,3.9999999999999998e-07,0
ecology1.mtx,128,0,DCSC-sampled,wall,scratch_setup,0.002970969,0
ecology1.mtx,128,0,DCSC-sampled,wall,work_bound,0.0029559299999999998,0
ecology1.mtx,128,0,DCSC-sampled,wall,symbolic_capacity,0.0029585750000000002,0
ecology1.mtx,128,0,DCSC-sampled,wall,symbolic,0.0057946949999999999,0
ecology1.mtx,128,0,DCSC-sampled,wall,prefix_numeric_capacity,0.0016785490000000001,0
ecology1.mtx,128,0,DCSC-sampled,wall,output_allocate,0.020387847000000001,0
ecology1.mtx,128,0,DCSC-sampled,wall,numeric,0.015242937,0
ecology1.mtx,128,0,DCSC-sampled,wall,return_cleanup,3.7469999999999999e-06,0
ecology1.mtx,128,0,DCSC-sampled,wall,output_free,1.4330000000000001e-06,0
ecology1.mtx,128,0,DCSC-sampled,sampled_worker,lookup,0,8197
ecology1.mtx,128,0,DCSC-sampled,sampled_worker,alloc_init,0.00089712199999999911,8197
ecology1.mtx,128,0,DCSC-sampled,sampled_worker,lookup_multiply_hash,0.097934430000000017,8197
ecology1.mtx,128,0,DCSC-sampled,sampled_worker,compact,0.00050717099999999951,8197
ecology1.mtx,128,0,DCSC-sampled,sampled_worker,sort,0.0020903969999999995,8197
ecology1.mtx,128,0,DCSC-sampled,sampled_worker,write,0.015347309999999994,8197
ecology1.mtx,128,0,DCSC-sampled,sampled_worker,scratch_free,0.013650927000000002,8197
ecology1.mtx,128,0,CombBLAS-sampled,wall,total,0.048326174999999999,0
ecology1.mtx,128,0,CombBLAS-sampled,wall,lookup_build,0.002057166,0
ecology1.mtx,128,0,CombBLAS-sampled,wall,thread_setup,5.4033999999999998e-05,0
ecology1.mtx,128,0,CombBLAS-sampled,wall,work_bound,0.002106611,0
ecology1.mtx,128,0,CombBLAS-sampled,wall,work_prefix,0.00073414800000000001,0
ecology1.mtx,128,0,CombBLAS-sampled,wall,symbolic,0.0030115960000000001,0
ecology1.mtx,128,0,CombBLAS-sampled,wall,output_prefix,0.00067881300000000001,0
ecology1.mtx,128,0,CombBLAS-sampled,wall,output_allocate,0.02655776,0
ecology1.mtx,128,0,CombBLAS-sampled,wall,numeric_scratch_setup,0.0043485310000000001,0
ecology1.mtx,128,0,CombBLAS-sampled,wall,numeric,0.0087359069999999994,0
ecology1.mtx,128,0,CombBLAS-sampled,wall,internal_cleanup,9.6379999999999999e-06,0
ecology1.mtx,128,0,CombBLAS-sampled,wall,return_cleanup,2.9887e-05,0
ecology1.mtx,128,0,CombBLAS-sampled,wall,output_free,2.024e-06,0
ecology1.mtx,128,0,CombBLAS-sampled,sampled_worker,lookup,0.0022258299999999994,8197
ecology1.mtx,128,0,CombBLAS-sampled,sampled_worker,alloc_init,0.0011504060000000003,8197
ecology1.mtx,128,0,CombBLAS-sampled,sampled_worker,lookup_multiply_hash,0.0014360460000000009,8197
ecology1.mtx,128,0,CombBLAS-sampled,sampled_worker,compact,0.00040786199999999983,8197
ecology1.mtx,128,0,CombBLAS-sampled,sampled_worker,sort,0.0010609799999999998,8197
ecology1.mtx,128,0,CombBLAS-sampled,sampled_worker,write,0.00058443799999999962,8197
ecology1.mtx,128,0,CombBLAS-sampled,sampled_worker,scratch_free,0.0009344219999999991,8197
ecology1.mtx,128,0,CombBLAS-conversion,wall,total,0.12115458699999999,0
ecology1.mtx,128,0,CombBLAS-conversion,wall,native_call,0.040294789999999997,0
ecology1.mtx,128,0,CombBLAS-conversion,wall,tuple_to_dcsc,0.080855969999999999,0
ecology1.mtx,128,0,CombBLAS-conversion,wall,dcsc_free,2.6649999999999999e-06,0
ecology1.mtx,128,0,CombBLAS-conversion,wall,output_free,1.102e-06,0
ecology1.mtx,128,0,DCSC-dense-lookup,wall,total,0.046389942000000003,0
ecology1.mtx,128,0,DCSC-dense-lookup,wall,native_call_and_free,0.046389369999999999,0
ecology1.mtx,128,0,DCSC-static,wall,total,0.043900656000000003,0
ecology1.mtx,128,0,DCSC-static,wall,native_call_and_free,0.043899994999999997,0
ecology1.mtx,128,0,DCSC-dense-static,wall,total,0.044746678999999998,0
ecology1.mtx,128,0,DCSC-dense-static,wall,native_call_and_free,0.044746307999999999,0
ecology1.mtx,128,0,Tuples-control,wall,total,0.059173811999999999,0
ecology1.mtx,128,0,Tuples-control,wall,native_call_and_free,0.059172991000000001,0
ecology1.mtx,128,0,Tuples-profile,wall,total,0.061606077000000002,0
ecology1.mtx,128,0,Tuples-profile,wall,validate,3.5999999999999999e-07,0
ecology1.mtx,128,0,Tuples-profile,wall,lookup_build,8.2200000000000003e-07,0
ecology1.mtx,128,0,Tuples-profile,wall,scratch_setup,0.0060000390000000004,0
ecology1.mtx,128,0,Tuples-profile,wall,work_bound,0.0031797890000000001,0
ecology1.mtx,128,0,Tuples-profile,wall,symbolic_capacity,0.0035233679999999998,0
ecology1.mtx,128,0,Tuples-profile,wall,symbolic,0.0060233630000000003,0
ecology1.mtx,128,0,Tuples-profile,wall,prefix_numeric_capacity,0.0020766339999999999,0
ecology1.mtx,128,0,Tuples-profile,wall,output_allocate,0.023597412000000002,0
ecology1.mtx,128,0,Tuples-profile,wall,numeric,0.017198327999999999,0
ecology1.mtx,128,0,Tuples-profile,wall,return_cleanup,4.8489999999999997e-06,0
ecology1.mtx,128,0,Tuples-profile,wall,output_free,1.0529999999999999e-06,0
ecology1.mtx,128,1,CSC-control,wall,total,0.051176411999999998,0
ecology1.mtx,128,1,CSC-control,wall,native_call_and_free,0.051176081999999998,0
ecology1.mtx,128,1,Tuples-profile,wall,total,0.060838595000000002,0
ecology1.mtx,128,1,Tuples-profile,wall,validate,8.3099999999999996e-07,0
ecology1.mtx,128,1,Tuples-profile,wall,lookup_build,5.2099999999999997e-07,0
ecology1.mtx,128,1,Tuples-profile,wall,scratch_setup,0.0054286630000000002,0
ecology1.mtx,128,1,Tuples-profile,wall,work_bound,0.0032000380000000001,0
ecology1.mtx,128,1,Tuples-profile,wall,symbolic_capacity,0.0029235480000000002,0
ecology1.mtx,128,1,Tuples-profile,wall,symbolic,0.0060503249999999996,0
ecology1.mtx,128,1,Tuples-profile,wall,prefix_numeric_capacity,0.0020698000000000001,0
ecology1.mtx,128,1,Tuples-profile,wall,output_allocate,0.023626088,0
ecology1.mtx,128,1,Tuples-profile,wall,numeric,0.017530264,0
ecology1.mtx,128,1,Tuples-profile,wall,return_cleanup,7.2239999999999998e-06,0
ecology1.mtx,128,1,Tuples-profile,wall,output_free,1.2330000000000001e-06,0
ecology1.mtx,128,1,Tuples-control,wall,total,0.061911191999999997,0
ecology1.mtx,128,1,Tuples-control,wall,native_call_and_free,0.061909949999999998,0
ecology1.mtx,128,1,DCSC-dense-static,wall,total,0.040427174000000003,0
ecology1.mtx,128,1,DCSC-dense-static,wall,native_call_and_free,0.040426713000000003,0
ecology1.mtx,128,1,DCSC-static,wall,total,0.039877078000000003,0
ecology1.mtx,128,1,DCSC-static,wall,native_call_and_free,0.039876778000000002,0
ecology1.mtx,128,1,DCSC-dense-lookup,wall,total,0.053655336999999997,0
ecology1.mtx,128,1,DCSC-dense-lookup,wall,native_call_and_free,0.053654746000000003,0
ecology1.mtx,128,1,CombBLAS-conversion,wall,total,0.120493199,0
ecology1.mtx,128,1,CombBLAS-conversion,wall,native_call,0.048111071999999998,0
ecology1.mtx,128,1,CombBLAS-conversion,wall,tuple_to_dcsc,0.072377959000000006,0
ecology1.mtx,128,1,CombBLAS-conversion,wall,dcsc_free,3.2559999999999998e-06,0
ecology1.mtx,128,1,CombBLAS-conversion,wall,output_free,8.5199999999999995e-07,0
ecology1.mtx,128,1,CombBLAS-sampled,wall,total,0.037127173999999999,0
ecology1.mtx,128,1,CombBLAS-sampled,wall,lookup_build,0.0020873939999999998,0
ecology1.mtx,128,1,CombBLAS-sampled,wall,thread_setup,5.9213999999999999e-05,0
ecology1.mtx,128,1,CombBLAS-sampled,wall,work_bound,0.0016518080000000001,0
ecology1.mtx,128,1,CombBLAS-sampled,wall,work_prefix,0.00025908700000000002,0
ecology1.mtx,128,1,CombBLAS-sampled,wall,symbolic,0.0041241810000000002,0
ecology1.mtx,128,1,CombBLAS-sampled,wall,output_prefix,7.7788999999999997e-05,0
ecology1.mtx,128,1,CombBLAS-sampled,wall,output_allocate,0.016843538000000002,0
ecology1.mtx,128,1,CombBLAS-sampled,wall,numeric_scratch_setup,0.0037281609999999998,0
ecology1.mtx,128,1,CombBLAS-sampled,wall,numeric,0.0082685399999999996,0
ecology1.mtx,128,1,CombBLAS-sampled,wall,internal_cleanup,3.8569999999999997e-06,0
ecology1.mtx,128,1,CombBLAS-sampled,wall,return_cleanup,2.2963999999999999e-05,0
ecology1.mtx,128,1,CombBLAS-sampled,wall,output_free,5.8100000000000003e-07,0
ecology1.mtx,128,1,CombBLAS-sampled,sampled_worker,lookup,0.0018506969999999992,8197
ecology1.mtx,128,1,CombBLAS-sampled,sampled_worker,alloc_init,0.0010860430000000001,8197
ecology1.mtx,128,1,CombBLAS-sampled,sampled_worker,lookup_multiply_hash,0.0012192750000000006,8197
ecology1.mtx,128,1,CombBLAS-sampled,sampled_worker,compact,0.00041462699999999993,8197
ecology1.mtx,128,1,CombBLAS-sampled,sampled_worker,sort,0.00082465000000000066,8197
ecology1.mtx,128,1,CombBLAS-sampled,sampled_worker,write,0.000438112,8197
ecology1.mtx,128,1,CombBLAS-sampled,sampled_worker,scratch_free,0.00080824799999999958,8197
ecology1.mtx,128,1,DCSC-sampled,wall,total,0.054608996999999999,0
ecology1.mtx,128,1,DCSC-sampled,wall,validate,7.7100000000000001e-07,0
ecology1.mtx,128,1,DCSC-sampled,wall,lookup_build,5.9100000000000004e-07,0
ecology1.mtx,128,1,DCSC-sampled,wall,scratch_setup,0.0025834249999999999,0
ecology1.mtx,128,1,DCSC-sampled,wall,work_bound,0.0030007060000000001,0
ecology1.mtx,128,1,DCSC-sampled,wall,symbolic_capacity,0.0036390810000000002,0
ecology1.mtx,128,1,DCSC-sampled,wall,symbolic,0.0058005549999999998,0
ecology1.mtx,128,1,DCSC-sampled,wall,prefix_numeric_capacity,0.0017586839999999999,0
ecology1.mtx,128,1,DCSC-sampled,wall,output_allocate,0.022272791,0
ecology1.mtx,128,1,DCSC-sampled,wall,numeric,0.015541350000000001,0
ecology1.mtx,128,1,DCSC-sampled,wall,return_cleanup,8.9080000000000001e-06,0
ecology1.mtx,128,1,DCSC-sampled,wall,output_free,2.0729999999999999e-06,0
ecology1.mtx,128,1,DCSC-sampled,sampled_worker,lookup,0,8197
ecology1.mtx,128,1,DCSC-sampled,sampled_worker,alloc_init,0.00072465899999999903,8197
ecology1.mtx,128,1,DCSC-sampled,sampled_worker,lookup_multiply_hash,0.092613191999999969,8197
ecology1.mtx,128,1,DCSC-sampled,sampled_worker,compact,0.00050939599999999974,8197
ecology1.mtx,128,1,DCSC-sampled,sampled_worker,sort,0.0019594319999999988,8197
ecology1.mtx,128,1,DCSC-sampled,sampled_worker,write,0.014623866000000008,8197
ecology1.mtx,128,1,DCSC-sampled,sampled_worker,scratch_free,0.010552066999999998,8197
ecology1.mtx,128,1,CombBLAS-profile,wall,total,0.047723289000000002,0
ecology1.mtx,128,1,CombBLAS-profile,wall,lookup_build,0.00203331,0
ecology1.mtx,128,1,CombBLAS-profile,wall,thread_setup,5.2410999999999997e-05,0
ecology1.mtx,128,1,CombBLAS-profile,wall,work_bound,0.0022512980000000001,0
ecology1.mtx,128,1,CombBLAS-profile,wall,work_prefix,0.00073777599999999999,0
ecology1.mtx,128,1,CombBLAS-profile,wall,symbolic,0.0031115380000000001,0
ecology1.mtx,128,1,CombBLAS-profile,wall,output_prefix,0.000705172,0
ecology1.mtx,128,1,CombBLAS-profile,wall,output_allocate,0.025494892000000002,0
ecology1.mtx,128,1,CombBLAS-profile,wall,numeric_scratch_setup,0.0044303279999999999,0
ecology1.mtx,128,1,CombBLAS-profile,wall,numeric,0.0088756140000000004,0
ecology1.mtx,128,1,CombBLAS-profile,wall,internal_cleanup,5.0300000000000001e-06,0
ecology1.mtx,128,1,CombBLAS-profile,wall,return_cleanup,2.3946000000000001e-05,0
ecology1.mtx,128,1,CombBLAS-profile,wall,output_free,1.9130000000000001e-06,0
ecology1.mtx,128,1,DCSC-profile,wall,total,0.052233760999999997,0
ecology1.mtx,128,1,DCSC-profile,wall,validate,9.7100000000000011e-07,0
ecology1.mtx,128,1,DCSC-profile,wall,lookup_build,2.3099999999999999e-07,0
ecology1.mtx,128,1,DCSC-profile,wall,scratch_setup,0.0027283730000000001,0
ecology1.mtx,128,1,DCSC-profile,wall,work_bound,0.003033198,0
ecology1.mtx,128,1,DCSC-profile,wall,symbolic_capacity,0.002950229,0
ecology1.mtx,128,1,DCSC-profile,wall,symbolic,0.0058217770000000002,0
ecology1.mtx,128,1,DCSC-profile,wall,prefix_numeric_capacity,0.0018294489999999999,0
ecology1.mtx,128,1,DCSC-profile,wall,output_allocate,0.020435236999999998,0
ecology1.mtx,128,1,DCSC-profile,wall,numeric,0.015426830000000001,0
ecology1.mtx,128,1,DCSC-profile,wall,return_cleanup,5.6509999999999998e-06,0
ecology1.mtx,128,1,DCSC-profile,wall,output_free,1.753e-06,0
ecology1.mtx,128,1,CSC-profile,wall,total,0.050037186999999997,0
ecology1.mtx,128,1,CSC-profile,wall,validate,1.322e-06,0
ecology1.mtx,128,1,CSC-profile,wall,lookup_build,7.0000000000000005e-08,0
ecology1.mtx,128,1,CSC-profile,wall,scratch_setup,0.0050513700000000003,0
ecology1.mtx,128,1,CSC-profile,wall,work_bound,0.0024668009999999998,0
ecology1.mtx,128,1,CSC-profile,wall,symbolic_capacity,0.0035880619999999999,0
ecology1.mtx,128,1,CSC-profile,wall,symbolic,0.0054896500000000004,0
ecology1.mtx,128,1,CSC-profile,wall,prefix_numeric_capacity,0.0019910790000000002,0
ecology1.mtx,128,1,CSC-profile,wall,output_allocate,0.016049173999999999,0
ecology1.mtx,128,1,CSC-profile,wall,numeric,0.015389669,0
ecology1.mtx,128,1,CSC-profile,wall,return_cleanup,8.1359999999999997e-06,0
ecology1.mtx,128,1,CSC-profile,wall,output_free,1.8029999999999999e-06,0
ecology1.mtx,128,1,CombBLAS-control,wall,total,0.047817048000000001,0
ecology1.mtx,128,1,CombBLAS-control,wall,native_call_and_free,0.047816496999999999,0
ecology1.mtx,128,1,DCSC-control,wall,total,0.052951036,0
ecology1.mtx,128,1,DCSC-control,wall,native_call_and_free,0.052949693999999999,0
ecology1.mtx,128,2,CombBLAS-control,wall,total,0.048616069999999997,0
ecology1.mtx,128,2,CombBLAS-control,wall,native_call_and_free,0.048615118999999998,0
ecology1.mtx,128,2,CSC-profile,wall,total,0.049305353000000003,0
ecology1.mtx,128,2,CSC-profile,wall,validate,9.6200000000000006e-07,0
ecology1.mtx,128,2,CSC-profile,wall,lookup_build,4.0000000000000001e-08,0
ecology1.mtx,128,2,CSC-profile,wall,scratch_setup,0.0029419429999999998,0
ecology1.mtx,128,2,CSC-profile,wall,work_bound,0.0026520580000000001,0
ecology1.mtx,128,2,CSC-profile,wall,symbolic_capacity,0.003373189,0
ecology1.mtx,128,2,CSC-profile,wall,symbolic,0.0057238000000000002,0
ecology1.mtx,128,2,CSC-profile,wall,prefix_numeric_capacity,0.0018391270000000001,0
ecology1.mtx,128,2,CSC-profile,wall,output_allocate,0.017149765000000001,0
ecology1.mtx,128,2,CSC-profile,wall,numeric,0.015618508,0
ecology1.mtx,128,2,CSC-profile,wall,return_cleanup,4.0380000000000001e-06,0
ecology1.mtx,128,2,CSC-profile,wall,output_free,1.8530000000000001e-06,0
ecology1.mtx,128,2,DCSC-profile,wall,total,0.055916873999999998,0
ecology1.mtx,128,2,DCSC-profile,wall,validate,1.2219999999999999e-06,0
ecology1.mtx,128,2,DCSC-profile,wall,lookup_build,5.82e-07,0
ecology1.mtx,128,2,DCSC-profile,wall,scratch_setup,0.0065202460000000004,0
ecology1.mtx,128,2,DCSC-profile,wall,work_bound,0.0029151820000000001,0
ecology1.mtx,128,2,DCSC-profile,wall,symbolic_capacity,0.0032030729999999999,0
ecology1.mtx,128,2,DCSC-profile,wall,symbolic,0.0060002700000000003,0
ecology1.mtx,128,2,DCSC-profile,wall,prefix_numeric_capacity,0.0019987939999999999,0
ecology1.mtx,128,2,DCSC-profile,wall,output_allocate,0.019679105999999998,0
ecology1.mtx,128,2,DCSC-profile,wall,numeric,0.015585705,0
ecology1.mtx,128,2,DCSC-profile,wall,return_cleanup,9.1980000000000007e-06,0
ecology1.mtx,128,2,DCSC-profile,wall,output_free,3.4359999999999998e-06,0
ecology1.mtx,128,2,CombBLAS-profile,wall,total,0.047273546,0
ecology1.mtx,128,2,CombBLAS-profile,wall,lookup_build,0.002034503,0
ecology1.mtx,128,2,CombBLAS-profile,wall,thread_setup,5.2179999999999998e-05,0
ecology1.mtx,128,2,CombBLAS-profile,wall,work_bound,0.0024442180000000002,0
ecology1.mtx,128,2,CombBLAS-profile,wall,work_prefix,0.00075360599999999998,0
ecology1.mtx,128,2,CombBLAS-profile,wall,symbolic,0.0031113780000000001,0
ecology1.mtx,128,2,CombBLAS-profile,wall,output_prefix,0.00071245599999999998,0
ecology1.mtx,128,2,CombBLAS-profile,wall,output_allocate,0.023895975,0
ecology1.mtx,128,2,CombBLAS-profile,wall,numeric_scratch_setup,0.0043117709999999998,0
ecology1.mtx,128,2,CombBLAS-profile,wall,numeric,0.0099274719999999997,0
ecology1.mtx,128,2,CombBLAS-profile,wall,internal_cleanup,4.6090000000000003e-06,0
ecology1.mtx,128,2,CombBLAS-profile,wall,return_cleanup,2.4046e-05,0
ecology1.mtx,128,2,CombBLAS-profile,wall,output_free,1.2720000000000001e-06,0
ecology1.mtx,128,2,DCSC-sampled,wall,total,0.052049696999999999,0
ecology1.mtx,128,2,DCSC-sampled,wall,validate,6.4199999999999995e-07,0
ecology1.mtx,128,2,DCSC-sampled,wall,lookup_build,3.9099999999999999e-07,0
ecology1.mtx,128,2,DCSC-sampled,wall,scratch_setup,0.002761065,0
ecology1.mtx,128,2,DCSC-sampled,wall,work_bound,0.0029635949999999999,0
ecology1.mtx,128,2,DCSC-sampled,wall,symbolic_capacity,0.0031447519999999998,0
ecology1.mtx,128,2,DCSC-sampled,wall,symbolic,0.0057653280000000001,0
ecology1.mtx,128,2,DCSC-sampled,wall,prefix_numeric_capacity,0.0017830509999999999,0
ecology1.mtx,128,2,DCSC-sampled,wall,output_allocate,0.020446919000000001,0
ecology1.mtx,128,2,DCSC-sampled,wall,numeric,0.015175508000000001,0
ecology1.mtx,128,2,DCSC-sampled,wall,return_cleanup,6.0820000000000004e-06,0
ecology1.mtx,128,2,DCSC-sampled,wall,output_free,2.294e-06,0
ecology1.mtx,128,2,DCSC-sampled,sampled_worker,lookup,0,8197
ecology1.mtx,128,2,DCSC-sampled,sampled_worker,alloc_init,0.00073440399999999927,8197
ecology1.mtx,128,2,DCSC-sampled,sampled_worker,lookup_multiply_hash,0.088649407000000013,8197
ecology1.mtx,128,2,DCSC-sampled,sampled_worker,compact,0.00046998399999999984,8197
ecology1.mtx,128,2,DCSC-sampled,sampled_worker,sort,0.0018494439999999994,8197
ecology1.mtx,128,2,DCSC-sampled,sampled_worker,write,0.014621308000000006,8197
ecology1.mtx,128,2,DCSC-sampled,sampled_worker,scratch_free,0.0099327890000000026,8197
ecology1.mtx,128,2,CombBLAS-sampled,wall,total,0.049202546,0
ecology1.mtx,128,2,CombBLAS-sampled,wall,lookup_build,0.00204345,0
ecology1.mtx,128,2,CombBLAS-sampled,wall,thread_setup,7.3209999999999999e-05,0
ecology1.mtx,128,2,CombBLAS-sampled,wall,work_bound,0.0023288670000000001,0
ecology1.mtx,128,2,CombBLAS-sampled,wall,work_prefix,0.000744979,0
ecology1.mtx,128,2,CombBLAS-sampled,wall,symbolic,0.003022828,0
ecology1.mtx,128,2,CombBLAS-sampled,wall,output_prefix,0.00070518299999999996,0
ecology1.mtx,128,2,CombBLAS-sampled,wall,output_allocate,0.026639267000000001,0
ecology1.mtx,128,2,CombBLAS-sampled,wall,numeric_scratch_setup,0.004321559,0
ecology1.mtx,128,2,CombBLAS-sampled,wall,numeric,0.0092931249999999993,0
ecology1.mtx,128,2,CombBLAS-sampled,wall,internal_cleanup,5.1699999999999996e-06,0
ecology1.mtx,128,2,CombBLAS-sampled,wall,return_cleanup,2.3564999999999999e-05,0
ecology1.mtx,128,2,CombBLAS-sampled,wall,output_free,1.2929999999999999e-06,0
ecology1.mtx,128,2,CombBLAS-sampled,sampled_worker,lookup,0.0023191270000000003,8197
ecology1.mtx,128,2,CombBLAS-sampled,sampled_worker,alloc_init,0.0013972090000000004,8197
ecology1.mtx,128,2,CombBLAS-sampled,sampled_worker,lookup_multiply_hash,0.0017005510000000002,8197
ecology1.mtx,128,2,CombBLAS-sampled,sampled_worker,compact,0.000406,8197
ecology1.mtx,128,2,CombBLAS-sampled,sampled_worker,sort,0.0011088649999999995,8197
ecology1.mtx,128,2,CombBLAS-sampled,sampled_worker,write,0.00055864599999999977,8197
ecology1.mtx,128,2,CombBLAS-sampled,sampled_worker,scratch_free,0.0008488779999999992,8197
ecology1.mtx,128,2,CombBLAS-conversion,wall,total,0.10829995100000001,0
ecology1.mtx,128,2,CombBLAS-conversion,wall,native_call,0.040532205000000002,0
ecology1.mtx,128,2,CombBLAS-conversion,wall,tuple_to_dcsc,0.067763428000000001,0
ecology1.mtx,128,2,CombBLAS-conversion,wall,dcsc_free,3.3459999999999998e-06,0
ecology1.mtx,128,2,CombBLAS-conversion,wall,output_free,9.2200000000000002e-07,0
ecology1.mtx,128,2,DCSC-dense-lookup,wall,total,0.045427755,0
ecology1.mtx,128,2,DCSC-dense-lookup,wall,native_call_and_free,0.045426974000000002,0
ecology1.mtx,128,2,DCSC-static,wall,total,0.042777480999999999,0
ecology1.mtx,128,2,DCSC-static,wall,native_call_and_free,0.042777060999999998,0
ecology1.mtx,128,2,DCSC-dense-static,wall,total,0.039678918000000001,0
ecology1.mtx,128,2,DCSC-dense-static,wall,native_call_and_free,0.039678617999999999,0
ecology1.mtx,128,2,Tuples-control,wall,total,0.058060577000000002,0
ecology1.mtx,128,2,Tuples-control,wall,native_call_and_free,0.058059705000000003,0
ecology1.mtx,128,2,Tuples-profile,wall,total,0.062330285999999999,0
ecology1.mtx,128,2,Tuples-profile,wall,validate,4.7e-07,0
ecology1.mtx,128,2,Tuples-profile,wall,lookup_build,6.92e-07,0
ecology1.mtx,128,2,Tuples-profile,wall,scratch_setup,0.0059209170000000004,0
ecology1.mtx,128,2,Tuples-profile,wall,work_bound,0.0031769739999999999,0
ecology1.mtx,128,2,Tuples-profile,wall,symbolic_capacity,0.0040364420000000003,0
ecology1.mtx,128,2,Tuples-profile,wall,symbolic,0.0060428110000000004,0
ecology1.mtx,128,2,Tuples-profile,wall,prefix_numeric_capacity,0.0020472559999999999,0
ecology1.mtx,128,2,Tuples-profile,wall,output_allocate,0.024017178,0
ecology1.mtx,128,2,Tuples-profile,wall,numeric,0.017078698999999999,0
ecology1.mtx,128,2,Tuples-profile,wall,return_cleanup,8.2160000000000006e-06,0
ecology1.mtx,128,2,Tuples-profile,wall,output_free,5.7000000000000005e-07,0
ecology1.mtx,128,2,CSC-control,wall,total,0.051078233000000001,0
ecology1.mtx,128,2,CSC-control,wall,native_call_and_free,0.051077883999999997,0
ecology1.mtx,128,2,DCSC-control,wall,total,0.056685379000000001,0
ecology1.mtx,128,2,DCSC-control,wall,native_call_and_free,0.056684097000000003,0
ecology1.mtx,128,3,CombBLAS-control,wall,total,0.047725241000000002,0
ecology1.mtx,128,3,CombBLAS-control,wall,native_call_and_free,0.04772436,0
ecology1.mtx,128,3,DCSC-control,wall,total,0.052683934000000002,0
ecology1.mtx,128,3,DCSC-control,wall,native_call_and_free,0.052682551000000001,0
ecology1.mtx,128,3,CSC-control,wall,total,0.051872707999999997,0
ecology1.mtx,128,3,CSC-control,wall,native_call_and_free,0.051872086999999997,0
ecology1.mtx,128,3,Tuples-profile,wall,total,0.062465446000000001,0
ecology1.mtx,128,3,Tuples-profile,wall,validate,1.0920000000000001e-06,0
ecology1.mtx,128,3,Tuples-profile,wall,lookup_build,5.1099999999999996e-07,0
ecology1.mtx,128,3,Tuples-profile,wall,scratch_setup,0.0051674520000000003,0
ecology1.mtx,128,3,Tuples-profile,wall,work_bound,0.003162396,0
ecology1.mtx,128,3,Tuples-profile,wall,symbolic_capacity,0.0037553130000000001,0
ecology1.mtx,128,3,Tuples-profile,wall,symbolic,0.0060186140000000003,0
ecology1.mtx,128,3,Tuples-profile,wall,prefix_numeric_capacity,0.0020712629999999998,0
ecology1.mtx,128,3,Tuples-profile,wall,output_allocate,0.025074756,0
ecology1.mtx,128,3,Tuples-profile,wall,numeric,0.017205172000000001,0
ecology1.mtx,128,3,Tuples-profile,wall,return_cleanup,8.0949999999999996e-06,0
ecology1.mtx,128,3,Tuples-profile,wall,output_free,7.1200000000000002e-07,0
ecology1.mtx,128,3,Tuples-control,wall,total,0.060952673999999998,0
ecology1.mtx,128,3,Tuples-control,wall,native_call_and_free,0.060951732000000002,0
ecology1.mtx,128,3,DCSC-dense-static,wall,total,0.042517332999999997,0
ecology1.mtx,128,3,DCSC-dense-static,wall,native_call_and_free,0.042516661999999997,0
ecology1.mtx,128,3,DCSC-static,wall,total,0.040919707999999999,0
ecology1.mtx,128,3,DCSC-static,wall,native_call_and_free,0.040919308000000001,0
ecology1.mtx,128,3,DCSC-dense-lookup,wall,total,0.053928891999999999,0
ecology1.mtx,128,3,DCSC-dense-lookup,wall,native_call_and_free,0.053928291000000003,0
ecology1.mtx,128,3,CombBLAS-conversion,wall,total,0.120198764,0
ecology1.mtx,128,3,CombBLAS-conversion,wall,native_call,0.049554229999999998,0
ecology1.mtx,128,3,CombBLAS-conversion,wall,tuple_to_dcsc,0.070641387,0
ecology1.mtx,128,3,CombBLAS-conversion,wall,dcsc_free,2.4650000000000001e-06,0
ecology1.mtx,128,3,CombBLAS-conversion,wall,output_free,6.2099999999999996e-07,0
ecology1.mtx,128,3,CombBLAS-sampled,wall,total,0.035859101999999997,0
ecology1.mtx,128,3,CombBLAS-sampled,wall,lookup_build,0.0020855499999999998,0
ecology1.mtx,128,3,CombBLAS-sampled,wall,thread_setup,5.8473000000000001e-05,0
ecology1.mtx,128,3,CombBLAS-sampled,wall,work_bound,0.001753082,0
ecology1.mtx,128,3,CombBLAS-sampled,wall,work_prefix,0.00025326599999999998,0
ecology1.mtx,128,3,CombBLAS-sampled,wall,symbolic,0.0027627189999999999,0
ecology1.mtx,128,3,CombBLAS-sampled,wall,output_prefix,7.3250999999999994e-05,0
ecology1.mtx,128,3,CombBLAS-sampled,wall,output_allocate,0.017115849999999998,0
ecology1.mtx,128,3,CombBLAS-sampled,wall,numeric_scratch_setup,0.0036622849999999999,0
ecology1.mtx,128,3,CombBLAS-sampled,wall,numeric,0.0080668130000000008,0
ecology1.mtx,128,3,CombBLAS-sampled,wall,internal_cleanup,4.0679999999999998e-06,0
ecology1.mtx,128,3,CombBLAS-sampled,wall,return_cleanup,2.3003999999999999e-05,0
ecology1.mtx,128,3,CombBLAS-sampled,wall,output_free,6.7100000000000001e-07,0
ecology1.mtx,128,3,CombBLAS-sampled,sampled_worker,lookup,0.0019487249999999995,8197
ecology1.mtx,128,3,CombBLAS-sampled,sampled_worker,alloc_init,0.0011894619999999992,8197
ecology1.mtx,128,3,CombBLAS-sampled,sampled_worker,lookup_multiply_hash,0.0015091870000000008,8197
ecology1.mtx,128,3,CombBLAS-sampled,sampled_worker,compact,0.00041264900000000007,8197
ecology1.mtx,128,3,CombBLAS-sampled,sampled_worker,sort,0.00097380300000000019,8197
ecology1.mtx,128,3,CombBLAS-sampled,sampled_worker,write,0.00044466199999999991,8197
ecology1.mtx,128,3,CombBLAS-sampled,sampled_worker,scratch_free,0.00068389599999999959,8197
ecology1.mtx,128,3,DCSC-sampled,wall,total,0.053242836000000002,0
ecology1.mtx,128,3,DCSC-sampled,wall,validate,6.2099999999999996e-07,0
ecology1.mtx,128,3,DCSC-sampled,wall,lookup_build,6.0100000000000005e-07,0
ecology1.mtx,128,3,DCSC-sampled,wall,scratch_setup,0.0024573939999999999,0
ecology1.mtx,128,3,DCSC-sampled,wall,work_bound,0.0030419750000000001,0
ecology1.mtx,128,3,DCSC-sampled,wall,symbolic_capacity,0.0031730059999999999,0
ecology1.mtx,128,3,DCSC-sampled,wall,symbolic,0.0058747879999999997,0
ecology1.mtx,128,3,DCSC-sampled,wall,prefix_numeric_capacity,0.001848286,0
ecology1.mtx,128,3,DCSC-sampled,wall,output_allocate,0.021389767000000001,0
ecology1.mtx,128,3,DCSC-sampled,wall,numeric,0.015449254000000001,0
ecology1.mtx,128,3,DCSC-sampled,wall,return_cleanup,5.5600000000000001e-06,0
ecology1.mtx,128,3,DCSC-sampled,wall,output_free,1.5230000000000001e-06,0
ecology1.mtx,128,3,DCSC-sampled,sampled_worker,lookup,0,8197
ecology1.mtx,128,3,DCSC-sampled,sampled_worker,alloc_init,0.00070519099999999944,8197
ecology1.mtx,128,3,DCSC-sampled,sampled_worker,lookup_multiply_hash,0.087960325000000034,8197
ecology1.mtx,128,3,DCSC-sampled,sampled_worker,compact,0.00052048300000000008,8197
ecology1.mtx,128,3,DCSC-sampled,sampled_worker,sort,0.0019786419999999996,8197
ecology1.mtx,128,3,DCSC-sampled,sampled_worker,write,0.015346793000000011,8197
ecology1.mtx,128,3,DCSC-sampled,sampled_worker,scratch_free,0.0079096900000000057,8197
ecology1.mtx,128,3,CombBLAS-profile,wall,total,0.048396718999999998,0
ecology1.mtx,128,3,CombBLAS-profile,wall,lookup_build,0.0023730520000000001,0
ecology1.mtx,128,3,CombBLAS-profile,wall,thread_setup,5.6048000000000003e-05,0
ecology1.mtx,128,3,CombBLAS-profile,wall,work_bound,0.002187746,0
ecology1.mtx,128,3,CombBLAS-profile,wall,work_prefix,0.00075650100000000003,0
ecology1.mtx,128,3,CombBLAS-profile,wall,symbolic,0.002916334,0
ecology1.mtx,128,3,CombBLAS-profile,wall,output_prefix,0.00071695500000000002,0
ecology1.mtx,128,3,CombBLAS-profile,wall,output_allocate,0.025974641999999999,0
ecology1.mtx,128,3,CombBLAS-profile,wall,numeric_scratch_setup,0.0043529500000000004,0
ecology1.mtx,128,3,CombBLAS-profile,wall,numeric,0.0090289080000000004,0
ecology1.mtx,128,3,CombBLAS-profile,wall,internal_cleanup,5.7710000000000003e-06,0
ecology1.mtx,128,3,CombBLAS-profile,wall,return_cleanup,2.6812e-05,0
ecology1.mtx,128,3,CombBLAS-profile,wall,output_free,9.4099999999999997e-07,0
ecology1.mtx,128,3,DCSC-profile,wall,total,0.054608916,0
ecology1.mtx,128,3,DCSC-profile,wall,validate,8.3099999999999996e-07,0
ecology1.mtx,128,3,DCSC-profile,wall,lookup_build,4.01e-07,0
ecology1.mtx,128,3,DCSC-profile,wall,scratch_setup,0.0027696629999999999,0
ecology1.mtx,128,3,DCSC-profile,wall,work_bound,0.0030798470000000001,0
ecology1.mtx,128,3,DCSC-profile,wall,symbolic_capacity,0.0030319259999999999,0
ecology1.mtx,128,3,DCSC-profile,wall,symbolic,0.0058655599999999997,0
ecology1.mtx,128,3,DCSC-profile,wall,prefix_numeric_capacity,0.0018655189999999999,0
ecology1.mtx,128,3,DCSC-profile,wall,output_allocate,0.022688399000000001,0
ecology1.mtx,128,3,DCSC-profile,wall,numeric,0.015295217,0
ecology1.mtx,128,3,DCSC-profile,wall,return_cleanup,8.106e-06,0
ecology1.mtx,128,3,DCSC-profile,wall,output_free,3.3869999999999999e-06,0
ecology1.mtx,128,3,CSC-profile,wall,total,0.051508679000000002,0
ecology1.mtx,128,3,CSC-profile,wall,validate,1.533e-06,0
ecology1.mtx,128,3,CSC-profile,wall,lookup_build,2.9999999999999997e-08,0
ecology1.mtx,128,3,CSC-profile,wall,scratch_setup,0.005899797,0
ecology1.mtx,128,3,CSC-profile,wall,work_bound,0.002443546,0
ecology1.mtx,128,3,CSC-profile,wall,symbolic_capacity,0.0039155309999999999,0
ecology1.mtx,128,3,CSC-profile,wall,symbolic,0.0054771960000000001,0
ecology1.mtx,128,3,CSC-profile,wall,prefix_numeric_capacity,0.00209596,0
ecology1.mtx,128,3,CSC-profile,wall,output_allocate,0.016294545000000001,0
ecology1.mtx,128,3,CSC-profile,wall,numeric,0.015371734999999999,0
ecology1.mtx,128,3,CSC-profile,wall,return_cleanup,6.0809999999999999e-06,0
ecology1.mtx,128,3,CSC-profile,wall,output_free,2.6759999999999999e-06,0
ecology1.mtx,128,4,DCSC-profile,wall,total,0.056078443999999998,0
ecology1.mtx,128,4,DCSC-profile,wall,validate,1.4020000000000001e-06,0
ecology1.mtx,128,4,DCSC-profile,wall,lookup_build,1.113e-06,0
ecology1.mtx,128,4,DCSC-profile,wall,scratch_setup,0.0054433099999999998,0
ecology1.mtx,128,4,DCSC-profile,wall,work_bound,0.003105858,0
ecology1.mtx,128,4,DCSC-profile,wall,symbolic_capacity,0.0042863110000000001,0
ecology1.mtx,128,4,DCSC-profile,wall,symbolic,0.0059587599999999996,0
ecology1.mtx,128,4,DCSC-profile,wall,prefix_numeric_capacity,0.0020877439999999999,0
ecology1.mtx,128,4,DCSC-profile,wall,output_allocate,0.019862238000000001,0
ecology1.mtx,128,4,DCSC-profile,wall,numeric,0.015325406,0
ecology1.mtx,128,4,DCSC-profile,wall,return_cleanup,4.3780000000000003e-06,0
ecology1.mtx,128,4,DCSC-profile,wall,output_free,1.8640000000000001e-06,0
ecology1.mtx,128,4,CombBLAS-profile,wall,total,0.047220413000000003,0
ecology1.mtx,128,4,CombBLAS-profile,wall,lookup_build,0.001655325,0
ecology1.mtx,128,4,CombBLAS-profile,wall,thread_setup,5.5637000000000003e-05,0
ecology1.mtx,128,4,CombBLAS-profile,wall,work_bound,0.002692093,0
ecology1.mtx,128,4,CombBLAS-profile,wall,work_prefix,0.00076181199999999995,0
ecology1.mtx,128,4,CombBLAS-profile,wall,symbolic,0.0031935150000000001,0
ecology1.mtx,128,4,CombBLAS-profile,wall,output_prefix,0.00071149500000000003,0
ecology1.mtx,128,4,CombBLAS-profile,wall,output_allocate,0.023401376000000002,0
ecology1.mtx,128,4,CombBLAS-profile,wall,numeric_scratch_setup,0.0043324100000000001,0
ecology1.mtx,128,4,CombBLAS-profile,wall,numeric,0.010389158000000001,0
ecology1.mtx,128,4,CombBLAS-profile,wall,internal_cleanup,3.6370000000000001e-06,0
ecology1.mtx,128,4,CombBLAS-profile,wall,return_cleanup,2.2963999999999999e-05,0
ecology1.mtx,128,4,CombBLAS-profile,wall,output_free,9.2099999999999995e-07,0
ecology1.mtx,128,4,DCSC-sampled,wall,total,0.053332907999999998,0
ecology1.mtx,128,4,DCSC-sampled,wall,validate,6.4099999999999998e-07,0
ecology1.mtx,128,4,DCSC-sampled,wall,lookup_build,3.41e-07,0
ecology1.mtx,128,4,DCSC-sampled,wall,scratch_setup,0.0025907590000000002,0
ecology1.mtx,128,4,DCSC-sampled,wall,work_bound,0.0030067679999999999,0
ecology1.mtx,128,4,DCSC-sampled,wall,symbolic_capacity,0.0029757070000000002,0
ecology1.mtx,128,4,DCSC-sampled,wall,symbolic,0.0057872410000000003,0
ecology1.mtx,128,4,DCSC-sampled,wall,prefix_numeric_capacity,0.0018865990000000001,0
ecology1.mtx,128,4,DCSC-sampled,wall,output_allocate,0.021935174000000002,0
ecology1.mtx,128,4,DCSC-sampled,wall,numeric,0.015139368,0
ecology1.mtx,128,4,DCSC-sampled,wall,return_cleanup,7.7649999999999993e-06,0
ecology1.mtx,128,4,DCSC-sampled,wall,output_free,2.345e-06,0
ecology1.mtx,128,4,DCSC-sampled,sampled_worker,lookup,0,8197
ecology1.mtx,128,4,DCSC-sampled,sampled_worker,alloc_init,0.00078134699999999919,8197
ecology1.mtx,128,4,DCSC-sampled,sampled_worker,lookup_multiply_hash,0.086809206999999999,8197
ecology1.mtx,128,4,DCSC-sampled,sampled_worker,compact,0.00046625300000000008,8197
ecology1.mtx,128,4,DCSC-sampled,sampled_worker,sort,0.0018726549999999993,8197
ecology1.mtx,128,4,DCSC-sampled,sampled_worker,write,0.015283778000000005,8197
ecology1.mtx,128,4,DCSC-sampled,sampled_worker,scratch_free,0.0071777189999999999,8197
ecology1.mtx,128,4,CombBLAS-sampled,wall,total,0.049241519999999997,0
ecology1.mtx,128,4,CombBLAS-sampled,wall,lookup_build,0.0022034260000000001,0
ecology1.mtx,128,4,CombBLAS-sampled,wall,thread_setup,5.3461999999999997e-05,0
ecology1.mtx,128,4,CombBLAS-sampled,wall,work_bound,0.0021936479999999999,0
ecology1.mtx,128,4,CombBLAS-sampled,wall,work_prefix,0.00074958800000000003,0
ecology1.mtx,128,4,CombBLAS-sampled,wall,symbolic,0.0030166059999999998,0
ecology1.mtx,128,4,CombBLAS-sampled,wall,output_prefix,0.00071334899999999995,0
ecology1.mtx,128,4,CombBLAS-sampled,wall,output_allocate,0.026594731,0
ecology1.mtx,128,4,CombBLAS-sampled,wall,numeric_scratch_setup,0.004346417,0
ecology1.mtx,128,4,CombBLAS-sampled,wall,numeric,0.009341238,0
ecology1.mtx,128,4,CombBLAS-sampled,wall,internal_cleanup,3.7069999999999998e-06,0
ecology1.mtx,128,4,CombBLAS-sampled,wall,return_cleanup,2.3966000000000001e-05,0
ecology1.mtx,128,4,CombBLAS-sampled,wall,output_free,1.322e-06,0
ecology1.mtx,128,4,CombBLAS-sampled,sampled_worker,lookup,0.002463635,8197
ecology1.mtx,128,4,CombBLAS-sampled,sampled_worker,alloc_init,0.0016489810000000003,8197
ecology1.mtx,128,4,CombBLAS-sampled,sampled_worker,lookup_multiply_hash,0.001840500000000001,8197
ecology1.mtx,128,4,CombBLAS-sampled,sampled_worker,compact,0.00040038699999999988,8197
ecology1.mtx,128,4,CombBLAS-sampled,sampled_worker,sort,0.0011624159999999997,8197
ecology1.mtx,128,4,CombBLAS-sampled,sampled_worker,write,0.00059398699999999938,8197
ecology1.mtx,128,4,CombBLAS-sampled,sampled_worker,scratch_free,0.00080729399999999909,8197
ecology1.mtx,128,4,CombBLAS-conversion,wall,total,0.097313488000000004,0
ecology1.mtx,128,4,CombBLAS-conversion,wall,native_call,0.039757880000000002,0
ecology1.mtx,128,4,CombBLAS-conversion,wall,tuple_to_dcsc,0.057550639000000001,0
ecology1.mtx,128,4,CombBLAS-conversion,wall,dcsc_free,2.875e-06,0
ecology1.mtx,128,4,CombBLAS-conversion,wall,output_free,2.0339999999999999e-06,0
ecology1.mtx,128,4,DCSC-dense-lookup,wall,total,0.046703903999999997,0
ecology1.mtx,128,4,DCSC-dense-lookup,wall,native_call_and_free,0.046703190999999998,0
ecology1.mtx,128,4,DCSC-static,wall,total,0.043747091000000002,0
ecology1.mtx,128,4,DCSC-static,wall,native_call_and_free,0.043746620999999999,0
ecology1.mtx,128,4,DCSC-dense-static,wall,total,0.037145869999999998,0
ecology1.mtx,128,4,DCSC-dense-static,wall,native_call_and_free,0.037145389000000001,0
ecology1.mtx,128,4,Tuples-control,wall,total,0.056837139000000002,0
ecology1.mtx,128,4,Tuples-control,wall,native_call_and_free,0.056835897000000003,0
ecology1.mtx,128,4,Tuples-profile,wall,total,0.061709395,0
ecology1.mtx,128,4,Tuples-profile,wall,validate,1.6729999999999999e-06,0
ecology1.mtx,128,4,Tuples-profile,wall,lookup_build,7.8199999999999999e-07,0
ecology1.mtx,128,4,Tuples-profile,wall,scratch_setup,0.0053000160000000003,0
ecology1.mtx,128,4,Tuples-profile,wall,work_bound,0.0031722349999999998,0
ecology1.mtx,128,4,Tuples-profile,wall,symbolic_capacity,0.0041202130000000002,0
ecology1.mtx,128,4,Tuples-profile,wall,symbolic,0.006020788,0
ecology1.mtx,128,4,Tuples-profile,wall,prefix_numeric_capacity,0.002142209,0
ecology1.mtx,128,4,Tuples-profile,wall,output_allocate,0.023930261000000001,0
ecology1.mtx,128,4,Tuples-profile,wall,numeric,0.017010719000000001,0
ecology1.mtx,128,4,Tuples-profile,wall,return_cleanup,9.6379999999999999e-06,0
ecology1.mtx,128,4,Tuples-profile,wall,output_free,8.0200000000000001e-07,0
ecology1.mtx,128,4,CSC-control,wall,total,0.050488632999999998,0
ecology1.mtx,128,4,CSC-control,wall,native_call_and_free,0.050487650000000002,0
ecology1.mtx,128,4,DCSC-control,wall,total,0.058853898000000002,0
ecology1.mtx,128,4,DCSC-control,wall,native_call_and_free,0.058852947000000003,0
ecology1.mtx,128,4,CombBLAS-control,wall,total,0.048270668000000003,0
ecology1.mtx,128,4,CombBLAS-control,wall,native_call_and_free,0.048269976999999999,0
ecology1.mtx,128,4,CSC-profile,wall,total,0.049555202,0
ecology1.mtx,128,4,CSC-profile,wall,validate,8.2200000000000003e-07,0
ecology1.mtx,128,4,CSC-profile,wall,lookup_build,2.9999999999999997e-08,0
ecology1.mtx,128,4,CSC-profile,wall,scratch_setup,0.002941983,0
ecology1.mtx,128,4,CSC-profile,wall,work_bound,0.0029271449999999999,0
ecology1.mtx,128,4,CSC-profile,wall,symbolic_capacity,0.003328414,0
ecology1.mtx,128,4,CSC-profile,wall,symbolic,0.0057299810000000003,0
ecology1.mtx,128,4,CSC-profile,wall,prefix_numeric_capacity,0.0018119150000000001,0
ecology1.mtx,128,4,CSC-profile,wall,output_allocate,0.017142311,0
ecology1.mtx,128,4,CSC-profile,wall,numeric,0.015661419999999999,0
ecology1.mtx,128,4,CSC-profile,wall,return_cleanup,9.2280000000000004e-06,0
ecology1.mtx,128,4,CSC-profile,wall,output_free,1.703e-06,0
ecology1.mtx,128,5,DCSC-profile,wall,total,0.059125959999999998,0
ecology1.mtx,128,5,DCSC-profile,wall,validate,7.7199999999999998e-07,0
ecology1.mtx,128,5,DCSC-profile,wall,lookup_build,7.7100000000000001e-07,0
ecology1.mtx,128,5,DCSC-profile,wall,scratch_setup,0.0063152640000000001,0
ecology1.mtx,128,5,DCSC-profile,wall,work_bound,0.002946532,0
ecology1.mtx,128,5,DCSC-profile,wall,symbolic_capacity,0.0043628579999999998,0
ecology1.mtx,128,5,DCSC-profile,wall,symbolic,0.0060029649999999999,0
ecology1.mtx,128,5,DCSC-profile,wall,prefix_numeric_capacity,0.0020902389999999998,0
ecology1.mtx,128,5,DCSC-profile,wall,output_allocate,0.022139926000000001,0
ecology1.mtx,128,5,DCSC-profile,wall,numeric,0.015258829,0
ecology1.mtx,128,5,DCSC-profile,wall,return_cleanup,6.6120000000000004e-06,0
ecology1.mtx,128,5,DCSC-profile,wall,output_free,1.133e-06,0
ecology1.mtx,128,5,CSC-profile,wall,total,0.050613442000000002,0
ecology1.mtx,128,5,CSC-profile,wall,validate,9.5099999999999998e-07,0
ecology1.mtx,128,5,CSC-profile,wall,lookup_build,3.1e-08,0
ecology1.mtx,128,5,CSC-profile,wall,scratch_setup,0.0052563820000000004,0
ecology1.mtx,128,5,CSC-profile,wall,work_bound,0.0029438870000000001,0
ecology1.mtx,128,5,CSC-profile,wall,symbolic_capacity,0.0029987009999999999,0
ecology1.mtx,128,5,CSC-profile,wall,symbolic,0.0058119180000000001,0
ecology1.mtx,128,5,CSC-profile,wall,prefix_numeric_capacity,0.002087003,0
ecology1.mtx,128,5,CSC-profile,wall,output_allocate,0.016220472999999999,0
ecology1.mtx,128,5,CSC-profile,wall,numeric,0.015287162999999999,0
ecology1.mtx,128,5,CSC-profile,wall,return_cleanup,5.4199999999999998e-06,0
ecology1.mtx,128,5,CSC-profile,wall,output_free,1.4529999999999999e-06,0
ecology1.mtx,128,5,CombBLAS-control,wall,total,0.047097118,0
ecology1.mtx,128,5,CombBLAS-control,wall,native_call_and_free,0.047096836000000003,0
ecology1.mtx,128,5,DCSC-control,wall,total,0.052099262,0
ecology1.mtx,128,5,DCSC-control,wall,native_call_and_free,0.052098852000000001,0
ecology1.mtx,128,5,CSC-control,wall,total,0.050959575999999999,0
ecology1.mtx,128,5,CSC-control,wall,native_call_and_free,0.050959206,0
ecology1.mtx,128,5,Tuples-profile,wall,total,0.064455472,0
ecology1.mtx,128,5,Tuples-profile,wall,validate,1.192e-06,0
ecology1.mtx,128,5,Tuples-profile,wall,lookup_build,4.6100000000000001e-07,0
ecology1.mtx,128,5,Tuples-profile,wall,scratch_setup,0.0070192730000000004,0
ecology1.mtx,128,5,Tuples-profile,wall,work_bound,0.003085048,0
ecology1.mtx,128,5,Tuples-profile,wall,symbolic_capacity,0.0035479750000000001,0
ecology1.mtx,128,5,Tuples-profile,wall,symbolic,0.0059167489999999998,0
ecology1.mtx,128,5,Tuples-profile,wall,prefix_numeric_capacity,0.0021077029999999998,0
ecology1.mtx,128,5,Tuples-profile,wall,output_allocate,0.025656542000000001,0
ecology1.mtx,128,5,Tuples-profile,wall,numeric,0.017114206999999999,0
ecology1.mtx,128,5,Tuples-profile,wall,return_cleanup,5.2499999999999997e-06,0
ecology1.mtx,128,5,Tuples-profile,wall,output_free,1.0020000000000001e-06,0
ecology1.mtx,128,5,Tuples-control,wall,total,0.058432528999999997,0
ecology1.mtx,128,5,Tuples-control,wall,native_call_and_free,0.058430927000000001,0
ecology1.mtx,128,5,DCSC-dense-static,wall,total,0.042398655,0
ecology1.mtx,128,5,DCSC-dense-static,wall,native_call_and_free,0.042398063999999999,0
ecology1.mtx,128,5,DCSC-static,wall,total,0.041656242000000003,0
ecology1.mtx,128,5,DCSC-static,wall,native_call_and_free,0.041655821000000003,0
ecology1.mtx,128,5,DCSC-dense-lookup,wall,total,0.053808349999999998,0
ecology1.mtx,128,5,DCSC-dense-lookup,wall,native_call_and_free,0.053807799000000003,0
ecology1.mtx,128,5,CombBLAS-conversion,wall,total,0.120098992,0
ecology1.mtx,128,5,CombBLAS-conversion,wall,native_call,0.049801263999999998,0
ecology1.mtx,128,5,CombBLAS-conversion,wall,tuple_to_dcsc,0.070293289999999994,0
ecology1.mtx,128,5,CombBLAS-conversion,wall,dcsc_free,3.326e-06,0
ecology1.mtx,128,5,CombBLAS-conversion,wall,output_free,1.052e-06,0
ecology1.mtx,128,5,CombBLAS-sampled,wall,total,0.035495383999999998,0
ecology1.mtx,128,5,CombBLAS-sampled,wall,lookup_build,0.0021633189999999999,0
ecology1.mtx,128,5,CombBLAS-sampled,wall,thread_setup,6.0316000000000003e-05,0
ecology1.mtx,128,5,CombBLAS-sampled,wall,work_bound,0.0014950670000000001,0
ecology1.mtx,128,5,CombBLAS-sampled,wall,work_prefix,0.00025082199999999999,0
ecology1.mtx,128,5,CombBLAS-sampled,wall,symbolic,0.0027766459999999998,0
ecology1.mtx,128,5,CombBLAS-sampled,wall,output_prefix,7.3781000000000004e-05,0
ecology1.mtx,128,5,CombBLAS-sampled,wall,output_allocate,0.017130649000000001,0
ecology1.mtx,128,5,CombBLAS-sampled,wall,numeric_scratch_setup,0.0035793660000000001,0
ecology1.mtx,128,5,CombBLAS-sampled,wall,numeric,0.0079369330000000002,0
ecology1.mtx,128,5,CombBLAS-sampled,wall,internal_cleanup,3.9269999999999998e-06,0
ecology1.mtx,128,5,CombBLAS-sampled,wall,return_cleanup,2.3635999999999999e-05,0
ecology1.mtx,128,5,CombBLAS-sampled,wall,output_free,8.5099999999999998e-07,0
ecology1.mtx,128,5,CombBLAS-sampled,sampled_worker,lookup,0.0021060149999999993,8197
ecology1.mtx,128,5,CombBLAS-sampled,sampled_worker,alloc_init,0.0013542870000000005,8197
ecology1.mtx,128,5,CombBLAS-sampled,sampled_worker,lookup_multiply_hash,0.0015448240000000017,8197
ecology1.mtx,128,5,CombBLAS-sampled,sampled_worker,compact,0.0004143399999999997,8197
ecology1.mtx,128,5,CombBLAS-sampled,sampled_worker,sort,0.00099767099999999989,8197
ecology1.mtx,128,5,CombBLAS-sampled,sampled_worker,write,0.0004949799999999999,8197
ecology1.mtx,128,5,CombBLAS-sampled,sampled_worker,scratch_free,0.00069341699999999923,8197
ecology1.mtx,128,5,DCSC-sampled,wall,total,0.054402009000000001,0
ecology1.mtx,128,5,DCSC-sampled,wall,validate,4.32e-07,0
ecology1.mtx,128,5,DCSC-sampled,wall,lookup_build,4.3000000000000001e-07,0
ecology1.mtx,128,5,DCSC-sampled,wall,scratch_setup,0.002566062,0
ecology1.mtx,128,5,DCSC-sampled,wall,work_bound,0.0030115770000000001,0
ecology1.mtx,128,5,DCSC-sampled,wall,symbolic_capacity,0.0035065360000000002,0
ecology1.mtx,128,5,DCSC-sampled,wall,symbolic,0.0058170080000000002,0
ecology1.mtx,128,5,DCSC-sampled,wall,prefix_numeric_capacity,0.001842684,0
ecology1.mtx,128,5,DCSC-sampled,wall,output_allocate,0.02222503,0
ecology1.mtx,128,5,DCSC-sampled,wall,numeric,0.015422933,0
ecology1.mtx,128,5,DCSC-sampled,wall,return_cleanup,7.6450000000000005e-06,0
ecology1.mtx,128,5,DCSC-sampled,wall,output_free,1.612e-06,0
ecology1.mtx,128,5,DCSC-sampled,sampled_worker,lookup,0,8197
ecology1.mtx,128,5,DCSC-sampled,sampled_worker,alloc_init,0.00076941299999999874,8197
ecology1.mtx,128,5,DCSC-sampled,sampled_worker,lookup_multiply_hash,0.088878874000000024,8197
ecology1.mtx,128,5,DCSC-sampled,sampled_worker,compact,0.00052974999999999984,8197
ecology1.mtx,128,5,DCSC-sampled,sampled_worker,sort,0.0020699450000000001,8197
ecology1.mtx,128,5,DCSC-sampled,sampled_worker,write,0.016318207000000008,8197
ecology1.mtx,128,5,DCSC-sampled,sampled_worker,scratch_free,0.0059764309999999982,8197
ecology1.mtx,128,5,CombBLAS-profile,wall,total,0.048601954000000003,0
ecology1.mtx,128,5,CombBLAS-profile,wall,lookup_build,0.00224157,0
ecology1.mtx,128,5,CombBLAS-profile,wall,thread_setup,7.1496999999999997e-05,0
ecology1.mtx,128,5,CombBLAS-profile,wall,work_bound,0.002251388,0
ecology1.mtx,128,5,CombBLAS-profile,wall,work_prefix,0.00073555099999999998,0
ecology1.mtx,128,5,CombBLAS-profile,wall,symbolic,0.0030032599999999998,0
ecology1.mtx,128,5,CombBLAS-profile,wall,output_prefix,0.00071258699999999999,0
ecology1.mtx,128,5,CombBLAS-profile,wall,output_allocate,0.026273536,0
ecology1.mtx,128,5,CombBLAS-profile,wall,numeric_scratch_setup,0.0043017309999999996,0
ecology1.mtx,128,5,CombBLAS-profile,wall,numeric,0.0089786220000000003,0
ecology1.mtx,128,5,CombBLAS-profile,wall,internal_cleanup,6.7730000000000002e-06,0
ecology1.mtx,128,5,CombBLAS-profile,wall,return_cleanup,2.4145999999999999e-05,0
ecology1.mtx,128,5,CombBLAS-profile,wall,output_free,1.2330000000000001e-06,0
ecology1.mtx,128,6,DCSC-sampled,wall,total,0.053228378,0
ecology1.mtx,128,6,DCSC-sampled,wall,validate,7.8199999999999999e-07,0
ecology1.mtx,128,6,DCSC-sampled,wall,lookup_build,3.2000000000000001e-07,0
ecology1.mtx,128,6,DCSC-sampled,wall,scratch_setup,0.0028987010000000001,0
ecology1.mtx,128,6,DCSC-sampled,wall,work_bound,0.003063877,0
ecology1.mtx,128,6,DCSC-sampled,wall,symbolic_capacity,0.0035273750000000001,0
ecology1.mtx,128,6,DCSC-sampled,wall,symbolic,0.0058400220000000003,0
ecology1.mtx,128,6,DCSC-sampled,wall,prefix_numeric_capacity,0.0018104130000000001,0
ecology1.mtx,128,6,DCSC-sampled,wall,output_allocate,0.020851875999999998,0
ecology1.mtx,128,6,DCSC-sampled,wall,numeric,0.015226465999999999,0
ecology1.mtx,128,6,DCSC-sampled,wall,return_cleanup,6.0920000000000003e-06,0
ecology1.mtx,128,6,DCSC-sampled,wall,output_free,2.3939999999999999e-06,0
ecology1.mtx,128,6,DCSC-sampled,sampled_worker,lookup,0,8197
ecology1.mtx,128,6,DCSC-sampled,sampled_worker,alloc_init,0.00084410399999999949,8197
ecology1.mtx,128,6,DCSC-sampled,sampled_worker,lookup_multiply_hash,0.087767296000000009,8197
ecology1.mtx,128,6,DCSC-sampled,sampled_worker,compact,0.00049016300000000006,8197
ecology1.mtx,128,6,DCSC-sampled,sampled_worker,sort,0.0018784399999999997,8197
ecology1.mtx,128,6,DCSC-sampled,sampled_worker,write,0.017123643000000004,8197
ecology1.mtx,128,6,DCSC-sampled,sampled_worker,scratch_free,0.0060154340000000009,8197
ecology1.mtx,128,6,CombBLAS-sampled,wall,total,0.049059562000000001,0
ecology1.mtx,128,6,CombBLAS-sampled,wall,lookup_build,0.0021380409999999998,0
ecology1.mtx,128,6,CombBLAS-sampled,wall,thread_setup,5.5096000000000002e-05,0
ecology1.mtx,128,6,CombBLAS-sampled,wall,work_bound,0.002276386,0
ecology1.mtx,128,6,CombBLAS-sampled,wall,work_prefix,0.00074105199999999997,0
ecology1.mtx,128,6,CombBLAS-sampled,wall,symbolic,0.0029353199999999999,0
ecology1.mtx,128,6,CombBLAS-sampled,wall,output_prefix,0.00070907999999999995,0
ecology1.mtx,128,6,CombBLAS-sampled,wall,output_allocate,0.026800086000000001,0
ecology1.mtx,128,6,CombBLAS-sampled,wall,numeric_scratch_setup,0.0043254460000000002,0
ecology1.mtx,128,6,CombBLAS-sampled,wall,numeric,0.0090471639999999999,0
ecology1.mtx,128,6,CombBLAS-sampled,wall,internal_cleanup,5.4600000000000002e-06,0
ecology1.mtx,128,6,CombBLAS-sampled,wall,return_cleanup,2.4958000000000001e-05,0
ecology1.mtx,128,6,CombBLAS-sampled,wall,output_free,1.392e-06,0
ecology1.mtx,128,6,CombBLAS-sampled,sampled_worker,lookup,0.0024161280000000005,8197
ecology1.mtx,128,6,CombBLAS-sampled,sampled_worker,alloc_init,0.0016694450000000001,8197
ecology1.mtx,128,6,CombBLAS-sampled,sampled_worker,lookup_multiply_hash,0.0018773770000000013,8197
ecology1.mtx,128,6,CombBLAS-sampled,sampled_worker,compact,0.00040504599999999983,8197
ecology1.mtx,128,6,CombBLAS-sampled,sampled_worker,sort,0.0011280119999999996,8197
ecology1.mtx,128,6,CombBLAS-sampled,sampled_worker,write,0.0005593079999999999,8197
ecology1.mtx,128,6,CombBLAS-sampled,sampled_worker,scratch_free,0.00086095099999999901,8197
ecology1.mtx,128,6,CombBLAS-conversion,wall,total,0.14844078599999999,0
ecology1.mtx,128,6,CombBLAS-conversion,wall,native_call,0.041461867999999999,0
ecology1.mtx,128,6,CombBLAS-conversion,wall,tuple_to_dcsc,0.106974889,0
ecology1.mtx,128,6,CombBLAS-conversion,wall,dcsc_free,2.7350000000000001e-06,0
ecology1.mtx,128,6,CombBLAS-conversion,wall,output_free,1.2330000000000001e-06,0
ecology1.mtx,128,6,DCSC-dense-lookup,wall,total,0.046751373999999998,0
ecology1.mtx,128,6,DCSC-dense-lookup,wall,native_call_and_free,0.046750953999999997,0
ecology1.mtx,128,6,DCSC-static,wall,total,0.042406711999999999,0
ecology1.mtx,128,6,DCSC-static,wall,native_call_and_free,0.042406319999999997,0
ecology1.mtx,128,6,DCSC-dense-static,wall,total,0.037823929999999999,0
ecology1.mtx,128,6,DCSC-dense-static,wall,native_call_and_free,0.037823549999999997,0
ecology1.mtx,128,6,Tuples-control,wall,total,0.058473940000000002,0
ecology1.mtx,128,6,Tuples-control,wall,native_call_and_free,0.058472837999999999,0
ecology1.mtx,128,6,Tuples-profile,wall,total,0.060570710999999999,0
ecology1.mtx,128,6,Tuples-profile,wall,validate,6.4099999999999998e-07,0
ecology1.mtx,128,6,Tuples-profile,wall,lookup_build,1.263e-06,0
ecology1.mtx,128,6,Tuples-profile,wall,scratch_setup,0.0052965989999999999,0
ecology1.mtx,128,6,Tuples-profile,wall,work_bound,0.003156304,0
ecology1.mtx,128,6,Tuples-profile,wall,symbolic_capacity,0.0030723030000000002,0
ecology1.mtx,128,6,Tuples-profile,wall,symbolic,0.0060280519999999999,0
ecology1.mtx,128,6,Tuples-profile,wall,prefix_numeric_capacity,0.0020935260000000001,0
ecology1.mtx,128,6,Tuples-profile,wall,output_allocate,0.023577774999999999,0
ecology1.mtx,128,6,Tuples-profile,wall,numeric,0.017335931999999998,0
ecology1.mtx,128,6,Tuples-profile,wall,return_cleanup,6.7830000000000001e-06,0
ecology1.mtx,128,6,Tuples-profile,wall,output_free,1.463e-06,0
ecology1.mtx,128,6,CSC-control,wall,total,0.049758231999999999,0
ecology1.mtx,128,6,CSC-control,wall,native_call_and_free,0.049757580000000003,0
ecology1.mtx,128,6,DCSC-control,wall,total,0.056158959000000001,0
ecology1.mtx,128,6,DCSC-control,wall,native_call_and_free,0.056157546000000003,0
ecology1.mtx,128,6,CombBLAS-control,wall,total,0.048229409000000001,0
ecology1.mtx,128,6,CombBLAS-control,wall,native_call_and_free,0.048228727999999998,0
ecology1.mtx,128,6,CSC-profile,wall,total,0.049332826000000003,0
ecology1.mtx,128,6,CSC-profile,wall,validate,7.6199999999999997e-07,0
ecology1.mtx,128,6,CSC-profile,wall,lookup_build,2.9999999999999997e-08,0
ecology1.mtx,128,6,CSC-profile,wall,scratch_setup,0.0028360400000000002,0
ecology1.mtx,128,6,CSC-profile,wall,work_bound,0.0027992690000000001,0
ecology1.mtx,128,6,CSC-profile,wall,symbolic_capacity,0.0032940980000000001,0
ecology1.mtx,128,6,CSC-profile,wall,symbolic,0.005746162,0
ecology1.mtx,128,6,CSC-profile,wall,prefix_numeric_capacity,0.0017456990000000001,0
ecology1.mtx,128,6,CSC-profile,wall,output_allocate,0.017361330000000001,0
ecology1.mtx,128,6,CSC-profile,wall,numeric,0.015541750999999999,0
ecology1.mtx,128,6,CSC-profile,wall,return_cleanup,6.2720000000000003e-06,0
ecology1.mtx,128,6,CSC-profile,wall,output_free,1.353e-06,0
ecology1.mtx,128,6,DCSC-profile,wall,total,0.055909961000000001,0
ecology1.mtx,128,6,DCSC-profile,wall,validate,9.8200000000000008e-07,0
ecology1.mtx,128,6,DCSC-profile,wall,lookup_build,5.8100000000000003e-07,0
ecology1.mtx,128,6,DCSC-profile,wall,scratch_setup,0.0052731239999999997,0
ecology1.mtx,128,6,DCSC-profile,wall,work_bound,0.0029237180000000001,0
ecology1.mtx,128,6,DCSC-profile,wall,symbolic_capacity,0.0038847119999999998,0
ecology1.mtx,128,6,DCSC-profile,wall,symbolic,0.0060563759999999996,0
ecology1.mtx,128,6,DCSC-profile,wall,prefix_numeric_capacity,0.0020047659999999998,0
ecology1.mtx,128,6,DCSC-profile,wall,output_allocate,0.020687469999999999,0
ecology1.mtx,128,6,DCSC-profile,wall,numeric,0.015070347,0
ecology1.mtx,128,6,DCSC-profile,wall,return_cleanup,6.1419999999999998e-06,0
ecology1.mtx,128,6,DCSC-profile,wall,output_free,1.683e-06,0
ecology1.mtx,128,6,CombBLAS-profile,wall,total,0.047906710999999998,0
ecology1.mtx,128,6,CombBLAS-profile,wall,lookup_build,0.0019544689999999999,0
ecology1.mtx,128,6,CombBLAS-profile,wall,thread_setup,5.4966000000000002e-05,0
ecology1.mtx,128,6,CombBLAS-profile,wall,work_bound,0.002501568,0
ecology1.mtx,128,6,CombBLAS-profile,wall,work_prefix,0.00072509099999999997,0
ecology1.mtx,128,6,CombBLAS-profile,wall,symbolic,0.0029962669999999999,0
ecology1.mtx,128,6,CombBLAS-profile,wall,output_prefix,0.000715342,0
ecology1.mtx,128,6,CombBLAS-profile,wall,output_allocate,0.024957862000000001,0
ecology1.mtx,128,6,CombBLAS-profile,wall,numeric_scratch_setup,0.0043637099999999998,0
ecology1.mtx,128,6,CombBLAS-profile,wall,numeric,0.0096046329999999996,0
ecology1.mtx,128,6,CombBLAS-profile,wall,internal_cleanup,6.2820000000000002e-06,0
ecology1.mtx,128,6,CombBLAS-profile,wall,return_cleanup,2.5418999999999998e-05,0
ecology1.mtx,128,6,CombBLAS-profile,wall,output_free,1.032e-06,0
ecology1.mtx,128,7,DCSC-sampled,wall,total,0.053682168000000002,0
ecology1.mtx,128,7,DCSC-sampled,wall,validate,1.0219999999999999e-06,0
ecology1.mtx,128,7,DCSC-sampled,wall,lookup_build,7.0100000000000004e-07,0
ecology1.mtx,128,7,DCSC-sampled,wall,scratch_setup,0.0028635819999999999,0
ecology1.mtx,128,7,DCSC-sampled,wall,work_bound,0.0029401499999999999,0
ecology1.mtx,128,7,DCSC-sampled,wall,symbolic_capacity,0.0032500039999999999,0
ecology1.mtx,128,7,DCSC-sampled,wall,symbolic,0.005736072,0
ecology1.mtx,128,7,DCSC-sampled,wall,prefix_numeric_capacity,0.0018179069999999999,0
ecology1.mtx,128,7,DCSC-sampled,wall,output_allocate,0.022011651,0
ecology1.mtx,128,7,DCSC-sampled,wall,numeric,0.015055949000000001,0
ecology1.mtx,128,7,DCSC-sampled,wall,return_cleanup,3.4860000000000002e-06,0
ecology1.mtx,128,7,DCSC-sampled,wall,output_free,1.584e-06,0
ecology1.mtx,128,7,DCSC-sampled,sampled_worker,lookup,0,8197
ecology1.mtx,128,7,DCSC-sampled,sampled_worker,alloc_init,0.00082081499999999959,8197
ecology1.mtx,128,7,DCSC-sampled,sampled_worker,lookup_multiply_hash,0.087973771999999978,8197
ecology1.mtx,128,7,DCSC-sampled,sampled_worker,compact,0.0005112150000000003,8197
ecology1.mtx,128,7,DCSC-sampled,sampled_worker,sort,0.0019518109999999986,8197
ecology1.mtx,128,7,DCSC-sampled,sampled_worker,write,0.016448566000000008,8197
ecology1.mtx,128,7,DCSC-sampled,sampled_worker,scratch_free,0.0060475520000000012,8197
ecology1.mtx,128,7,CombBLAS-profile,wall,total,0.047331106999999997,0
ecology1.mtx,128,7,CombBLAS-profile,wall,lookup_build,0.001914553,0
ecology1.mtx,128,7,CombBLAS-profile,wall,thread_setup,5.3712999999999999e-05,0
ecology1.mtx,128,7,CombBLAS-profile,wall,work_bound,0.0023595460000000001,0
ecology1.mtx,128,7,CombBLAS-profile,wall,work_prefix,0.00072029099999999997,0
ecology1.mtx,128,7,CombBLAS-profile,wall,symbolic,0.0030347109999999998,0
ecology1.mtx,128,7,CombBLAS-profile,wall,output_prefix,0.00069109599999999998,0
ecology1.mtx,128,7,CombBLAS-profile,wall,output_allocate,0.025476537,0
ecology1.mtx,128,7,CombBLAS-profile,wall,numeric_scratch_setup,0.0043124210000000003,0
ecology1.mtx,128,7,CombBLAS-profile,wall,numeric,0.0087386619999999995,0
ecology1.mtx,128,7,CombBLAS-profile,wall,internal_cleanup,4.4789999999999998e-06,0
ecology1.mtx,128,7,CombBLAS-profile,wall,return_cleanup,2.3374e-05,0
ecology1.mtx,128,7,CombBLAS-profile,wall,output_free,1.663e-06,0
ecology1.mtx,128,7,DCSC-profile,wall,total,0.054104599000000003,0
ecology1.mtx,128,7,DCSC-profile,wall,validate,5.9100000000000004e-07,0
ecology1.mtx,128,7,DCSC-profile,wall,lookup_build,3.9099999999999999e-07,0
ecology1.mtx,128,7,DCSC-profile,wall,scratch_setup,0.0027406069999999999,0
ecology1.mtx,128,7,DCSC-profile,wall,work_bound,0.0030664220000000001,0
ecology1.mtx,128,7,DCSC-profile,wall,symbolic_capacity,0.003245806,0
ecology1.mtx,128,7,DCSC-profile,wall,symbolic,0.0058361740000000004,0
ecology1.mtx,128,7,DCSC-profile,wall,prefix_numeric_capacity,0.00181437,0
ecology1.mtx,128,7,DCSC-profile,wall,output_allocate,0.022167038999999999,0
ecology1.mtx,128,7,DCSC-profile,wall,numeric,0.015225343000000001,0
ecology1.mtx,128,7,DCSC-profile,wall,return_cleanup,5.9519999999999999e-06,0
ecology1.mtx,128,7,DCSC-profile,wall,output_free,1.8339999999999999e-06,0
ecology1.mtx,128,7,CSC-profile,wall,total,0.05149894,0
ecology1.mtx,128,7,CSC-profile,wall,validate,1.142e-06,0
ecology1.mtx,128,7,CSC-profile,wall,lookup_build,2.9999999999999997e-08,0
ecology1.mtx,128,7,CSC-profile,wall,scratch_setup,0.0065423590000000002,0
ecology1.mtx,128,7,CSC-profile,wall,work_bound,0.0025364049999999998,0
ecology1.mtx,128,7,CSC-profile,wall,symbolic_capacity,0.0028476119999999998,0
ecology1.mtx,128,7,CSC-profile,wall,symbolic,0.0056179259999999996,0
ecology1.mtx,128,7,CSC-profile,wall,prefix_numeric_capacity,0.002056324,0
ecology1.mtx,128,7,CSC-profile,wall,output_allocate,0.016599820000000001,0
ecology1.mtx,128,7,CSC-profile,wall,numeric,0.015290649,0
ecology1.mtx,128,7,CSC-profile,wall,return_cleanup,5.1900000000000003e-06,0
ecology1.mtx,128,7,CSC-profile,wall,output_free,1.423e-06,0
ecology1.mtx,128,7,CombBLAS-control,wall,total,0.047867013999999999,0
ecology1.mtx,128,7,CombBLAS-control,wall,native_call_and_free,0.047866483000000001,0
ecology1.mtx,128,7,DCSC-control,wall,total,0.054256220000000001,0
ecology1.mtx,128,7,DCSC-control,wall,native_call_and_free,0.054254727000000003,0
ecology1.mtx,128,7,CSC-control,wall,total,0.051813463999999997,0
ecology1.mtx,128,7,CSC-control,wall,native_call_and_free,0.051812733,0
ecology1.mtx,128,7,Tuples-profile,wall,total,0.064894665000000004,0
ecology1.mtx,128,7,Tuples-profile,wall,validate,9.0100000000000003e-07,0
ecology1.mtx,128,7,Tuples-profile,wall,lookup_build,6.7100000000000001e-07,0
ecology1.mtx,128,7,Tuples-profile,wall,scratch_setup,0.0053800999999999996,0
ecology1.mtx,128,7,Tuples-profile,wall,work_bound,0.0031129809999999999,0
ecology1.mtx,128,7,Tuples-profile,wall,symbolic_capacity,0.0030882539999999999,0
ecology1.mtx,128,7,Tuples-profile,wall,symbolic,0.0059947480000000003,0
ecology1.mtx,128,7,Tuples-profile,wall,prefix_numeric_capacity,0.0050971970000000004,0
ecology1.mtx,128,7,Tuples-profile,wall,output_allocate,0.025068964999999999,0
ecology1.mtx,128,7,Tuples-profile,wall,numeric,0.017141759999999999,0
ecology1.mtx,128,7,Tuples-profile,wall,return_cleanup,7.6350000000000006e-06,0
ecology1.mtx,128,7,Tuples-profile,wall,output_free,1.392e-06,0
ecology1.mtx,128,7,Tuples-control,wall,total,0.060574408000000003,0
ecology1.mtx,128,7,Tuples-control,wall,native_call_and_free,0.060573487000000002,0
ecology1.mtx,128,7,DCSC-dense-static,wall,total,0.042264057000000001,0
ecology1.mtx,128,7,DCSC-dense-static,wall,native_call_and_free,0.042263766000000001,0
ecology1.mtx,128,7,DCSC-static,wall,total,0.038924230999999997,0
ecology1.mtx,128,7,DCSC-static,wall,native_call_and_free,0.038923869999999999,0
ecology1.mtx,128,7,DCSC-dense-lookup,wall,total,0.058070555000000003,0
ecology1.mtx,128,7,DCSC-dense-lookup,wall,native_call_and_free,0.058069844000000002,0
ecology1.mtx,128,7,CombBLAS-conversion,wall,total,0.11014853600000001,0
ecology1.mtx,128,7,CombBLAS-conversion,wall,native_call,0.048434882999999998,0
ecology1.mtx,128,7,CombBLAS-conversion,wall,tuple_to_dcsc,0.061709976,0
ecology1.mtx,128,7,CombBLAS-conversion,wall,dcsc_free,2.4849999999999999e-06,0
ecology1.mtx,128,7,CombBLAS-conversion,wall,output_free,1.1319999999999999e-06,0
ecology1.mtx,128,7,CombBLAS-sampled,wall,total,0.034878691000000003,0
ecology1.mtx,128,7,CombBLAS-sampled,wall,lookup_build,0.0022910550000000002,0
ecology1.mtx,128,7,CombBLAS-sampled,wall,thread_setup,6.1546999999999999e-05,0
ecology1.mtx,128,7,CombBLAS-sampled,wall,work_bound,0.001479178,0
ecology1.mtx,128,7,CombBLAS-sampled,wall,work_prefix,0.00023521100000000001,0
ecology1.mtx,128,7,CombBLAS-sampled,wall,symbolic,0.0028167930000000002,0
ecology1.mtx,128,7,CombBLAS-sampled,wall,output_prefix,8.1656999999999994e-05,0
ecology1.mtx,128,7,CombBLAS-sampled,wall,output_allocate,0.016798281000000002,0
ecology1.mtx,128,7,CombBLAS-sampled,wall,numeric_scratch_setup,0.003614974,0
ecology1.mtx,128,7,CombBLAS-sampled,wall,numeric,0.0074706390000000003,0
ecology1.mtx,128,7,CombBLAS-sampled,wall,internal_cleanup,4.2880000000000003e-06,0
ecology1.mtx,128,7,CombBLAS-sampled,wall,return_cleanup,2.3776000000000001e-05,0
ecology1.mtx,128,7,CombBLAS-sampled,wall,output_free,1.0920000000000001e-06,0
ecology1.mtx,128,7,CombBLAS-sampled,sampled_worker,lookup,0.0022427180000000016,8197
ecology1.mtx,128,7,CombBLAS-sampled,sampled_worker,alloc_init,0.0014265009999999999,8197
ecology1.mtx,128,7,CombBLAS-sampled,sampled_worker,lookup_multiply_hash,0.0015680700000000013,8197
ecology1.mtx,128,7,CombBLAS-sampled,sampled_worker,compact,0.00041192499999999989,8197
ecology1.mtx,128,7,CombBLAS-sampled,sampled_worker,sort,0.0012090609999999996,8197
ecology1.mtx,128,7,CombBLAS-sampled,sampled_worker,write,0.00048706499999999974,8197
ecology1.mtx,128,7,CombBLAS-sampled,sampled_worker,scratch_free,0.00072925199999999924,8197
ecology1.mtx,128,8,CombBLAS-conversion,wall,total,0.142077289,0
ecology1.mtx,128,8,CombBLAS-conversion,wall,native_call,0.039023760999999997,0
ecology1.mtx,128,8,CombBLAS-conversion,wall,tuple_to_dcsc,0.103050032,0
ecology1.mtx,128,8,CombBLAS-conversion,wall,dcsc_free,2.0839999999999999e-06,0
ecology1.mtx,128,8,CombBLAS-conversion,wall,output_free,1.342e-06,0
ecology1.mtx,128,8,DCSC-dense-lookup,wall,total,0.048071476000000002,0
ecology1.mtx,128,8,DCSC-dense-lookup,wall,native_call_and_free,0.048070725000000002,0
ecology1.mtx,128,8,DCSC-static,wall,total,0.042076707999999997,0
ecology1.mtx,128,8,DCSC-static,wall,native_call_and_free,0.042076166999999998,0
ecology1.mtx,128,8,DCSC-dense-static,wall,total,0.041533907000000002,0
ecology1.mtx,128,8,DCSC-dense-static,wall,native_call_and_free,0.041533526000000001,0
ecology1.mtx,128,8,Tuples-control,wall,total,0.059582855999999997,0
ecology1.mtx,128,8,Tuples-control,wall,native_call_and_free,0.059582255000000001,0
ecology1.mtx,128,8,Tuples-profile,wall,total,0.061406304000000002,0
ecology1.mtx,128,8,Tuples-profile,wall,validate,9.1200000000000001e-07,0
ecology1.mtx,128,8,Tuples-profile,wall,lookup_build,7.1099999999999995e-07,0
ecology1.mtx,128,8,Tuples-profile,wall,scratch_setup,0.0059383309999999998,0
ecology1.mtx,128,8,Tuples-profile,wall,work_bound,0.0031600209999999998,0
ecology1.mtx,128,8,Tuples-profile,wall,symbolic_capacity,0.0033955930000000001,0
ecology1.mtx,128,8,Tuples-profile,wall,symbolic,0.0059723759999999997,0
ecology1.mtx,128,8,Tuples-profile,wall,prefix_numeric_capacity,0.0020098849999999999,0
ecology1.mtx,128,8,Tuples-profile,wall,output_allocate,0.023902207000000002,0
ecology1.mtx,128,8,Tuples-profile,wall,numeric,0.0170218,0
ecology1.mtx,128,8,Tuples-profile,wall,return_cleanup,3.4359999999999998e-06,0
ecology1.mtx,128,8,Tuples-profile,wall,output_free,9.6200000000000006e-07,0
ecology1.mtx,128,8,CSC-control,wall,total,0.050578023999999999,0
ecology1.mtx,128,8,CSC-control,wall,native_call_and_free,0.050577352999999999,0
ecology1.mtx,128,8,DCSC-control,wall,total,0.059699951000000001,0
ecology1.mtx,128,8,DCSC-control,wall,native_call_and_free,0.059699008999999997,0
ecology1.mtx,128,8,CombBLAS-control,wall,total,0.047233569000000003,0
ecology1.mtx,128,8,CombBLAS-control,wall,native_call_and_free,0.047233018000000002,0
ecology1.mtx,128,8,CSC-profile,wall,total,0.048579750999999997,0
ecology1.mtx,128,8,CSC-profile,wall,validate,6.7199999999999998e-07,0
ecology1.mtx,128,8,CSC-profile,wall,lookup_build,2.9000000000000002e-08,0
ecology1.mtx,128,8,CSC-profile,wall,scratch_setup,0.0029487570000000002,0
ecology1.mtx,128,8,CSC-profile,wall,work_bound,0.0027519580000000001,0
ecology1.mtx,128,8,CSC-profile,wall,symbolic_capacity,0.0027269809999999998,0
ecology1.mtx,128,8,CSC-profile,wall,symbolic,0.0057326959999999998,0
ecology1.mtx,128,8,CSC-profile,wall,prefix_numeric_capacity,0.001723746,0
ecology1.mtx,128,8,CSC-profile,wall,output_allocate,0.017105519999999999,0
ecology1.mtx,128,8,CSC-profile,wall,numeric,0.015579113,0
ecology1.mtx,128,8,CSC-profile,wall,return_cleanup,7.3139999999999998e-06,0
ecology1.mtx,128,8,CSC-profile,wall,output_free,2.9059999999999998e-06,0
ecology1.mtx,128,8,DCSC-profile,wall,total,0.05668575,0
ecology1.mtx,128,8,DCSC-profile,wall,validate,1.2020000000000001e-06,0
ecology1.mtx,128,8,DCSC-profile,wall,lookup_build,1.0419999999999999e-06,0
ecology1.mtx,128,8,DCSC-profile,wall,scratch_setup,0.0064243420000000004,0
ecology1.mtx,128,8,DCSC-profile,wall,work_bound,0.0029043110000000001,0
ecology1.mtx,128,8,DCSC-profile,wall,symbolic_capacity,0.003290121,0
ecology1.mtx,128,8,DCSC-profile,wall,symbolic,0.0060307879999999996,0
ecology1.mtx,128,8,DCSC-profile,wall,prefix_numeric_capacity,0.0019903970000000001,0
ecology1.mtx,128,8,DCSC-profile,wall,output_allocate,0.020752876999999999,0
ecology1.mtx,128,8,DCSC-profile,wall,numeric,0.015277874,0
ecology1.mtx,128,8,DCSC-profile,wall,return_cleanup,9.4579999999999999e-06,0
ecology1.mtx,128,8,DCSC-profile,wall,output_free,3.2770000000000001e-06,0
ecology1.mtx,128,8,CombBLAS-profile,wall,total,0.047426599,0
ecology1.mtx,128,8,CombBLAS-profile,wall,lookup_build,0.0018093199999999999,0
ecology1.mtx,128,8,CombBLAS-profile,wall,thread_setup,5.7049999999999998e-05,0
ecology1.mtx,128,8,CombBLAS-profile,wall,work_bound,0.0025089719999999999,0
ecology1.mtx,128,8,CombBLAS-profile,wall,work_prefix,0.00071391,0
ecology1.mtx,128,8,CombBLAS-profile,wall,symbolic,0.0030551599999999999,0
ecology1.mtx,128,8,CombBLAS-profile,wall,output_prefix,0.00068060500000000003,0
ecology1.mtx,128,8,CombBLAS-profile,wall,output_allocate,0.024758129,0
ecology1.mtx,128,8,CombBLAS-profile,wall,numeric_scratch_setup,0.004352519,0
ecology1.mtx,128,8,CombBLAS-profile,wall,numeric,0.0094587130000000005,0
ecology1.mtx,128,8,CombBLAS-profile,wall,internal_cleanup,5.2299999999999999e-06,0
ecology1.mtx,128,8,CombBLAS-profile,wall,return_cleanup,2.614e-05,0
ecology1.mtx,128,8,CombBLAS-profile,wall,output_free,7.8100000000000002e-07,0
ecology1.mtx,128,8,DCSC-sampled,wall,total,0.052525178999999998,0
ecology1.mtx,128,8,DCSC-sampled,wall,validate,6.61e-07,0
ecology1.mtx,128,8,DCSC-sampled,wall,lookup_build,2.2000000000000001e-07,0
ecology1.mtx,128,8,DCSC-sampled,wall,scratch_setup,0.002686473,0
ecology1.mtx,128,8,DCSC-sampled,wall,work_bound,0.0029865790000000001,0
ecology1.mtx,128,8,DCSC-sampled,wall,symbolic_capacity,0.0035395689999999998,0
ecology1.mtx,128,8,DCSC-sampled,wall,symbolic,0.0057891540000000003,0
ecology1.mtx,128,8,DCSC-sampled,wall,prefix_numeric_capacity,0.0017719089999999999,0
ecology1.mtx,128,8,DCSC-sampled,wall,output_allocate,0.020534778,0
ecology1.mtx,128,8,DCSC-sampled,wall,numeric,0.015204985000000001,0
ecology1.mtx,128,8,DCSC-sampled,wall,return_cleanup,7.605e-06,0
ecology1.mtx,128,8,DCSC-sampled,wall,output_free,3.1860000000000001e-06,0
ecology1.mtx,128,8,DCSC-sampled,sampled_worker,lookup,0,8197
ecology1.mtx,128,8,DCSC-sampled,sampled_worker,alloc_init,0.00081736399999999989,8197
ecology1.mtx,128,8,DCSC-sampled,sampled_worker,lookup_multiply_hash,0.088433231999999987,8197
ecology1.mtx,128,8,DCSC-sampled,sampled_worker,compact,0.00051621399999999954,8197
ecology1.mtx,128,8,DCSC-sampled,sampled_worker,sort,0.0020832990000000003,8197
ecology1.mtx,128,8,DCSC-sampled,sampled_worker,write,0.017586855000000009,8197
ecology1.mtx,128,8,DCSC-sampled,sampled_worker,scratch_free,0.0051493370000000012,8197
ecology1.mtx,128,8,CombBLAS-sampled,wall,total,0.048457716999999997,0
ecology1.mtx,128,8,CombBLAS-sampled,wall,lookup_build,0.0019755900000000002,0
ecology1.mtx,128,8,CombBLAS-sampled,wall,thread_setup,5.4673999999999999e-05,0
ecology1.mtx,128,8,CombBLAS-sampled,wall,work_bound,0.0022806049999999998,0
ecology1.mtx,128,8,CombBLAS-sampled,wall,work_prefix,0.00073787500000000003,0
ecology1.mtx,128,8,CombBLAS-sampled,wall,symbolic,0.0029342280000000001,0
ecology1.mtx,128,8,CombBLAS-sampled,wall,output_prefix,0.00070831900000000001,0
ecology1.mtx,128,8,CombBLAS-sampled,wall,output_allocate,0.026961514999999998,0
ecology1.mtx,128,8,CombBLAS-sampled,wall,numeric_scratch_setup,0.0043196750000000003,0
ecology1.mtx,128,8,CombBLAS-sampled,wall,numeric,0.0084433059999999994,0
ecology1.mtx,128,8,CombBLAS-sampled,wall,internal_cleanup,9.7990000000000005e-06,0
ecology1.mtx,128,8,CombBLAS-sampled,wall,return_cleanup,3.0417999999999999e-05,0
ecology1.mtx,128,8,CombBLAS-sampled,wall,output_free,1.663e-06,0
ecology1.mtx,128,8,CombBLAS-sampled,sampled_worker,lookup,0.0026999039999999991,8197
ecology1.mtx,128,8,CombBLAS-sampled,sampled_worker,alloc_init,0.0019787450000000005,8197
ecology1.mtx,128,8,CombBLAS-sampled,sampled_worker,lookup_multiply_hash,0.0020732430000000002,8197
ecology1.mtx,128,8,CombBLAS-sampled,sampled_worker,compact,0.000421121,8197
ecology1.mtx,128,8,CombBLAS-sampled,sampled_worker,sort,0.0012777829999999991,8197
ecology1.mtx,128,8,CombBLAS-sampled,sampled_worker,write,0.00058051799999999949,8197
ecology1.mtx,128,8,CombBLAS-sampled,sampled_worker,scratch_free,0.00090363699999999924,8197
ecology1.mtx,128,9,CombBLAS-conversion,wall,total,0.131128208,0
ecology1.mtx,128,9,CombBLAS-conversion,wall,native_call,0.040902515,0
ecology1.mtx,128,9,CombBLAS-conversion,wall,tuple_to_dcsc,0.090222607999999996,0
ecology1.mtx,128,9,CombBLAS-conversion,wall,dcsc_free,2.294e-06,0
ecology1.mtx,128,9,CombBLAS-conversion,wall,output_free,7.3099999999999997e-07,0
ecology1.mtx,128,9,CombBLAS-sampled,wall,total,0.034264232999999998,0
ecology1.mtx,128,9,CombBLAS-sampled,wall,lookup_build,0.0020797390000000002,0
ecology1.mtx,128,9,CombBLAS-sampled,wall,thread_setup,6.0315000000000001e-05,0
ecology1.mtx,128,9,CombBLAS-sampled,wall,work_bound,0.001529454,0
ecology1.mtx,128,9,CombBLAS-sampled,wall,work_prefix,0.000236293,0
ecology1.mtx,128,9,CombBLAS-sampled,wall,symbolic,0.0026954700000000002,0
ecology1.mtx,128,9,CombBLAS-sampled,wall,output_prefix,7.2188999999999996e-05,0
ecology1.mtx,128,9,CombBLAS-sampled,wall,output_allocate,0.016828749,0
ecology1.mtx,128,9,CombBLAS-sampled,wall,numeric_scratch_setup,0.0034992619999999999,0
ecology1.mtx,128,9,CombBLAS-sampled,wall,numeric,0.0072339459999999998,0
ecology1.mtx,128,9,CombBLAS-sampled,wall,internal_cleanup,4.639e-06,0
ecology1.mtx,128,9,CombBLAS-sampled,wall,return_cleanup,2.2892999999999999e-05,0
ecology1.mtx,128,9,CombBLAS-sampled,wall,output_free,1.062e-06,0
ecology1.mtx,128,9,CombBLAS-sampled,sampled_worker,lookup,0.0021319330000000008,8197
ecology1.mtx,128,9,CombBLAS-sampled,sampled_worker,alloc_init,0.0014260619999999996,8197
ecology1.mtx,128,9,CombBLAS-sampled,sampled_worker,lookup_multiply_hash,0.0016158630000000015,8197
ecology1.mtx,128,9,CombBLAS-sampled,sampled_worker,compact,0.00039678799999999975,8197
ecology1.mtx,128,9,CombBLAS-sampled,sampled_worker,sort,0.0009796319999999996,8197
ecology1.mtx,128,9,CombBLAS-sampled,sampled_worker,write,0.0004807609999999998,8197
ecology1.mtx,128,9,CombBLAS-sampled,sampled_worker,scratch_free,0.00073863199999999905,8197
ecology1.mtx,128,9,DCSC-sampled,wall,total,0.053703008000000003,0
ecology1.mtx,128,9,DCSC-sampled,wall,validate,6.5199999999999996e-07,0
ecology1.mtx,128,9,DCSC-sampled,wall,lookup_build,5.7100000000000002e-07,0
ecology1.mtx,128,9,DCSC-sampled,wall,scratch_setup,0.0025879940000000001,0
ecology1.mtx,128,9,DCSC-sampled,wall,work_bound,0.0030128590000000001,0
ecology1.mtx,128,9,DCSC-sampled,wall,symbolic_capacity,0.0024288790000000001,0
ecology1.mtx,128,9,DCSC-sampled,wall,symbolic,0.0058668230000000002,0
ecology1.mtx,128,9,DCSC-sampled,wall,prefix_numeric_capacity,0.001791366,0
ecology1.mtx,128,9,DCSC-sampled,wall,output_allocate,0.022732823999999999,0
ecology1.mtx,128,9,DCSC-sampled,wall,numeric,0.015274678999999999,0
ecology1.mtx,128,9,DCSC-sampled,wall,return_cleanup,5.079e-06,0
ecology1.mtx,128,9,DCSC-sampled,wall,output_free,1.2219999999999999e-06,0
ecology1.mtx,128,9,DCSC-sampled,sampled_worker,lookup,0,8197
ecology1.mtx,128,9,DCSC-sampled,sampled_worker,alloc_init,0.00084656799999999937,8197
ecology1.mtx,128,9,DCSC-sampled,sampled_worker,lookup_multiply_hash,0.088635977999999963,8197
ecology1.mtx,128,9,DCSC-sampled,sampled_worker,compact,0.00055265300000000006,8197
ecology1.mtx,128,9,DCSC-sampled,sampled_worker,sort,0.002058898999999999,8197
ecology1.mtx,128,9,DCSC-sampled,sampled_worker,write,0.018331340000000008,8197
ecology1.mtx,128,9,DCSC-sampled,sampled_worker,scratch_free,0.0052884069999999984,8197
ecology1.mtx,128,9,CombBLAS-profile,wall,total,0.047328962000000002,0
ecology1.mtx,128,9,CombBLAS-profile,wall,lookup_build,0.0018600680000000001,0
ecology1.mtx,128,9,CombBLAS-profile,wall,thread_setup,5.5887000000000002e-05,0
ecology1.mtx,128,9,CombBLAS-profile,wall,work_bound,0.002243573,0
ecology1.mtx,128,9,CombBLAS-profile,wall,work_prefix,0.000705874,0
ecology1.mtx,128,9,CombBLAS-profile,wall,symbolic,0.0029103330000000002,0
ecology1.mtx,128,9,CombBLAS-profile,wall,output_prefix,0.00069357000000000002,0
ecology1.mtx,128,9,CombBLAS-profile,wall,output_allocate,0.02638563,0
ecology1.mtx,128,9,CombBLAS-profile,wall,numeric_scratch_setup,0.0043511959999999999,0
ecology1.mtx,128,9,CombBLAS-profile,wall,numeric,0.0080856299999999999,0
ecology1.mtx,128,9,CombBLAS-profile,wall,internal_cleanup,8.4859999999999997e-06,0
ecology1.mtx,128,9,CombBLAS-profile,wall,return_cleanup,2.7633000000000001e-05,0
ecology1.mtx,128,9,CombBLAS-profile,wall,output_free,1.012e-06,0
ecology1.mtx,128,9,DCSC-profile,wall,total,0.052853388000000001,0
ecology1.mtx,128,9,DCSC-profile,wall,validate,1.4929999999999999e-06,0
ecology1.mtx,128,9,DCSC-profile,wall,lookup_build,7.7100000000000001e-07,0
ecology1.mtx,128,9,DCSC-profile,wall,scratch_setup,0.003123832,0
ecology1.mtx,128,9,DCSC-profile,wall,work_bound,0.003109344,0
ecology1.mtx,128,9,DCSC-profile,wall,symbolic_capacity,0.0028200489999999998,0
ecology1.mtx,128,9,DCSC-profile,wall,symbolic,0.0058847880000000002,0
ecology1.mtx,128,9,DCSC-profile,wall,prefix_numeric_capacity,0.001812817,0
ecology1.mtx,128,9,DCSC-profile,wall,output_allocate,0.020765530000000001,0
ecology1.mtx,128,9,DCSC-profile,wall,numeric,0.015325035000000001,0
ecology1.mtx,128,9,DCSC-profile,wall,return_cleanup,7.2640000000000002e-06,0
ecology1.mtx,128,9,DCSC-profile,wall,output_free,2.4049999999999998e-06,0
ecology1.mtx,128,9,CSC-profile,wall,total,0.055478913999999997,0
ecology1.mtx,128,9,CSC-profile,wall,validate,1.302e-06,0
ecology1.mtx,128,9,CSC-profile,wall,lookup_build,2.9999999999999997e-08,0
ecology1.mtx,128,9,CSC-profile,wall,scratch_setup,0.0063934339999999999,0
ecology1.mtx,128,9,CSC-profile,wall,work_bound,0.0024936730000000001,0
ecology1.mtx,128,9,CSC-profile,wall,symbolic_capacity,0.0040969689999999998,0
ecology1.mtx,128,9,CSC-profile,wall,symbolic,0.0055320300000000003,0
ecology1.mtx,128,9,CSC-profile,wall,prefix_numeric_capacity,0.004447131,0
ecology1.mtx,128,9,CSC-profile,wall,output_allocate,0.016829239999999999,0
ecology1.mtx,128,9,CSC-profile,wall,numeric,0.015677811999999999,0
ecology1.mtx,128,9,CSC-profile,wall,return_cleanup,5.079e-06,0
ecology1.mtx,128,9,CSC-profile,wall,output_free,2.1440000000000001e-06,0
ecology1.mtx,128,9,CombBLAS-control,wall,total,0.046695415999999997,0
ecology1.mtx,128,9,CombBLAS-control,wall,native_call_and_free,0.046694634999999998,0
ecology1.mtx,128,9,DCSC-control,wall,total,0.052548794000000003,0
ecology1.mtx,128,9,DCSC-control,wall,native_call_and_free,0.052548142999999999,0
ecology1.mtx,128,9,CSC-control,wall,total,0.052789146000000002,0
ecology1.mtx,128,9,CSC-control,wall,native_call_and_free,0.052788193999999997,0
ecology1.mtx,128,9,Tuples-profile,wall,total,0.066796362999999997,0
ecology1.mtx,128,9,Tuples-profile,wall,validate,2.244e-06,0
ecology1.mtx,128,9,Tuples-profile,wall,lookup_build,9.7100000000000011e-07,0
ecology1.mtx,128,9,Tuples-profile,wall,scratch_setup,0.0076725680000000003,0
ecology1.mtx,128,9,Tuples-profile,wall,work_bound,0.0031576859999999998,0
ecology1.mtx,128,9,Tuples-profile,wall,symbolic_capacity,0.0061296279999999998,0
ecology1.mtx,128,9,Tuples-profile,wall,symbolic,0.0060506750000000002,0
ecology1.mtx,128,9,Tuples-profile,wall,prefix_numeric_capacity,0.002066965,0
ecology1.mtx,128,9,Tuples-profile,wall,output_allocate,0.024574647000000002,0
ecology1.mtx,128,9,Tuples-profile,wall,numeric,0.017134025000000001,0
ecology1.mtx,128,9,Tuples-profile,wall,return_cleanup,5.9109999999999998e-06,0
ecology1.mtx,128,9,Tuples-profile,wall,output_free,9.8200000000000008e-07,0
ecology1.mtx,128,9,Tuples-control,wall,total,0.060009703999999997,0
ecology1.mtx,128,9,Tuples-control,wall,native_call_and_free,0.060008693000000002,0
ecology1.mtx,128,9,DCSC-dense-static,wall,total,0.042055126999999998,0
ecology1.mtx,128,9,DCSC-dense-static,wall,native_call_and_free,0.042054445000000003,0
ecology1.mtx,128,9,DCSC-static,wall,total,0.047559364,0
ecology1.mtx,128,9,DCSC-static,wall,native_call_and_free,0.047558943999999999,0
ecology1.mtx,128,9,DCSC-dense-lookup,wall,total,0.067461708999999995,0
ecology1.mtx,128,9,DCSC-dense-lookup,wall,native_call_and_free,0.067461067,0
ecology1.mtx,128,10,DCSC-static,wall,total,0.037754157000000003,0
ecology1.mtx,128,10,DCSC-static,wall,native_call_and_free,0.037753784999999998,0
ecology1.mtx,128,10,DCSC-dense-static,wall,total,0.039660924,0
ecology1.mtx,128,10,DCSC-dense-static,wall,native_call_and_free,0.039660212,0
ecology1.mtx,128,10,Tuples-control,wall,total,0.061821139999999997,0
ecology1.mtx,128,10,Tuples-control,wall,native_call_and_free,0.061820248000000001,0
ecology1.mtx,128,10,Tuples-profile,wall,total,0.06124251,0
ecology1.mtx,128,10,Tuples-profile,wall,validate,1.203e-06,0
ecology1.mtx,128,10,Tuples-profile,wall,lookup_build,8.0100000000000004e-07,0
ecology1.mtx,128,10,Tuples-profile,wall,scratch_setup,0.0059872249999999997,0
ecology1.mtx,128,10,Tuples-profile,wall,work_bound,0.0031916309999999999,0
ecology1.mtx,128,10,Tuples-profile,wall,symbolic_capacity,0.0033973570000000002,0
ecology1.mtx,128,10,Tuples-profile,wall,symbolic,0.00602164,0
ecology1.mtx,128,10,Tuples-profile,wall,prefix_numeric_capacity,0.0020702009999999998,0
ecology1.mtx,128,10,Tuples-profile,wall,output_allocate,0.023141518,0
ecology1.mtx,128,10,Tuples-profile,wall,numeric,0.017420313999999999,0
ecology1.mtx,128,10,Tuples-profile,wall,return_cleanup,9.9089999999999995e-06,0
ecology1.mtx,128,10,Tuples-profile,wall,output_free,6.4099999999999998e-07,0
ecology1.mtx,128,10,CSC-control,wall,total,0.051033057,0
ecology1.mtx,128,10,CSC-control,wall,native_call_and_free,0.051032396000000001,0
ecology1.mtx,128,10,DCSC-control,wall,total,0.060408440000000001,0
ecology1.mtx,128,10,DCSC-control,wall,native_call_and_free,0.060407528000000002,0
ecology1.mtx,128,10,CombBLAS-control,wall,total,0.047682541000000002,0
ecology1.mtx,128,10,CombBLAS-control,wall,native_call_and_free,0.047681337999999997,0
ecology1.mtx,128,10,CSC-profile,wall,total,0.049124596,0
ecology1.mtx,128,10,CSC-profile,wall,validate,9.6200000000000006e-07,0
ecology1.mtx,128,10,CSC-profile,wall,lookup_build,4.0000000000000001e-08,0
ecology1.mtx,128,10,CSC-profile,wall,scratch_setup,0.0027651239999999999,0
ecology1.mtx,128,10,CSC-profile,wall,work_bound,0.0027218910000000002,0
ecology1.mtx,128,10,CSC-profile,wall,symbolic_capacity,0.0034633730000000001,0
ecology1.mtx,128,10,CSC-profile,wall,symbolic,0.0057188389999999999,0
ecology1.mtx,128,10,CSC-profile,wall,prefix_numeric_capacity,0.001786277,0
ecology1.mtx,128,10,CSC-profile,wall,output_allocate,0.017142330000000001,0
ecology1.mtx,128,10,CSC-profile,wall,numeric,0.015519038000000001,0
ecology1.mtx,128,10,CSC-profile,wall,return_cleanup,5.1900000000000003e-06,0
ecology1.mtx,128,10,CSC-profile,wall,output_free,1.362e-06,0
ecology1.mtx,128,10,DCSC-profile,wall,total,0.060026318000000002,0
ecology1.mtx,128,10,DCSC-profile,wall,validate,8.3200000000000004e-07,0
ecology1.mtx,128,10,DCSC-profile,wall,lookup_build,8.7199999999999997e-07,0
ecology1.mtx,128,10,DCSC-profile,wall,scratch_setup,0.0078095389999999999,0
ecology1.mtx,128,10,DCSC-profile,wall,work_bound,0.0029140400000000001,0
ecology1.mtx,128,10,DCSC-profile,wall,symbolic_capacity,0.0041629450000000004,0
ecology1.mtx,128,10,DCSC-profile,wall,symbolic,0.0060193349999999998,0
ecology1.mtx,128,10,DCSC-profile,wall,prefix_numeric_capacity,0.0020169889999999998,0
ecology1.mtx,128,10,DCSC-profile,wall,output_allocate,0.022079511,0
ecology1.mtx,128,10,DCSC-profile,wall,numeric,0.015012375,0
ecology1.mtx,128,10,DCSC-profile,wall,return_cleanup,7.5950000000000001e-06,0
ecology1.mtx,128,10,DCSC-profile,wall,output_free,2.2139999999999999e-06,0
ecology1.mtx,128,10,CombBLAS-profile,wall,total,0.047504439000000002,0
ecology1.mtx,128,10,CombBLAS-profile,wall,lookup_build,0.0019267659999999999,0
ecology1.mtx,128,10,CombBLAS-profile,wall,thread_setup,7.4733000000000004e-05,0
ecology1.mtx,128,10,CombBLAS-profile,wall,work_bound,0.002520404,0
ecology1.mtx,128,10,CombBLAS-profile,wall,work_prefix,0.00071838900000000005,0
ecology1.mtx,128,10,CombBLAS-profile,wall,symbolic,0.003130594,0
ecology1.mtx,128,10,CombBLAS-profile,wall,output_prefix,0.00068263000000000004,0
ecology1.mtx,128,10,CombBLAS-profile,wall,output_allocate,0.024670149999999998,0
ecology1.mtx,128,10,CombBLAS-profile,wall,numeric_scratch_setup,0.0043294939999999997,0
ecology1.mtx,128,10,CombBLAS-profile,wall,numeric,0.0094224640000000002,0
ecology1.mtx,128,10,CombBLAS-profile,wall,internal_cleanup,4.2570000000000001e-06,0
ecology1.mtx,128,10,CombBLAS-profile,wall,return_cleanup,2.3255e-05,0
ecology1.mtx,128,10,CombBLAS-profile,wall,output_free,1.232e-06,0
ecology1.mtx,128,10,DCSC-sampled,wall,total,0.052398195000000002,0
ecology1.mtx,128,10,DCSC-sampled,wall,validate,7.0100000000000004e-07,0
ecology1.mtx,128,10,DCSC-sampled,wall,lookup_build,5.5199999999999997e-07,0
ecology1.mtx,128,10,DCSC-sampled,wall,scratch_setup,0.0027386820000000001,0
ecology1.mtx,128,10,DCSC-sampled,wall,work_bound,0.002995546,0
ecology1.mtx,128,10,DCSC-sampled,wall,symbolic_capacity,0.0028980590000000001,0
ecology1.mtx,128,10,DCSC-sampled,wall,symbolic,0.005822308,0
ecology1.mtx,128,10,DCSC-sampled,wall,prefix_numeric_capacity,0.001742803,0
ecology1.mtx,128,10,DCSC-sampled,wall,output_allocate,0.020955475000000001,0
ecology1.mtx,128,10,DCSC-sampled,wall,numeric,0.015235782999999999,0
ecology1.mtx,128,10,DCSC-sampled,wall,return_cleanup,6.4330000000000001e-06,0
ecology1.mtx,128,10,DCSC-sampled,wall,output_free,1.7829999999999999e-06,0
ecology1.mtx,128,10,DCSC-sampled,sampled_worker,lookup,0,8197
ecology1.mtx,128,10,DCSC-sampled,sampled_worker,alloc_init,0.00088694399999999954,8197
ecology1.mtx,128,10,DCSC-sampled,sampled_worker,lookup_multiply_hash,0.087784181000000017,8197
ecology1.mtx,128,10,DCSC-sampled,sampled_worker,compact,0.00052683599999999982,8197
ecology1.mtx,128,10,DCSC-sampled,sampled_worker,sort,0.0021143519999999995,8197
ecology1.mtx,128,10,DCSC-sampled,sampled_worker,write,0.017977816000000004,8197
ecology1.mtx,128,10,DCSC-sampled,sampled_worker,scratch_free,0.0048407529999999997,8197
ecology1.mtx,128,10,CombBLAS-sampled,wall,total,0.048391440000000001,0
ecology1.mtx,128,10,CombBLAS-sampled,wall,lookup_build,0.002014063,0
ecology1.mtx,128,10,CombBLAS-sampled,wall,thread_setup,5.3893000000000001e-05,0
ecology1.mtx,128,10,CombBLAS-sampled,wall,work_bound,0.0022285650000000001,0
ecology1.mtx,128,10,CombBLAS-sampled,wall,work_prefix,0.00071349900000000003,0
ecology1.mtx,128,10,CombBLAS-sampled,wall,symbolic,0.0030259240000000001,0
ecology1.mtx,128,10,CombBLAS-sampled,wall,output_prefix,0.00069073500000000005,0
ecology1.mtx,128,10,CombBLAS-sampled,wall,output_allocate,0.026812228,0
ecology1.mtx,128,10,CombBLAS-sampled,wall,numeric_scratch_setup,0.0043837190000000003,0
ecology1.mtx,128,10,CombBLAS-sampled,wall,numeric,0.0084391269999999994,0
ecology1.mtx,128,10,CombBLAS-sampled,wall,internal_cleanup,4.7990000000000001e-06,0
ecology1.mtx,128,10,CombBLAS-sampled,wall,return_cleanup,2.3995999999999999e-05,0
ecology1.mtx,128,10,CombBLAS-sampled,wall,output_free,8.2200000000000003e-07,0
ecology1.mtx,128,10,CombBLAS-sampled,sampled_worker,lookup,0.002802404000000001,8197
ecology1.mtx,128,10,CombBLAS-sampled,sampled_worker,alloc_init,0.0019702679999999998,8197
ecology1.mtx,128,10,CombBLAS-sampled,sampled_worker,lookup_multiply_hash,0.0019711250000000007,8197
ecology1.mtx,128,10,CombBLAS-sampled,sampled_worker,compact,0.00041720599999999988,8197
ecology1.mtx,128,10,CombBLAS-sampled,sampled_worker,sort,0.001300182999999999,8197
ecology1.mtx,128,10,CombBLAS-sampled,sampled_worker,write,0.00066126099999999936,8197
ecology1.mtx,128,10,CombBLAS-sampled,sampled_worker,scratch_free,0.00087724499999999894,8197
ecology1.mtx,128,10,CombBLAS-conversion,wall,total,0.123659954,0
ecology1.mtx,128,10,CombBLAS-conversion,wall,native_call,0.039306053000000001,0
ecology1.mtx,128,10,CombBLAS-conversion,wall,tuple_to_dcsc,0.084350434000000002,0
ecology1.mtx,128,10,CombBLAS-conversion,wall,dcsc_free,2.2840000000000001e-06,0
ecology1.mtx,128,10,CombBLAS-conversion,wall,output_free,1.122e-06,0
ecology1.mtx,128,10,DCSC-dense-lookup,wall,total,0.048885217000000002,0
ecology1.mtx,128,10,DCSC-dense-lookup,wall,native_call_and_free,0.048884695999999998,0
ecology1.mtx,128,11,DCSC-static,wall,total,0.042762924000000001,0
ecology1.mtx,128,11,DCSC-static,wall,native_call_and_free,0.042762473000000002,0
ecology1.mtx,128,11,DCSC-dense-lookup,wall,total,0.068622425000000001,0
ecology1.mtx,128,11,DCSC-dense-lookup,wall,native_call_and_free,0.068621894000000003,0
ecology1.mtx,128,11,CombBLAS-conversion,wall,total,0.125952281,0
ecology1.mtx,128,11,CombBLAS-conversion,wall,native_call,0.047203080000000001,0
ecology1.mtx,128,11,CombBLAS-conversion,wall,tuple_to_dcsc,0.078745422999999995,0
ecology1.mtx,128,11,CombBLAS-conversion,wall,dcsc_free,3.0249999999999998e-06,0
ecology1.mtx,128,11,CombBLAS-conversion,wall,output_free,6.9100000000000003e-07,0
ecology1.mtx,128,11,CombBLAS-sampled,wall,total,0.035155752999999998,0
ecology1.mtx,128,11,CombBLAS-sampled,wall,lookup_build,0.0020815920000000002,0
ecology1.mtx,128,11,CombBLAS-sampled,wall,thread_setup,6.0205999999999999e-05,0
ecology1.mtx,128,11,CombBLAS-sampled,wall,work_bound,0.001838686,0
ecology1.mtx,128,11,CombBLAS-sampled,wall,work_prefix,0.0002342,0
ecology1.mtx,128,11,CombBLAS-sampled,wall,symbolic,0.0026719249999999999,0
ecology1.mtx,128,11,CombBLAS-sampled,wall,output_prefix,7.2708999999999998e-05,0
ecology1.mtx,128,11,CombBLAS-sampled,wall,output_allocate,0.017266439000000001,0
ecology1.mtx,128,11,CombBLAS-sampled,wall,numeric_scratch_setup,0.0036072589999999998,0
ecology1.mtx,128,11,CombBLAS-sampled,wall,numeric,0.0072917770000000002,0
ecology1.mtx,128,11,CombBLAS-sampled,wall,internal_cleanup,5.5199999999999997e-06,0
ecology1.mtx,128,11,CombBLAS-sampled,wall,return_cleanup,2.4366999999999999e-05,0
ecology1.mtx,128,11,CombBLAS-sampled,wall,output_free,8.7199999999999997e-07,0
ecology1.mtx,128,11,CombBLAS-sampled,sampled_worker,lookup,0.0021400999999999998,8197
ecology1.mtx,128,11,CombBLAS-sampled,sampled_worker,alloc_init,0.0015086890000000001,8197
ecology1.mtx,128,11,CombBLAS-sampled,sampled_worker,lookup_multiply_hash,0.0017101100000000014,8197
ecology1.mtx,128,11,CombBLAS-sampled,sampled_worker,compact,0.000410493,8197
ecology1.mtx,128,11,CombBLAS-sampled,sampled_worker,sort,0.0010564439999999997,8197
ecology1.mtx,128,11,CombBLAS-sampled,sampled_worker,write,0.00049558299999999985,8197
ecology1.mtx,128,11,CombBLAS-sampled,sampled_worker,scratch_free,0.00076081099999999883,8197
ecology1.mtx,128,11,DCSC-sampled,wall,total,0.054746409000000003,0
ecology1.mtx,128,11,DCSC-sampled,wall,validate,6.4099999999999998e-07,0
ecology1.mtx,128,11,DCSC-sampled,wall,lookup_build,4.4099999999999999e-07,0
ecology1.mtx,128,11,DCSC-sampled,wall,scratch_setup,0.002572885,0
ecology1.mtx,128,11,DCSC-sampled,wall,work_bound,0.0031061880000000002,0
ecology1.mtx,128,11,DCSC-sampled,wall,symbolic_capacity,0.0037085339999999999,0
ecology1.mtx,128,11,DCSC-sampled,wall,symbolic,0.0059156870000000002,0
ecology1.mtx,128,11,DCSC-sampled,wall,prefix_numeric_capacity,0.0018621620000000001,0
ecology1.mtx,128,11,DCSC-sampled,wall,output_allocate,0.022032009000000002,0
ecology1.mtx,128,11,DCSC-sampled,wall,numeric,0.015539256,0
ecology1.mtx,128,11,DCSC-sampled,wall,return_cleanup,6.4729999999999997e-06,0
ecology1.mtx,128,11,DCSC-sampled,wall,output_free,2.0640000000000001e-06,0
ecology1.mtx,128,11,DCSC-sampled,sampled_worker,lookup,0,8197
ecology1.mtx,128,11,DCSC-sampled,sampled_worker,alloc_init,0.00088230499999999914,8197
ecology1.mtx,128,11,DCSC-sampled,sampled_worker,lookup_multiply_hash,0.091793977000000027,8197
ecology1.mtx,128,11,DCSC-sampled,sampled_worker,compact,0.00049246900000000004,8197
ecology1.mtx,128,11,DCSC-sampled,sampled_worker,sort,0.0021426199999999983,8197
ecology1.mtx,128,11,DCSC-sampled,sampled_worker,write,0.018637752000000004,8197
ecology1.mtx,128,11,DCSC-sampled,sampled_worker,scratch_free,0.0049685509999999981,8197
ecology1.mtx,128,11,CombBLAS-profile,wall,total,0.047927169999999998,0
ecology1.mtx,128,11,CombBLAS-profile,wall,lookup_build,0.0023878900000000002,0
ecology1.mtx,128,11,CombBLAS-profile,wall,thread_setup,5.4966000000000002e-05,0
ecology1.mtx,128,11,CombBLAS-profile,wall,work_bound,0.0022341560000000002,0
ecology1.mtx,128,11,CombBLAS-profile,wall,work_prefix,0.00072741500000000003,0
ecology1.mtx,128,11,CombBLAS-profile,wall,symbolic,0.0029013450000000001,0
ecology1.mtx,128,11,CombBLAS-profile,wall,output_prefix,0.00069307899999999998,0
ecology1.mtx,128,11,CombBLAS-profile,wall,output_allocate,0.026425636999999998,0
ecology1.mtx,128,11,CombBLAS-profile,wall,numeric_scratch_setup,0.0043550439999999998,0
ecology1.mtx,128,11,CombBLAS-profile,wall,numeric,0.0081124709999999996,0
ecology1.mtx,128,11,CombBLAS-profile,wall,internal_cleanup,7.9049999999999997e-06,0
ecology1.mtx,128,11,CombBLAS-profile,wall,return_cleanup,2.5307999999999999e-05,0
ecology1.mtx,128,11,CombBLAS-profile,wall,output_free,1.8840000000000001e-06,0
ecology1.mtx,128,11,DCSC-profile,wall,total,0.055085769999999999,0
ecology1.mtx,128,11,DCSC-profile,wall,validate,1.0109999999999999e-06,0
ecology1.mtx,128,11,DCSC-profile,wall,lookup_build,3.6100000000000002e-07,0
ecology1.mtx,128,11,DCSC-profile,wall,scratch_setup,0.0030744769999999999,0
ecology1.mtx,128,11,DCSC-profile,wall,work_bound,0.0031418470000000001,0
ecology1.mtx,128,11,DCSC-profile,wall,symbolic_capacity,0.0037423180000000001,0
ecology1.mtx,128,11,DCSC-profile,wall,symbolic,0.0059497719999999999,0
ecology1.mtx,128,11,DCSC-profile,wall,prefix_numeric_capacity,0.001859126,0
ecology1.mtx,128,11,DCSC-profile,wall,output_allocate,0.021837427,0
ecology1.mtx,128,11,DCSC-profile,wall,numeric,0.015471907,0
ecology1.mtx,128,11,DCSC-profile,wall,return_cleanup,5.57e-06,0
ecology1.mtx,128,11,DCSC-profile,wall,output_free,1.894e-06,0
ecology1.mtx,128,11,CSC-profile,wall,total,0.053387864,0
ecology1.mtx,128,11,CSC-profile,wall,validate,9.02e-07,0
ecology1.mtx,128,11,CSC-profile,wall,lookup_build,1.4000000000000001e-07,0
ecology1.mtx,128,11,CSC-profile,wall,scratch_setup,0.0077229439999999998,0
ecology1.mtx,128,11,CSC-profile,wall,work_bound,0.0025365750000000001,0
ecology1.mtx,128,11,CSC-profile,wall,symbolic_capacity,0.0030593080000000002,0
ecology1.mtx,128,11,CSC-profile,wall,symbolic,0.0056189380000000004,0
ecology1.mtx,128,11,CSC-profile,wall,prefix_numeric_capacity,0.0019983330000000001,0
ecology1.mtx,128,11,CSC-profile,wall,output_allocate,0.017113805999999999,0
ecology1.mtx,128,11,CSC-profile,wall,numeric,0.015329303000000001,0
ecology1.mtx,128,11,CSC-profile,wall,return_cleanup,5.2809999999999999e-06,0
ecology1.mtx,128,11,CSC-profile,wall,output_free,2.2840000000000001e-06,0
ecology1.mtx,128,11,CombBLAS-control,wall,total,0.050017688999999997,0
ecology1.mtx,128,11,CombBLAS-control,wall,native_call_and_free,0.050017148999999997,0
ecology1.mtx,128,11,DCSC-control,wall,total,0.052498968999999999,0
ecology1.mtx,128,11,DCSC-control,wall,native_call_and_free,0.052497116000000003,0
ecology1.mtx,128,11,CSC-control,wall,total,0.051606385999999997,0
ecology1.mtx,128,11,CSC-control,wall,native_call_and_free,0.051605244000000002,0
ecology1.mtx,128,11,Tuples-profile,wall,total,0.065016739000000004,0
ecology1.mtx,128,11,Tuples-profile,wall,validate,1.353e-06,0
ecology1.mtx,128,11,Tuples-profile,wall,lookup_build,6.0100000000000005e-07,0
ecology1.mtx,128,11,Tuples-profile,wall,scratch_setup,0.0058052349999999997,0
ecology1.mtx,128,11,Tuples-profile,wall,work_bound,0.0031498419999999999,0
ecology1.mtx,128,11,Tuples-profile,wall,symbolic_capacity,0.0054349439999999997,0
ecology1.mtx,128,11,Tuples-profile,wall,symbolic,0.0060929469999999996,0
ecology1.mtx,128,11,Tuples-profile,wall,prefix_numeric_capacity,0.0020254449999999998,0
ecology1.mtx,128,11,Tuples-profile,wall,output_allocate,0.025294278,0
ecology1.mtx,128,11,Tuples-profile,wall,numeric,0.017201915000000002,0
ecology1.mtx,128,11,Tuples-profile,wall,return_cleanup,9.037e-06,0
ecology1.mtx,128,11,Tuples-profile,wall,output_free,1.0920000000000001e-06,0
ecology1.mtx,128,11,Tuples-control,wall,total,0.060777316999999997,0
ecology1.mtx,128,11,Tuples-control,wall,native_call_and_free,0.060776175000000002,0
ecology1.mtx,128,11,DCSC-dense-static,wall,total,0.041777514000000002,0
ecology1.mtx,128,11,DCSC-dense-static,wall,native_call_and_free,0.041776651999999997,0
