dataset,threads,iteration,backend,kind,phase,seconds,sampled_columns
ER_V20000_D8,16,0,CSC-control,wall,total,0.0062462000000000004,0
ER_V20000_D8,16,0,CSC-control,wall,native_call_and_free,0.0062461499999999998,0
ER_V20000_D8,16,0,DCSC-control,wall,total,0.0062171750000000001,0
ER_V20000_D8,16,0,DCSC-control,wall,native_call_and_free,0.0062171049999999997,0
ER_V20000_D8,16,0,CombBLAS-control,wall,total,0.0077219109999999997,0
ER_V20000_D8,16,0,CombBLAS-control,wall,native_call_and_free,0.0077211900000000002,0
ER_V20000_D8,16,0,CSC-profile,wall,total,0.0059959510000000002,0
ER_V20000_D8,16,0,CSC-profile,wall,validate,6.5099999999999999e-07,0
ER_V20000_D8,16,0,CSC-profile,wall,lookup_build,3.1e-08,0
ER_V20000_D8,16,0,CSC-profile,wall,scratch_setup,4.4996000000000001e-05,0
ER_V20000_D8,16,0,CSC-profile,wall,work_bound,4.6728999999999999e-05,0
ER_V20000_D8,16,0,CSC-profile,wall,symbolic_capacity,0.00012850700000000001,0
ER_V20000_D8,16,0,CSC-profile,wall,symbolic,0.001115179,0
ER_V20000_D8,16,0,CSC-profile,wall,prefix_numeric_capacity,2.9907e-05,0
ER_V20000_D8,16,0,CSC-profile,wall,output_allocate,0.00098879700000000003,0
ER_V20000_D8,16,0,CSC-profile,wall,numeric,0.0036386090000000001,0
ER_V20000_D8,16,0,CSC-profile,wall,return_cleanup,1.5030000000000001e-06,0
ER_V20000_D8,16,0,CSC-profile,wall,output_free,9.8200000000000008e-07,0
ER_V20000_D8,16,0,DCSC-profile,wall,total,0.0062624220000000001,0
ER_V20000_D8,16,0,DCSC-profile,wall,validate,4.6100000000000001e-07,0
ER_V20000_D8,16,0,DCSC-profile,wall,lookup_build,2.7099999999999998e-07,0
ER_V20000_D8,16,0,DCSC-profile,wall,scratch_setup,6.6758e-05,0
ER_V20000_D8,16,0,DCSC-profile,wall,work_bound,5.5186000000000003e-05,0
ER_V20000_D8,16,0,DCSC-profile,wall,symbolic_capacity,0.00013823500000000001,0
ER_V20000_D8,16,0,DCSC-profile,wall,symbolic,0.001096463,0
ER_V20000_D8,16,0,DCSC-profile,wall,prefix_numeric_capacity,2.3816e-05,0
ER_V20000_D8,16,0,DCSC-profile,wall,output_allocate,0.0012090689999999999,0
ER_V20000_D8,16,0,DCSC-profile,wall,numeric,0.0036697589999999999,0
ER_V20000_D8,16,0,DCSC-profile,wall,return_cleanup,1.4529999999999999e-06,0
ER_V20000_D8,16,0,DCSC-profile,wall,output_free,8.8100000000000001e-07,0
ER_V20000_D8,16,0,CombBLAS-profile,wall,total,0.0079026679999999998,0
ER_V20000_D8,16,0,CombBLAS-profile,wall,lookup_build,4.1489000000000002e-05,0
ER_V20000_D8,16,0,CombBLAS-profile,wall,thread_setup,4.5990000000000004e-06,0
ER_V20000_D8,16,0,CombBLAS-profile,wall,work_bound,0.00027394600000000001,0
ER_V20000_D8,16,0,CombBLAS-profile,wall,work_prefix,1.2965e-05,0
ER_V20000_D8,16,0,CombBLAS-profile,wall,symbolic,0.0013837840000000001,0
ER_V20000_D8,16,0,CombBLAS-profile,wall,output_prefix,1.2564e-05,0
ER_V20000_D8,16,0,CombBLAS-profile,wall,output_allocate,0.001872732,0
ER_V20000_D8,16,0,CombBLAS-profile,wall,numeric_scratch_setup,0.000166279,0
ER_V20000_D8,16,0,CombBLAS-profile,wall,numeric,0.0041286389999999999,0
ER_V20000_D8,16,0,CombBLAS-profile,wall,internal_cleanup,2.9859999999999999e-06,0
ER_V20000_D8,16,0,CombBLAS-profile,wall,return_cleanup,1.9439999999999999e-06,0
ER_V20000_D8,16,0,CombBLAS-profile,wall,output_free,6.8100000000000002e-07,0
ER_V20000_D8,16,0,DCSC-sampled,wall,total,0.0061187760000000002,0
ER_V20000_D8,16,0,DCSC-sampled,wall,validate,6.3200000000000005e-07,0
ER_V20000_D8,16,0,DCSC-sampled,wall,lookup_build,7.0000000000000005e-08,0
ER_V20000_D8,16,0,DCSC-sampled,wall,scratch_setup,4.3081999999999998e-05,0
ER_V20000_D8,16,0,DCSC-sampled,wall,work_bound,5.2099999999999999e-05,0
ER_V20000_D8,16,0,DCSC-sampled,wall,symbolic_capacity,0.00013137199999999999,0
ER_V20000_D8,16,0,DCSC-sampled,wall,symbolic,0.00107361,0
ER_V20000_D8,16,0,DCSC-sampled,wall,prefix_numeric_capacity,2.3434e-05,0
ER_V20000_D8,16,0,DCSC-sampled,wall,output_allocate,0.00099505899999999996,0
ER_V20000_D8,16,0,DCSC-sampled,wall,numeric,0.0037974440000000001,0
ER_V20000_D8,16,0,DCSC-sampled,wall,return_cleanup,1.032e-06,0
ER_V20000_D8,16,0,DCSC-sampled,wall,output_free,8.8199999999999998e-07,0
ER_V20000_D8,16,0,DCSC-sampled,sampled_worker,lookup,0,10000
ER_V20000_D8,16,0,DCSC-sampled,sampled_worker,alloc_init,0.0011053619999999999,10000
ER_V20000_D8,16,0,DCSC-sampled,sampled_worker,lookup_multiply_hash,0.0098217109999999969,10000
ER_V20000_D8,16,0,DCSC-sampled,sampled_worker,compact,0.0030764159999999989,10000
ER_V20000_D8,16,0,DCSC-sampled,sampled_worker,sort,0.014775572000000001,10000
ER_V20000_D8,16,0,DCSC-sampled,sampled_worker,write,0.0010798079999999992,10000
ER_V20000_D8,16,0,DCSC-sampled,sampled_worker,scratch_free,0.00061084800000000042,10000
ER_V20000_D8,16,0,CombBLAS-sampled,wall,total,0.0079297299999999994,0
ER_V20000_D8,16,0,CombBLAS-sampled,wall,lookup_build,3.9786999999999997e-05,0
ER_V20000_D8,16,0,CombBLAS-sampled,wall,thread_setup,5.3700000000000003e-06,0
ER_V20000_D8,16,0,CombBLAS-sampled,wall,work_bound,0.00026326499999999999,0
ER_V20000_D8,16,0,CombBLAS-sampled,wall,work_prefix,1.3485999999999999e-05,0
ER_V20000_D8,16,0,CombBLAS-sampled,wall,symbolic,0.001273312,0
ER_V20000_D8,16,0,CombBLAS-sampled,wall,output_prefix,1.2013e-05,0
ER_V20000_D8,16,0,CombBLAS-sampled,wall,output_allocate,0.001892981,0
ER_V20000_D8,16,0,CombBLAS-sampled,wall,numeric_scratch_setup,0.00016459600000000001,0
ER_V20000_D8,16,0,CombBLAS-sampled,wall,numeric,0.0042592089999999999,0
ER_V20000_D8,16,0,CombBLAS-sampled,wall,internal_cleanup,2.5550000000000001e-06,0
ER_V20000_D8,16,0,CombBLAS-sampled,wall,return_cleanup,2.525e-06,0
ER_V20000_D8,16,0,CombBLAS-sampled,wall,output_free,5.6100000000000001e-07,0
ER_V20000_D8,16,0,CombBLAS-sampled,sampled_worker,lookup,0.001958724999999998,10000
ER_V20000_D8,16,0,CombBLAS-sampled,sampled_worker,alloc_init,0.0015113989999999983,10000
ER_V20000_D8,16,0,CombBLAS-sampled,sampled_worker,lookup_multiply_hash,0.0091562499999999995,10000
ER_V20000_D8,16,0,CombBLAS-sampled,sampled_worker,compact,0.0032042039999999991,10000
ER_V20000_D8,16,0,CombBLAS-sampled,sampled_worker,sort,0.014769399000000006,10000
ER_V20000_D8,16,0,CombBLAS-sampled,sampled_worker,write,0.0016439369999999994,10000
ER_V20000_D8,16,0,CombBLAS-sampled,sampled_worker,scratch_free,0.00059567300000000045,10000
ER_V20000_D8,16,0,CombBLAS-conversion,wall,total,0.013137479000000001,0
ER_V20000_D8,16,0,CombBLAS-conversion,wall,native_call,0.0071062709999999999,0
ER_V20000_D8,16,0,CombBLAS-conversion,wall,tuple_to_dcsc,0.0060277719999999998,0
ER_V20000_D8,16,0,CombBLAS-conversion,wall,dcsc_free,2.655e-06,0
ER_V20000_D8,16,0,CombBLAS-conversion,wall,output_free,7.3200000000000004e-07,0
ER_V20000_D8,16,0,DCSC-dense-lookup,wall,total,0.0064328679999999996,0
ER_V20000_D8,16,0,DCSC-dense-lookup,wall,native_call_and_free,0.0064325780000000004,0
ER_V20000_D8,16,0,DCSC-static,wall,total,0.006043713,0
ER_V20000_D8,16,0,DCSC-static,wall,native_call_and_free,0.006043021,0
ER_V20000_D8,16,0,DCSC-dense-static,wall,total,0.0059868129999999997,0
ER_V20000_D8,16,0,DCSC-dense-static,wall,native_call_and_free,0.0059863219999999997,0
ER_V20000_D8,16,0,Tuples-control,wall,total,0.0065598929999999998,0
ER_V20000_D8,16,0,Tuples-control,wall,native_call_and_free,0.0065594219999999996,0
ER_V20000_D8,16,0,Tuples-profile,wall,total,0.006716563,0
ER_V20000_D8,16,0,Tuples-profile,wall,validate,4.3099999999999998e-07,0
ER_V20000_D8,16,0,Tuples-profile,wall,lookup_build,4.0000000000000001e-08,0
ER_V20000_D8,16,0,Tuples-profile,wall,scratch_setup,6.4994999999999997e-05,0
ER_V20000_D8,16,0,Tuples-profile,wall,work_bound,4.2852000000000002e-05,0
ER_V20000_D8,16,0,Tuples-profile,wall,symbolic_capacity,0.00014812399999999999,0
ER_V20000_D8,16,0,Tuples-profile,wall,symbolic,0.001070253,0
ER_V20000_D8,16,0,Tuples-profile,wall,prefix_numeric_capacity,2.3034e-05,0
ER_V20000_D8,16,0,Tuples-profile,wall,output_allocate,0.001691234,0
ER_V20000_D8,16,0,Tuples-profile,wall,numeric,0.0036742580000000001,0
ER_V20000_D8,16,0,Tuples-profile,wall,return_cleanup,1.031e-06,0
ER_V20000_D8,16,0,Tuples-profile,wall,output_free,2.41e-07,0
ER_V20000_D8,16,1,CSC-control,wall,total,0.0062050610000000004,0
ER_V20000_D8,16,1,CSC-control,wall,native_call_and_free,0.0062048119999999997,0
ER_V20000_D8,16,1,Tuples-profile,wall,total,0.0068686049999999998,0
ER_V20000_D8,16,1,Tuples-profile,wall,validate,4.4099999999999999e-07,0
ER_V20000_D8,16,1,Tuples-profile,wall,lookup_build,2.2999999999999999e-07,0
ER_V20000_D8,16,1,Tuples-profile,wall,scratch_setup,6.4302999999999997e-05,0
ER_V20000_D8,16,1,Tuples-profile,wall,work_bound,4.7441999999999997e-05,0
ER_V20000_D8,16,1,Tuples-profile,wall,symbolic_capacity,0.00013130100000000001,0
ER_V20000_D8,16,1,Tuples-profile,wall,symbolic,0.0010801820000000001,0
ER_V20000_D8,16,1,Tuples-profile,wall,prefix_numeric_capacity,2.2614000000000001e-05,0
ER_V20000_D8,16,1,Tuples-profile,wall,output_allocate,0.0018334860000000001,0
ER_V20000_D8,16,1,Tuples-profile,wall,numeric,0.003686422,0
ER_V20000_D8,16,1,Tuples-profile,wall,return_cleanup,1.8729999999999999e-06,0
ER_V20000_D8,16,1,Tuples-profile,wall,output_free,2.5100000000000001e-07,0
ER_V20000_D8,16,1,Tuples-control,wall,total,0.0066845120000000001,0
ER_V20000_D8,16,1,Tuples-control,wall,native_call_and_free,0.0066842109999999998,0
ER_V20000_D8,16,1,DCSC-dense-static,wall,total,0.0060872169999999998,0
ER_V20000_D8,16,1,DCSC-dense-static,wall,native_call_and_free,0.006086826,0
ER_V20000_D8,16,1,DCSC-static,wall,total,0.0059633580000000002,0
ER_V20000_D8,16,1,DCSC-static,wall,native_call_and_free,0.005962897,0
ER_V20000_D8,16,1,DCSC-dense-lookup,wall,total,0.0059809010000000003,0
ER_V20000_D8,16,1,DCSC-dense-lookup,wall,native_call_and_free,0.0059804510000000003,0
ER_V20000_D8,16,1,CombBLAS-conversion,wall,total,0.013644161,0
ER_V20000_D8,16,1,CombBLAS-conversion,wall,native_call,0.0076554539999999999,0
ER_V20000_D8,16,1,CombBLAS-conversion,wall,tuple_to_dcsc,0.0059851499999999998,0
ER_V20000_D8,16,1,CombBLAS-conversion,wall,dcsc_free,2.7860000000000001e-06,0
ER_V20000_D8,16,1,CombBLAS-conversion,wall,output_free,7.1099999999999995e-07,0
ER_V20000_D8,16,1,CombBLAS-sampled,wall,total,0.0078113230000000002,0
ER_V20000_D8,16,1,CombBLAS-sampled,wall,lookup_build,3.7892999999999998e-05,0
ER_V20000_D8,16,1,CombBLAS-sampled,wall,thread_setup,9.1570000000000006e-06,0
ER_V20000_D8,16,1,CombBLAS-sampled,wall,work_bound,0.00023182500000000001,0
ER_V20000_D8,16,1,CombBLAS-sampled,wall,work_prefix,9.0280000000000006e-06,0
ER_V20000_D8,16,1,CombBLAS-sampled,wall,symbolic,0.0012675410000000001,0
ER_V20000_D8,16,1,CombBLAS-sampled,wall,output_prefix,9.2979999999999997e-06,0
ER_V20000_D8,16,1,CombBLAS-sampled,wall,output_allocate,0.0018966479999999999,0
ER_V20000_D8,16,1,CombBLAS-sampled,wall,numeric_scratch_setup,0.000157732,0
ER_V20000_D8,16,1,CombBLAS-sampled,wall,numeric,0.0041870309999999999,0
ER_V20000_D8,16,1,CombBLAS-sampled,wall,internal_cleanup,2.345e-06,0
ER_V20000_D8,16,1,CombBLAS-sampled,wall,return_cleanup,2.4839999999999998e-06,0
ER_V20000_D8,16,1,CombBLAS-sampled,wall,output_free,2.8099999999999999e-07,0
ER_V20000_D8,16,1,CombBLAS-sampled,sampled_worker,lookup,0.0019596189999999984,10000
ER_V20000_D8,16,1,CombBLAS-sampled,sampled_worker,alloc_init,0.0015120509999999984,10000
ER_V20000_D8,16,1,CombBLAS-sampled,sampled_worker,lookup_multiply_hash,0.0090592629999999997,10000
ER_V20000_D8,16,1,CombBLAS-sampled,sampled_worker,compact,0.0031954569999999988,10000
ER_V20000_D8,16,1,CombBLAS-sampled,sampled_worker,sort,0.014776273000000001,10000
ER_V20000_D8,16,1,CombBLAS-sampled,sampled_worker,write,0.0015739849999999989,10000
ER_V20000_D8,16,1,CombBLAS-sampled,sampled_worker,scratch_free,0.00059961900000000045,10000
ER_V20000_D8,16,1,DCSC-sampled,wall,total,0.0061349280000000004,0
ER_V20000_D8,16,1,DCSC-sampled,wall,validate,7.7199999999999998e-07,0
ER_V20000_D8,16,1,DCSC-sampled,wall,lookup_build,2.3999999999999998e-07,0
ER_V20000_D8,16,1,DCSC-sampled,wall,scratch_setup,4.2410999999999998e-05,0
ER_V20000_D8,16,1,DCSC-sampled,wall,work_bound,5.1969999999999999e-05,0
ER_V20000_D8,16,1,DCSC-sampled,wall,symbolic_capacity,0.00013302499999999999,0
ER_V20000_D8,16,1,DCSC-sampled,wall,symbolic,0.0010818049999999999,0
ER_V20000_D8,16,1,DCSC-sampled,wall,prefix_numeric_capacity,2.4516999999999999e-05,0
ER_V20000_D8,16,1,DCSC-sampled,wall,output_allocate,0.00098162300000000004,0
ER_V20000_D8,16,1,DCSC-sampled,wall,numeric,0.003815639,0
ER_V20000_D8,16,1,DCSC-sampled,wall,return_cleanup,1.5230000000000001e-06,0
ER_V20000_D8,16,1,DCSC-sampled,wall,output_free,1.342e-06,0
ER_V20000_D8,16,1,DCSC-sampled,sampled_worker,lookup,0,10000
ER_V20000_D8,16,1,DCSC-sampled,sampled_worker,alloc_init,0.0011033999999999998,10000
ER_V20000_D8,16,1,DCSC-sampled,sampled_worker,lookup_multiply_hash,0.0097718800000000019,10000
ER_V20000_D8,16,1,DCSC-sampled,sampled_worker,compact,0.0030683179999999978,10000
ER_V20000_D8,16,1,DCSC-sampled,sampled_worker,sort,0.014809364999999996,10000
ER_V20000_D8,16,1,DCSC-sampled,sampled_worker,write,0.0010690739999999997,10000
ER_V20000_D8,16,1,DCSC-sampled,sampled_worker,scratch_free,0.00061543200000000028,10000
ER_V20000_D8,16,1,CombBLAS-profile,wall,total,0.0079622210000000002,0
ER_V20000_D8,16,1,CombBLAS-profile,wall,lookup_build,5.8261999999999999e-05,0
ER_V20000_D8,16,1,CombBLAS-profile,wall,thread_setup,6.883e-06,0
ER_V20000_D8,16,1,CombBLAS-profile,wall,work_bound,0.00028382499999999997,0
ER_V20000_D8,16,1,CombBLAS-profile,wall,work_prefix,1.558e-05,0
ER_V20000_D8,16,1,CombBLAS-profile,wall,symbolic,0.0012691040000000001,0
ER_V20000_D8,16,1,CombBLAS-profile,wall,output_prefix,1.2183e-05,0
ER_V20000_D8,16,1,CombBLAS-profile,wall,output_allocate,0.0020385099999999999,0
ER_V20000_D8,16,1,CombBLAS-profile,wall,numeric_scratch_setup,0.00017844200000000001,0
ER_V20000_D8,16,1,CombBLAS-profile,wall,numeric,0.0040937029999999998,0
ER_V20000_D8,16,1,CombBLAS-profile,wall,internal_cleanup,2.6139999999999999e-06,0
ER_V20000_D8,16,1,CombBLAS-profile,wall,return_cleanup,2.5560000000000002e-06,0
ER_V20000_D8,16,1,CombBLAS-profile,wall,output_free,4.8999999999999997e-07,0
ER_V20000_D8,16,1,DCSC-profile,wall,total,0.0059968230000000001,0
ER_V20000_D8,16,1,DCSC-profile,wall,validate,6.5099999999999999e-07,0
ER_V20000_D8,16,1,DCSC-profile,wall,lookup_build,2.5100000000000001e-07,0
ER_V20000_D8,16,1,DCSC-profile,wall,scratch_setup,5.7661000000000002e-05,0
ER_V20000_D8,16,1,DCSC-profile,wall,work_bound,5.3182e-05,0
ER_V20000_D8,16,1,DCSC-profile,wall,symbolic_capacity,0.000141481,0
ER_V20000_D8,16,1,DCSC-profile,wall,symbolic,0.0010622069999999999,0
ER_V20000_D8,16,1,DCSC-profile,wall,prefix_numeric_capacity,2.4357000000000001e-05,0
ER_V20000_D8,16,1,DCSC-profile,wall,output_allocate,0.0010016109999999999,0
ER_V20000_D8,16,1,DCSC-profile,wall,numeric,0.003652967,0
ER_V20000_D8,16,1,DCSC-profile,wall,return_cleanup,1.443e-06,0
ER_V20000_D8,16,1,DCSC-profile,wall,output_free,8.2200000000000003e-07,0
ER_V20000_D8,16,1,CSC-profile,wall,total,0.0062451989999999999,0
ER_V20000_D8,16,1,CSC-profile,wall,validate,5.51e-07,0
ER_V20000_D8,16,1,CSC-profile,wall,lookup_build,4.0000000000000001e-08,0
ER_V20000_D8,16,1,CSC-profile,wall,scratch_setup,7.0624999999999996e-05,0
ER_V20000_D8,16,1,CSC-profile,wall,work_bound,5.7691e-05,0
ER_V20000_D8,16,1,CSC-profile,wall,symbolic_capacity,0.00012842600000000001,0
ER_V20000_D8,16,1,CSC-profile,wall,symbolic,0.001143804,0
ER_V20000_D8,16,1,CSC-profile,wall,prefix_numeric_capacity,2.3164999999999999e-05,0
ER_V20000_D8,16,1,CSC-profile,wall,output_allocate,0.001161287,0
ER_V20000_D8,16,1,CSC-profile,wall,numeric,0.0036581270000000002,0
ER_V20000_D8,16,1,CSC-profile,wall,return_cleanup,6.1099999999999995e-07,0
ER_V20000_D8,16,1,CSC-profile,wall,output_free,8.0200000000000001e-07,0
ER_V20000_D8,16,1,CombBLAS-control,wall,total,0.0077182040000000002,0
ER_V20000_D8,16,1,CombBLAS-control,wall,native_call_and_free,0.0077178739999999996,0
ER_V20000_D8,16,1,DCSC-control,wall,total,0.0060778380000000003,0
ER_V20000_D8,16,1,DCSC-control,wall,native_call_and_free,0.0060775279999999996,0
ER_V20000_D8,16,2,CombBLAS-control,wall,total,0.0076957409999999999,0
ER_V20000_D8,16,2,CombBLAS-control,wall,native_call_and_free,0.0076953910000000002,0
ER_V20000_D8,16,2,CSC-profile,wall,total,0.0059553419999999998,0
ER_V20000_D8,16,2,CSC-profile,wall,validate,7.3099999999999997e-07,0
ER_V20000_D8,16,2,CSC-profile,wall,lookup_build,2.9999999999999997e-08,0
ER_V20000_D8,16,2,CSC-profile,wall,scratch_setup,4.5055999999999997e-05,0
ER_V20000_D8,16,2,CSC-profile,wall,work_bound,4.9054999999999997e-05,0
ER_V20000_D8,16,2,CSC-profile,wall,symbolic_capacity,0.000128486,0
ER_V20000_D8,16,2,CSC-profile,wall,symbolic,0.0011097489999999999,0
ER_V20000_D8,16,2,CSC-profile,wall,prefix_numeric_capacity,2.3153999999999999e-05,0
ER_V20000_D8,16,2,CSC-profile,wall,output_allocate,0.000947638,0
ER_V20000_D8,16,2,CSC-profile,wall,numeric,0.003649079,0
ER_V20000_D8,16,2,CSC-profile,wall,return_cleanup,1.6029999999999999e-06,0
ER_V20000_D8,16,2,CSC-profile,wall,output_free,6.9100000000000003e-07,0
ER_V20000_D8,16,2,DCSC-profile,wall,total,0.0063062259999999998,0
ER_V20000_D8,16,2,DCSC-profile,wall,validate,4.7100000000000002e-07,0
ER_V20000_D8,16,2,DCSC-profile,wall,lookup_build,4.3099999999999998e-07,0
ER_V20000_D8,16,2,DCSC-profile,wall,scratch_setup,0.000116233,0
ER_V20000_D8,16,2,DCSC-profile,wall,work_bound,5.9354000000000001e-05,0
ER_V20000_D8,16,2,DCSC-profile,wall,symbolic_capacity,0.000148054,0
ER_V20000_D8,16,2,DCSC-profile,wall,symbolic,0.0010921850000000001,0
ER_V20000_D8,16,2,DCSC-profile,wall,prefix_numeric_capacity,2.3074e-05,0
ER_V20000_D8,16,2,DCSC-profile,wall,output_allocate,0.0012120049999999999,0
ER_V20000_D8,16,2,DCSC-profile,wall,numeric,0.0036519349999999998,0
ER_V20000_D8,16,2,DCSC-profile,wall,return_cleanup,1.683e-06,0
ER_V20000_D8,16,2,DCSC-profile,wall,output_free,7.4199999999999995e-07,0
ER_V20000_D8,16,2,CombBLAS-profile,wall,total,0.0079570620000000009,0
ER_V20000_D8,16,2,CombBLAS-profile,wall,lookup_build,4.2080999999999999e-05,0
ER_V20000_D8,16,2,CombBLAS-profile,wall,thread_setup,5.3600000000000004e-06,0
ER_V20000_D8,16,2,CombBLAS-profile,wall,work_bound,0.00027411599999999998,0
ER_V20000_D8,16,2,CombBLAS-profile,wall,work_prefix,1.3655999999999999e-05,0
ER_V20000_D8,16,2,CombBLAS-profile,wall,symbolic,0.0013907170000000001,0
ER_V20000_D8,16,2,CombBLAS-profile,wall,output_prefix,1.4568e-05,0
ER_V20000_D8,16,2,CombBLAS-profile,wall,output_allocate,0.0019502709999999999,0
ER_V20000_D8,16,2,CombBLAS-profile,wall,numeric_scratch_setup,0.000166038,0
ER_V20000_D8,16,2,CombBLAS-profile,wall,numeric,0.0040938229999999999,0
ER_V20000_D8,16,2,CombBLAS-profile,wall,internal_cleanup,3.1559999999999999e-06,0
ER_V20000_D8,16,2,CombBLAS-profile,wall,return_cleanup,2.7350000000000001e-06,0
ER_V20000_D8,16,2,CombBLAS-profile,wall,output_free,4.8100000000000003e-07,0
ER_V20000_D8,16,2,DCSC-sampled,wall,total,0.0060608850000000002,0
ER_V20000_D8,16,2,DCSC-sampled,wall,validate,7.1099999999999995e-07,0
ER_V20000_D8,16,2,DCSC-sampled,wall,lookup_build,5.9999999999999995e-08,0
ER_V20000_D8,16,2,DCSC-sampled,wall,scratch_setup,4.2972999999999997e-05,0
ER_V20000_D8,16,2,DCSC-sampled,wall,work_bound,5.2389999999999998e-05,0
ER_V20000_D8,16,2,DCSC-sampled,wall,symbolic_capacity,0.000132865,0
ER_V20000_D8,16,2,DCSC-sampled,wall,symbolic,0.001056597,0
ER_V20000_D8,16,2,DCSC-sampled,wall,prefix_numeric_capacity,2.4046e-05,0
ER_V20000_D8,16,2,DCSC-sampled,wall,output_allocate,0.00095462100000000001,0
ER_V20000_D8,16,2,DCSC-sampled,wall,numeric,0.0037938870000000001,0
ER_V20000_D8,16,2,DCSC-sampled,wall,return_cleanup,1.5430000000000001e-06,0
ER_V20000_D8,16,2,DCSC-sampled,wall,output_free,1.122e-06,0
ER_V20000_D8,16,2,DCSC-sampled,sampled_worker,lookup,0,10000
ER_V20000_D8,16,2,DCSC-sampled,sampled_worker,alloc_init,0.0011101139999999993,10000
ER_V20000_D8,16,2,DCSC-sampled,sampled_worker,lookup_multiply_hash,0.0098100199999999992,10000
ER_V20000_D8,16,2,DCSC-sampled,sampled_worker,compact,0.0030609339999999991,10000
ER_V20000_D8,16,2,DCSC-sampled,sampled_worker,sort,0.014786964999999999,10000
ER_V20000_D8,16,2,DCSC-sampled,sampled_worker,write,0.0010899939999999999,10000
ER_V20000_D8,16,2,DCSC-sampled,sampled_worker,scratch_free,0.00060623300000000029,10000
ER_V20000_D8,16,2,CombBLAS-sampled,wall,total,0.0079223360000000003,0
ER_V20000_D8,16,2,CombBLAS-sampled,wall,lookup_build,3.9524999999999999e-05,0
ER_V20000_D8,16,2,CombBLAS-sampled,wall,thread_setup,5.5809999999999996e-06,0
ER_V20000_D8,16,2,CombBLAS-sampled,wall,work_bound,0.00026591000000000001,0
ER_V20000_D8,16,2,CombBLAS-sampled,wall,work_prefix,1.3566e-05,0
ER_V20000_D8,16,2,CombBLAS-sampled,wall,symbolic,0.001261119,0
ER_V20000_D8,16,2,CombBLAS-sampled,wall,output_prefix,1.1652e-05,0
ER_V20000_D8,16,2,CombBLAS-sampled,wall,output_allocate,0.001920855,0
ER_V20000_D8,16,2,CombBLAS-sampled,wall,numeric_scratch_setup,0.000171719,0
ER_V20000_D8,16,2,CombBLAS-sampled,wall,numeric,0.0042270179999999999,0
ER_V20000_D8,16,2,CombBLAS-sampled,wall,internal_cleanup,2.926e-06,0
ER_V20000_D8,16,2,CombBLAS-sampled,wall,return_cleanup,2.114e-06,0
ER_V20000_D8,16,2,CombBLAS-sampled,wall,output_free,2.8999999999999998e-07,0
ER_V20000_D8,16,2,CombBLAS-sampled,sampled_worker,lookup,0.0019685399999999978,10000
ER_V20000_D8,16,2,CombBLAS-sampled,sampled_worker,alloc_init,0.0015103839999999976,10000
ER_V20000_D8,16,2,CombBLAS-sampled,sampled_worker,lookup_multiply_hash,0.0091223899999999993,10000
ER_V20000_D8,16,2,CombBLAS-sampled,sampled_worker,compact,0.0032133669999999995,10000
ER_V20000_D8,16,2,CombBLAS-sampled,sampled_worker,sort,0.014752727,10000
ER_V20000_D8,16,2,CombBLAS-sampled,sampled_worker,write,0.0016251549999999986,10000
ER_V20000_D8,16,2,CombBLAS-sampled,sampled_worker,scratch_free,0.00059506800000000046,10000
ER_V20000_D8,16,2,CombBLAS-conversion,wall,total,0.013108975,0
ER_V20000_D8,16,2,CombBLAS-conversion,wall,native_call,0.0070421579999999998,0
ER_V20000_D8,16,2,CombBLAS-conversion,wall,tuple_to_dcsc,0.0060635000000000003,0
ER_V20000_D8,16,2,CombBLAS-conversion,wall,dcsc_free,2.5560000000000002e-06,0
ER_V20000_D8,16,2,CombBLAS-conversion,wall,output_free,7.1099999999999995e-07,0
ER_V20000_D8,16,2,DCSC-dense-lookup,wall,total,0.0062436970000000003,0
ER_V20000_D8,16,2,DCSC-dense-lookup,wall,native_call_and_free,0.0062433949999999997,0
ER_V20000_D8,16,2,DCSC-static,wall,total,0.0061048600000000001,0
ER_V20000_D8,16,2,DCSC-static,wall,native_call_and_free,0.0061044089999999999,0
ER_V20000_D8,16,2,DCSC-dense-static,wall,total,0.0059411560000000004,0
ER_V20000_D8,16,2,DCSC-dense-static,wall,native_call_and_free,0.005940575,0
ER_V20000_D8,16,2,Tuples-control,wall,total,0.0065582890000000001,0
ER_V20000_D8,16,2,Tuples-control,wall,native_call_and_free,0.0065578090000000004,0
ER_V20000_D8,16,2,Tuples-profile,wall,total,0.006737463,0
ER_V20000_D8,16,2,Tuples-profile,wall,validate,2.4999999999999999e-07,0
ER_V20000_D8,16,2,Tuples-profile,wall,lookup_build,2.9999999999999997e-08,0
ER_V20000_D8,16,2,Tuples-profile,wall,scratch_setup,6.3541999999999996e-05,0
ER_V20000_D8,16,2,Tuples-profile,wall,work_bound,4.3163e-05,0
ER_V20000_D8,16,2,Tuples-profile,wall,symbolic_capacity,0.000130851,0
ER_V20000_D8,16,2,Tuples-profile,wall,symbolic,0.0010645019999999999,0
ER_V20000_D8,16,2,Tuples-profile,wall,prefix_numeric_capacity,2.2733000000000001e-05,0
ER_V20000_D8,16,2,Tuples-profile,wall,output_allocate,0.0017347580000000001,0
ER_V20000_D8,16,2,Tuples-profile,wall,numeric,0.003676421,0
ER_V20000_D8,16,2,Tuples-profile,wall,return_cleanup,8.9199999999999999e-07,0
ER_V20000_D8,16,2,Tuples-profile,wall,output_free,2.6e-07,0
ER_V20000_D8,16,2,CSC-control,wall,total,0.0062361420000000001,0
ER_V20000_D8,16,2,CSC-control,wall,native_call_and_free,0.0062358810000000004,0
ER_V20000_D8,16,2,DCSC-control,wall,total,0.0062727920000000001,0
ER_V20000_D8,16,2,DCSC-control,wall,native_call_and_free,0.0062724620000000003,0
ER_V20000_D8,16,3,CombBLAS-control,wall,total,0.0077655750000000003,0
ER_V20000_D8,16,3,CombBLAS-control,wall,native_call_and_free,0.0077650649999999998,0
ER_V20000_D8,16,3,DCSC-control,wall,total,0.0059992480000000004,0
ER_V20000_D8,16,3,DCSC-control,wall,native_call_and_free,0.0059989459999999998,0
ER_V20000_D8,16,3,CSC-control,wall,total,0.0062262230000000003,0
ER_V20000_D8,16,3,CSC-control,wall,native_call_and_free,0.0062259220000000001,0
ER_V20000_D8,16,3,Tuples-profile,wall,total,0.0069177290000000001,0
ER_V20000_D8,16,3,Tuples-profile,wall,validate,4.4099999999999999e-07,0
ER_V20000_D8,16,3,Tuples-profile,wall,lookup_build,2.8000000000000002e-07,0
ER_V20000_D8,16,3,Tuples-profile,wall,scratch_setup,6.6447999999999998e-05,0
ER_V20000_D8,16,3,Tuples-profile,wall,work_bound,4.6499000000000003e-05,0
ER_V20000_D8,16,3,Tuples-profile,wall,symbolic_capacity,0.000130901,0
ER_V20000_D8,16,3,Tuples-profile,wall,symbolic,0.0010695520000000001,0
ER_V20000_D8,16,3,Tuples-profile,wall,prefix_numeric_capacity,2.3044000000000002e-05,0
ER_V20000_D8,16,3,Tuples-profile,wall,output_allocate,0.001888622,0
ER_V20000_D8,16,3,Tuples-profile,wall,numeric,0.00369068,0
ER_V20000_D8,16,3,Tuples-profile,wall,return_cleanup,1.122e-06,0
ER_V20000_D8,16,3,Tuples-profile,wall,output_free,8.0000000000000002e-08,0
ER_V20000_D8,16,3,Tuples-control,wall,total,0.0067057829999999999,0
ER_V20000_D8,16,3,Tuples-control,wall,native_call_and_free,0.0067052609999999997,0
ER_V20000_D8,16,3,DCSC-dense-static,wall,total,0.0061298469999999999,0
ER_V20000_D8,16,3,DCSC-dense-static,wall,native_call_and_free,0.006129336,0
ER_V20000_D8,16,3,DCSC-static,wall,total,0.0059601719999999997,0
ER_V20000_D8,16,3,DCSC-static,wall,native_call_and_free,0.0059598910000000001,0
ER_V20000_D8,16,3,DCSC-dense-lookup,wall,total,0.0060036150000000003,0
ER_V20000_D8,16,3,DCSC-dense-lookup,wall,native_call_and_free,0.0060031349999999997,0
ER_V20000_D8,16,3,CombBLAS-conversion,wall,total,0.013736379,0
ER_V20000_D8,16,3,CombBLAS-conversion,wall,native_call,0.0077362280000000004,0
ER_V20000_D8,16,3,CombBLAS-conversion,wall,tuple_to_dcsc,0.0059968230000000001,0
ER_V20000_D8,16,3,CombBLAS-conversion,wall,dcsc_free,2.5450000000000002e-06,0
ER_V20000_D8,16,3,CombBLAS-conversion,wall,output_free,7.2099999999999996e-07,0
ER_V20000_D8,16,3,CombBLAS-sampled,wall,total,0.0078990610000000006,0
ER_V20000_D8,16,3,CombBLAS-sampled,wall,lookup_build,4.0608000000000002e-05,0
ER_V20000_D8,16,3,CombBLAS-sampled,wall,thread_setup,1.0611000000000001e-05,0
ER_V20000_D8,16,3,CombBLAS-sampled,wall,work_bound,0.000234059,0
ER_V20000_D8,16,3,CombBLAS-sampled,wall,work_prefix,9.3379999999999994e-06,0
ER_V20000_D8,16,3,CombBLAS-sampled,wall,symbolic,0.00129316,0
ER_V20000_D8,16,3,CombBLAS-sampled,wall,output_prefix,9.6590000000000002e-06,0
ER_V20000_D8,16,3,CombBLAS-sampled,wall,output_allocate,0.001927326,0
ER_V20000_D8,16,3,CombBLAS-sampled,wall,numeric_scratch_setup,0.00016489599999999999,0
ER_V20000_D8,16,3,CombBLAS-sampled,wall,numeric,0.0042038029999999999,0
ER_V20000_D8,16,3,CombBLAS-sampled,wall,internal_cleanup,2.255e-06,0
ER_V20000_D8,16,3,CombBLAS-sampled,wall,return_cleanup,2.7650000000000002e-06,0
ER_V20000_D8,16,3,CombBLAS-sampled,wall,output_free,5.1099999999999996e-07,0
ER_V20000_D8,16,3,CombBLAS-sampled,sampled_worker,lookup,0.0019608029999999979,10000
ER_V20000_D8,16,3,CombBLAS-sampled,sampled_worker,alloc_init,0.0015056009999999977,10000
ER_V20000_D8,16,3,CombBLAS-sampled,sampled_worker,lookup_multiply_hash,0.0090638049999999977,10000
ER_V20000_D8,16,3,CombBLAS-sampled,sampled_worker,compact,0.0032090369999999979,10000
ER_V20000_D8,16,3,CombBLAS-sampled,sampled_worker,sort,0.014746403999999996,10000
ER_V20000_D8,16,3,CombBLAS-sampled,sampled_worker,write,0.001629494999999999,10000
ER_V20000_D8,16,3,CombBLAS-sampled,sampled_worker,scratch_free,0.00059999900000000015,10000
ER_V20000_D8,16,3,DCSC-sampled,wall,total,0.0061345059999999996,0
ER_V20000_D8,16,3,DCSC-sampled,wall,validate,6.4199999999999995e-07,0
ER_V20000_D8,16,3,DCSC-sampled,wall,lookup_build,4.7100000000000002e-07,0
ER_V20000_D8,16,3,DCSC-sampled,wall,scratch_setup,4.2882e-05,0
ER_V20000_D8,16,3,DCSC-sampled,wall,work_bound,5.3331999999999997e-05,0
ER_V20000_D8,16,3,DCSC-sampled,wall,symbolic_capacity,0.00013284500000000001,0
ER_V20000_D8,16,3,DCSC-sampled,wall,symbolic,0.001090461,0
ER_V20000_D8,16,3,DCSC-sampled,wall,prefix_numeric_capacity,2.2955e-05,0
ER_V20000_D8,16,3,DCSC-sampled,wall,output_allocate,0.00099507799999999993,0
ER_V20000_D8,16,3,DCSC-sampled,wall,numeric,0.0037932869999999998,0
ER_V20000_D8,16,3,DCSC-sampled,wall,return_cleanup,1.2619999999999999e-06,0
ER_V20000_D8,16,3,DCSC-sampled,wall,output_free,1.232e-06,0
ER_V20000_D8,16,3,DCSC-sampled,sampled_worker,lookup,0,10000
ER_V20000_D8,16,3,DCSC-sampled,sampled_worker,alloc_init,0.0011052149999999995,10000
ER_V20000_D8,16,3,DCSC-sampled,sampled_worker,lookup_multiply_hash,0.0097974279999999969,10000
ER_V20000_D8,16,3,DCSC-sampled,sampled_worker,compact,0.0030659319999999995,10000
ER_V20000_D8,16,3,DCSC-sampled,sampled_worker,sort,0.014780366000000003,10000
ER_V20000_D8,16,3,DCSC-sampled,sampled_worker,write,0.0010730859999999996,10000
ER_V20000_D8,16,3,DCSC-sampled,sampled_worker,scratch_free,0.00060833900000000038,10000
ER_V20000_D8,16,3,CombBLAS-profile,wall,total,0.0077785800000000002,0
ER_V20000_D8,16,3,CombBLAS-profile,wall,lookup_build,3.9295000000000002e-05,0
ER_V20000_D8,16,3,CombBLAS-profile,wall,thread_setup,5.6810000000000003e-06,0
ER_V20000_D8,16,3,CombBLAS-profile,wall,work_bound,0.00026502900000000001,0
ER_V20000_D8,16,3,CombBLAS-profile,wall,work_prefix,1.3606e-05,0
ER_V20000_D8,16,3,CombBLAS-profile,wall,symbolic,0.001248444,0
ER_V20000_D8,16,3,CombBLAS-profile,wall,output_prefix,1.2344000000000001e-05,0
ER_V20000_D8,16,3,CombBLAS-profile,wall,output_allocate,0.0019381369999999999,0
ER_V20000_D8,16,3,CombBLAS-profile,wall,numeric_scratch_setup,0.00016629899999999999,0
ER_V20000_D8,16,3,CombBLAS-profile,wall,numeric,0.0040843549999999996,0
ER_V20000_D8,16,3,CombBLAS-profile,wall,internal_cleanup,2.5550000000000001e-06,0
ER_V20000_D8,16,3,CombBLAS-profile,wall,return_cleanup,2.5150000000000001e-06,0
ER_V20000_D8,16,3,CombBLAS-profile,wall,output_free,2.6e-07,0
ER_V20000_D8,16,3,DCSC-profile,wall,total,0.0059666650000000003,0
ER_V20000_D8,16,3,DCSC-profile,wall,validate,6.7199999999999998e-07,0
ER_V20000_D8,16,3,DCSC-profile,wall,lookup_build,5.9999999999999995e-08,0
ER_V20000_D8,16,3,DCSC-profile,wall,scratch_setup,4.2531000000000003e-05,0
ER_V20000_D8,16,3,DCSC-profile,wall,work_bound,5.0837999999999997e-05,0
ER_V20000_D8,16,3,DCSC-profile,wall,symbolic_capacity,0.00013338600000000001,0
ER_V20000_D8,16,3,DCSC-profile,wall,symbolic,0.001065433,0
ER_V20000_D8,16,3,DCSC-profile,wall,prefix_numeric_capacity,2.3706e-05,0
ER_V20000_D8,16,3,DCSC-profile,wall,output_allocate,0.00099525900000000007,0
ER_V20000_D8,16,3,DCSC-profile,wall,numeric,0.0036520839999999999,0
ER_V20000_D8,16,3,DCSC-profile,wall,return_cleanup,1.7239999999999999e-06,0
ER_V20000_D8,16,3,DCSC-profile,wall,output_free,9.02e-07,0
ER_V20000_D8,16,3,CSC-profile,wall,total,0.0062856769999999999,0
ER_V20000_D8,16,3,CSC-profile,wall,validate,6.5199999999999996e-07,0
ER_V20000_D8,16,3,CSC-profile,wall,lookup_build,2.9999999999999997e-08,0
ER_V20000_D8,16,3,CSC-profile,wall,scratch_setup,7.1667000000000003e-05,0
ER_V20000_D8,16,3,CSC-profile,wall,work_bound,5.7240000000000001e-05,0
ER_V20000_D8,16,3,CSC-profile,wall,symbolic_capacity,0.00012912700000000001,0
ER_V20000_D8,16,3,CSC-profile,wall,symbolic,0.001166208,0
ER_V20000_D8,16,3,CSC-profile,wall,prefix_numeric_capacity,2.2802999999999998e-05,0
ER_V20000_D8,16,3,CSC-profile,wall,output_allocate,0.0011834910000000001,0
ER_V20000_D8,16,3,CSC-profile,wall,numeric,0.0036522350000000002,0
ER_V20000_D8,16,3,CSC-profile,wall,return_cleanup,1.373e-06,0
ER_V20000_D8,16,3,CSC-profile,wall,output_free,7.3099999999999997e-07,0
ER_V20000_D8,16,4,DCSC-profile,wall,total,0.0061684909999999999,0
ER_V20000_D8,16,4,DCSC-profile,wall,validate,4.5200000000000002e-07,0
ER_V20000_D8,16,4,DCSC-profile,wall,lookup_build,2.7000000000000001e-07,0
ER_V20000_D8,16,4,DCSC-profile,wall,scratch_setup,6.5525999999999996e-05,0
ER_V20000_D8,16,4,DCSC-profile,wall,work_bound,4.8473000000000002e-05,0
ER_V20000_D8,16,4,DCSC-profile,wall,symbolic_capacity,0.00012850599999999999,0
ER_V20000_D8,16,4,DCSC-profile,wall,symbolic,0.001046417,0
ER_V20000_D8,16,4,DCSC-profile,wall,prefix_numeric_capacity,2.2524e-05,0
ER_V20000_D8,16,4,DCSC-profile,wall,output_allocate,0.001219789,0
ER_V20000_D8,16,4,DCSC-profile,wall,numeric,0.0036346619999999999,0
ER_V20000_D8,16,4,DCSC-profile,wall,return_cleanup,9.5099999999999998e-07,0
ER_V20000_D8,16,4,DCSC-profile,wall,output_free,8.6199999999999996e-07,0
ER_V20000_D8,16,4,CombBLAS-profile,wall,total,0.0078592349999999991,0
ER_V20000_D8,16,4,CombBLAS-profile,wall,lookup_build,4.2682000000000002e-05,0
ER_V20000_D8,16,4,CombBLAS-profile,wall,thread_setup,5.7010000000000001e-06,0
ER_V20000_D8,16,4,CombBLAS-profile,wall,work_bound,0.00027916600000000002,0
ER_V20000_D8,16,4,CombBLAS-profile,wall,work_prefix,1.6381000000000001e-05,0
ER_V20000_D8,16,4,CombBLAS-profile,wall,symbolic,0.001378995,0
ER_V20000_D8,16,4,CombBLAS-profile,wall,output_prefix,1.1902999999999999e-05,0
ER_V20000_D8,16,4,CombBLAS-profile,wall,output_allocate,0.0018691859999999999,0
ER_V20000_D8,16,4,CombBLAS-profile,wall,numeric_scratch_setup,0.00016490600000000001,0
ER_V20000_D8,16,4,CombBLAS-profile,wall,numeric,0.0040846850000000002,0
ER_V20000_D8,16,4,CombBLAS-profile,wall,internal_cleanup,2.5739999999999998e-06,0
ER_V20000_D8,16,4,CombBLAS-profile,wall,return_cleanup,2.305e-06,0
ER_V20000_D8,16,4,CombBLAS-profile,wall,output_free,6.9100000000000003e-07,0
ER_V20000_D8,16,4,DCSC-sampled,wall,total,0.0061246180000000001,0
ER_V20000_D8,16,4,DCSC-sampled,wall,validate,7.1200000000000002e-07,0
ER_V20000_D8,16,4,DCSC-sampled,wall,lookup_build,2.7000000000000001e-07,0
ER_V20000_D8,16,4,DCSC-sampled,wall,scratch_setup,4.3733999999999998e-05,0
ER_V20000_D8,16,4,DCSC-sampled,wall,work_bound,5.2550999999999999e-05,0
ER_V20000_D8,16,4,DCSC-sampled,wall,symbolic_capacity,0.00014480800000000001,0
ER_V20000_D8,16,4,DCSC-sampled,wall,symbolic,0.0010627379999999999,0
ER_V20000_D8,16,4,DCSC-sampled,wall,prefix_numeric_capacity,2.5369000000000001e-05,0
ER_V20000_D8,16,4,DCSC-sampled,wall,output_allocate,0.0010006290000000001,0
ER_V20000_D8,16,4,DCSC-sampled,wall,numeric,0.0037920440000000001,0
ER_V20000_D8,16,4,DCSC-sampled,wall,return_cleanup,7.5099999999999999e-07,0
ER_V20000_D8,16,4,DCSC-sampled,wall,output_free,9.4200000000000004e-07,0
ER_V20000_D8,16,4,DCSC-sampled,sampled_worker,lookup,0,10000
ER_V20000_D8,16,4,DCSC-sampled,sampled_worker,alloc_init,0.001100901,10000
ER_V20000_D8,16,4,DCSC-sampled,sampled_worker,lookup_multiply_hash,0.0098079900000000008,10000
ER_V20000_D8,16,4,DCSC-sampled,sampled_worker,compact,0.0030586369999999986,10000
ER_V20000_D8,16,4,DCSC-sampled,sampled_worker,sort,0.014741944000000002,10000
ER_V20000_D8,16,4,DCSC-sampled,sampled_worker,write,0.0010663849999999991,10000
ER_V20000_D8,16,4,DCSC-sampled,sampled_worker,scratch_free,0.00060773100000000046,10000
ER_V20000_D8,16,4,CombBLAS-sampled,wall,total,0.0079311729999999997,0
ER_V20000_D8,16,4,CombBLAS-sampled,wall,lookup_build,4.1019000000000001e-05,0
ER_V20000_D8,16,4,CombBLAS-sampled,wall,thread_setup,5.1499999999999998e-06,0
ER_V20000_D8,16,4,CombBLAS-sampled,wall,work_bound,0.000262353,0
ER_V20000_D8,16,4,CombBLAS-sampled,wall,work_prefix,1.3716e-05,0
ER_V20000_D8,16,4,CombBLAS-sampled,wall,symbolic,0.001252422,0
ER_V20000_D8,16,4,CombBLAS-sampled,wall,output_prefix,1.1873e-05,0
ER_V20000_D8,16,4,CombBLAS-sampled,wall,output_allocate,0.0019577349999999999,0
ER_V20000_D8,16,4,CombBLAS-sampled,wall,numeric_scratch_setup,0.00016562799999999999,0
ER_V20000_D8,16,4,CombBLAS-sampled,wall,numeric,0.0042154150000000001,0
ER_V20000_D8,16,4,CombBLAS-sampled,wall,internal_cleanup,2.8760000000000001e-06,0
ER_V20000_D8,16,4,CombBLAS-sampled,wall,return_cleanup,2.3539999999999998e-06,0
ER_V20000_D8,16,4,CombBLAS-sampled,wall,output_free,5.6100000000000001e-07,0
ER_V20000_D8,16,4,CombBLAS-sampled,sampled_worker,lookup,0.0019630339999999989,10000
ER_V20000_D8,16,4,CombBLAS-sampled,sampled_worker,alloc_init,0.001502740999999998,10000
ER_V20000_D8,16,4,CombBLAS-sampled,sampled_worker,lookup_multiply_hash,0.0091107250000000001,10000
ER_V20000_D8,16,4,CombBLAS-sampled,sampled_worker,compact,0.0032005919999999991,10000
ER_V20000_D8,16,4,CombBLAS-sampled,sampled_worker,sort,0.014726539000000002,10000
ER_V20000_D8,16,4,CombBLAS-sampled,sampled_worker,write,0.0016177039999999998,10000
ER_V20000_D8,16,4,CombBLAS-sampled,sampled_worker,scratch_free,0.00059066800000000036,10000
ER_V20000_D8,16,4,CombBLAS-conversion,wall,total,0.013170963000000001,0
ER_V20000_D8,16,4,CombBLAS-conversion,wall,native_call,0.0070762230000000004,0
ER_V20000_D8,16,4,CombBLAS-conversion,wall,tuple_to_dcsc,0.0060916140000000004,0
ER_V20000_D8,16,4,CombBLAS-conversion,wall,dcsc_free,2.3350000000000001e-06,0
ER_V20000_D8,16,4,CombBLAS-conversion,wall,output_free,7.3099999999999997e-07,0
ER_V20000_D8,16,4,DCSC-dense-lookup,wall,total,0.0062936420000000003,0
ER_V20000_D8,16,4,DCSC-dense-lookup,wall,native_call_and_free,0.0062928400000000001,0
ER_V20000_D8,16,4,DCSC-static,wall,total,0.0060598340000000001,0
ER_V20000_D8,16,4,DCSC-static,wall,native_call_and_free,0.0060593330000000001,0
ER_V20000_D8,16,4,DCSC-dense-static,wall,total,0.0059705720000000004,0
ER_V20000_D8,16,4,DCSC-dense-static,wall,native_call_and_free,0.005970281,0
ER_V20000_D8,16,4,Tuples-control,wall,total,0.0066358880000000004,0
ER_V20000_D8,16,4,Tuples-control,wall,native_call_and_free,0.0066353779999999999,0
ER_V20000_D8,16,4,Tuples-profile,wall,total,0.006772681,0
ER_V20000_D8,16,4,Tuples-profile,wall,validate,2.7099999999999998e-07,0
ER_V20000_D8,16,4,Tuples-profile,wall,lookup_build,4.4000000000000002e-07,0
ER_V20000_D8,16,4,Tuples-profile,wall,scratch_setup,0.000104922,0
ER_V20000_D8,16,4,Tuples-profile,wall,work_bound,4.8112000000000003e-05,0
ER_V20000_D8,16,4,Tuples-profile,wall,symbolic_capacity,0.000146761,0
ER_V20000_D8,16,4,Tuples-profile,wall,symbolic,0.0010643619999999999,0
ER_V20000_D8,16,4,Tuples-profile,wall,prefix_numeric_capacity,2.2293000000000002e-05,0
ER_V20000_D8,16,4,Tuples-profile,wall,output_allocate,0.001698658,0
ER_V20000_D8,16,4,Tuples-profile,wall,numeric,0.003685439,0
ER_V20000_D8,16,4,Tuples-profile,wall,return_cleanup,1.1119999999999999e-06,0
ER_V20000_D8,16,4,Tuples-profile,wall,output_free,2.5100000000000001e-07,0
ER_V20000_D8,16,4,CSC-control,wall,total,0.0062487860000000001,0
ER_V20000_D8,16,4,CSC-control,wall,native_call_and_free,0.006248305,0
ER_V20000_D8,16,4,DCSC-control,wall,total,0.006226924,0
ER_V20000_D8,16,4,DCSC-control,wall,native_call_and_free,0.006226624,0
ER_V20000_D8,16,4,CombBLAS-control,wall,total,0.0077130050000000002,0
ER_V20000_D8,16,4,CombBLAS-control,wall,native_call_and_free,0.007712694,0
ER_V20000_D8,16,4,CSC-profile,wall,total,0.005982785,0
ER_V20000_D8,16,4,CSC-profile,wall,validate,8.8100000000000001e-07,0
ER_V20000_D8,16,4,CSC-profile,wall,lookup_build,4.0000000000000001e-08,0
ER_V20000_D8,16,4,CSC-profile,wall,scratch_setup,4.3513999999999997e-05,0
ER_V20000_D8,16,4,CSC-profile,wall,work_bound,4.8232000000000002e-05,0
ER_V20000_D8,16,4,CSC-profile,wall,symbolic_capacity,0.00012876700000000001,0
ER_V20000_D8,16,4,CSC-profile,wall,symbolic,0.0011167219999999999,0
ER_V20000_D8,16,4,CSC-profile,wall,prefix_numeric_capacity,2.3495000000000001e-05,0
ER_V20000_D8,16,4,CSC-profile,wall,output_allocate,0.00097632299999999997,0
ER_V20000_D8,16,4,CSC-profile,wall,numeric,0.0036420459999999999,0
ER_V20000_D8,16,4,CSC-profile,wall,return_cleanup,1.4929999999999999e-06,0
ER_V20000_D8,16,4,CSC-profile,wall,output_free,1.2219999999999999e-06,0
ER_V20000_D8,16,5,DCSC-profile,wall,total,0.0062288780000000002,0
ER_V20000_D8,16,5,DCSC-profile,wall,validate,4.7999999999999996e-07,0
ER_V20000_D8,16,5,DCSC-profile,wall,lookup_build,2.8099999999999999e-07,0
ER_V20000_D8,16,5,DCSC-profile,wall,scratch_setup,6.7259000000000001e-05,0
ER_V20000_D8,16,5,DCSC-profile,wall,work_bound,5.6248000000000001e-05,0
ER_V20000_D8,16,5,DCSC-profile,wall,symbolic_capacity,0.00013254400000000001,0
ER_V20000_D8,16,5,DCSC-profile,wall,symbolic,0.0010931669999999999,0
ER_V20000_D8,16,5,DCSC-profile,wall,prefix_numeric_capacity,2.2612999999999998e-05,0
ER_V20000_D8,16,5,DCSC-profile,wall,output_allocate,0.0012045809999999999,0
ER_V20000_D8,16,5,DCSC-profile,wall,numeric,0.0036497909999999999,0
ER_V20000_D8,16,5,DCSC-profile,wall,return_cleanup,9.5099999999999998e-07,0
ER_V20000_D8,16,5,DCSC-profile,wall,output_free,9.02e-07,0
ER_V20000_D8,16,5,CSC-profile,wall,total,0.006141339,0
ER_V20000_D8,16,5,CSC-profile,wall,validate,2.9999999999999999e-07,0
ER_V20000_D8,16,5,CSC-profile,wall,lookup_build,4.0000000000000001e-08,0
ER_V20000_D8,16,5,CSC-profile,wall,scratch_setup,6.8090999999999996e-05,0
ER_V20000_D8,16,5,CSC-profile,wall,work_bound,4.2181000000000002e-05,0
ER_V20000_D8,16,5,CSC-profile,wall,symbolic_capacity,0.00012791500000000001,0
ER_V20000_D8,16,5,CSC-profile,wall,symbolic,0.00108413,0
ER_V20000_D8,16,5,CSC-profile,wall,prefix_numeric_capacity,2.3343999999999999e-05,0
ER_V20000_D8,16,5,CSC-profile,wall,output_allocate,0.0011714869999999999,0
ER_V20000_D8,16,5,CSC-profile,wall,numeric,0.0036221180000000001,0
ER_V20000_D8,16,5,CSC-profile,wall,return_cleanup,9.2200000000000002e-07,0
ER_V20000_D8,16,5,CSC-profile,wall,output_free,7.5099999999999999e-07,0
ER_V20000_D8,16,5,CombBLAS-control,wall,total,0.0077312090000000002,0
ER_V20000_D8,16,5,CombBLAS-control,wall,native_call_and_free,0.0077309190000000002,0
ER_V20000_D8,16,5,DCSC-control,wall,total,0.006021551,0
ER_V20000_D8,16,5,DCSC-control,wall,native_call_and_free,0.0060212599999999996,0
ER_V20000_D8,16,5,CSC-control,wall,total,0.0062102420000000004,0
ER_V20000_D8,16,5,CSC-control,wall,native_call_and_free,0.0062098409999999998,0
ER_V20000_D8,16,5,Tuples-profile,wall,total,0.0069212149999999997,0
ER_V20000_D8,16,5,Tuples-profile,wall,validate,5.1099999999999996e-07,0
ER_V20000_D8,16,5,Tuples-profile,wall,lookup_build,5.2099999999999997e-07,0
ER_V20000_D8,16,5,Tuples-profile,wall,scratch_setup,6.7008000000000006e-05,0
ER_V20000_D8,16,5,Tuples-profile,wall,work_bound,4.7330999999999998e-05,0
ER_V20000_D8,16,5,Tuples-profile,wall,symbolic_capacity,0.00013161299999999999,0
ER_V20000_D8,16,5,Tuples-profile,wall,symbolic,0.0010763439999999999,0
ER_V20000_D8,16,5,Tuples-profile,wall,prefix_numeric_capacity,2.2583999999999999e-05,0
ER_V20000_D8,16,5,Tuples-profile,wall,output_allocate,0.001880727,0
ER_V20000_D8,16,5,Tuples-profile,wall,numeric,0.0036926429999999998,0
ER_V20000_D8,16,5,Tuples-profile,wall,return_cleanup,1.5829999999999999e-06,0
ER_V20000_D8,16,5,Tuples-profile,wall,output_free,2.8999999999999998e-07,0
ER_V20000_D8,16,5,Tuples-control,wall,total,0.0067060929999999998,0
ER_V20000_D8,16,5,Tuples-control,wall,native_call_and_free,0.0067058029999999998,0
ER_V20000_D8,16,5,DCSC-dense-static,wall,total,0.0061290959999999997,0
ER_V20000_D8,16,5,DCSC-dense-static,wall,native_call_and_free,0.0061285749999999998,0
ER_V20000_D8,16,5,DCSC-static,wall,total,0.005940023,0
ER_V20000_D8,16,5,DCSC-static,wall,native_call_and_free,0.0059395130000000004,0
ER_V20000_D8,16,5,DCSC-dense-lookup,wall,total,0.0060097969999999999,0
ER_V20000_D8,16,5,DCSC-dense-lookup,wall,native_call_and_free,0.0060092770000000004,0
ER_V20000_D8,16,5,CombBLAS-conversion,wall,total,0.013780663,0
ER_V20000_D8,16,5,CombBLAS-conversion,wall,native_call,0.0077601249999999997,0
ER_V20000_D8,16,5,CombBLAS-conversion,wall,tuple_to_dcsc,0.0060174319999999996,0
ER_V20000_D8,16,5,CombBLAS-conversion,wall,dcsc_free,2.294e-06,0
ER_V20000_D8,16,5,CombBLAS-conversion,wall,output_free,7.4199999999999995e-07,0
ER_V20000_D8,16,5,CombBLAS-sampled,wall,total,0.0080989740000000001,0
ER_V20000_D8,16,5,CombBLAS-sampled,wall,lookup_build,3.9174999999999997e-05,0
ER_V20000_D8,16,5,CombBLAS-sampled,wall,thread_setup,9.0569999999999999e-06,0
ER_V20000_D8,16,5,CombBLAS-sampled,wall,work_bound,0.00023996099999999999,0
ER_V20000_D8,16,5,CombBLAS-sampled,wall,work_prefix,8.8060000000000001e-06,0
ER_V20000_D8,16,5,CombBLAS-sampled,wall,symbolic,0.0012841129999999999,0
ER_V20000_D8,16,5,CombBLAS-sampled,wall,output_prefix,1.0721e-05,0
ER_V20000_D8,16,5,CombBLAS-sampled,wall,output_allocate,0.0021580890000000002,0
ER_V20000_D8,16,5,CombBLAS-sampled,wall,numeric_scratch_setup,0.00015754199999999999,0
ER_V20000_D8,16,5,CombBLAS-sampled,wall,numeric,0.0041868620000000004,0
ER_V20000_D8,16,5,CombBLAS-sampled,wall,internal_cleanup,1.8929999999999999e-06,0
ER_V20000_D8,16,5,CombBLAS-sampled,wall,return_cleanup,2.244e-06,0
ER_V20000_D8,16,5,CombBLAS-sampled,wall,output_free,4.51e-07,0
ER_V20000_D8,16,5,CombBLAS-sampled,sampled_worker,lookup,0.0019546269999999978,10000
ER_V20000_D8,16,5,CombBLAS-sampled,sampled_worker,alloc_init,0.0015151329999999977,10000
ER_V20000_D8,16,5,CombBLAS-sampled,sampled_worker,lookup_multiply_hash,0.0090569350000000003,10000
ER_V20000_D8,16,5,CombBLAS-sampled,sampled_worker,compact,0.003198191,10000
ER_V20000_D8,16,5,CombBLAS-sampled,sampled_worker,sort,0.014772797000000001,10000
ER_V20000_D8,16,5,CombBLAS-sampled,sampled_worker,write,0.0016097819999999993,10000
ER_V20000_D8,16,5,CombBLAS-sampled,sampled_worker,scratch_free,0.00059476600000000037,10000
ER_V20000_D8,16,5,DCSC-sampled,wall,total,0.0061319920000000002,0
ER_V20000_D8,16,5,DCSC-sampled,wall,validate,4.2100000000000002e-07,0
ER_V20000_D8,16,5,DCSC-sampled,wall,lookup_build,2.2999999999999999e-07,0
ER_V20000_D8,16,5,DCSC-sampled,wall,scratch_setup,4.159e-05,0
ER_V20000_D8,16,5,DCSC-sampled,wall,work_bound,5.2070000000000001e-05,0
ER_V20000_D8,16,5,DCSC-sampled,wall,symbolic_capacity,0.000132745,0
ER_V20000_D8,16,5,DCSC-sampled,wall,symbolic,0.0010837690000000001,0
ER_V20000_D8,16,5,DCSC-sampled,wall,prefix_numeric_capacity,2.8433999999999999e-05,0
ER_V20000_D8,16,5,DCSC-sampled,wall,output_allocate,0.00099952700000000005,0
ER_V20000_D8,16,5,DCSC-sampled,wall,numeric,0.0037907409999999998,0
ER_V20000_D8,16,5,DCSC-sampled,wall,return_cleanup,1.252e-06,0
ER_V20000_D8,16,5,DCSC-sampled,wall,output_free,1.153e-06,0
ER_V20000_D8,16,5,DCSC-sampled,sampled_worker,lookup,0,10000
ER_V20000_D8,16,5,DCSC-sampled,sampled_worker,alloc_init,0.0011075600000000001,10000
ER_V20000_D8,16,5,DCSC-sampled,sampled_worker,lookup_multiply_hash,0.009744845999999998,10000
ER_V20000_D8,16,5,DCSC-sampled,sampled_worker,compact,0.0030706289999999992,10000
ER_V20000_D8,16,5,DCSC-sampled,sampled_worker,sort,0.014761943000000001,10000
ER_V20000_D8,16,5,DCSC-sampled,sampled_worker,write,0.0010858089999999994,10000
ER_V20000_D8,16,5,DCSC-sampled,sampled_worker,scratch_free,0.0006101430000000006,10000
ER_V20000_D8,16,5,CombBLAS-profile,wall,total,0.007776336,0
ER_V20000_D8,16,5,CombBLAS-profile,wall,lookup_build,3.8163e-05,0
ER_V20000_D8,16,5,CombBLAS-profile,wall,thread_setup,4.7389999999999999e-06,0
ER_V20000_D8,16,5,CombBLAS-profile,wall,work_bound,0.00026177200000000001,0
ER_V20000_D8,16,5,CombBLAS-profile,wall,work_prefix,1.3665999999999999e-05,0
ER_V20000_D8,16,5,CombBLAS-profile,wall,symbolic,0.0012565300000000001,0
ER_V20000_D8,16,5,CombBLAS-profile,wall,output_prefix,1.2204e-05,0
ER_V20000_D8,16,5,CombBLAS-profile,wall,output_allocate,0.001942285,0
ER_V20000_D8,16,5,CombBLAS-profile,wall,numeric_scratch_setup,0.00015919600000000001,0
ER_V20000_D8,16,5,CombBLAS-profile,wall,numeric,0.0040818590000000002,0
ER_V20000_D8,16,5,CombBLAS-profile,wall,internal_cleanup,3.286e-06,0
ER_V20000_D8,16,5,CombBLAS-profile,wall,return_cleanup,2.2850000000000001e-06,0
ER_V20000_D8,16,5,CombBLAS-profile,wall,output_free,2.91e-07,0
ER_V20000_D8,16,6,DCSC-sampled,wall,total,0.0061083559999999997,0
ER_V20000_D8,16,6,DCSC-sampled,wall,validate,7.9100000000000003e-07,0
ER_V20000_D8,16,6,DCSC-sampled,wall,lookup_build,4.0000000000000001e-08,0
ER_V20000_D8,16,6,DCSC-sampled,wall,scratch_setup,4.1359999999999997e-05,0
ER_V20000_D8,16,6,DCSC-sampled,wall,work_bound,5.1277999999999999e-05,0
ER_V20000_D8,16,6,DCSC-sampled,wall,symbolic_capacity,0.00013832499999999999,0
ER_V20000_D8,16,6,DCSC-sampled,wall,symbolic,0.001057328,0
ER_V20000_D8,16,6,DCSC-sampled,wall,prefix_numeric_capacity,2.3445e-05,0
ER_V20000_D8,16,6,DCSC-sampled,wall,output_allocate,0.00099580099999999993,0
ER_V20000_D8,16,6,DCSC-sampled,wall,numeric,0.003797894,0
ER_V20000_D8,16,6,DCSC-sampled,wall,return_cleanup,1.333e-06,0
ER_V20000_D8,16,6,DCSC-sampled,wall,output_free,7.0100000000000004e-07,0
ER_V20000_D8,16,6,DCSC-sampled,sampled_worker,lookup,0,10000
ER_V20000_D8,16,6,DCSC-sampled,sampled_worker,alloc_init,0.0011239779999999999,10000
ER_V20000_D8,16,6,DCSC-sampled,sampled_worker,lookup_multiply_hash,0.0097529539999999977,10000
ER_V20000_D8,16,6,DCSC-sampled,sampled_worker,compact,0.0030809329999999979,10000
ER_V20000_D8,16,6,DCSC-sampled,sampled_worker,sort,0.014773715000000001,10000
ER_V20000_D8,16,6,DCSC-sampled,sampled_worker,write,0.0010953449999999997,10000
ER_V20000_D8,16,6,DCSC-sampled,sampled_worker,scratch_free,0.00062099200000000022,10000
ER_V20000_D8,16,6,CombBLAS-sampled,wall,total,0.0078726109999999998,0
ER_V20000_D8,16,6,CombBLAS-sampled,wall,lookup_build,3.9736e-05,0
ER_V20000_D8,16,6,CombBLAS-sampled,wall,thread_setup,5.3809999999999998e-06,0
ER_V20000_D8,16,6,CombBLAS-sampled,wall,work_bound,0.000264577,0
ER_V20000_D8,16,6,CombBLAS-sampled,wall,work_prefix,1.3356000000000001e-05,0
ER_V20000_D8,16,6,CombBLAS-sampled,wall,symbolic,0.0012703269999999999,0
ER_V20000_D8,16,6,CombBLAS-sampled,wall,output_prefix,1.2153e-05,0
ER_V20000_D8,16,6,CombBLAS-sampled,wall,output_allocate,0.001885467,0
ER_V20000_D8,16,6,CombBLAS-sampled,wall,numeric_scratch_setup,0.00016176,0
ER_V20000_D8,16,6,CombBLAS-sampled,wall,numeric,0.0042136220000000002,0
ER_V20000_D8,16,6,CombBLAS-sampled,wall,internal_cleanup,3.106e-06,0
ER_V20000_D8,16,6,CombBLAS-sampled,wall,return_cleanup,2.655e-06,0
ER_V20000_D8,16,6,CombBLAS-sampled,wall,output_free,4.1100000000000001e-07,0
ER_V20000_D8,16,6,CombBLAS-sampled,sampled_worker,lookup,0.0019528169999999978,10000
ER_V20000_D8,16,6,CombBLAS-sampled,sampled_worker,alloc_init,0.0015047229999999982,10000
ER_V20000_D8,16,6,CombBLAS-sampled,sampled_worker,lookup_multiply_hash,0.0090933230000000004,10000
ER_V20000_D8,16,6,CombBLAS-sampled,sampled_worker,compact,0.0032387819999999999,10000
ER_V20000_D8,16,6,CombBLAS-sampled,sampled_worker,sort,0.014739170000000006,10000
ER_V20000_D8,16,6,CombBLAS-sampled,sampled_worker,write,0.0015939599999999989,10000
ER_V20000_D8,16,6,CombBLAS-sampled,sampled_worker,scratch_free,0.00059522900000000029,10000
ER_V20000_D8,16,6,CombBLAS-conversion,wall,total,0.013053688000000001,0
ER_V20000_D8,16,6,CombBLAS-conversion,wall,native_call,0.0070298640000000003,0
ER_V20000_D8,16,6,CombBLAS-conversion,wall,tuple_to_dcsc,0.006020147,0
ER_V20000_D8,16,6,CombBLAS-conversion,wall,dcsc_free,2.666e-06,0
ER_V20000_D8,16,6,CombBLAS-conversion,wall,output_free,9.5099999999999998e-07,0
ER_V20000_D8,16,6,DCSC-dense-lookup,wall,total,0.0062146399999999996,0
ER_V20000_D8,16,6,DCSC-dense-lookup,wall,native_call_and_free,0.0062140299999999997,0
ER_V20000_D8,16,6,DCSC-static,wall,total,0.0060748219999999997,0
ER_V20000_D8,16,6,DCSC-static,wall,native_call_and_free,0.0060743409999999996,0
ER_V20000_D8,16,6,DCSC-dense-static,wall,total,0.0059544819999999997,0
ER_V20000_D8,16,6,DCSC-dense-static,wall,native_call_and_free,0.0059542120000000004,0
ER_V20000_D8,16,6,Tuples-control,wall,total,0.0065120509999999996,0
ER_V20000_D8,16,6,Tuples-control,wall,native_call_and_free,0.0065115700000000004,0
ER_V20000_D8,16,6,Tuples-profile,wall,total,0.0067475419999999996,0
ER_V20000_D8,16,6,Tuples-profile,wall,validate,2.5100000000000001e-07,0
ER_V20000_D8,16,6,Tuples-profile,wall,lookup_build,1.6999999999999999e-07,0
ER_V20000_D8,16,6,Tuples-profile,wall,scratch_setup,6.2691e-05,0
ER_V20000_D8,16,6,Tuples-profile,wall,work_bound,4.2240999999999998e-05,0
ER_V20000_D8,16,6,Tuples-profile,wall,symbolic_capacity,0.00013083100000000001,0
ER_V20000_D8,16,6,Tuples-profile,wall,symbolic,0.0010706730000000001,0
ER_V20000_D8,16,6,Tuples-profile,wall,prefix_numeric_capacity,2.2082999999999998e-05,0
ER_V20000_D8,16,6,Tuples-profile,wall,output_allocate,0.0017291660000000001,0
ER_V20000_D8,16,6,Tuples-profile,wall,numeric,0.0036877640000000001,0
ER_V20000_D8,16,6,Tuples-profile,wall,return_cleanup,1.051e-06,0
ER_V20000_D8,16,6,Tuples-profile,wall,output_free,5.5199999999999997e-07,0
ER_V20000_D8,16,6,CSC-control,wall,total,0.0063411029999999998,0
ER_V20000_D8,16,6,CSC-control,wall,native_call_and_free,0.0063408029999999999,0
ER_V20000_D8,16,6,DCSC-control,wall,total,0.0061983189999999999,0
ER_V20000_D8,16,6,DCSC-control,wall,native_call_and_free,0.0061980489999999997,0
ER_V20000_D8,16,6,CombBLAS-control,wall,total,0.0077294260000000002,0
ER_V20000_D8,16,6,CombBLAS-control,wall,native_call_and_free,0.0077291449999999998,0
ER_V20000_D8,16,6,CSC-profile,wall,total,0.0061655759999999999,0
ER_V20000_D8,16,6,CSC-profile,wall,validate,5.9100000000000004e-07,0
ER_V20000_D8,16,6,CSC-profile,wall,lookup_build,4.0000000000000001e-08,0
ER_V20000_D8,16,6,CSC-profile,wall,scratch_setup,4.2561999999999997e-05,0
ER_V20000_D8,16,6,CSC-profile,wall,work_bound,4.5736999999999999e-05,0
ER_V20000_D8,16,6,CSC-profile,wall,symbolic_capacity,0.000129219,0
ER_V20000_D8,16,6,CSC-profile,wall,symbolic,0.0011108100000000001,0
ER_V20000_D8,16,6,CSC-profile,wall,prefix_numeric_capacity,0.00021715699999999999,0
ER_V20000_D8,16,6,CSC-profile,wall,output_allocate,0.00097194399999999998,0
ER_V20000_D8,16,6,CSC-profile,wall,numeric,0.0036448610000000001,0
ER_V20000_D8,16,6,CSC-profile,wall,return_cleanup,1.694e-06,0
ER_V20000_D8,16,6,CSC-profile,wall,output_free,9.0100000000000003e-07,0
ER_V20000_D8,16,6,DCSC-profile,wall,total,0.0062581540000000001,0
ER_V20000_D8,16,6,DCSC-profile,wall,validate,4.7100000000000002e-07,0
ER_V20000_D8,16,6,DCSC-profile,wall,lookup_build,4.9100000000000004e-07,0
ER_V20000_D8,16,6,DCSC-profile,wall,scratch_setup,7.3120000000000005e-05,0
ER_V20000_D8,16,6,DCSC-profile,wall,work_bound,5.5877000000000001e-05,0
ER_V20000_D8,16,6,DCSC-profile,wall,symbolic_capacity,0.00012966900000000001,0
ER_V20000_D8,16,6,DCSC-profile,wall,symbolic,0.0010921850000000001,0
ER_V20000_D8,16,6,DCSC-profile,wall,prefix_numeric_capacity,2.2744000000000001e-05,0
ER_V20000_D8,16,6,DCSC-profile,wall,output_allocate,0.001231932,0
ER_V20000_D8,16,6,DCSC-profile,wall,numeric,0.0036491700000000002,0
ER_V20000_D8,16,6,DCSC-profile,wall,return_cleanup,1.773e-06,0
ER_V20000_D8,16,6,DCSC-profile,wall,output_free,6.61e-07,0
ER_V20000_D8,16,6,CombBLAS-profile,wall,total,0.0078275540000000005,0
ER_V20000_D8,16,6,CombBLAS-profile,wall,lookup_build,4.1378999999999998e-05,0
ER_V20000_D8,16,6,CombBLAS-profile,wall,thread_setup,6.0020000000000003e-06,0
ER_V20000_D8,16,6,CombBLAS-profile,wall,work_bound,0.00027342399999999998,0
ER_V20000_D8,16,6,CombBLAS-profile,wall,work_prefix,1.3495999999999999e-05,0
ER_V20000_D8,16,6,CombBLAS-profile,wall,symbolic,0.0013564720000000001,0
ER_V20000_D8,16,6,CombBLAS-profile,wall,output_prefix,1.2333e-05,0
ER_V20000_D8,16,6,CombBLAS-profile,wall,output_allocate,0.0018702479999999999,0
ER_V20000_D8,16,6,CombBLAS-profile,wall,numeric_scratch_setup,0.000172561,0
ER_V20000_D8,16,6,CombBLAS-profile,wall,numeric,0.0040764290000000003,0
ER_V20000_D8,16,6,CombBLAS-profile,wall,internal_cleanup,2.3039999999999999e-06,0
ER_V20000_D8,16,6,CombBLAS-profile,wall,return_cleanup,2.3549999999999999e-06,0
ER_V20000_D8,16,6,CombBLAS-profile,wall,output_free,4.9100000000000004e-07,0
ER_V20000_D8,16,7,DCSC-sampled,wall,total,0.0061190369999999999,0
ER_V20000_D8,16,7,DCSC-sampled,wall,validate,4.51e-07,0
ER_V20000_D8,16,7,DCSC-sampled,wall,lookup_build,2.5100000000000001e-07,0
ER_V20000_D8,16,7,DCSC-sampled,wall,scratch_setup,4.2790999999999997e-05,0
ER_V20000_D8,16,7,DCSC-sampled,wall,work_bound,5.2040000000000003e-05,0
ER_V20000_D8,16,7,DCSC-sampled,wall,symbolic_capacity,0.000132805,0
ER_V20000_D8,16,7,DCSC-sampled,wall,symbolic,0.0010609949999999999,0
ER_V20000_D8,16,7,DCSC-sampled,wall,prefix_numeric_capacity,2.4247e-05,0
ER_V20000_D8,16,7,DCSC-sampled,wall,output_allocate,0.001001631,0
ER_V20000_D8,16,7,DCSC-sampled,wall,numeric,0.003801582,0
ER_V20000_D8,16,7,DCSC-sampled,wall,return_cleanup,1.6729999999999999e-06,0
ER_V20000_D8,16,7,DCSC-sampled,wall,output_free,5.1099999999999996e-07,0
ER_V20000_D8,16,7,DCSC-sampled,sampled_worker,lookup,0,10000
ER_V20000_D8,16,7,DCSC-sampled,sampled_worker,alloc_init,0.0011206669999999997,10000
ER_V20000_D8,16,7,DCSC-sampled,sampled_worker,lookup_multiply_hash,0.0098012259999999997,10000
ER_V20000_D8,16,7,DCSC-sampled,sampled_worker,compact,0.0030914259999999982,10000
ER_V20000_D8,16,7,DCSC-sampled,sampled_worker,sort,0.014765899999999998,10000
ER_V20000_D8,16,7,DCSC-sampled,sampled_worker,write,0.0010772859999999996,10000
ER_V20000_D8,16,7,DCSC-sampled,sampled_worker,scratch_free,0.00061104600000000051,10000
ER_V20000_D8,16,7,CombBLAS-profile,wall,total,0.007765124,0
ER_V20000_D8,16,7,CombBLAS-profile,wall,lookup_build,4.0317e-05,0
ER_V20000_D8,16,7,CombBLAS-profile,wall,thread_setup,5.4310000000000002e-06,0
ER_V20000_D8,16,7,CombBLAS-profile,wall,work_bound,0.00026772299999999998,0
ER_V20000_D8,16,7,CombBLAS-profile,wall,work_prefix,1.3074999999999999e-05,0
ER_V20000_D8,16,7,CombBLAS-profile,wall,symbolic,0.0012753459999999999,0
ER_V20000_D8,16,7,CombBLAS-profile,wall,output_prefix,1.526e-05,0
ER_V20000_D8,16,7,CombBLAS-profile,wall,output_allocate,0.001881509,0
ER_V20000_D8,16,7,CombBLAS-profile,wall,numeric_scratch_setup,0.000165778,0
ER_V20000_D8,16,7,CombBLAS-profile,wall,numeric,0.0040952150000000001,0
ER_V20000_D8,16,7,CombBLAS-profile,wall,internal_cleanup,2.8250000000000001e-06,0
ER_V20000_D8,16,7,CombBLAS-profile,wall,return_cleanup,2.024e-06,0
ER_V20000_D8,16,7,CombBLAS-profile,wall,output_free,5.51e-07,0
ER_V20000_D8,16,7,DCSC-profile,wall,total,0.0059241429999999998,0
ER_V20000_D8,16,7,DCSC-profile,wall,validate,4.7199999999999999e-07,0
ER_V20000_D8,16,7,DCSC-profile,wall,lookup_build,2.8000000000000002e-07,0
ER_V20000_D8,16,7,DCSC-profile,wall,scratch_setup,4.2370999999999998e-05,0
ER_V20000_D8,16,7,DCSC-profile,wall,work_bound,5.2571000000000002e-05,0
ER_V20000_D8,16,7,DCSC-profile,wall,symbolic_capacity,0.00013283500000000001,0
ER_V20000_D8,16,7,DCSC-profile,wall,symbolic,0.0010581799999999999,0
ER_V20000_D8,16,7,DCSC-profile,wall,prefix_numeric_capacity,2.7161999999999998e-05,0
ER_V20000_D8,16,7,DCSC-profile,wall,output_allocate,0.00096786599999999995,0
ER_V20000_D8,16,7,DCSC-profile,wall,numeric,0.0036403020000000002,0
ER_V20000_D8,16,7,DCSC-profile,wall,return_cleanup,1.423e-06,0
ER_V20000_D8,16,7,DCSC-profile,wall,output_free,6.1200000000000003e-07,0
ER_V20000_D8,16,7,CSC-profile,wall,total,0.0062396279999999997,0
ER_V20000_D8,16,7,CSC-profile,wall,validate,7.0100000000000004e-07,0
ER_V20000_D8,16,7,CSC-profile,wall,lookup_build,2.9999999999999997e-08,0
ER_V20000_D8,16,7,CSC-profile,wall,scratch_setup,6.8421000000000001e-05,0
ER_V20000_D8,16,7,CSC-profile,wall,work_bound,5.2991999999999997e-05,0
ER_V20000_D8,16,7,CSC-profile,wall,symbolic_capacity,0.000129498,0
ER_V20000_D8,16,7,CSC-profile,wall,symbolic,0.0011408690000000001,0
ER_V20000_D8,16,7,CSC-profile,wall,prefix_numeric_capacity,2.2623e-05,0
ER_V20000_D8,16,7,CSC-profile,wall,output_allocate,0.0011734110000000001,0
ER_V20000_D8,16,7,CSC-profile,wall,numeric,0.0036490289999999998,0
ER_V20000_D8,16,7,CSC-profile,wall,return_cleanup,1.4729999999999999e-06,0
ER_V20000_D8,16,7,CSC-profile,wall,output_free,5.2099999999999997e-07,0
ER_V20000_D8,16,7,CombBLAS-control,wall,total,0.007709858,0
ER_V20000_D8,16,7,CombBLAS-control,wall,native_call_and_free,0.0077091369999999996,0
ER_V20000_D8,16,7,DCSC-control,wall,total,0.0060200369999999998,0
ER_V20000_D8,16,7,DCSC-control,wall,native_call_and_free,0.0060197369999999998,0
ER_V20000_D8,16,7,CSC-control,wall,total,0.0061963950000000004,0
ER_V20000_D8,16,7,CSC-control,wall,native_call_and_free,0.0061961050000000004,0
ER_V20000_D8,16,7,Tuples-profile,wall,total,0.0069353629999999999,0
ER_V20000_D8,16,7,Tuples-profile,wall,validate,4.9100000000000004e-07,0
ER_V20000_D8,16,7,Tuples-profile,wall,lookup_build,2.11e-07,0
ER_V20000_D8,16,7,Tuples-profile,wall,scratch_setup,6.6626999999999998e-05,0
ER_V20000_D8,16,7,Tuples-profile,wall,work_bound,4.6440000000000003e-05,0
ER_V20000_D8,16,7,Tuples-profile,wall,symbolic_capacity,0.00013162199999999999,0
ER_V20000_D8,16,7,Tuples-profile,wall,symbolic,0.001074441,0
ER_V20000_D8,16,7,Tuples-profile,wall,prefix_numeric_capacity,2.9697e-05,0
ER_V20000_D8,16,7,Tuples-profile,wall,output_allocate,0.00189751,0
ER_V20000_D8,16,7,Tuples-profile,wall,numeric,0.003686721,0
ER_V20000_D8,16,7,Tuples-profile,wall,return_cleanup,1.282e-06,0
ER_V20000_D8,16,7,Tuples-profile,wall,output_free,2.6100000000000002e-07,0
ER_V20000_D8,16,7,Tuples-control,wall,total,0.0067667689999999997,0
ER_V20000_D8,16,7,Tuples-control,wall,native_call_and_free,0.0067664789999999997,0
ER_V20000_D8,16,7,DCSC-dense-static,wall,total,0.0061094590000000002,0
ER_V20000_D8,16,7,DCSC-dense-static,wall,native_call_and_free,0.006109008,0
ER_V20000_D8,16,7,DCSC-static,wall,total,0.005976683,0
ER_V20000_D8,16,7,DCSC-static,wall,native_call_and_free,0.0059762230000000001,0
ER_V20000_D8,16,7,DCSC-dense-lookup,wall,total,0.0059911920000000002,0
ER_V20000_D8,16,7,DCSC-dense-lookup,wall,native_call_and_free,0.0059906999999999998,0
ER_V20000_D8,16,7,CombBLAS-conversion,wall,total,0.013786424,0
ER_V20000_D8,16,7,CombBLAS-conversion,wall,native_call,0.0077101690000000002,0
ER_V20000_D8,16,7,CombBLAS-conversion,wall,tuple_to_dcsc,0.0060725079999999999,0
ER_V20000_D8,16,7,CombBLAS-conversion,wall,dcsc_free,2.915e-06,0
ER_V20000_D8,16,7,CombBLAS-conversion,wall,output_free,7.7199999999999998e-07,0
ER_V20000_D8,16,7,CombBLAS-sampled,wall,total,0.0079432259999999994,0
ER_V20000_D8,16,7,CombBLAS-sampled,wall,lookup_build,6.0516000000000001e-05,0
ER_V20000_D8,16,7,CombBLAS-sampled,wall,thread_setup,1.0530000000000001e-05,0
ER_V20000_D8,16,7,CombBLAS-sampled,wall,work_bound,0.00025192299999999998,0
ER_V20000_D8,16,7,CombBLAS-sampled,wall,work_prefix,9.3880000000000006e-06,0
ER_V20000_D8,16,7,CombBLAS-sampled,wall,symbolic,0.0012611390000000001,0
ER_V20000_D8,16,7,CombBLAS-sampled,wall,output_prefix,9.9899999999999992e-06,0
ER_V20000_D8,16,7,CombBLAS-sampled,wall,output_allocate,0.0019792960000000002,0
ER_V20000_D8,16,7,CombBLAS-sampled,wall,numeric_scratch_setup,0.00016143900000000001,0
ER_V20000_D8,16,7,CombBLAS-sampled,wall,numeric,0.0041930630000000003,0
ER_V20000_D8,16,7,CombBLAS-sampled,wall,internal_cleanup,2.8159999999999998e-06,0
ER_V20000_D8,16,7,CombBLAS-sampled,wall,return_cleanup,2.565e-06,0
ER_V20000_D8,16,7,CombBLAS-sampled,wall,output_free,4.9100000000000004e-07,0
ER_V20000_D8,16,7,CombBLAS-sampled,sampled_worker,lookup,0.0019557509999999982,10000
ER_V20000_D8,16,7,CombBLAS-sampled,sampled_worker,alloc_init,0.0015086379999999983,10000
ER_V20000_D8,16,7,CombBLAS-sampled,sampled_worker,lookup_multiply_hash,0.0090841919999999996,10000
ER_V20000_D8,16,7,CombBLAS-sampled,sampled_worker,compact,0.0032100099999999988,10000
ER_V20000_D8,16,7,CombBLAS-sampled,sampled_worker,sort,0.014732862000000003,10000
ER_V20000_D8,16,7,CombBLAS-sampled,sampled_worker,write,0.0015961839999999992,10000
ER_V20000_D8,16,7,CombBLAS-sampled,sampled_worker,scratch_free,0.00059994700000000052,10000
ER_V20000_D8,16,8,CombBLAS-conversion,wall,total,0.013147498000000001,0
ER_V20000_D8,16,8,CombBLAS-conversion,wall,native_call,0.0070346929999999998,0
ER_V20000_D8,16,8,CombBLAS-conversion,wall,tuple_to_dcsc,0.0061093079999999999,0
ER_V20000_D8,16,8,CombBLAS-conversion,wall,dcsc_free,2.5349999999999999e-06,0
ER_V20000_D8,16,8,CombBLAS-conversion,wall,output_free,9.1200000000000001e-07,0
ER_V20000_D8,16,8,DCSC-dense-lookup,wall,total,0.0063833939999999997,0
ER_V20000_D8,16,8,DCSC-dense-lookup,wall,native_call_and_free,0.0063827329999999998,0
ER_V20000_D8,16,8,DCSC-static,wall,total,0.006097496,0
ER_V20000_D8,16,8,DCSC-static,wall,native_call_and_free,0.0060970149999999999,0
ER_V20000_D8,16,8,DCSC-dense-static,wall,total,0.0059361960000000004,0
ER_V20000_D8,16,8,DCSC-dense-static,wall,native_call_and_free,0.0059357259999999997,0
ER_V20000_D8,16,8,Tuples-control,wall,total,0.006525487,0
ER_V20000_D8,16,8,Tuples-control,wall,native_call_and_free,0.0065248049999999998,0
ER_V20000_D8,16,8,Tuples-profile,wall,total,0.0067945030000000003,0
ER_V20000_D8,16,8,Tuples-profile,wall,validate,2.4999999999999999e-07,0
ER_V20000_D8,16,8,Tuples-profile,wall,lookup_build,3.1e-08,0
ER_V20000_D8,16,8,Tuples-profile,wall,scratch_setup,6.4443000000000006e-05,0
ER_V20000_D8,16,8,Tuples-profile,wall,work_bound,4.2091000000000001e-05,0
ER_V20000_D8,16,8,Tuples-profile,wall,symbolic_capacity,0.00013082100000000001,0
ER_V20000_D8,16,8,Tuples-profile,wall,symbolic,0.0010680080000000001,0
ER_V20000_D8,16,8,Tuples-profile,wall,prefix_numeric_capacity,2.6601000000000002e-05,0
ER_V20000_D8,16,8,Tuples-profile,wall,output_allocate,0.0017822490000000001,0
ER_V20000_D8,16,8,Tuples-profile,wall,numeric,0.0036784560000000001,0
ER_V20000_D8,16,8,Tuples-profile,wall,return_cleanup,1.282e-06,0
ER_V20000_D8,16,8,Tuples-profile,wall,output_free,2.1e-07,0
ER_V20000_D8,16,8,CSC-control,wall,total,0.0062403700000000003,0
ER_V20000_D8,16,8,CSC-control,wall,native_call_and_free,0.0062399090000000001,0
ER_V20000_D8,16,8,DCSC-control,wall,total,0.0062327249999999997,0
ER_V20000_D8,16,8,DCSC-control,wall,native_call_and_free,0.0062324440000000002,0
ER_V20000_D8,16,8,CombBLAS-control,wall,total,0.0077638719999999998,0
ER_V20000_D8,16,8,CombBLAS-control,wall,native_call_and_free,0.0077632200000000004,0
ER_V20000_D8,16,8,CSC-profile,wall,total,0.0059503129999999996,0
ER_V20000_D8,16,8,CSC-profile,wall,validate,6.1099999999999995e-07,0
ER_V20000_D8,16,8,CSC-profile,wall,lookup_build,2.9999999999999997e-08,0
ER_V20000_D8,16,8,CSC-profile,wall,scratch_setup,4.3653999999999999e-05,0
ER_V20000_D8,16,8,CSC-profile,wall,work_bound,4.9434999999999997e-05,0
ER_V20000_D8,16,8,CSC-profile,wall,symbolic_capacity,0.000129288,0
ER_V20000_D8,16,8,CSC-profile,wall,symbolic,0.0011050190000000001,0
ER_V20000_D8,16,8,CSC-profile,wall,prefix_numeric_capacity,2.2473e-05,0
ER_V20000_D8,16,8,CSC-profile,wall,output_allocate,0.00096481099999999999,0
ER_V20000_D8,16,8,CSC-profile,wall,numeric,0.0036328179999999999,0
ER_V20000_D8,16,8,CSC-profile,wall,return_cleanup,1.1119999999999999e-06,0
ER_V20000_D8,16,8,CSC-profile,wall,output_free,9.9199999999999999e-07,0
ER_V20000_D8,16,8,DCSC-profile,wall,total,0.0062505989999999999,0
ER_V20000_D8,16,8,DCSC-profile,wall,validate,6.4099999999999998e-07,0
ER_V20000_D8,16,8,DCSC-profile,wall,lookup_build,4.2100000000000002e-07,0
ER_V20000_D8,16,8,DCSC-profile,wall,scratch_setup,6.4694000000000001e-05,0
ER_V20000_D8,16,8,DCSC-profile,wall,work_bound,6.0495999999999998e-05,0
ER_V20000_D8,16,8,DCSC-profile,wall,symbolic_capacity,0.00014933599999999999,0
ER_V20000_D8,16,8,DCSC-profile,wall,symbolic,0.0010977059999999999,0
ER_V20000_D8,16,8,DCSC-profile,wall,prefix_numeric_capacity,2.2212999999999999e-05,0
ER_V20000_D8,16,8,DCSC-profile,wall,output_allocate,0.0012009029999999999,0
ER_V20000_D8,16,8,DCSC-profile,wall,numeric,0.0036521349999999999,0
ER_V20000_D8,16,8,DCSC-profile,wall,return_cleanup,1.0219999999999999e-06,0
ER_V20000_D8,16,8,DCSC-profile,wall,output_free,9.6200000000000006e-07,0
ER_V20000_D8,16,8,CombBLAS-profile,wall,total,0.0078494059999999997,0
ER_V20000_D8,16,8,CombBLAS-profile,wall,lookup_build,4.0227e-05,0
ER_V20000_D8,16,8,CombBLAS-profile,wall,thread_setup,5.1599999999999997e-06,0
ER_V20000_D8,16,8,CombBLAS-profile,wall,work_bound,0.000273064,0
ER_V20000_D8,16,8,CombBLAS-profile,wall,work_prefix,1.3736e-05,0
ER_V20000_D8,16,8,CombBLAS-profile,wall,symbolic,0.0013541569999999999,0
ER_V20000_D8,16,8,CombBLAS-profile,wall,output_prefix,1.1602e-05,0
ER_V20000_D8,16,8,CombBLAS-profile,wall,output_allocate,0.0019071890000000001,0
ER_V20000_D8,16,8,CombBLAS-profile,wall,numeric_scratch_setup,0.00016128900000000001,0
ER_V20000_D8,16,8,CombBLAS-profile,wall,numeric,0.0040771410000000003,0
ER_V20000_D8,16,8,CombBLAS-profile,wall,internal_cleanup,2.915e-06,0
ER_V20000_D8,16,8,CombBLAS-profile,wall,return_cleanup,2.0439999999999998e-06,0
ER_V20000_D8,16,8,CombBLAS-profile,wall,output_free,8.3200000000000004e-07,0
ER_V20000_D8,16,8,DCSC-sampled,wall,total,0.0061043080000000001,0
ER_V20000_D8,16,8,DCSC-sampled,wall,validate,4.4099999999999999e-07,0
ER_V20000_D8,16,8,DCSC-sampled,wall,lookup_build,2.3099999999999999e-07,0
ER_V20000_D8,16,8,DCSC-sampled,wall,scratch_setup,4.2590999999999999e-05,0
ER_V20000_D8,16,8,DCSC-sampled,wall,work_bound,5.1779e-05,0
ER_V20000_D8,16,8,DCSC-sampled,wall,symbolic_capacity,0.000133387,0
ER_V20000_D8,16,8,DCSC-sampled,wall,symbolic,0.0010629579999999999,0
ER_V20000_D8,16,8,DCSC-sampled,wall,prefix_numeric_capacity,2.3164999999999999e-05,0
ER_V20000_D8,16,8,DCSC-sampled,wall,output_allocate,0.00098583099999999995,0
ER_V20000_D8,16,8,DCSC-sampled,wall,numeric,0.0038012710000000002,0
ER_V20000_D8,16,8,DCSC-sampled,wall,return_cleanup,1.933e-06,0
ER_V20000_D8,16,8,DCSC-sampled,wall,output_free,6.1200000000000003e-07,0
ER_V20000_D8,16,8,DCSC-sampled,sampled_worker,lookup,0,10000
ER_V20000_D8,16,8,DCSC-sampled,sampled_worker,alloc_init,0.0011100549999999998,10000
ER_V20000_D8,16,8,DCSC-sampled,sampled_worker,lookup_multiply_hash,0.0097928600000000022,10000
ER_V20000_D8,16,8,DCSC-sampled,sampled_worker,compact,0.0030814669999999988,10000
ER_V20000_D8,16,8,DCSC-sampled,sampled_worker,sort,0.014774334,10000
ER_V20000_D8,16,8,DCSC-sampled,sampled_worker,write,0.0010859699999999997,10000
ER_V20000_D8,16,8,DCSC-sampled,sampled_worker,scratch_free,0.00062044200000000035,10000
ER_V20000_D8,16,8,CombBLAS-sampled,wall,total,0.0078764279999999996,0
ER_V20000_D8,16,8,CombBLAS-sampled,wall,lookup_build,5.9132999999999998e-05,0
ER_V20000_D8,16,8,CombBLAS-sampled,wall,thread_setup,6.3729999999999998e-06,0
ER_V20000_D8,16,8,CombBLAS-sampled,wall,work_bound,0.00029229000000000001,0
ER_V20000_D8,16,8,CombBLAS-sampled,wall,work_prefix,1.6260999999999999e-05,0
ER_V20000_D8,16,8,CombBLAS-sampled,wall,symbolic,0.0012784230000000001,0
ER_V20000_D8,16,8,CombBLAS-sampled,wall,output_prefix,1.2092999999999999e-05,0
ER_V20000_D8,16,8,CombBLAS-sampled,wall,output_allocate,0.0018272749999999999,0
ER_V20000_D8,16,8,CombBLAS-sampled,wall,numeric_scratch_setup,0.00015946600000000001,0
ER_V20000_D8,16,8,CombBLAS-sampled,wall,numeric,0.0042186009999999998,0
ER_V20000_D8,16,8,CombBLAS-sampled,wall,internal_cleanup,3.3569999999999998e-06,0
ER_V20000_D8,16,8,CombBLAS-sampled,wall,return_cleanup,2.605e-06,0
ER_V20000_D8,16,8,CombBLAS-sampled,wall,output_free,4.9100000000000004e-07,0
ER_V20000_D8,16,8,CombBLAS-sampled,sampled_worker,lookup,0.0019580419999999988,10000
ER_V20000_D8,16,8,CombBLAS-sampled,sampled_worker,alloc_init,0.0015129639999999975,10000
ER_V20000_D8,16,8,CombBLAS-sampled,sampled_worker,lookup_multiply_hash,0.009108034999999997,10000
ER_V20000_D8,16,8,CombBLAS-sampled,sampled_worker,compact,0.0031985749999999982,10000
ER_V20000_D8,16,8,CombBLAS-sampled,sampled_worker,sort,0.014715061,10000
ER_V20000_D8,16,8,CombBLAS-sampled,sampled_worker,write,0.0015857139999999991,10000
ER_V20000_D8,16,8,CombBLAS-sampled,sampled_worker,scratch_free,0.00059136700000000052,10000
ER_V20000_D8,16,9,CombBLAS-conversion,wall,total,0.013144934,0
ER_V20000_D8,16,9,CombBLAS-conversion,wall,native_call,0.0070863030000000004,0
ER_V20000_D8,16,9,CombBLAS-conversion,wall,tuple_to_dcsc,0.0060555349999999999,0
ER_V20000_D8,16,9,CombBLAS-conversion,wall,dcsc_free,2.154e-06,0
ER_V20000_D8,16,9,CombBLAS-conversion,wall,output_free,8.6199999999999996e-07,0
ER_V20000_D8,16,9,CombBLAS-sampled,wall,total,0.0081025209999999997,0
ER_V20000_D8,16,9,CombBLAS-sampled,wall,lookup_build,3.5858000000000001e-05,0
ER_V20000_D8,16,9,CombBLAS-sampled,wall,thread_setup,8.7669999999999992e-06,0
ER_V20000_D8,16,9,CombBLAS-sampled,wall,work_bound,0.00023260699999999999,0
ER_V20000_D8,16,9,CombBLAS-sampled,wall,work_prefix,9.2869999999999993e-06,0
ER_V20000_D8,16,9,CombBLAS-sampled,wall,symbolic,0.001457175,0
ER_V20000_D8,16,9,CombBLAS-sampled,wall,output_prefix,9.679e-06,0
ER_V20000_D8,16,9,CombBLAS-sampled,wall,output_allocate,0.0019899169999999999,0
ER_V20000_D8,16,9,CombBLAS-sampled,wall,numeric_scratch_setup,0.00016202100000000001,0
ER_V20000_D8,16,9,CombBLAS-sampled,wall,numeric,0.0041921809999999997,0
ER_V20000_D8,16,9,CombBLAS-sampled,wall,internal_cleanup,2.0839999999999999e-06,0
ER_V20000_D8,16,9,CombBLAS-sampled,wall,return_cleanup,2.1940000000000001e-06,0
ER_V20000_D8,16,9,CombBLAS-sampled,wall,output_free,6.8100000000000002e-07,0
ER_V20000_D8,16,9,CombBLAS-sampled,sampled_worker,lookup,0.0019550309999999986,10000
ER_V20000_D8,16,9,CombBLAS-sampled,sampled_worker,alloc_init,0.0015032619999999976,10000
ER_V20000_D8,16,9,CombBLAS-sampled,sampled_worker,lookup_multiply_hash,0.0090617189999999976,10000
ER_V20000_D8,16,9,CombBLAS-sampled,sampled_worker,compact,0.0032067119999999991,10000
ER_V20000_D8,16,9,CombBLAS-sampled,sampled_worker,sort,0.014704272999999999,10000
ER_V20000_D8,16,9,CombBLAS-sampled,sampled_worker,write,0.0016156950000000001,10000
ER_V20000_D8,16,9,CombBLAS-sampled,sampled_worker,scratch_free,0.00059686900000000052,10000
ER_V20000_D8,16,9,DCSC-sampled,wall,total,0.0061208299999999998,0
ER_V20000_D8,16,9,DCSC-sampled,wall,validate,6.61e-07,0
ER_V20000_D8,16,9,DCSC-sampled,wall,lookup_build,2.7099999999999998e-07,0
ER_V20000_D8,16,9,DCSC-sampled,wall,scratch_setup,4.3513000000000002e-05,0
ER_V20000_D8,16,9,DCSC-sampled,wall,work_bound,5.0356999999999999e-05,0
ER_V20000_D8,16,9,DCSC-sampled,wall,symbolic_capacity,0.00013403699999999999,0
ER_V20000_D8,16,9,DCSC-sampled,wall,symbolic,0.00107408,0
ER_V20000_D8,16,9,DCSC-sampled,wall,prefix_numeric_capacity,2.3184e-05,0
ER_V20000_D8,16,9,DCSC-sampled,wall,output_allocate,0.00099483899999999997,0
ER_V20000_D8,16,9,DCSC-sampled,wall,numeric,0.0037981849999999999,0
ER_V20000_D8,16,9,DCSC-sampled,wall,return_cleanup,9.5199999999999995e-07,0
ER_V20000_D8,16,9,DCSC-sampled,wall,output_free,6.9100000000000003e-07,0
ER_V20000_D8,16,9,DCSC-sampled,sampled_worker,lookup,0,10000
ER_V20000_D8,16,9,DCSC-sampled,sampled_worker,alloc_init,0.0010972070000000002,10000
ER_V20000_D8,16,9,DCSC-sampled,sampled_worker,lookup_multiply_hash,0.0098126269999999991,10000
ER_V20000_D8,16,9,DCSC-sampled,sampled_worker,compact,0.0030718379999999999,10000
ER_V20000_D8,16,9,DCSC-sampled,sampled_worker,sort,0.014774133000000002,10000
ER_V20000_D8,16,9,DCSC-sampled,sampled_worker,write,0.0010825349999999993,10000
ER_V20000_D8,16,9,DCSC-sampled,sampled_worker,scratch_free,0.00061049000000000053,10000
ER_V20000_D8,16,9,CombBLAS-profile,wall,total,0.0077379229999999998,0
ER_V20000_D8,16,9,CombBLAS-profile,wall,lookup_build,4.0015999999999998e-05,0
ER_V20000_D8,16,9,CombBLAS-profile,wall,thread_setup,5.3000000000000001e-06,0
ER_V20000_D8,16,9,CombBLAS-profile,wall,work_bound,0.00026418699999999998,0
ER_V20000_D8,16,9,CombBLAS-profile,wall,work_prefix,1.2985e-05,0
ER_V20000_D8,16,9,CombBLAS-profile,wall,symbolic,0.0012675309999999999,0
ER_V20000_D8,16,9,CombBLAS-profile,wall,output_prefix,1.1953000000000001e-05,0
ER_V20000_D8,16,9,CombBLAS-profile,wall,output_allocate,0.0018770410000000001,0
ER_V20000_D8,16,9,CombBLAS-profile,wall,numeric_scratch_setup,0.00016617800000000001,0
ER_V20000_D8,16,9,CombBLAS-profile,wall,numeric,0.0040882820000000004,0
ER_V20000_D8,16,9,CombBLAS-profile,wall,internal_cleanup,2.2350000000000002e-06,0
ER_V20000_D8,16,9,CombBLAS-profile,wall,return_cleanup,1.8729999999999999e-06,0
ER_V20000_D8,16,9,CombBLAS-profile,wall,output_free,2.8099999999999999e-07,0
ER_V20000_D8,16,9,DCSC-profile,wall,total,0.0059707919999999999,0
ER_V20000_D8,16,9,DCSC-profile,wall,validate,4.6100000000000001e-07,0
ER_V20000_D8,16,9,DCSC-profile,wall,lookup_build,2.7000000000000001e-07,0
ER_V20000_D8,16,9,DCSC-profile,wall,scratch_setup,4.2602000000000003e-05,0
ER_V20000_D8,16,9,DCSC-profile,wall,work_bound,5.0155999999999999e-05,0
ER_V20000_D8,16,9,DCSC-profile,wall,symbolic_capacity,0.00013228400000000001,0
ER_V20000_D8,16,9,DCSC-profile,wall,symbolic,0.0010732789999999999,0
ER_V20000_D8,16,9,DCSC-profile,wall,prefix_numeric_capacity,2.3314000000000001e-05,0
ER_V20000_D8,16,9,DCSC-profile,wall,output_allocate,0.00099431799999999989,0
ER_V20000_D8,16,9,DCSC-profile,wall,numeric,0.0036515530000000001,0
ER_V20000_D8,16,9,DCSC-profile,wall,return_cleanup,1.7239999999999999e-06,0
ER_V20000_D8,16,9,DCSC-profile,wall,output_free,7.7100000000000001e-07,0
ER_V20000_D8,16,9,CSC-profile,wall,total,0.006262742,0
ER_V20000_D8,16,9,CSC-profile,wall,validate,7.1099999999999995e-07,0
ER_V20000_D8,16,9,CSC-profile,wall,lookup_build,4.0000000000000001e-08,0
ER_V20000_D8,16,9,CSC-profile,wall,scratch_setup,7.0986000000000001e-05,0
ER_V20000_D8,16,9,CSC-profile,wall,work_bound,5.5016000000000003e-05,0
ER_V20000_D8,16,9,CSC-profile,wall,symbolic_capacity,0.000128486,0
ER_V20000_D8,16,9,CSC-profile,wall,symbolic,0.0011515290000000001,0
ER_V20000_D8,16,9,CSC-profile,wall,prefix_numeric_capacity,2.2523000000000001e-05,0
ER_V20000_D8,16,9,CSC-profile,wall,output_allocate,0.001177399,0
ER_V20000_D8,16,9,CSC-profile,wall,numeric,0.0036545900000000001,0
ER_V20000_D8,16,9,CSC-profile,wall,return_cleanup,6.5099999999999999e-07,0
ER_V20000_D8,16,9,CSC-profile,wall,output_free,7.4099999999999998e-07,0
ER_V20000_D8,16,9,CombBLAS-control,wall,total,0.0077218909999999998,0
ER_V20000_D8,16,9,CombBLAS-control,wall,native_call_and_free,0.0077215900000000004,0
ER_V20000_D8,16,9,DCSC-control,wall,total,0.006044163,0
ER_V20000_D8,16,9,DCSC-control,wall,native_call_and_free,0.0060438330000000002,0
ER_V20000_D8,16,9,CSC-control,wall,total,0.0062069259999999998,0
ER_V20000_D8,16,9,CSC-control,wall,native_call_and_free,0.0062066250000000003,0
ER_V20000_D8,16,9,Tuples-profile,wall,total,0.0068769599999999997,0
ER_V20000_D8,16,9,Tuples-profile,wall,validate,6.7100000000000001e-07,0
ER_V20000_D8,16,9,Tuples-profile,wall,lookup_build,4.8100000000000003e-07,0
ER_V20000_D8,16,9,Tuples-profile,wall,scratch_setup,6.4803999999999998e-05,0
ER_V20000_D8,16,9,Tuples-profile,wall,work_bound,4.6539999999999998e-05,0
ER_V20000_D8,16,9,Tuples-profile,wall,symbolic_capacity,0.00013209300000000001,0
ER_V20000_D8,16,9,Tuples-profile,wall,symbolic,0.0010875259999999999,0
ER_V20000_D8,16,9,Tuples-profile,wall,prefix_numeric_capacity,2.4397e-05,0
ER_V20000_D8,16,9,Tuples-profile,wall,output_allocate,0.0018220549999999999,0
ER_V20000_D8,16,9,Tuples-profile,wall,numeric,0.0036964400000000001,0
ER_V20000_D8,16,9,Tuples-profile,wall,return_cleanup,1.643e-06,0
ER_V20000_D8,16,9,Tuples-profile,wall,output_free,2.6e-07,0
ER_V20000_D8,16,9,Tuples-control,wall,total,0.0067362209999999997,0
ER_V20000_D8,16,9,Tuples-control,wall,native_call_and_free,0.0067356200000000003,0
ER_V20000_D8,16,9,DCSC-dense-static,wall,total,0.0061044690000000004,0
ER_V20000_D8,16,9,DCSC-dense-static,wall,native_call_and_free,0.0061041689999999996,0
ER_V20000_D8,16,9,DCSC-static,wall,total,0.0059552229999999999,0
ER_V20000_D8,16,9,DCSC-static,wall,native_call_and_free,0.005954722,0
ER_V20000_D8,16,9,DCSC-dense-lookup,wall,total,0.005998466,0
ER_V20000_D8,16,9,DCSC-dense-lookup,wall,native_call_and_free,0.0059980950000000002,0
ER_V20000_D8,16,10,DCSC-static,wall,total,0.0060766759999999996,0
ER_V20000_D8,16,10,DCSC-static,wall,native_call_and_free,0.0060761449999999998,0
ER_V20000_D8,16,10,DCSC-dense-static,wall,total,0.0059689189999999996,0
ER_V20000_D8,16,10,DCSC-dense-static,wall,native_call_and_free,0.0059686280000000001,0
ER_V20000_D8,16,10,Tuples-control,wall,total,0.0065580090000000001,0
ER_V20000_D8,16,10,Tuples-control,wall,native_call_and_free,0.0065576979999999998,0
ER_V20000_D8,16,10,Tuples-profile,wall,total,0.0067777699999999998,0
ER_V20000_D8,16,10,Tuples-profile,wall,validate,6.61e-07,0
ER_V20000_D8,16,10,Tuples-profile,wall,lookup_build,2.5100000000000001e-07,0
ER_V20000_D8,16,10,Tuples-profile,wall,scratch_setup,7.2038000000000004e-05,0
ER_V20000_D8,16,10,Tuples-profile,wall,work_bound,4.2531000000000003e-05,0
ER_V20000_D8,16,10,Tuples-profile,wall,symbolic_capacity,0.00013675300000000001,0
ER_V20000_D8,16,10,Tuples-profile,wall,symbolic,0.0010624779999999999,0
ER_V20000_D8,16,10,Tuples-profile,wall,prefix_numeric_capacity,2.2011999999999999e-05,0
ER_V20000_D8,16,10,Tuples-profile,wall,output_allocate,0.00177787,0
ER_V20000_D8,16,10,Tuples-profile,wall,numeric,0.0036615129999999999,0
ER_V20000_D8,16,10,Tuples-profile,wall,return_cleanup,1.3430000000000001e-06,0
ER_V20000_D8,16,10,Tuples-profile,wall,output_free,2.4999999999999999e-07,0
ER_V20000_D8,16,10,CSC-control,wall,total,0.0061801039999999996,0
ER_V20000_D8,16,10,CSC-control,wall,native_call_and_free,0.0061798240000000004,0
ER_V20000_D8,16,10,DCSC-control,wall,total,0.0062566210000000004,0
ER_V20000_D8,16,10,DCSC-control,wall,native_call_and_free,0.0062563300000000001,0
ER_V20000_D8,16,10,CombBLAS-control,wall,total,0.007755797,0
ER_V20000_D8,16,10,CombBLAS-control,wall,native_call_and_free,0.0077552949999999997,0
ER_V20000_D8,16,10,CSC-profile,wall,total,0.0059690799999999999,0
ER_V20000_D8,16,10,CSC-profile,wall,validate,6.61e-07,0
ER_V20000_D8,16,10,CSC-profile,wall,lookup_build,4.1000000000000003e-08,0
ER_V20000_D8,16,10,CSC-profile,wall,scratch_setup,4.3463e-05,0
ER_V20000_D8,16,10,CSC-profile,wall,work_bound,4.5908000000000002e-05,0
ER_V20000_D8,16,10,CSC-profile,wall,symbolic_capacity,0.000129589,0
ER_V20000_D8,16,10,CSC-profile,wall,symbolic,0.0011083759999999999,0
ER_V20000_D8,16,10,CSC-profile,wall,prefix_numeric_capacity,2.2592999999999999e-05,0
ER_V20000_D8,16,10,CSC-profile,wall,output_allocate,0.00097418799999999996,0
ER_V20000_D8,16,10,CSC-profile,wall,numeric,0.0036418259999999999,0
ER_V20000_D8,16,10,CSC-profile,wall,return_cleanup,1.593e-06,0
ER_V20000_D8,16,10,CSC-profile,wall,output_free,7.92e-07,0
ER_V20000_D8,16,10,DCSC-profile,wall,total,0.0062834420000000002,0
ER_V20000_D8,16,10,DCSC-profile,wall,validate,6.7100000000000001e-07,0
ER_V20000_D8,16,10,DCSC-profile,wall,lookup_build,2.91e-07,0
ER_V20000_D8,16,10,DCSC-profile,wall,scratch_setup,6.9863999999999994e-05,0
ER_V20000_D8,16,10,DCSC-profile,wall,work_bound,5.5917e-05,0
ER_V20000_D8,16,10,DCSC-profile,wall,symbolic_capacity,0.00013284500000000001,0
ER_V20000_D8,16,10,DCSC-profile,wall,symbolic,0.0011070030000000001,0
ER_V20000_D8,16,10,DCSC-profile,wall,prefix_numeric_capacity,2.8084000000000001e-05,0
ER_V20000_D8,16,10,DCSC-profile,wall,output_allocate,0.001223757,0
ER_V20000_D8,16,10,DCSC-profile,wall,numeric,0.0036621050000000001,0
ER_V20000_D8,16,10,DCSC-profile,wall,return_cleanup,1.753e-06,0
ER_V20000_D8,16,10,DCSC-profile,wall,output_free,1.0920000000000001e-06,0
ER_V20000_D8,16,10,CombBLAS-profile,wall,total,0.0078196900000000007,0
ER_V20000_D8,16,10,CombBLAS-profile,wall,lookup_build,4.1659000000000002e-05,0
ER_V20000_D8,16,10,CombBLAS-profile,wall,thread_setup,5.7209999999999999e-06,0
ER_V20000_D8,16,10,CombBLAS-profile,wall,work_bound,0.00027435699999999998,0
ER_V20000_D8,16,10,CombBLAS-profile,wall,work_prefix,1.3305000000000001e-05,0
ER_V20000_D8,16,10,CombBLAS-profile,wall,symbolic,0.0013516629999999999,0
ER_V20000_D8,16,10,CombBLAS-profile,wall,output_prefix,1.2363e-05,0
ER_V20000_D8,16,10,CombBLAS-profile,wall,output_allocate,0.0018836930000000001,0
ER_V20000_D8,16,10,CombBLAS-profile,wall,numeric_scratch_setup,0.00016700100000000001,0
ER_V20000_D8,16,10,CombBLAS-profile,wall,numeric,0.0040632940000000003,0
ER_V20000_D8,16,10,CombBLAS-profile,wall,internal_cleanup,3.326e-06,0
ER_V20000_D8,16,10,CombBLAS-profile,wall,return_cleanup,2.475e-06,0
ER_V20000_D8,16,10,CombBLAS-profile,wall,output_free,7.6199999999999997e-07,0
ER_V20000_D8,16,10,DCSC-sampled,wall,total,0.006125119,0
ER_V20000_D8,16,10,DCSC-sampled,wall,validate,6.6199999999999997e-07,0
ER_V20000_D8,16,10,DCSC-sampled,wall,lookup_build,8.0000000000000002e-08,0
ER_V20000_D8,16,10,DCSC-sampled,wall,scratch_setup,4.3593000000000001e-05,0
ER_V20000_D8,16,10,DCSC-sampled,wall,work_bound,5.3742999999999997e-05,0
ER_V20000_D8,16,10,DCSC-sampled,wall,symbolic_capacity,0.00013311599999999999,0
ER_V20000_D8,16,10,DCSC-sampled,wall,symbolic,0.0010551829999999999,0
ER_V20000_D8,16,10,DCSC-sampled,wall,prefix_numeric_capacity,2.2915e-05,0
ER_V20000_D8,16,10,DCSC-sampled,wall,output_allocate,0.000997162,0
ER_V20000_D8,16,10,DCSC-sampled,wall,numeric,0.003815489,0
ER_V20000_D8,16,10,DCSC-sampled,wall,return_cleanup,2.3539999999999998e-06,0
ER_V20000_D8,16,10,DCSC-sampled,wall,output_free,7.5199999999999996e-07,0
ER_V20000_D8,16,10,DCSC-sampled,sampled_worker,lookup,0,10000
ER_V20000_D8,16,10,DCSC-sampled,sampled_worker,alloc_init,0.0011128659999999995,10000
ER_V20000_D8,16,10,DCSC-sampled,sampled_worker,lookup_multiply_hash,0.0097927090000000001,10000
ER_V20000_D8,16,10,DCSC-sampled,sampled_worker,compact,0.0030880649999999988,10000
ER_V20000_D8,16,10,DCSC-sampled,sampled_worker,sort,0.014869878999999997,10000
ER_V20000_D8,16,10,DCSC-sampled,sampled_worker,write,0.0011020539999999994,10000
ER_V20000_D8,16,10,DCSC-sampled,sampled_worker,scratch_free,0.00062559000000000041,10000
ER_V20000_D8,16,10,CombBLAS-sampled,wall,total,0.0078310299999999992,0
ER_V20000_D8,16,10,CombBLAS-sampled,wall,lookup_build,3.8683999999999998e-05,0
ER_V20000_D8,16,10,CombBLAS-sampled,wall,thread_setup,6.0610000000000001e-06,0
ER_V20000_D8,16,10,CombBLAS-sampled,wall,work_bound,0.00026362599999999999,0
ER_V20000_D8,16,10,CombBLAS-sampled,wall,work_prefix,1.3225e-05,0
ER_V20000_D8,16,10,CombBLAS-sampled,wall,symbolic,0.001272912,0
ER_V20000_D8,16,10,CombBLAS-sampled,wall,output_prefix,1.2574e-05,0
ER_V20000_D8,16,10,CombBLAS-sampled,wall,output_allocate,0.0018158829999999999,0
ER_V20000_D8,16,10,CombBLAS-sampled,wall,numeric_scratch_setup,0.00016388500000000001,0
ER_V20000_D8,16,10,CombBLAS-sampled,wall,numeric,0.0042386699999999999,0
ER_V20000_D8,16,10,CombBLAS-sampled,wall,internal_cleanup,2.7250000000000002e-06,0
ER_V20000_D8,16,10,CombBLAS-sampled,wall,return_cleanup,2.2740000000000002e-06,0
ER_V20000_D8,16,10,CombBLAS-sampled,wall,output_free,4.5200000000000002e-07,0
ER_V20000_D8,16,10,CombBLAS-sampled,sampled_worker,lookup,0.0019683119999999981,10000
ER_V20000_D8,16,10,CombBLAS-sampled,sampled_worker,alloc_init,0.0015054599999999982,10000
ER_V20000_D8,16,10,CombBLAS-sampled,sampled_worker,lookup_multiply_hash,0.0091384079999999972,10000
ER_V20000_D8,16,10,CombBLAS-sampled,sampled_worker,compact,0.0032051810000000001,10000
ER_V20000_D8,16,10,CombBLAS-sampled,sampled_worker,sort,0.014719203999999996,10000
ER_V20000_D8,16,10,CombBLAS-sampled,sampled_worker,write,0.0016482879999999991,10000
ER_V20000_D8,16,10,CombBLAS-sampled,sampled_worker,scratch_free,0.00059789300000000038,10000
ER_V20000_D8,16,10,CombBLAS-conversion,wall,total,0.01311174,0
ER_V20000_D8,16,10,CombBLAS-conversion,wall,native_call,0.0070464259999999997,0
ER_V20000_D8,16,10,CombBLAS-conversion,wall,tuple_to_dcsc,0.0060618470000000004,0
ER_V20000_D8,16,10,CombBLAS-conversion,wall,dcsc_free,2.655e-06,0
ER_V20000_D8,16,10,CombBLAS-conversion,wall,output_free,7.5199999999999996e-07,0
ER_V20000_D8,16,10,DCSC-dense-lookup,wall,total,0.0063851669999999998,0
ER_V20000_D8,16,10,DCSC-dense-lookup,wall,native_call_and_free,0.0063847560000000001,0
ER_V20000_D8,16,11,DCSC-static,wall,total,0.0060591519999999999,0
ER_V20000_D8,16,11,DCSC-static,wall,native_call_and_free,0.0060586110000000002,0
ER_V20000_D8,16,11,DCSC-dense-lookup,wall,total,0.0059849400000000002,0
ER_V20000_D8,16,11,DCSC-dense-lookup,wall,native_call_and_free,0.0059846689999999998,0
ER_V20000_D8,16,11,CombBLAS-conversion,wall,total,0.013637839000000001,0
ER_V20000_D8,16,11,CombBLAS-conversion,wall,native_call,0.00759606,0
ER_V20000_D8,16,11,CombBLAS-conversion,wall,tuple_to_dcsc,0.0060385020000000003,0
ER_V20000_D8,16,11,CombBLAS-conversion,wall,dcsc_free,2.565e-06,0
ER_V20000_D8,16,11,CombBLAS-conversion,wall,output_free,6.5199999999999996e-07,0
ER_V20000_D8,16,11,CombBLAS-sampled,wall,total,0.0078372219999999996,0
ER_V20000_D8,16,11,CombBLAS-sampled,wall,lookup_build,6.0245999999999999e-05,0
ER_V20000_D8,16,11,CombBLAS-sampled,wall,thread_setup,1.083e-05,0
ER_V20000_D8,16,11,CombBLAS-sampled,wall,work_bound,0.00023983000000000001,0
ER_V20000_D8,16,11,CombBLAS-sampled,wall,work_prefix,9.2080000000000006e-06,0
ER_V20000_D8,16,11,CombBLAS-sampled,wall,symbolic,0.001275396,0
ER_V20000_D8,16,11,CombBLAS-sampled,wall,output_prefix,9.7089999999999997e-06,0
ER_V20000_D8,16,11,CombBLAS-sampled,wall,output_allocate,0.0018814089999999999,0
ER_V20000_D8,16,11,CombBLAS-sampled,wall,numeric_scratch_setup,0.000158684,0
ER_V20000_D8,16,11,CombBLAS-sampled,wall,numeric,0.0041878729999999999,0
ER_V20000_D8,16,11,CombBLAS-sampled,wall,internal_cleanup,1.2920000000000001e-06,0
ER_V20000_D8,16,11,CombBLAS-sampled,wall,return_cleanup,2.2139999999999999e-06,0
ER_V20000_D8,16,11,CombBLAS-sampled,wall,output_free,4.7199999999999999e-07,0
ER_V20000_D8,16,11,CombBLAS-sampled,sampled_worker,lookup,0.0019638709999999981,10000
ER_V20000_D8,16,11,CombBLAS-sampled,sampled_worker,alloc_init,0.001502188999999998,10000
ER_V20000_D8,16,11,CombBLAS-sampled,sampled_worker,lookup_multiply_hash,0.0090581009999999972,10000
ER_V20000_D8,16,11,CombBLAS-sampled,sampled_worker,compact,0.0032080049999999995,10000
ER_V20000_D8,16,11,CombBLAS-sampled,sampled_worker,sort,0.014688970000000003,10000
ER_V20000_D8,16,11,CombBLAS-sampled,sampled_worker,write,0.0015913529999999989,10000
ER_V20000_D8,16,11,CombBLAS-sampled,sampled_worker,scratch_free,0.00059722200000000044,10000
ER_V20000_D8,16,11,DCSC-sampled,wall,total,0.0061027750000000004,0
ER_V20000_D8,16,11,DCSC-sampled,wall,validate,4.3099999999999998e-07,0
ER_V20000_D8,16,11,DCSC-sampled,wall,lookup_build,2.4999999999999999e-07,0
ER_V20000_D8,16,11,DCSC-sampled,wall,scratch_setup,4.0917999999999997e-05,0
ER_V20000_D8,16,11,DCSC-sampled,wall,work_bound,4.9586000000000003e-05,0
ER_V20000_D8,16,11,DCSC-sampled,wall,symbolic_capacity,0.00013331500000000001,0
ER_V20000_D8,16,11,DCSC-sampled,wall,symbolic,0.0010694319999999999,0
ER_V20000_D8,16,11,DCSC-sampled,wall,prefix_numeric_capacity,2.3475000000000001e-05,0
ER_V20000_D8,16,11,DCSC-sampled,wall,output_allocate,0.00099405700000000001,0
ER_V20000_D8,16,11,DCSC-sampled,wall,numeric,0.0037883959999999999,0
ER_V20000_D8,16,11,DCSC-sampled,wall,return_cleanup,1.7630000000000001e-06,0
ER_V20000_D8,16,11,DCSC-sampled,wall,output_free,1.093e-06,0
ER_V20000_D8,16,11,DCSC-sampled,sampled_worker,lookup,0,10000
ER_V20000_D8,16,11,DCSC-sampled,sampled_worker,alloc_init,0.0011225169999999997,10000
ER_V20000_D8,16,11,DCSC-sampled,sampled_worker,lookup_multiply_hash,0.0097006179999999994,10000
ER_V20000_D8,16,11,DCSC-sampled,sampled_worker,compact,0.0030732109999999989,10000
ER_V20000_D8,16,11,DCSC-sampled,sampled_worker,sort,0.014792148000000001,10000
ER_V20000_D8,16,11,DCSC-sampled,sampled_worker,write,0.001082455,10000
ER_V20000_D8,16,11,DCSC-sampled,sampled_worker,scratch_free,0.00061883300000000049,10000
ER_V20000_D8,16,11,CombBLAS-profile,wall,total,0.0077418599999999997,0
ER_V20000_D8,16,11,CombBLAS-profile,wall,lookup_build,3.7913000000000001e-05,0
ER_V20000_D8,16,11,CombBLAS-profile,wall,thread_setup,5.4199999999999998e-06,0
ER_V20000_D8,16,11,CombBLAS-profile,wall,work_bound,0.000261131,0
ER_V20000_D8,16,11,CombBLAS-profile,wall,work_prefix,1.3436e-05,0
ER_V20000_D8,16,11,CombBLAS-profile,wall,symbolic,0.001264084,0
ER_V20000_D8,16,11,CombBLAS-profile,wall,output_prefix,1.4558e-05,0
ER_V20000_D8,16,11,CombBLAS-profile,wall,output_allocate,0.0019094629999999999,0
ER_V20000_D8,16,11,CombBLAS-profile,wall,numeric_scratch_setup,0.00015787200000000001,0
ER_V20000_D8,16,11,CombBLAS-profile,wall,numeric,0.0040721819999999997,0
ER_V20000_D8,16,11,CombBLAS-profile,wall,internal_cleanup,2.9749999999999999e-06,0
ER_V20000_D8,16,11,CombBLAS-profile,wall,return_cleanup,2.3350000000000001e-06,0
ER_V20000_D8,16,11,CombBLAS-profile,wall,output_free,4.3000000000000001e-07,0
ER_V20000_D8,16,11,DCSC-profile,wall,total,0.0059064690000000001,0
ER_V20000_D8,16,11,DCSC-profile,wall,validate,6.0200000000000002e-07,0
ER_V20000_D8,16,11,DCSC-profile,wall,lookup_build,4.9999999999999998e-08,0
ER_V20000_D8,16,11,DCSC-profile,wall,scratch_setup,4.1258999999999999e-05,0
ER_V20000_D8,16,11,DCSC-profile,wall,work_bound,5.0937999999999999e-05,0
ER_V20000_D8,16,11,DCSC-profile,wall,symbolic_capacity,0.000132764,0
ER_V20000_D8,16,11,DCSC-profile,wall,symbolic,0.0010563770000000001,0
ER_V20000_D8,16,11,DCSC-profile,wall,prefix_numeric_capacity,2.3645000000000001e-05,0
ER_V20000_D8,16,11,DCSC-profile,wall,output_allocate,0.00096236599999999998,0
ER_V20000_D8,16,11,DCSC-profile,wall,numeric,0.0036360339999999998,0
ER_V20000_D8,16,11,DCSC-profile,wall,return_cleanup,1.553e-06,0
ER_V20000_D8,16,11,DCSC-profile,wall,output_free,8.1200000000000002e-07,0
ER_V20000_D8,16,11,CSC-profile,wall,total,0.0063083999999999996,0
ER_V20000_D8,16,11,CSC-profile,wall,validate,4.4099999999999999e-07,0
ER_V20000_D8,16,11,CSC-profile,wall,lookup_build,4.0000000000000001e-08,0
ER_V20000_D8,16,11,CSC-profile,wall,scratch_setup,0.00010397,0
ER_V20000_D8,16,11,CSC-profile,wall,work_bound,5.9864000000000001e-05,0
ER_V20000_D8,16,11,CSC-profile,wall,symbolic_capacity,0.00013565100000000001,0
ER_V20000_D8,16,11,CSC-profile,wall,symbolic,0.0011509669999999999,0
ER_V20000_D8,16,11,CSC-profile,wall,prefix_numeric_capacity,2.2002999999999999e-05,0
ER_V20000_D8,16,11,CSC-profile,wall,output_allocate,0.0011765160000000001,0
ER_V20000_D8,16,11,CSC-profile,wall,numeric,0.0036571849999999999,0
ER_V20000_D8,16,11,CSC-profile,wall,return_cleanup,9.1200000000000001e-07,0
ER_V20000_D8,16,11,CSC-profile,wall,output_free,7.7100000000000001e-07,0
ER_V20000_D8,16,11,CombBLAS-control,wall,total,0.0076946000000000002,0
ER_V20000_D8,16,11,CombBLAS-control,wall,native_call_and_free,0.0076942979999999996,0
ER_V20000_D8,16,11,DCSC-control,wall,total,0.0059686590000000003,0
ER_V20000_D8,16,11,DCSC-control,wall,native_call_and_free,0.0059683679999999999,0
ER_V20000_D8,16,11,CSC-control,wall,total,0.0061900430000000001,0
ER_V20000_D8,16,11,CSC-control,wall,native_call_and_free,0.006189763,0
ER_V20000_D8,16,11,Tuples-profile,wall,total,0.0069544890000000003,0
ER_V20000_D8,16,11,Tuples-profile,wall,validate,6.3099999999999997e-07,0
ER_V20000_D8,16,11,Tuples-profile,wall,lookup_build,2.5100000000000001e-07,0
ER_V20000_D8,16,11,Tuples-profile,wall,scratch_setup,6.7288999999999999e-05,0
ER_V20000_D8,16,11,Tuples-profile,wall,work_bound,4.6980000000000001e-05,0
ER_V20000_D8,16,11,Tuples-profile,wall,symbolic_capacity,0.00013161299999999999,0
ER_V20000_D8,16,11,Tuples-profile,wall,symbolic,0.001070262,0
ER_V20000_D8,16,11,Tuples-profile,wall,prefix_numeric_capacity,2.2643999999999999e-05,0
ER_V20000_D8,16,11,Tuples-profile,wall,output_allocate,0.001919381,0
ER_V20000_D8,16,11,Tuples-profile,wall,numeric,0.0036938050000000001,0
ER_V20000_D8,16,11,Tuples-profile,wall,return_cleanup,1.3230000000000001e-06,0
ER_V20000_D8,16,11,Tuples-profile,wall,output_free,2.3999999999999998e-07,0
ER_V20000_D8,16,11,Tuples-control,wall,total,0.0067917680000000001,0
ER_V20000_D8,16,11,Tuples-control,wall,native_call_and_free,0.006791297,0
ER_V20000_D8,16,11,DCSC-dense-static,wall,total,0.0063230689999999997,0
ER_V20000_D8,16,11,DCSC-dense-static,wall,native_call_and_free,0.006322767,0
ER_V20000_D8,128,0,CSC-control,wall,total,0.004051631,0
ER_V20000_D8,128,0,CSC-control,wall,native_call_and_free,0.0040513809999999997,0
ER_V20000_D8,128,0,DCSC-control,wall,total,0.004225085,0
ER_V20000_D8,128,0,DCSC-control,wall,native_call_and_free,0.0042248040000000004,0
ER_V20000_D8,128,0,CombBLAS-control,wall,total,0.0075789070000000002,0
ER_V20000_D8,128,0,CombBLAS-control,wall,native_call_and_free,0.0075782260000000004,0
ER_V20000_D8,128,0,CSC-profile,wall,total,0.003500254,0
ER_V20000_D8,128,0,CSC-profile,wall,validate,6.0100000000000005e-07,0
ER_V20000_D8,128,0,CSC-profile,wall,lookup_build,4.0000000000000001e-08,0
ER_V20000_D8,128,0,CSC-profile,wall,scratch_setup,4.9716000000000003e-05,0
ER_V20000_D8,128,0,CSC-profile,wall,work_bound,0.00026484799999999998,0
ER_V20000_D8,128,0,CSC-profile,wall,symbolic_capacity,0.00012896699999999999,0
ER_V20000_D8,128,0,CSC-profile,wall,symbolic,0.000273384,0
ER_V20000_D8,128,0,CSC-profile,wall,prefix_numeric_capacity,9.1847000000000003e-05,0
ER_V20000_D8,128,0,CSC-profile,wall,output_allocate,0.0015624370000000001,0
ER_V20000_D8,128,0,CSC-profile,wall,numeric,0.00112634,0
ER_V20000_D8,128,0,CSC-profile,wall,return_cleanup,1.2219999999999999e-06,0
ER_V20000_D8,128,0,CSC-profile,wall,output_free,8.0200000000000001e-07,0
ER_V20000_D8,128,0,DCSC-profile,wall,total,0.004308475,0
ER_V20000_D8,128,0,DCSC-profile,wall,validate,4.9100000000000004e-07,0
ER_V20000_D8,128,0,DCSC-profile,wall,lookup_build,5.9999999999999995e-08,0
ER_V20000_D8,128,0,DCSC-profile,wall,scratch_setup,0.00015030800000000001,0
ER_V20000_D8,128,0,DCSC-profile,wall,work_bound,0.00027380599999999997,0
ER_V20000_D8,128,0,DCSC-profile,wall,symbolic_capacity,0.00013242399999999999,0
ER_V20000_D8,128,0,DCSC-profile,wall,symbolic,0.00027083899999999999,0
ER_V20000_D8,128,0,DCSC-profile,wall,prefix_numeric_capacity,9.4110999999999994e-05,0
ER_V20000_D8,128,0,DCSC-profile,wall,output_allocate,0.0022971559999999999,0
ER_V20000_D8,128,0,DCSC-profile,wall,numeric,0.001087696,0
ER_V20000_D8,128,0,DCSC-profile,wall,return_cleanup,8.0200000000000001e-07,0
ER_V20000_D8,128,0,DCSC-profile,wall,output_free,7.1200000000000002e-07,0
ER_V20000_D8,128,0,CombBLAS-profile,wall,total,0.007279944,0
ER_V20000_D8,128,0,CombBLAS-profile,wall,lookup_build,4.2171e-05,0
ER_V20000_D8,128,0,CombBLAS-profile,wall,thread_setup,4.3083000000000001e-05,0
ER_V20000_D8,128,0,CombBLAS-profile,wall,work_bound,0.000304133,0
ER_V20000_D8,128,0,CombBLAS-profile,wall,work_prefix,5.8362000000000001e-05,0
ER_V20000_D8,128,0,CombBLAS-profile,wall,symbolic,0.00046422,0
ER_V20000_D8,128,0,CombBLAS-profile,wall,output_prefix,5.8643000000000001e-05,0
ER_V20000_D8,128,0,CombBLAS-profile,wall,output_allocate,0.0047245719999999998,0
ER_V20000_D8,128,0,CombBLAS-profile,wall,numeric_scratch_setup,0.00019434300000000001,0
ER_V20000_D8,128,0,CombBLAS-profile,wall,numeric,0.001365039,0
ER_V20000_D8,128,0,CombBLAS-profile,wall,internal_cleanup,2.2539999999999999e-06,0
ER_V20000_D8,128,0,CombBLAS-profile,wall,return_cleanup,2.1902000000000001e-05,0
ER_V20000_D8,128,0,CombBLAS-profile,wall,output_free,1.012e-06,0
ER_V20000_D8,128,0,DCSC-sampled,wall,total,0.0034728609999999998,0
ER_V20000_D8,128,0,DCSC-sampled,wall,validate,2.2999999999999999e-07,0
ER_V20000_D8,128,0,DCSC-sampled,wall,lookup_build,4.0000000000000001e-08,0
ER_V20000_D8,128,0,DCSC-sampled,wall,scratch_setup,4.8983999999999997e-05,0
ER_V20000_D8,128,0,DCSC-sampled,wall,work_bound,0.00025075100000000001,0
ER_V20000_D8,128,0,DCSC-sampled,wall,symbolic_capacity,0.000146642,0
ER_V20000_D8,128,0,DCSC-sampled,wall,symbolic,0.00029003600000000003,0
ER_V20000_D8,128,0,DCSC-sampled,wall,prefix_numeric_capacity,9.1656000000000005e-05,0
ER_V20000_D8,128,0,DCSC-sampled,wall,output_allocate,0.0015933360000000001,0
ER_V20000_D8,128,0,DCSC-sampled,wall,numeric,0.001049272,0
ER_V20000_D8,128,0,DCSC-sampled,wall,return_cleanup,1.1230000000000001e-06,0
ER_V20000_D8,128,0,DCSC-sampled,wall,output_free,7.3099999999999997e-07,0
ER_V20000_D8,128,0,DCSC-sampled,sampled_worker,lookup,0,10000
ER_V20000_D8,128,0,DCSC-sampled,sampled_worker,alloc_init,0.0025936989999999979,10000
ER_V20000_D8,128,0,DCSC-sampled,sampled_worker,lookup_multiply_hash,0.014192372999999999,10000
ER_V20000_D8,128,0,DCSC-sampled,sampled_worker,compact,0.0032499130000000001,10000
ER_V20000_D8,128,0,DCSC-sampled,sampled_worker,sort,0.014873128999999997,10000
ER_V20000_D8,128,0,DCSC-sampled,sampled_worker,write,0.019494305,10000
ER_V20000_D8,128,0,DCSC-sampled,sampled_worker,scratch_free,0.010884922999999994,10000
ER_V20000_D8,128,0,CombBLAS-sampled,wall,total,0.0073086790000000002,0
ER_V20000_D8,128,0,CombBLAS-sampled,wall,lookup_build,4.2131e-05,0
ER_V20000_D8,128,0,CombBLAS-sampled,wall,thread_setup,4.0877999999999997e-05,0
ER_V20000_D8,128,0,CombBLAS-sampled,wall,work_bound,0.00029983499999999998,0
ER_V20000_D8,128,0,CombBLAS-sampled,wall,work_prefix,5.7200000000000001e-05,0
ER_V20000_D8,128,0,CombBLAS-sampled,wall,symbolic,0.00046806799999999998,0
ER_V20000_D8,128,0,CombBLAS-sampled,wall,output_prefix,7.9742999999999999e-05,0
ER_V20000_D8,128,0,CombBLAS-sampled,wall,output_allocate,0.0047622840000000003,0
ER_V20000_D8,128,0,CombBLAS-sampled,wall,numeric_scratch_setup,0.00019015500000000001,0
ER_V20000_D8,128,0,CombBLAS-sampled,wall,numeric,0.0013431160000000001,0
ER_V20000_D8,128,0,CombBLAS-sampled,wall,internal_cleanup,2.6249999999999999e-06,0
ER_V20000_D8,128,0,CombBLAS-sampled,wall,return_cleanup,2.2002999999999999e-05,0
ER_V20000_D8,128,0,CombBLAS-sampled,wall,output_free,5.7100000000000002e-07,0
ER_V20000_D8,128,0,CombBLAS-sampled,sampled_worker,lookup,0.011391998000000006,10000
ER_V20000_D8,128,0,CombBLAS-sampled,sampled_worker,alloc_init,0.0017651280000000008,10000
ER_V20000_D8,128,0,CombBLAS-sampled,sampled_worker,lookup_multiply_hash,0.0090454660000000003,10000
ER_V20000_D8,128,0,CombBLAS-sampled,sampled_worker,compact,0.0032183189999999999,10000
ER_V20000_D8,128,0,CombBLAS-sampled,sampled_worker,sort,0.014471136000000002,10000
ER_V20000_D8,128,0,CombBLAS-sampled,sampled_worker,write,0.010008794999999997,10000
ER_V20000_D8,128,0,CombBLAS-sampled,sampled_worker,scratch_free,0.0032751129999999979,10000
ER_V20000_D8,128,0,CombBLAS-conversion,wall,total,0.010932318999999999,0
ER_V20000_D8,128,0,CombBLAS-conversion,wall,native_call,0.0044224030000000001,0
ER_V20000_D8,128,0,CombBLAS-conversion,wall,tuple_to_dcsc,0.0065065699999999997,0
ER_V20000_D8,128,0,CombBLAS-conversion,wall,dcsc_free,2.2139999999999999e-06,0
ER_V20000_D8,128,0,CombBLAS-conversion,wall,output_free,1.0720000000000001e-06,0
ER_V20000_D8,128,0,DCSC-dense-lookup,wall,total,0.003150403,0
ER_V20000_D8,128,0,DCSC-dense-lookup,wall,native_call_and_free,0.0031499420000000002,0
ER_V20000_D8,128,0,DCSC-static,wall,total,0.0037752609999999998,0
ER_V20000_D8,128,0,DCSC-static,wall,native_call_and_free,0.0037747900000000001,0
ER_V20000_D8,128,0,DCSC-dense-static,wall,total,0.003145143,0
ER_V20000_D8,128,0,DCSC-dense-static,wall,native_call_and_free,0.0031448819999999999,0
ER_V20000_D8,128,0,Tuples-control,wall,total,0.0040686639999999996,0
ER_V20000_D8,128,0,Tuples-control,wall,native_call_and_free,0.0040683739999999996,0
ER_V20000_D8,128,0,Tuples-profile,wall,total,0.0058784559999999998,0
ER_V20000_D8,128,0,Tuples-profile,wall,validate,4.2100000000000002e-07,0
ER_V20000_D8,128,0,Tuples-profile,wall,lookup_build,4.0000000000000001e-08,0
ER_V20000_D8,128,0,Tuples-profile,wall,scratch_setup,8.6896000000000003e-05,0
ER_V20000_D8,128,0,Tuples-profile,wall,work_bound,0.00025895699999999998,0
ER_V20000_D8,128,0,Tuples-profile,wall,symbolic_capacity,0.00014759300000000001,0
ER_V20000_D8,128,0,Tuples-profile,wall,symbolic,0.00029025699999999998,0
ER_V20000_D8,128,0,Tuples-profile,wall,prefix_numeric_capacity,0.000116193,0
ER_V20000_D8,128,0,Tuples-profile,wall,output_allocate,0.003872838,0
ER_V20000_D8,128,0,Tuples-profile,wall,numeric,0.001103948,0
ER_V20000_D8,128,0,Tuples-profile,wall,return_cleanup,9.9199999999999999e-07,0
ER_V20000_D8,128,0,Tuples-profile,wall,output_free,2.7000000000000001e-07,0
ER_V20000_D8,128,1,CSC-control,wall,total,0.0041150129999999998,0
ER_V20000_D8,128,1,CSC-control,wall,native_call_and_free,0.0041147529999999996,0
ER_V20000_D8,128,1,Tuples-profile,wall,total,0.0074102630000000003,0
ER_V20000_D8,128,1,Tuples-profile,wall,validate,4.2e-07,0
ER_V20000_D8,128,1,Tuples-profile,wall,lookup_build,4.0000000000000001e-08,0
ER_V20000_D8,128,1,Tuples-profile,wall,scratch_setup,9.5684000000000001e-05,0
ER_V20000_D8,128,1,Tuples-profile,wall,work_bound,0.000242585,0
ER_V20000_D8,128,1,Tuples-profile,wall,symbolic_capacity,0.000136322,0
ER_V20000_D8,128,1,Tuples-profile,wall,symbolic,0.00027007799999999998,0
ER_V20000_D8,128,1,Tuples-profile,wall,prefix_numeric_capacity,9.1965999999999993e-05,0
ER_V20000_D8,128,1,Tuples-profile,wall,output_allocate,0.0053642990000000003,0
ER_V20000_D8,128,1,Tuples-profile,wall,numeric,0.0012077570000000001,0
ER_V20000_D8,128,1,Tuples-profile,wall,return_cleanup,7.8100000000000002e-07,0
ER_V20000_D8,128,1,Tuples-profile,wall,output_free,2.6100000000000002e-07,0
ER_V20000_D8,128,1,Tuples-control,wall,total,0.0060631799999999996,0
ER_V20000_D8,128,1,Tuples-control,wall,native_call_and_free,0.006062909,0
ER_V20000_D8,128,1,DCSC-dense-static,wall,total,0.0042642790000000002,0
ER_V20000_D8,128,1,DCSC-dense-static,wall,native_call_and_free,0.004264009,0
ER_V20000_D8,128,1,DCSC-static,wall,total,0.0033549949999999999,0
ER_V20000_D8,128,1,DCSC-static,wall,native_call_and_free,0.0033549249999999999,0
ER_V20000_D8,128,1,DCSC-dense-lookup,wall,total,0.0034659780000000002,0
ER_V20000_D8,128,1,DCSC-dense-lookup,wall,native_call_and_free,0.0034658979999999998,0
ER_V20000_D8,128,1,CombBLAS-conversion,wall,total,0.014340858,0
ER_V20000_D8,128,1,CombBLAS-conversion,wall,native_call,0.0077700139999999996,0
ER_V20000_D8,128,1,CombBLAS-conversion,wall,tuple_to_dcsc,0.0065673670000000002,0
ER_V20000_D8,128,1,CombBLAS-conversion,wall,dcsc_free,2.3240000000000001e-06,0
ER_V20000_D8,128,1,CombBLAS-conversion,wall,output_free,1.082e-06,0
ER_V20000_D8,128,1,CombBLAS-sampled,wall,total,0.0046505100000000001,0
ER_V20000_D8,128,1,CombBLAS-sampled,wall,lookup_build,2.0429e-05,0
ER_V20000_D8,128,1,CombBLAS-sampled,wall,thread_setup,6.7840000000000001e-05,0
ER_V20000_D8,128,1,CombBLAS-sampled,wall,work_bound,0.00027408599999999999,0
ER_V20000_D8,128,1,CombBLAS-sampled,wall,work_prefix,5.3723e-05,0
ER_V20000_D8,128,1,CombBLAS-sampled,wall,symbolic,0.00045177699999999999,0
ER_V20000_D8,128,1,CombBLAS-sampled,wall,output_prefix,5.5736000000000003e-05,0
ER_V20000_D8,128,1,CombBLAS-sampled,wall,output_allocate,0.002076994,0
ER_V20000_D8,128,1,CombBLAS-sampled,wall,numeric_scratch_setup,0.000209142,0
ER_V20000_D8,128,1,CombBLAS-sampled,wall,numeric,0.0014152240000000001,0
ER_V20000_D8,128,1,CombBLAS-sampled,wall,internal_cleanup,2.2340000000000001e-06,0
ER_V20000_D8,128,1,CombBLAS-sampled,wall,return_cleanup,2.2603999999999999e-05,0
ER_V20000_D8,128,1,CombBLAS-sampled,wall,output_free,6.7100000000000001e-07,0
ER_V20000_D8,128,1,CombBLAS-sampled,sampled_worker,lookup,0.012131493999999998,10000
ER_V20000_D8,128,1,CombBLAS-sampled,sampled_worker,alloc_init,0.0020668020000000021,10000
ER_V20000_D8,128,1,CombBLAS-sampled,sampled_worker,lookup_multiply_hash,0.0090072759999999998,10000
ER_V20000_D8,128,1,CombBLAS-sampled,sampled_worker,compact,0.0032505109999999993,10000
ER_V20000_D8,128,1,CombBLAS-sampled,sampled_worker,sort,0.014555553000000004,10000
ER_V20000_D8,128,1,CombBLAS-sampled,sampled_worker,write,0.010409275999999999,10000
ER_V20000_D8,128,1,CombBLAS-sampled,sampled_worker,scratch_free,0.0034989310000000016,10000
ER_V20000_D8,128,1,DCSC-sampled,wall,total,0.0034302099999999999,0
ER_V20000_D8,128,1,DCSC-sampled,wall,validate,4.51e-07,0
ER_V20000_D8,128,1,DCSC-sampled,wall,lookup_build,2.2100000000000001e-07,0
ER_V20000_D8,128,1,DCSC-sampled,wall,scratch_setup,4.8603000000000002e-05,0
ER_V20000_D8,128,1,DCSC-sampled,wall,work_bound,0.00026079,0
ER_V20000_D8,128,1,DCSC-sampled,wall,symbolic_capacity,0.000133807,0
ER_V20000_D8,128,1,DCSC-sampled,wall,symbolic,0.00027276299999999998,0
ER_V20000_D8,128,1,DCSC-sampled,wall,prefix_numeric_capacity,9.1805999999999995e-05,0
ER_V20000_D8,128,1,DCSC-sampled,wall,output_allocate,0.0015708530000000001,0
ER_V20000_D8,128,1,DCSC-sampled,wall,numeric,0.001049152,0
ER_V20000_D8,128,1,DCSC-sampled,wall,return_cleanup,7.8199999999999999e-07,0
ER_V20000_D8,128,1,DCSC-sampled,wall,output_free,9.2200000000000002e-07,0
ER_V20000_D8,128,1,DCSC-sampled,sampled_worker,lookup,0,10000
ER_V20000_D8,128,1,DCSC-sampled,sampled_worker,alloc_init,0.0025822430000000001,10000
ER_V20000_D8,128,1,DCSC-sampled,sampled_worker,lookup_multiply_hash,0.013538646000000007,10000
ER_V20000_D8,128,1,DCSC-sampled,sampled_worker,compact,0.003237514999999999,10000
ER_V20000_D8,128,1,DCSC-sampled,sampled_worker,sort,0.015047884999999997,10000
ER_V20000_D8,128,1,DCSC-sampled,sampled_worker,write,0.019922829999999996,10000
ER_V20000_D8,128,1,DCSC-sampled,sampled_worker,scratch_free,0.010721734000000002,10000
ER_V20000_D8,128,1,CombBLAS-profile,wall,total,0.0071312090000000003,0
ER_V20000_D8,128,1,CombBLAS-profile,wall,lookup_build,4.1619999999999998e-05,0
ER_V20000_D8,128,1,CombBLAS-profile,wall,thread_setup,4.2391000000000001e-05,0
ER_V20000_D8,128,1,CombBLAS-profile,wall,work_bound,0.00029849299999999999,0
ER_V20000_D8,128,1,CombBLAS-profile,wall,work_prefix,5.9314000000000002e-05,0
ER_V20000_D8,128,1,CombBLAS-profile,wall,symbolic,0.00041783100000000002,0
ER_V20000_D8,128,1,CombBLAS-profile,wall,output_prefix,5.7349999999999998e-05,0
ER_V20000_D8,128,1,CombBLAS-profile,wall,output_allocate,0.0046876820000000003,0
ER_V20000_D8,128,1,CombBLAS-profile,wall,numeric_scratch_setup,0.000189884,0
ER_V20000_D8,128,1,CombBLAS-profile,wall,numeric,0.001309391,0
ER_V20000_D8,128,1,CombBLAS-profile,wall,internal_cleanup,2.154e-06,0
ER_V20000_D8,128,1,CombBLAS-profile,wall,return_cleanup,2.4527000000000001e-05,0
ER_V20000_D8,128,1,CombBLAS-profile,wall,output_free,5.2099999999999997e-07,0
ER_V20000_D8,128,1,DCSC-profile,wall,total,0.0034418220000000002,0
ER_V20000_D8,128,1,DCSC-profile,wall,validate,4.8999999999999997e-07,0
ER_V20000_D8,128,1,DCSC-profile,wall,lookup_build,2.3099999999999999e-07,0
ER_V20000_D8,128,1,DCSC-profile,wall,scratch_setup,6.5054000000000004e-05,0
ER_V20000_D8,128,1,DCSC-profile,wall,work_bound,0.000268165,0
ER_V20000_D8,128,1,DCSC-profile,wall,symbolic_capacity,0.00013253399999999999,0
ER_V20000_D8,128,1,DCSC-profile,wall,symbolic,0.00026871600000000001,0
ER_V20000_D8,128,1,DCSC-profile,wall,prefix_numeric_capacity,9.0272999999999994e-05,0
ER_V20000_D8,128,1,DCSC-profile,wall,output_allocate,0.0015798699999999999,0
ER_V20000_D8,128,1,DCSC-profile,wall,numeric,0.0010344239999999999,0
ER_V20000_D8,128,1,DCSC-profile,wall,return_cleanup,9.3200000000000003e-07,0
ER_V20000_D8,128,1,DCSC-profile,wall,output_free,1.062e-06,0
ER_V20000_D8,128,1,CSC-profile,wall,total,0.0042306059999999996,0
ER_V20000_D8,128,1,CSC-profile,wall,validate,5.0100000000000005e-07,0
ER_V20000_D8,128,1,CSC-profile,wall,lookup_build,2.9000000000000002e-08,0
ER_V20000_D8,128,1,CSC-profile,wall,scratch_setup,8.7938999999999999e-05,0
ER_V20000_D8,128,1,CSC-profile,wall,work_bound,0.00025254500000000002,0
ER_V20000_D8,128,1,CSC-profile,wall,symbolic_capacity,0.000149677,0
ER_V20000_D8,128,1,CSC-profile,wall,symbolic,0.00029377299999999999,0
ER_V20000_D8,128,1,CSC-profile,wall,prefix_numeric_capacity,9.3830000000000001e-05,0
ER_V20000_D8,128,1,CSC-profile,wall,output_allocate,0.0022299080000000001,0
ER_V20000_D8,128,1,CSC-profile,wall,numeric,0.001120549,0
ER_V20000_D8,128,1,CSC-profile,wall,return_cleanup,1.172e-06,0
ER_V20000_D8,128,1,CSC-profile,wall,output_free,6.1200000000000003e-07,0
ER_V20000_D8,128,1,CombBLAS-control,wall,total,0.007468115,0
ER_V20000_D8,128,1,CombBLAS-control,wall,native_call_and_free,0.0074676530000000003,0
ER_V20000_D8,128,1,DCSC-control,wall,total,0.0035453099999999999,0
ER_V20000_D8,128,1,DCSC-control,wall,native_call_and_free,0.0035450289999999999,0
ER_V20000_D8,128,2,CombBLAS-control,wall,total,0.0071985169999999998,0
ER_V20000_D8,128,2,CombBLAS-control,wall,native_call_and_free,0.0071973749999999998,0
ER_V20000_D8,128,2,CSC-profile,wall,total,0.0034145389999999999,0
ER_V20000_D8,128,2,CSC-profile,wall,validate,4.3099999999999998e-07,0
ER_V20000_D8,128,2,CSC-profile,wall,lookup_build,2.9999999999999997e-08,0
ER_V20000_D8,128,2,CSC-profile,wall,scratch_setup,4.8492999999999998e-05,0
ER_V20000_D8,128,2,CSC-profile,wall,work_bound,0.000263014,0
ER_V20000_D8,128,2,CSC-profile,wall,symbolic_capacity,0.000128687,0
ER_V20000_D8,128,2,CSC-profile,wall,symbolic,0.000274176,0
ER_V20000_D8,128,2,CSC-profile,wall,prefix_numeric_capacity,9.0563999999999996e-05,0
ER_V20000_D8,128,2,CSC-profile,wall,output_allocate,0.0015014099999999999,0
ER_V20000_D8,128,2,CSC-profile,wall,numeric,0.0011060110000000001,0
ER_V20000_D8,128,2,CSC-profile,wall,return_cleanup,1.1519999999999999e-06,0
ER_V20000_D8,128,2,CSC-profile,wall,output_free,4.9100000000000004e-07,0
ER_V20000_D8,128,2,DCSC-profile,wall,total,0.0043199659999999997,0
ER_V20000_D8,128,2,DCSC-profile,wall,validate,4.4099999999999999e-07,0
ER_V20000_D8,128,2,DCSC-profile,wall,lookup_build,2.11e-07,0
ER_V20000_D8,128,2,DCSC-profile,wall,scratch_setup,8.9040000000000001e-05,0
ER_V20000_D8,128,2,DCSC-profile,wall,work_bound,0.00024459999999999998,0
ER_V20000_D8,128,2,DCSC-profile,wall,symbolic_capacity,0.00012963800000000001,0
ER_V20000_D8,128,2,DCSC-profile,wall,symbolic,0.000272613,0
ER_V20000_D8,128,2,DCSC-profile,wall,prefix_numeric_capacity,9.1626000000000007e-05,0
ER_V20000_D8,128,2,DCSC-profile,wall,output_allocate,0.0024406509999999998,0
ER_V20000_D8,128,2,DCSC-profile,wall,numeric,0.0010492819999999999,0
ER_V20000_D8,128,2,DCSC-profile,wall,return_cleanup,7.2200000000000003e-07,0
ER_V20000_D8,128,2,DCSC-profile,wall,output_free,1.0720000000000001e-06,0
ER_V20000_D8,128,2,CombBLAS-profile,wall,total,0.0077215210000000003,0
ER_V20000_D8,128,2,CombBLAS-profile,wall,lookup_build,4.1519e-05,0
ER_V20000_D8,128,2,CombBLAS-profile,wall,thread_setup,4.2030999999999998e-05,0
ER_V20000_D8,128,2,CombBLAS-profile,wall,work_bound,0.000297881,0
ER_V20000_D8,128,2,CombBLAS-profile,wall,work_prefix,5.7089999999999997e-05,0
ER_V20000_D8,128,2,CombBLAS-profile,wall,symbolic,0.00045996200000000001,0
ER_V20000_D8,128,2,CombBLAS-profile,wall,output_prefix,5.8121000000000001e-05,0
ER_V20000_D8,128,2,CombBLAS-profile,wall,output_allocate,0.0051937229999999999,0
ER_V20000_D8,128,2,CombBLAS-profile,wall,numeric_scratch_setup,0.00022867800000000001,0
ER_V20000_D8,128,2,CombBLAS-profile,wall,numeric,0.001316315,0
ER_V20000_D8,128,2,CombBLAS-profile,wall,internal_cleanup,3.0259999999999999e-06,0
ER_V20000_D8,128,2,CombBLAS-profile,wall,return_cleanup,2.2252999999999999e-05,0
ER_V20000_D8,128,2,CombBLAS-profile,wall,output_free,8.5199999999999995e-07,0
ER_V20000_D8,128,2,DCSC-sampled,wall,total,0.0034878499999999998,0
ER_V20000_D8,128,2,DCSC-sampled,wall,validate,4.1100000000000001e-07,0
ER_V20000_D8,128,2,DCSC-sampled,wall,lookup_build,1.9999999999999999e-07,0
ER_V20000_D8,128,2,DCSC-sampled,wall,scratch_setup,4.9486e-05,0
ER_V20000_D8,128,2,DCSC-sampled,wall,work_bound,0.00024335599999999999,0
ER_V20000_D8,128,2,DCSC-sampled,wall,symbolic_capacity,0.00013421799999999999,0
ER_V20000_D8,128,2,DCSC-sampled,wall,symbolic,0.00027512700000000001,0
ER_V20000_D8,128,2,DCSC-sampled,wall,prefix_numeric_capacity,9.1055000000000001e-05,0
ER_V20000_D8,128,2,DCSC-sampled,wall,output_allocate,0.0016175219999999999,0
ER_V20000_D8,128,2,DCSC-sampled,wall,numeric,0.001074481,0
ER_V20000_D8,128,2,DCSC-sampled,wall,return_cleanup,9.02e-07,0
ER_V20000_D8,128,2,DCSC-sampled,wall,output_free,1.0219999999999999e-06,0
ER_V20000_D8,128,2,DCSC-sampled,sampled_worker,lookup,0,10000
ER_V20000_D8,128,2,DCSC-sampled,sampled_worker,alloc_init,0.0028585069999999984,10000
ER_V20000_D8,128,2,DCSC-sampled,sampled_worker,lookup_multiply_hash,0.013065802999999997,10000
ER_V20000_D8,128,2,DCSC-sampled,sampled_worker,compact,0.003118622000000001,10000
ER_V20000_D8,128,2,DCSC-sampled,sampled_worker,sort,0.014839569000000002,10000
ER_V20000_D8,128,2,DCSC-sampled,sampled_worker,write,0.021072284000000011,10000
ER_V20000_D8,128,2,DCSC-sampled,sampled_worker,scratch_free,0.010861744000000001,10000
ER_V20000_D8,128,2,CombBLAS-sampled,wall,total,0.0072635119999999997,0
ER_V20000_D8,128,2,CombBLAS-sampled,wall,lookup_build,4.0908999999999997e-05,0
ER_V20000_D8,128,2,CombBLAS-sampled,wall,thread_setup,4.1007999999999998e-05,0
ER_V20000_D8,128,2,CombBLAS-sampled,wall,work_bound,0.00029161999999999998,0
ER_V20000_D8,128,2,CombBLAS-sampled,wall,work_prefix,5.8261999999999999e-05,0
ER_V20000_D8,128,2,CombBLAS-sampled,wall,symbolic,0.00042112699999999998,0
ER_V20000_D8,128,2,CombBLAS-sampled,wall,output_prefix,5.7531000000000002e-05,0
ER_V20000_D8,128,2,CombBLAS-sampled,wall,output_allocate,0.0048598510000000001,0
ER_V20000_D8,128,2,CombBLAS-sampled,wall,numeric_scratch_setup,0.00019135699999999999,0
ER_V20000_D8,128,2,CombBLAS-sampled,wall,numeric,0.001276349,0
ER_V20000_D8,128,2,CombBLAS-sampled,wall,internal_cleanup,2.7549999999999999e-06,0
ER_V20000_D8,128,2,CombBLAS-sampled,wall,return_cleanup,2.2192e-05,0
ER_V20000_D8,128,2,CombBLAS-sampled,wall,output_free,4.9100000000000004e-07,0
ER_V20000_D8,128,2,CombBLAS-sampled,sampled_worker,lookup,0.011829181999999999,10000
ER_V20000_D8,128,2,CombBLAS-sampled,sampled_worker,alloc_init,0.0017214350000000008,10000
ER_V20000_D8,128,2,CombBLAS-sampled,sampled_worker,lookup_multiply_hash,0.0091454199999999961,10000
ER_V20000_D8,128,2,CombBLAS-sampled,sampled_worker,compact,0.003200627000000001,10000
ER_V20000_D8,128,2,CombBLAS-sampled,sampled_worker,sort,0.014476031999999998,10000
ER_V20000_D8,128,2,CombBLAS-sampled,sampled_worker,write,0.0098364850000000024,10000
ER_V20000_D8,128,2,CombBLAS-sampled,sampled_worker,scratch_free,0.0032899939999999988,10000
ER_V20000_D8,128,2,CombBLAS-conversion,wall,total,0.010751372,0
ER_V20000_D8,128,2,CombBLAS-conversion,wall,native_call,0.0043299749999999998,0
ER_V20000_D8,128,2,CombBLAS-conversion,wall,tuple_to_dcsc,0.0064183920000000002,0
ER_V20000_D8,128,2,CombBLAS-conversion,wall,dcsc_free,2.074e-06,0
ER_V20000_D8,128,2,CombBLAS-conversion,wall,output_free,8.8199999999999998e-07,0
ER_V20000_D8,128,2,DCSC-dense-lookup,wall,total,0.0032663950000000001,0
ER_V20000_D8,128,2,DCSC-dense-lookup,wall,native_call_and_free,0.0032661349999999999,0
ER_V20000_D8,128,2,DCSC-static,wall,total,0.0036983139999999999,0
ER_V20000_D8,128,2,DCSC-static,wall,native_call_and_free,0.0036978929999999998,0
ER_V20000_D8,128,2,DCSC-dense-static,wall,total,0.003085258,0
ER_V20000_D8,128,2,DCSC-dense-static,wall,native_call_and_free,0.003084987,0
ER_V20000_D8,128,2,Tuples-control,wall,total,0.0040717899999999996,0
ER_V20000_D8,128,2,Tuples-control,wall,native_call_and_free,0.0040712789999999997,0
ER_V20000_D8,128,2,Tuples-profile,wall,total,0.0058486279999999998,0
ER_V20000_D8,128,2,Tuples-profile,wall,validate,2.4999999999999999e-07,0
ER_V20000_D8,128,2,Tuples-profile,wall,lookup_build,4.0000000000000001e-08,0
ER_V20000_D8,128,2,Tuples-profile,wall,scratch_setup,8.8189000000000006e-05,0
ER_V20000_D8,128,2,Tuples-profile,wall,work_bound,0.00025107200000000002,0
ER_V20000_D8,128,2,Tuples-profile,wall,symbolic_capacity,0.00013058000000000001,0
ER_V20000_D8,128,2,Tuples-profile,wall,symbolic,0.00026378600000000001,0
ER_V20000_D8,128,2,Tuples-profile,wall,prefix_numeric_capacity,9.1094999999999994e-05,0
ER_V20000_D8,128,2,Tuples-profile,wall,output_allocate,0.0039325330000000002,0
ER_V20000_D8,128,2,Tuples-profile,wall,numeric,0.00108949,0
ER_V20000_D8,128,2,Tuples-profile,wall,return_cleanup,1.3030000000000001e-06,0
ER_V20000_D8,128,2,Tuples-profile,wall,output_free,2.2000000000000001e-07,0
ER_V20000_D8,128,2,CSC-control,wall,total,0.0041094119999999998,0
ER_V20000_D8,128,2,CSC-control,wall,native_call_and_free,0.0041093320000000003,0
ER_V20000_D8,128,2,DCSC-control,wall,total,0.0049190149999999997,0
ER_V20000_D8,128,2,DCSC-control,wall,native_call_and_free,0.0049189350000000001,0
ER_V20000_D8,128,3,CombBLAS-control,wall,total,0.0074557110000000003,0
ER_V20000_D8,128,3,CombBLAS-control,wall,native_call_and_free,0.0074548189999999997,0
ER_V20000_D8,128,3,DCSC-control,wall,total,0.0036139309999999999,0
ER_V20000_D8,128,3,DCSC-control,wall,native_call_and_free,0.0036138709999999998,0
ER_V20000_D8,128,3,CSC-control,wall,total,0.0043405650000000002,0
ER_V20000_D8,128,3,CSC-control,wall,native_call_and_free,0.004340305,0
ER_V20000_D8,128,3,Tuples-profile,wall,total,0.0074591379999999997,0
ER_V20000_D8,128,3,Tuples-profile,wall,validate,4.51e-07,0
ER_V20000_D8,128,3,Tuples-profile,wall,lookup_build,4.0000000000000001e-08,0
ER_V20000_D8,128,3,Tuples-profile,wall,scratch_setup,0.000101615,0
ER_V20000_D8,128,3,Tuples-profile,wall,work_bound,0.00026488800000000002,0
ER_V20000_D8,128,3,Tuples-profile,wall,symbolic_capacity,0.000148405,0
ER_V20000_D8,128,3,Tuples-profile,wall,symbolic,0.000270699,0
ER_V20000_D8,128,3,Tuples-profile,wall,prefix_numeric_capacity,9.2107000000000004e-05,0
ER_V20000_D8,128,3,Tuples-profile,wall,output_allocate,0.0053847579999999999,0
ER_V20000_D8,128,3,Tuples-profile,wall,numeric,0.001194882,0
ER_V20000_D8,128,3,Tuples-profile,wall,return_cleanup,9.4200000000000004e-07,0
ER_V20000_D8,128,3,Tuples-profile,wall,output_free,2.8099999999999999e-07,0
ER_V20000_D8,128,3,Tuples-control,wall,total,0.0070177210000000002,0
ER_V20000_D8,128,3,Tuples-control,wall,native_call_and_free,0.0070174510000000001,0
ER_V20000_D8,128,3,DCSC-dense-static,wall,total,0.0052061859999999998,0
ER_V20000_D8,128,3,DCSC-dense-static,wall,native_call_and_free,0.0052061160000000002,0
ER_V20000_D8,128,3,DCSC-static,wall,total,0.003297295,0
ER_V20000_D8,128,3,DCSC-static,wall,native_call_and_free,0.0032972349999999999,0
ER_V20000_D8,128,3,DCSC-dense-lookup,wall,total,0.0035981920000000001,0
ER_V20000_D8,128,3,DCSC-dense-lookup,wall,native_call_and_free,0.003598132,0
ER_V20000_D8,128,3,CombBLAS-conversion,wall,total,0.014419678,0
ER_V20000_D8,128,3,CombBLAS-conversion,wall,native_call,0.0077334129999999997,0
ER_V20000_D8,128,3,CombBLAS-conversion,wall,tuple_to_dcsc,0.0066834399999999997,0
ER_V20000_D8,128,3,CombBLAS-conversion,wall,dcsc_free,1.8729999999999999e-06,0
ER_V20000_D8,128,3,CombBLAS-conversion,wall,output_free,8.8199999999999998e-07,0
ER_V20000_D8,128,3,CombBLAS-sampled,wall,total,0.0045537049999999999,0
ER_V20000_D8,128,3,CombBLAS-sampled,wall,lookup_build,1.9507000000000001e-05,0
ER_V20000_D8,128,3,CombBLAS-sampled,wall,thread_setup,6.5456000000000005e-05,0
ER_V20000_D8,128,3,CombBLAS-sampled,wall,work_bound,0.000268805,0
ER_V20000_D8,128,3,CombBLAS-sampled,wall,work_prefix,5.3723e-05,0
ER_V20000_D8,128,3,CombBLAS-sampled,wall,symbolic,0.00043691800000000001,0
ER_V20000_D8,128,3,CombBLAS-sampled,wall,output_prefix,5.5075999999999999e-05,0
ER_V20000_D8,128,3,CombBLAS-sampled,wall,output_allocate,0.001934781,0
ER_V20000_D8,128,3,CombBLAS-sampled,wall,numeric_scratch_setup,0.00019166699999999999,0
ER_V20000_D8,128,3,CombBLAS-sampled,wall,numeric,0.0015011499999999999,0
ER_V20000_D8,128,3,CombBLAS-sampled,wall,internal_cleanup,3.146e-06,0
ER_V20000_D8,128,3,CombBLAS-sampled,wall,return_cleanup,2.2734e-05,0
ER_V20000_D8,128,3,CombBLAS-sampled,wall,output_free,6.8100000000000002e-07,0
ER_V20000_D8,128,3,CombBLAS-sampled,sampled_worker,lookup,0.013043843999999997,10000
ER_V20000_D8,128,3,CombBLAS-sampled,sampled_worker,alloc_init,0.001986101000000001,10000
ER_V20000_D8,128,3,CombBLAS-sampled,sampled_worker,lookup_multiply_hash,0.0090034539999999975,10000
ER_V20000_D8,128,3,CombBLAS-sampled,sampled_worker,compact,0.0032083250000000006,10000
ER_V20000_D8,128,3,CombBLAS-sampled,sampled_worker,sort,0.014442448999999987,10000
ER_V20000_D8,128,3,CombBLAS-sampled,sampled_worker,write,0.010317662999999998,10000
ER_V20000_D8,128,3,CombBLAS-sampled,sampled_worker,scratch_free,0.0034313839999999987,10000
ER_V20000_D8,128,3,DCSC-sampled,wall,total,0.0034035290000000002,0
ER_V20000_D8,128,3,DCSC-sampled,wall,validate,4.3099999999999998e-07,0
ER_V20000_D8,128,3,DCSC-sampled,wall,lookup_build,2.2100000000000001e-07,0
ER_V20000_D8,128,3,DCSC-sampled,wall,scratch_setup,4.9203999999999998e-05,0
ER_V20000_D8,128,3,DCSC-sampled,wall,work_bound,0.000250781,0
ER_V20000_D8,128,3,DCSC-sampled,wall,symbolic_capacity,0.00013392699999999999,0
ER_V20000_D8,128,3,DCSC-sampled,wall,symbolic,0.00026967700000000001,0
ER_V20000_D8,128,3,DCSC-sampled,wall,prefix_numeric_capacity,9.1496000000000006e-05,0
ER_V20000_D8,128,3,DCSC-sampled,wall,output_allocate,0.0015693300000000001,0
ER_V20000_D8,128,3,DCSC-sampled,wall,numeric,0.0010366279999999999,0
ER_V20000_D8,128,3,DCSC-sampled,wall,return_cleanup,1.032e-06,0
ER_V20000_D8,128,3,DCSC-sampled,wall,output_free,7.4199999999999995e-07,0
ER_V20000_D8,128,3,DCSC-sampled,sampled_worker,lookup,0,10000
ER_V20000_D8,128,3,DCSC-sampled,sampled_worker,alloc_init,0.0027717510000000002,10000
ER_V20000_D8,128,3,DCSC-sampled,sampled_worker,lookup_multiply_hash,0.012783520000000007,10000
ER_V20000_D8,128,3,DCSC-sampled,sampled_worker,compact,0.0031492300000000007,10000
ER_V20000_D8,128,3,DCSC-sampled,sampled_worker,sort,0.015026190000000002,10000
ER_V20000_D8,128,3,DCSC-sampled,sampled_worker,write,0.020234647000000005,10000
ER_V20000_D8,128,3,DCSC-sampled,sampled_worker,scratch_free,0.010032729000000002,10000
ER_V20000_D8,128,3,CombBLAS-profile,wall,total,0.0070781769999999997,0
ER_V20000_D8,128,3,CombBLAS-profile,wall,lookup_build,3.9996999999999997e-05,0
ER_V20000_D8,128,3,CombBLAS-profile,wall,thread_setup,4.1940000000000002e-05,0
ER_V20000_D8,128,3,CombBLAS-profile,wall,work_bound,0.00029613799999999999,0
ER_V20000_D8,128,3,CombBLAS-profile,wall,work_prefix,5.8001999999999998e-05,0
ER_V20000_D8,128,3,CombBLAS-profile,wall,symbolic,0.00040821199999999997,0
ER_V20000_D8,128,3,CombBLAS-profile,wall,output_prefix,5.8573000000000003e-05,0
ER_V20000_D8,128,3,CombBLAS-profile,wall,output_allocate,0.0046993440000000003,0
ER_V20000_D8,128,3,CombBLAS-profile,wall,numeric_scratch_setup,0.00019277000000000001,0
ER_V20000_D8,128,3,CombBLAS-profile,wall,numeric,0.001255508,0
ER_V20000_D8,128,3,CombBLAS-profile,wall,internal_cleanup,2.5950000000000001e-06,0
ER_V20000_D8,128,3,CombBLAS-profile,wall,return_cleanup,2.4507000000000001e-05,0
ER_V20000_D8,128,3,CombBLAS-profile,wall,output_free,5.2099999999999997e-07,0
ER_V20000_D8,128,3,DCSC-profile,wall,total,0.003458343,0
ER_V20000_D8,128,3,DCSC-profile,wall,validate,2.8000000000000002e-07,0
ER_V20000_D8,128,3,DCSC-profile,wall,lookup_build,6.8199999999999999e-07,0
ER_V20000_D8,128,3,DCSC-profile,wall,scratch_setup,7.8991000000000003e-05,0
ER_V20000_D8,128,3,DCSC-profile,wall,work_bound,0.00026844500000000002,0
ER_V20000_D8,128,3,DCSC-profile,wall,symbolic_capacity,0.00013537,0
ER_V20000_D8,128,3,DCSC-profile,wall,symbolic,0.00026453700000000002,0
ER_V20000_D8,128,3,DCSC-profile,wall,prefix_numeric_capacity,9.0925000000000001e-05,0
ER_V20000_D8,128,3,DCSC-profile,wall,output_allocate,0.0015768640000000001,0
ER_V20000_D8,128,3,DCSC-profile,wall,numeric,0.0010396439999999999,0
ER_V20000_D8,128,3,DCSC-profile,wall,return_cleanup,1.5030000000000001e-06,0
ER_V20000_D8,128,3,DCSC-profile,wall,output_free,1.032e-06,0
ER_V20000_D8,128,3,CSC-profile,wall,total,0.0042364150000000003,0
ER_V20000_D8,128,3,CSC-profile,wall,validate,8.9100000000000002e-07,0
ER_V20000_D8,128,3,CSC-profile,wall,lookup_build,3.1e-08,0
ER_V20000_D8,128,3,CSC-profile,wall,scratch_setup,8.6285000000000005e-05,0
ER_V20000_D8,128,3,CSC-profile,wall,work_bound,0.000262594,0
ER_V20000_D8,128,3,CSC-profile,wall,symbolic_capacity,0.00014455699999999999,0
ER_V20000_D8,128,3,CSC-profile,wall,symbolic,0.00029352300000000002,0
ER_V20000_D8,128,3,CSC-profile,wall,prefix_numeric_capacity,0.000118928,0
ER_V20000_D8,128,3,CSC-profile,wall,output_allocate,0.0022377019999999998,0
ER_V20000_D8,128,3,CSC-profile,wall,numeric,0.001090321,0
ER_V20000_D8,128,3,CSC-profile,wall,return_cleanup,8.1200000000000002e-07,0
ER_V20000_D8,128,3,CSC-profile,wall,output_free,6.0100000000000005e-07,0
ER_V20000_D8,128,4,DCSC-profile,wall,total,0.0042458039999999997,0
ER_V20000_D8,128,4,DCSC-profile,wall,validate,2.41e-07,0
ER_V20000_D8,128,4,DCSC-profile,wall,lookup_build,1.9999999999999999e-07,0
ER_V20000_D8,128,4,DCSC-profile,wall,scratch_setup,8.8670000000000003e-05,0
ER_V20000_D8,128,4,DCSC-profile,wall,work_bound,0.00025563000000000002,0
ER_V20000_D8,128,4,DCSC-profile,wall,symbolic_capacity,0.000147403,0
ER_V20000_D8,128,4,DCSC-profile,wall,symbolic,0.00026489800000000001,0
ER_V20000_D8,128,4,DCSC-profile,wall,prefix_numeric_capacity,9.1836000000000006e-05,0
ER_V20000_D8,128,4,DCSC-profile,wall,output_allocate,0.002365378,0
ER_V20000_D8,128,4,DCSC-profile,wall,numeric,0.001029865,0
ER_V20000_D8,128,4,DCSC-profile,wall,return_cleanup,8.1200000000000002e-07,0
ER_V20000_D8,128,4,DCSC-profile,wall,output_free,8.0100000000000004e-07,0
ER_V20000_D8,128,4,CombBLAS-profile,wall,total,0.0074044619999999997,0
ER_V20000_D8,128,4,CombBLAS-profile,wall,lookup_build,6.1878000000000006e-05,0
ER_V20000_D8,128,4,CombBLAS-profile,wall,thread_setup,6.3903000000000001e-05,0
ER_V20000_D8,128,4,CombBLAS-profile,wall,work_bound,0.00038420700000000002,0
ER_V20000_D8,128,4,CombBLAS-profile,wall,work_prefix,5.766e-05,0
ER_V20000_D8,128,4,CombBLAS-profile,wall,symbolic,0.000487746,0
ER_V20000_D8,128,4,CombBLAS-profile,wall,output_prefix,5.8442000000000001e-05,0
ER_V20000_D8,128,4,CombBLAS-profile,wall,output_allocate,0.0047808399999999997,0
ER_V20000_D8,128,4,CombBLAS-profile,wall,numeric_scratch_setup,0.00018858199999999999,0
ER_V20000_D8,128,4,CombBLAS-profile,wall,numeric,0.0012959950000000001,0
ER_V20000_D8,128,4,CombBLAS-profile,wall,internal_cleanup,2.4549999999999998e-06,0
ER_V20000_D8,128,4,CombBLAS-profile,wall,return_cleanup,2.2022999999999999e-05,0
ER_V20000_D8,128,4,CombBLAS-profile,wall,output_free,6.61e-07,0
ER_V20000_D8,128,4,DCSC-sampled,wall,total,0.003483482,0
ER_V20000_D8,128,4,DCSC-sampled,wall,validate,5.9100000000000004e-07,0
ER_V20000_D8,128,4,DCSC-sampled,wall,lookup_build,2.41e-07,0
ER_V20000_D8,128,4,DCSC-sampled,wall,scratch_setup,4.8352000000000001e-05,0
ER_V20000_D8,128,4,DCSC-sampled,wall,work_bound,0.00024333699999999999,0
ER_V20000_D8,128,4,DCSC-sampled,wall,symbolic_capacity,0.00014725200000000001,0
ER_V20000_D8,128,4,DCSC-sampled,wall,symbolic,0.00029251100000000002,0
ER_V20000_D8,128,4,DCSC-sampled,wall,prefix_numeric_capacity,0.000111975,0
ER_V20000_D8,128,4,DCSC-sampled,wall,output_allocate,0.0015884569999999999,0
ER_V20000_D8,128,4,DCSC-sampled,wall,numeric,0.001049122,0
ER_V20000_D8,128,4,DCSC-sampled,wall,return_cleanup,8.8199999999999998e-07,0
ER_V20000_D8,128,4,DCSC-sampled,wall,output_free,7.0200000000000001e-07,0
ER_V20000_D8,128,4,DCSC-sampled,sampled_worker,lookup,0,10000
ER_V20000_D8,128,4,DCSC-sampled,sampled_worker,alloc_init,0.0028843109999999992,10000
ER_V20000_D8,128,4,DCSC-sampled,sampled_worker,lookup_multiply_hash,0.012419849999999998,10000
ER_V20000_D8,128,4,DCSC-sampled,sampled_worker,compact,0.0030943520000000007,10000
ER_V20000_D8,128,4,DCSC-sampled,sampled_worker,sort,0.014832883999999994,10000
ER_V20000_D8,128,4,DCSC-sampled,sampled_worker,write,0.021058843000000004,10000
ER_V20000_D8,128,4,DCSC-sampled,sampled_worker,scratch_free,0.010911101000000005,10000
ER_V20000_D8,128,4,CombBLAS-sampled,wall,total,0.0070931350000000004,0
ER_V20000_D8,128,4,CombBLAS-sampled,wall,lookup_build,4.0979000000000002e-05,0
ER_V20000_D8,128,4,CombBLAS-sampled,wall,thread_setup,3.9465999999999998e-05,0
ER_V20000_D8,128,4,CombBLAS-sampled,wall,work_bound,0.00029355199999999998,0
ER_V20000_D8,128,4,CombBLAS-sampled,wall,work_prefix,5.8202000000000003e-05,0
ER_V20000_D8,128,4,CombBLAS-sampled,wall,symbolic,0.00042216999999999998,0
ER_V20000_D8,128,4,CombBLAS-sampled,wall,output_prefix,6.4905000000000003e-05,0
ER_V20000_D8,128,4,CombBLAS-sampled,wall,output_allocate,0.0046898850000000004,0
ER_V20000_D8,128,4,CombBLAS-sampled,wall,numeric_scratch_setup,0.00018789999999999999,0
ER_V20000_D8,128,4,CombBLAS-sampled,wall,numeric,0.0012707479999999999,0
ER_V20000_D8,128,4,CombBLAS-sampled,wall,internal_cleanup,2.9749999999999999e-06,0
ER_V20000_D8,128,4,CombBLAS-sampled,wall,return_cleanup,2.1821999999999999e-05,0
ER_V20000_D8,128,4,CombBLAS-sampled,wall,output_free,4.7100000000000002e-07,0
ER_V20000_D8,128,4,CombBLAS-sampled,sampled_worker,lookup,0.011877383000000004,10000
ER_V20000_D8,128,4,CombBLAS-sampled,sampled_worker,alloc_init,0.0018039700000000009,10000
ER_V20000_D8,128,4,CombBLAS-sampled,sampled_worker,lookup_multiply_hash,0.0090572549999999967,10000
ER_V20000_D8,128,4,CombBLAS-sampled,sampled_worker,compact,0.0031936010000000016,10000
ER_V20000_D8,128,4,CombBLAS-sampled,sampled_worker,sort,0.014326142999999994,10000
ER_V20000_D8,128,4,CombBLAS-sampled,sampled_worker,write,0.0097484840000000052,10000
ER_V20000_D8,128,4,CombBLAS-sampled,sampled_worker,scratch_free,0.0032548169999999984,10000
ER_V20000_D8,128,4,CombBLAS-conversion,wall,total,0.010981151999999999,0
ER_V20000_D8,128,4,CombBLAS-conversion,wall,native_call,0.0044305489999999998,0
ER_V20000_D8,128,4,CombBLAS-conversion,wall,tuple_to_dcsc,0.0065475990000000003,0
ER_V20000_D8,128,4,CombBLAS-conversion,wall,dcsc_free,2.0439999999999998e-06,0
ER_V20000_D8,128,4,CombBLAS-conversion,wall,output_free,9.02e-07,0
ER_V20000_D8,128,4,DCSC-dense-lookup,wall,total,0.0031612329999999998,0
ER_V20000_D8,128,4,DCSC-dense-lookup,wall,native_call_and_free,0.0031602919999999999,0
ER_V20000_D8,128,4,DCSC-static,wall,total,0.0038484109999999999,0
ER_V20000_D8,128,4,DCSC-static,wall,native_call_and_free,0.003848111,0
ER_V20000_D8,128,4,DCSC-dense-static,wall,total,0.0031519260000000002,0
ER_V20000_D8,128,4,DCSC-dense-static,wall,native_call_and_free,0.0031514049999999999,0
ER_V20000_D8,128,4,Tuples-control,wall,total,0.0041059260000000002,0
ER_V20000_D8,128,4,Tuples-control,wall,native_call_and_free,0.0041053249999999999,0
ER_V20000_D8,128,4,Tuples-profile,wall,total,0.0057851559999999996,0
ER_V20000_D8,128,4,Tuples-profile,wall,validate,2.3999999999999998e-07,0
ER_V20000_D8,128,4,Tuples-profile,wall,lookup_build,4.0000000000000001e-08,0
ER_V20000_D8,128,4,Tuples-profile,wall,scratch_setup,8.6687000000000005e-05,0
ER_V20000_D8,128,4,Tuples-profile,wall,work_bound,0.00025046999999999998,0
ER_V20000_D8,128,4,Tuples-profile,wall,symbolic_capacity,0.00014697199999999999,0
ER_V20000_D8,128,4,Tuples-profile,wall,symbolic,0.00028552800000000001,0
ER_V20000_D8,128,4,Tuples-profile,wall,prefix_numeric_capacity,0.000122104,0
ER_V20000_D8,128,4,Tuples-profile,wall,output_allocate,0.0037859809999999999,0
ER_V20000_D8,128,4,Tuples-profile,wall,numeric,0.0011056309999999999,0
ER_V20000_D8,128,4,Tuples-profile,wall,return_cleanup,1.3230000000000001e-06,0
ER_V20000_D8,128,4,Tuples-profile,wall,output_free,1.1999999999999999e-07,0
ER_V20000_D8,128,4,CSC-control,wall,total,0.0040443670000000001,0
ER_V20000_D8,128,4,CSC-control,wall,native_call_and_free,0.0040442869999999997,0
ER_V20000_D8,128,4,DCSC-control,wall,total,0.0043558950000000003,0
ER_V20000_D8,128,4,DCSC-control,wall,native_call_and_free,0.0043558349999999997,0
ER_V20000_D8,128,4,CombBLAS-control,wall,total,0.0074340400000000003,0
ER_V20000_D8,128,4,CombBLAS-control,wall,native_call_and_free,0.0074332779999999998,0
ER_V20000_D8,128,4,CSC-profile,wall,total,0.0034552279999999999,0
ER_V20000_D8,128,4,CSC-profile,wall,validate,6.0100000000000005e-07,0
ER_V20000_D8,128,4,CSC-profile,wall,lookup_build,4.0000000000000001e-08,0
ER_V20000_D8,128,4,CSC-profile,wall,scratch_setup,4.9224000000000002e-05,0
ER_V20000_D8,128,4,CSC-profile,wall,work_bound,0.000259137,0
ER_V20000_D8,128,4,CSC-profile,wall,symbolic_capacity,0.00012919799999999999,0
ER_V20000_D8,128,4,CSC-profile,wall,symbolic,0.00027102000000000002,0
ER_V20000_D8,128,4,CSC-profile,wall,prefix_numeric_capacity,9.0793999999999998e-05,0
ER_V20000_D8,128,4,CSC-profile,wall,output_allocate,0.001560784,0
ER_V20000_D8,128,4,CSC-profile,wall,numeric,0.001092555,0
ER_V20000_D8,128,4,CSC-profile,wall,return_cleanup,8.9199999999999999e-07,0
ER_V20000_D8,128,4,CSC-profile,wall,output_free,9.1200000000000001e-07,0
ER_V20000_D8,128,5,DCSC-profile,wall,total,0.0042816829999999997,0
ER_V20000_D8,128,5,DCSC-profile,wall,validate,4.3099999999999998e-07,0
ER_V20000_D8,128,5,DCSC-profile,wall,lookup_build,4.0000000000000001e-08,0
ER_V20000_D8,128,5,DCSC-profile,wall,scratch_setup,8.9392000000000001e-05,0
ER_V20000_D8,128,5,DCSC-profile,wall,work_bound,0.00025019000000000002,0
ER_V20000_D8,128,5,DCSC-profile,wall,symbolic_capacity,0.00013233299999999999,0
ER_V20000_D8,128,5,DCSC-profile,wall,symbolic,0.00027087999999999998,0
ER_V20000_D8,128,5,DCSC-profile,wall,prefix_numeric_capacity,9.3128999999999996e-05,0
ER_V20000_D8,128,5,DCSC-profile,wall,output_allocate,0.0023893629999999998,0
ER_V20000_D8,128,5,DCSC-profile,wall,numeric,0.001054412,0
ER_V20000_D8,128,5,DCSC-profile,wall,return_cleanup,6.4099999999999998e-07,0
ER_V20000_D8,128,5,DCSC-profile,wall,output_free,8.1200000000000002e-07,0
ER_V20000_D8,128,5,CSC-profile,wall,total,0.0042813419999999996,0
ER_V20000_D8,128,5,CSC-profile,wall,validate,4.3000000000000001e-07,0
ER_V20000_D8,128,5,CSC-profile,wall,lookup_build,4.0000000000000001e-08,0
ER_V20000_D8,128,5,CSC-profile,wall,scratch_setup,8.5583999999999999e-05,0
ER_V20000_D8,128,5,CSC-profile,wall,work_bound,0.00025286500000000001,0
ER_V20000_D8,128,5,CSC-profile,wall,symbolic_capacity,0.000128026,0
ER_V20000_D8,128,5,CSC-profile,wall,symbolic,0.00026599000000000002,0
ER_V20000_D8,128,5,CSC-profile,wall,prefix_numeric_capacity,9.3519999999999999e-05,0
ER_V20000_D8,128,5,CSC-profile,wall,output_allocate,0.0023850249999999998,0
ER_V20000_D8,128,5,CSC-profile,wall,numeric,0.0010684889999999999,0
ER_V20000_D8,128,5,CSC-profile,wall,return_cleanup,6.3099999999999997e-07,0
ER_V20000_D8,128,5,CSC-profile,wall,output_free,6.7199999999999998e-07,0
ER_V20000_D8,128,5,CombBLAS-control,wall,total,0.0073164830000000004,0
ER_V20000_D8,128,5,CombBLAS-control,wall,native_call_and_free,0.0073159719999999996,0
ER_V20000_D8,128,5,DCSC-control,wall,total,0.0034747350000000001,0
ER_V20000_D8,128,5,DCSC-control,wall,native_call_and_free,0.0034744350000000001,0
ER_V20000_D8,128,5,CSC-control,wall,total,0.0042425579999999996,0
ER_V20000_D8,128,5,CSC-control,wall,native_call_and_free,0.004242287,0
ER_V20000_D8,128,5,Tuples-profile,wall,total,0.0068851870000000001,0
ER_V20000_D8,128,5,Tuples-profile,wall,validate,6.8199999999999999e-07,0
ER_V20000_D8,128,5,Tuples-profile,wall,lookup_build,2.1e-07,0
ER_V20000_D8,128,5,Tuples-profile,wall,scratch_setup,0.000122094,0
ER_V20000_D8,128,5,Tuples-profile,wall,work_bound,0.00026242300000000002,0
ER_V20000_D8,128,5,Tuples-profile,wall,symbolic_capacity,0.00013182299999999999,0
ER_V20000_D8,128,5,Tuples-profile,wall,symbolic,0.00026689200000000002,0
ER_V20000_D8,128,5,Tuples-profile,wall,prefix_numeric_capacity,9.1736000000000004e-05,0
ER_V20000_D8,128,5,Tuples-profile,wall,output_allocate,0.0048227110000000004,0
ER_V20000_D8,128,5,Tuples-profile,wall,numeric,0.001185153,0
ER_V20000_D8,128,5,Tuples-profile,wall,return_cleanup,8.6199999999999996e-07,0
ER_V20000_D8,128,5,Tuples-profile,wall,output_free,5.4099999999999999e-07,0
ER_V20000_D8,128,5,Tuples-control,wall,total,0.0060970850000000004,0
ER_V20000_D8,128,5,Tuples-control,wall,native_call_and_free,0.0060968139999999999,0
ER_V20000_D8,128,5,DCSC-dense-static,wall,total,0.0042237519999999999,0
ER_V20000_D8,128,5,DCSC-dense-static,wall,native_call_and_free,0.0042234910000000002,0
ER_V20000_D8,128,5,DCSC-static,wall,total,0.0033273819999999998,0
ER_V20000_D8,128,5,DCSC-static,wall,native_call_and_free,0.0033273119999999998,0
ER_V20000_D8,128,5,DCSC-dense-lookup,wall,total,0.0043013210000000003,0
ER_V20000_D8,128,5,DCSC-dense-lookup,wall,native_call_and_free,0.0043012600000000003,0
ER_V20000_D8,128,5,CombBLAS-conversion,wall,total,0.014256095,0
ER_V20000_D8,128,5,CombBLAS-conversion,wall,native_call,0.0076061289999999997,0
ER_V20000_D8,128,5,CombBLAS-conversion,wall,tuple_to_dcsc,0.0066465689999999997,0
ER_V20000_D8,128,5,CombBLAS-conversion,wall,dcsc_free,2.255e-06,0
ER_V20000_D8,128,5,CombBLAS-conversion,wall,output_free,1.082e-06,0
ER_V20000_D8,128,5,CombBLAS-sampled,wall,total,0.004462349,0
ER_V20000_D8,128,5,CombBLAS-sampled,wall,lookup_build,1.7173e-05,0
ER_V20000_D8,128,5,CombBLAS-sampled,wall,thread_setup,6.8701999999999994e-05,0
ER_V20000_D8,128,5,CombBLAS-sampled,wall,work_bound,0.000269156,0
ER_V20000_D8,128,5,CombBLAS-sampled,wall,work_prefix,6.3291000000000001e-05,0
ER_V20000_D8,128,5,CombBLAS-sampled,wall,symbolic,0.00055495499999999999,0
ER_V20000_D8,128,5,CombBLAS-sampled,wall,output_prefix,5.5124999999999998e-05,0
ER_V20000_D8,128,5,CombBLAS-sampled,wall,output_allocate,0.0018862480000000001,0
ER_V20000_D8,128,5,CombBLAS-sampled,wall,numeric_scratch_setup,0.000189233,0
ER_V20000_D8,128,5,CombBLAS-sampled,wall,numeric,0.001330583,0
ER_V20000_D8,128,5,CombBLAS-sampled,wall,internal_cleanup,2.4339999999999999e-06,0
ER_V20000_D8,128,5,CombBLAS-sampled,wall,return_cleanup,2.4828e-05,0
ER_V20000_D8,128,5,CombBLAS-sampled,wall,output_free,5.51e-07,0
ER_V20000_D8,128,5,CombBLAS-sampled,sampled_worker,lookup,0.013189530999999999,10000
ER_V20000_D8,128,5,CombBLAS-sampled,sampled_worker,alloc_init,0.0018548930000000011,10000
ER_V20000_D8,128,5,CombBLAS-sampled,sampled_worker,lookup_multiply_hash,0.0089323159999999974,10000
ER_V20000_D8,128,5,CombBLAS-sampled,sampled_worker,compact,0.0032210439999999984,10000
ER_V20000_D8,128,5,CombBLAS-sampled,sampled_worker,sort,0.014391164000000007,10000
ER_V20000_D8,128,5,CombBLAS-sampled,sampled_worker,write,0.010069992,10000
ER_V20000_D8,128,5,CombBLAS-sampled,sampled_worker,scratch_free,0.0034103549999999995,10000
ER_V20000_D8,128,5,DCSC-sampled,wall,total,0.0034494069999999998,0
ER_V20000_D8,128,5,DCSC-sampled,wall,validate,4.7100000000000002e-07,0
ER_V20000_D8,128,5,DCSC-sampled,wall,lookup_build,4.4099999999999999e-07,0
ER_V20000_D8,128,5,DCSC-sampled,wall,scratch_setup,7.6967999999999999e-05,0
ER_V20000_D8,128,5,DCSC-sampled,wall,work_bound,0.00026985799999999999,0
ER_V20000_D8,128,5,DCSC-sampled,wall,symbolic_capacity,0.000138415,0
ER_V20000_D8,128,5,DCSC-sampled,wall,symbolic,0.00027125000000000001,0
ER_V20000_D8,128,5,DCSC-sampled,wall,prefix_numeric_capacity,9.0513999999999994e-05,0
ER_V20000_D8,128,5,DCSC-sampled,wall,output_allocate,0.001574661,0
ER_V20000_D8,128,5,DCSC-sampled,wall,numeric,0.0010245650000000001,0
ER_V20000_D8,128,5,DCSC-sampled,wall,return_cleanup,9.8200000000000008e-07,0
ER_V20000_D8,128,5,DCSC-sampled,wall,output_free,1.212e-06,0
ER_V20000_D8,128,5,DCSC-sampled,sampled_worker,lookup,0,10000
ER_V20000_D8,128,5,DCSC-sampled,sampled_worker,alloc_init,0.0029047669999999995,10000
ER_V20000_D8,128,5,DCSC-sampled,sampled_worker,lookup_multiply_hash,0.012124901999999996,10000
ER_V20000_D8,128,5,DCSC-sampled,sampled_worker,compact,0.0030684710000000006,10000
ER_V20000_D8,128,5,DCSC-sampled,sampled_worker,sort,0.014870857999999999,10000
ER_V20000_D8,128,5,DCSC-sampled,sampled_worker,write,0.020360701999999998,10000
ER_V20000_D8,128,5,DCSC-sampled,sampled_worker,scratch_free,0.010555513000000004,10000
ER_V20000_D8,128,5,CombBLAS-profile,wall,total,0.0072247179999999998,0
ER_V20000_D8,128,5,CombBLAS-profile,wall,lookup_build,4.0297999999999999e-05,0
ER_V20000_D8,128,5,CombBLAS-profile,wall,thread_setup,4.0567e-05,0
ER_V20000_D8,128,5,CombBLAS-profile,wall,work_bound,0.00029337299999999998,0
ER_V20000_D8,128,5,CombBLAS-profile,wall,work_prefix,6.6497999999999999e-05,0
ER_V20000_D8,128,5,CombBLAS-profile,wall,symbolic,0.00054271099999999997,0
ER_V20000_D8,128,5,CombBLAS-profile,wall,output_prefix,5.9763999999999999e-05,0
ER_V20000_D8,128,5,CombBLAS-profile,wall,output_allocate,0.004722258,0
ER_V20000_D8,128,5,CombBLAS-profile,wall,numeric_scratch_setup,0.00018841100000000001,0
ER_V20000_D8,128,5,CombBLAS-profile,wall,numeric,0.001245108,0
ER_V20000_D8,128,5,CombBLAS-profile,wall,internal_cleanup,2.655e-06,0
ER_V20000_D8,128,5,CombBLAS-profile,wall,return_cleanup,2.2232999999999999e-05,0
ER_V20000_D8,128,5,CombBLAS-profile,wall,output_free,7.8199999999999999e-07,0
ER_V20000_D8,128,6,DCSC-sampled,wall,total,0.0033807440000000002,0
ER_V20000_D8,128,6,DCSC-sampled,wall,validate,2.11e-07,0
ER_V20000_D8,128,6,DCSC-sampled,wall,lookup_build,1.9999999999999999e-07,0
ER_V20000_D8,128,6,DCSC-sampled,wall,scratch_setup,4.7271000000000002e-05,0
ER_V20000_D8,128,6,DCSC-sampled,wall,work_bound,0.000247765,0
ER_V20000_D8,128,6,DCSC-sampled,wall,symbolic_capacity,0.000132955,0
ER_V20000_D8,128,6,DCSC-sampled,wall,symbolic,0.00026396600000000003,0
ER_V20000_D8,128,6,DCSC-sampled,wall,prefix_numeric_capacity,9.0334000000000006e-05,0
ER_V20000_D8,128,6,DCSC-sampled,wall,output_allocate,0.0015574269999999999,0
ER_V20000_D8,128,6,DCSC-sampled,wall,numeric,0.0010385520000000001,0
ER_V20000_D8,128,6,DCSC-sampled,wall,return_cleanup,1.032e-06,0
ER_V20000_D8,128,6,DCSC-sampled,wall,output_free,9.7199999999999997e-07,0
ER_V20000_D8,128,6,DCSC-sampled,sampled_worker,lookup,0,10000
ER_V20000_D8,128,6,DCSC-sampled,sampled_worker,alloc_init,0.0028678119999999991,10000
ER_V20000_D8,128,6,DCSC-sampled,sampled_worker,lookup_multiply_hash,0.011970547999999999,10000
ER_V20000_D8,128,6,DCSC-sampled,sampled_worker,compact,0.0030861389999999995,10000
ER_V20000_D8,128,6,DCSC-sampled,sampled_worker,sort,0.014818252999999991,10000
ER_V20000_D8,128,6,DCSC-sampled,sampled_worker,write,0.020679118999999985,10000
ER_V20000_D8,128,6,DCSC-sampled,sampled_worker,scratch_free,0.010799007000000003,10000
ER_V20000_D8,128,6,CombBLAS-sampled,wall,total,0.0071308279999999996,0
ER_V20000_D8,128,6,CombBLAS-sampled,wall,lookup_build,4.0748999999999999e-05,0
ER_V20000_D8,128,6,CombBLAS-sampled,wall,thread_setup,4.0367000000000002e-05,0
ER_V20000_D8,128,6,CombBLAS-sampled,wall,work_bound,0.00029439499999999998,0
ER_V20000_D8,128,6,CombBLAS-sampled,wall,work_prefix,5.7229999999999999e-05,0
ER_V20000_D8,128,6,CombBLAS-sampled,wall,symbolic,0.00040877300000000002,0
ER_V20000_D8,128,6,CombBLAS-sampled,wall,output_prefix,5.8613000000000003e-05,0
ER_V20000_D8,128,6,CombBLAS-sampled,wall,output_allocate,0.0047112869999999998,0
ER_V20000_D8,128,6,CombBLAS-sampled,wall,numeric_scratch_setup,0.00021033299999999999,0
ER_V20000_D8,128,6,CombBLAS-sampled,wall,numeric,0.0012825200000000001,0
ER_V20000_D8,128,6,CombBLAS-sampled,wall,internal_cleanup,3.196e-06,0
ER_V20000_D8,128,6,CombBLAS-sampled,wall,return_cleanup,2.2594000000000001e-05,0
ER_V20000_D8,128,6,CombBLAS-sampled,wall,output_free,7.1099999999999995e-07,0
ER_V20000_D8,128,6,CombBLAS-sampled,sampled_worker,lookup,0.011820412999999997,10000
ER_V20000_D8,128,6,CombBLAS-sampled,sampled_worker,alloc_init,0.0017077910000000006,10000
ER_V20000_D8,128,6,CombBLAS-sampled,sampled_worker,lookup_multiply_hash,0.0090418979999999961,10000
ER_V20000_D8,128,6,CombBLAS-sampled,sampled_worker,compact,0.0031893489999999997,10000
ER_V20000_D8,128,6,CombBLAS-sampled,sampled_worker,sort,0.014246136999999996,10000
ER_V20000_D8,128,6,CombBLAS-sampled,sampled_worker,write,0.0092376460000000004,10000
ER_V20000_D8,128,6,CombBLAS-sampled,sampled_worker,scratch_free,0.0031243960000000006,10000
ER_V20000_D8,128,6,CombBLAS-conversion,wall,total,0.011078108999999999,0
ER_V20000_D8,128,6,CombBLAS-conversion,wall,native_call,0.004455166,0
ER_V20000_D8,128,6,CombBLAS-conversion,wall,tuple_to_dcsc,0.0066195070000000002,0
ER_V20000_D8,128,6,CombBLAS-conversion,wall,dcsc_free,2.2840000000000001e-06,0
ER_V20000_D8,128,6,CombBLAS-conversion,wall,output_free,1.082e-06,0
ER_V20000_D8,128,6,DCSC-dense-lookup,wall,total,0.003130304,0
ER_V20000_D8,128,6,DCSC-dense-lookup,wall,native_call_and_free,0.0031297529999999999,0
ER_V20000_D8,128,6,DCSC-static,wall,total,0.0039012830000000002,0
ER_V20000_D8,128,6,DCSC-static,wall,native_call_and_free,0.003900822,0
ER_V20000_D8,128,6,DCSC-dense-static,wall,total,0.0031699599999999999,0
ER_V20000_D8,128,6,DCSC-dense-static,wall,native_call_and_free,0.0031697000000000001,0
ER_V20000_D8,128,6,Tuples-control,wall,total,0.0040390670000000004,0
ER_V20000_D8,128,6,Tuples-control,wall,native_call_and_free,0.0040388070000000002,0
ER_V20000_D8,128,6,Tuples-profile,wall,total,0.0057408520000000003,0
ER_V20000_D8,128,6,Tuples-profile,wall,validate,2.6100000000000002e-07,0
ER_V20000_D8,128,6,Tuples-profile,wall,lookup_build,4.0000000000000001e-08,0
ER_V20000_D8,128,6,Tuples-profile,wall,scratch_setup,8.9450999999999994e-05,0
ER_V20000_D8,128,6,Tuples-profile,wall,work_bound,0.00024383799999999999,0
ER_V20000_D8,128,6,Tuples-profile,wall,symbolic_capacity,0.000131502,0
ER_V20000_D8,128,6,Tuples-profile,wall,symbolic,0.00026677200000000003,0
ER_V20000_D8,128,6,Tuples-profile,wall,prefix_numeric_capacity,9.1164999999999999e-05,0
ER_V20000_D8,128,6,Tuples-profile,wall,output_allocate,0.0038336529999999998,0
ER_V20000_D8,128,6,Tuples-profile,wall,numeric,0.001082146,0
ER_V20000_D8,128,6,Tuples-profile,wall,return_cleanup,1.663e-06,0
ER_V20000_D8,128,6,Tuples-profile,wall,output_free,3.0100000000000001e-07,0
ER_V20000_D8,128,6,CSC-control,wall,total,0.0039522309999999996,0
ER_V20000_D8,128,6,CSC-control,wall,native_call_and_free,0.0039521510000000001,0
ER_V20000_D8,128,6,DCSC-control,wall,total,0.0042641190000000002,0
ER_V20000_D8,128,6,DCSC-control,wall,native_call_and_free,0.0042640589999999997,0
ER_V20000_D8,128,6,CombBLAS-control,wall,total,0.0074302320000000002,0
ER_V20000_D8,128,6,CombBLAS-control,wall,native_call_and_free,0.0074299709999999996,0
ER_V20000_D8,128,6,CSC-profile,wall,total,0.0034505489999999998,0
ER_V20000_D8,128,6,CSC-profile,wall,validate,6.1099999999999995e-07,0
ER_V20000_D8,128,6,CSC-profile,wall,lookup_build,4.0000000000000001e-08,0
ER_V20000_D8,128,6,CSC-profile,wall,scratch_setup,4.7861999999999997e-05,0
ER_V20000_D8,128,6,CSC-profile,wall,work_bound,0.000259788,0
ER_V20000_D8,128,6,CSC-profile,wall,symbolic_capacity,0.00012964899999999999,0
ER_V20000_D8,128,6,CSC-profile,wall,symbolic,0.00026883499999999998,0
ER_V20000_D8,128,6,CSC-profile,wall,prefix_numeric_capacity,9.0895000000000003e-05,0
ER_V20000_D8,128,6,CSC-profile,wall,output_allocate,0.001558359,0
ER_V20000_D8,128,6,CSC-profile,wall,numeric,0.001092064,0
ER_V20000_D8,128,6,CSC-profile,wall,return_cleanup,1.243e-06,0
ER_V20000_D8,128,6,CSC-profile,wall,output_free,1.142e-06,0
ER_V20000_D8,128,6,DCSC-profile,wall,total,0.004260181,0
ER_V20000_D8,128,6,DCSC-profile,wall,validate,4.4099999999999999e-07,0
ER_V20000_D8,128,6,DCSC-profile,wall,lookup_build,1.9999999999999999e-07,0
ER_V20000_D8,128,6,DCSC-profile,wall,scratch_setup,8.9110999999999994e-05,0
ER_V20000_D8,128,6,DCSC-profile,wall,work_bound,0.00026363599999999998,0
ER_V20000_D8,128,6,DCSC-profile,wall,symbolic_capacity,0.00015342399999999999,0
ER_V20000_D8,128,6,DCSC-profile,wall,symbolic,0.00029035699999999998,0
ER_V20000_D8,128,6,DCSC-profile,wall,prefix_numeric_capacity,0.000132855,0
ER_V20000_D8,128,6,DCSC-profile,wall,output_allocate,0.0022848120000000002,0
ER_V20000_D8,128,6,DCSC-profile,wall,numeric,0.0010431010000000001,0
ER_V20000_D8,128,6,DCSC-profile,wall,return_cleanup,1.012e-06,0
ER_V20000_D8,128,6,DCSC-profile,wall,output_free,1.1620000000000001e-06,0
ER_V20000_D8,128,6,CombBLAS-profile,wall,total,0.0072535229999999996,0
ER_V20000_D8,128,6,CombBLAS-profile,wall,lookup_build,6.1587999999999994e-05,0
ER_V20000_D8,128,6,CombBLAS-profile,wall,thread_setup,6.5415999999999998e-05,0
ER_V20000_D8,128,6,CombBLAS-profile,wall,work_bound,0.00037762400000000002,0
ER_V20000_D8,128,6,CombBLAS-profile,wall,work_prefix,5.7521e-05,0
ER_V20000_D8,128,6,CombBLAS-profile,wall,symbolic,0.00046041300000000001,0
ER_V20000_D8,128,6,CombBLAS-profile,wall,output_prefix,5.7649999999999999e-05,0
ER_V20000_D8,128,6,CombBLAS-profile,wall,output_allocate,0.0046788250000000002,0
ER_V20000_D8,128,6,CombBLAS-profile,wall,numeric_scratch_setup,0.00018740900000000001,0
ER_V20000_D8,128,6,CombBLAS-profile,wall,numeric,0.001282079,0
ER_V20000_D8,128,6,CombBLAS-profile,wall,internal_cleanup,2.0540000000000002e-06,0
ER_V20000_D8,128,6,CombBLAS-profile,wall,return_cleanup,2.1902000000000001e-05,0
ER_V20000_D8,128,6,CombBLAS-profile,wall,output_free,9.7199999999999997e-07,0
ER_V20000_D8,128,7,DCSC-sampled,wall,total,0.0034590950000000001,0
ER_V20000_D8,128,7,DCSC-sampled,wall,validate,4.2100000000000002e-07,0
ER_V20000_D8,128,7,DCSC-sampled,wall,lookup_build,2.2999999999999999e-07,0
ER_V20000_D8,128,7,DCSC-sampled,wall,scratch_setup,4.7651999999999997e-05,0
ER_V20000_D8,128,7,DCSC-sampled,wall,work_bound,0.00024002999999999999,0
ER_V20000_D8,128,7,DCSC-sampled,wall,symbolic_capacity,0.000134979,0
ER_V20000_D8,128,7,DCSC-sampled,wall,symbolic,0.00027067900000000002,0
ER_V20000_D8,128,7,DCSC-sampled,wall,prefix_numeric_capacity,0.00013522999999999999,0
ER_V20000_D8,128,7,DCSC-sampled,wall,output_allocate,0.0015849799999999999,0
ER_V20000_D8,128,7,DCSC-sampled,wall,numeric,0.0010431209999999999,0
ER_V20000_D8,128,7,DCSC-sampled,wall,return_cleanup,1.0720000000000001e-06,0
ER_V20000_D8,128,7,DCSC-sampled,wall,output_free,6.3099999999999997e-07,0
ER_V20000_D8,128,7,DCSC-sampled,sampled_worker,lookup,0,10000
ER_V20000_D8,128,7,DCSC-sampled,sampled_worker,alloc_init,0.0028620600000000005,10000
ER_V20000_D8,128,7,DCSC-sampled,sampled_worker,lookup_multiply_hash,0.011907244999999999,10000
ER_V20000_D8,128,7,DCSC-sampled,sampled_worker,compact,0.0030971879999999994,10000
ER_V20000_D8,128,7,DCSC-sampled,sampled_worker,sort,0.014845434000000005,10000
ER_V20000_D8,128,7,DCSC-sampled,sampled_worker,write,0.021456031999999996,10000
ER_V20000_D8,128,7,DCSC-sampled,sampled_worker,scratch_free,0.010749066999999999,10000
ER_V20000_D8,128,7,CombBLAS-profile,wall,total,0.0072590229999999999,0
ER_V20000_D8,128,7,CombBLAS-profile,wall,lookup_build,4.0577999999999997e-05,0
ER_V20000_D8,128,7,CombBLAS-profile,wall,thread_setup,4.3424000000000003e-05,0
ER_V20000_D8,128,7,CombBLAS-profile,wall,work_bound,0.00029311199999999999,0
ER_V20000_D8,128,7,CombBLAS-profile,wall,work_prefix,5.7630999999999998e-05,0
ER_V20000_D8,128,7,CombBLAS-profile,wall,symbolic,0.00042428300000000002,0
ER_V20000_D8,128,7,CombBLAS-profile,wall,output_prefix,5.9505e-05,0
ER_V20000_D8,128,7,CombBLAS-profile,wall,output_allocate,0.0048538590000000003,0
ER_V20000_D8,128,7,CombBLAS-profile,wall,numeric_scratch_setup,0.000185446,0
ER_V20000_D8,128,7,CombBLAS-profile,wall,numeric,0.001275897,0
ER_V20000_D8,128,7,CombBLAS-profile,wall,internal_cleanup,2.926e-06,0
ER_V20000_D8,128,7,CombBLAS-profile,wall,return_cleanup,2.1702e-05,0
ER_V20000_D8,128,7,CombBLAS-profile,wall,output_free,6.0100000000000005e-07,0
ER_V20000_D8,128,7,DCSC-profile,wall,total,0.003366918,0
ER_V20000_D8,128,7,DCSC-profile,wall,validate,4.1100000000000001e-07,0
ER_V20000_D8,128,7,DCSC-profile,wall,lookup_build,2.1e-07,0
ER_V20000_D8,128,7,DCSC-profile,wall,scratch_setup,4.6179e-05,0
ER_V20000_D8,128,7,DCSC-profile,wall,work_bound,0.00025325599999999999,0
ER_V20000_D8,128,7,DCSC-profile,wall,symbolic_capacity,0.00013568,0
ER_V20000_D8,128,7,DCSC-profile,wall,symbolic,0.00026519800000000002,0
ER_V20000_D8,128,7,DCSC-profile,wall,prefix_numeric_capacity,9.1045000000000007e-05,0
ER_V20000_D8,128,7,DCSC-profile,wall,output_allocate,0.0015246140000000001,0
ER_V20000_D8,128,7,DCSC-profile,wall,numeric,0.00104779,0
ER_V20000_D8,128,7,DCSC-profile,wall,return_cleanup,1.5629999999999999e-06,0
ER_V20000_D8,128,7,DCSC-profile,wall,output_free,9.02e-07,0
ER_V20000_D8,128,7,CSC-profile,wall,total,0.0042409650000000002,0
ER_V20000_D8,128,7,CSC-profile,wall,validate,2.6100000000000002e-07,0
ER_V20000_D8,128,7,CSC-profile,wall,lookup_build,4.0000000000000001e-08,0
ER_V20000_D8,128,7,CSC-profile,wall,scratch_setup,8.5734000000000003e-05,0
ER_V20000_D8,128,7,CSC-profile,wall,work_bound,0.00026543900000000002,0
ER_V20000_D8,128,7,CSC-profile,wall,symbolic_capacity,0.00013052100000000001,0
ER_V20000_D8,128,7,CSC-profile,wall,symbolic,0.00027077900000000002,0
ER_V20000_D8,128,7,CSC-profile,wall,prefix_numeric_capacity,9.2948000000000005e-05,0
ER_V20000_D8,128,7,CSC-profile,wall,output_allocate,0.0023116249999999999,0
ER_V20000_D8,128,7,CSC-profile,wall,numeric,0.001081715,0
ER_V20000_D8,128,7,CSC-profile,wall,return_cleanup,8.6099999999999999e-07,0
ER_V20000_D8,128,7,CSC-profile,wall,output_free,9.9199999999999999e-07,0
ER_V20000_D8,128,7,CombBLAS-control,wall,total,0.0073165840000000001,0
ER_V20000_D8,128,7,CombBLAS-control,wall,native_call_and_free,0.0073160830000000001,0
ER_V20000_D8,128,7,DCSC-control,wall,total,0.0034987999999999998,0
ER_V20000_D8,128,7,DCSC-control,wall,native_call_and_free,0.0034985210000000001,0
ER_V20000_D8,128,7,CSC-control,wall,total,0.0041591479999999997,0
ER_V20000_D8,128,7,CSC-control,wall,native_call_and_free,0.0041588770000000001,0
ER_V20000_D8,128,7,Tuples-profile,wall,total,0.0073594259999999996,0
ER_V20000_D8,128,7,Tuples-profile,wall,validate,4.8100000000000003e-07,0
ER_V20000_D8,128,7,Tuples-profile,wall,lookup_build,4.0000000000000001e-08,0
ER_V20000_D8,128,7,Tuples-profile,wall,scratch_setup,9.6655000000000002e-05,0
ER_V20000_D8,128,7,Tuples-profile,wall,work_bound,0.00025166300000000001,0
ER_V20000_D8,128,7,Tuples-profile,wall,symbolic_capacity,0.00013716299999999999,0
ER_V20000_D8,128,7,Tuples-profile,wall,symbolic,0.00026975799999999999,0
ER_V20000_D8,128,7,Tuples-profile,wall,prefix_numeric_capacity,9.1766000000000002e-05,0
ER_V20000_D8,128,7,Tuples-profile,wall,output_allocate,0.0053297029999999999,0
ER_V20000_D8,128,7,Tuples-profile,wall,numeric,0.001180705,0
ER_V20000_D8,128,7,Tuples-profile,wall,return_cleanup,1.122e-06,0
ER_V20000_D8,128,7,Tuples-profile,wall,output_free,2.9999999999999999e-07,0
ER_V20000_D8,128,7,Tuples-control,wall,total,0.006926275,0
ER_V20000_D8,128,7,Tuples-control,wall,native_call_and_free,0.0069260040000000004,0
ER_V20000_D8,128,7,DCSC-dense-static,wall,total,0.0044122529999999997,0
ER_V20000_D8,128,7,DCSC-dense-static,wall,native_call_and_free,0.0044120019999999999,0
ER_V20000_D8,128,7,DCSC-static,wall,total,0.0032824669999999999,0
ER_V20000_D8,128,7,DCSC-static,wall,native_call_and_free,0.0032823969999999998,0
ER_V20000_D8,128,7,DCSC-dense-lookup,wall,total,0.0034657080000000001,0
ER_V20000_D8,128,7,DCSC-dense-lookup,wall,native_call_and_free,0.0034656270000000002,0
ER_V20000_D8,128,7,CombBLAS-conversion,wall,total,0.014241014999999999,0
ER_V20000_D8,128,7,CombBLAS-conversion,wall,native_call,0.0076275409999999998,0
ER_V20000_D8,128,7,CombBLAS-conversion,wall,tuple_to_dcsc,0.0066106100000000003,0
ER_V20000_D8,128,7,CombBLAS-conversion,wall,dcsc_free,1.9130000000000001e-06,0
ER_V20000_D8,128,7,CombBLAS-conversion,wall,output_free,8.9199999999999999e-07,0
ER_V20000_D8,128,7,CombBLAS-sampled,wall,total,0.004487848,0
ER_V20000_D8,128,7,CombBLAS-sampled,wall,lookup_build,1.9147000000000002e-05,0
ER_V20000_D8,128,7,CombBLAS-sampled,wall,thread_setup,6.4172999999999997e-05,0
ER_V20000_D8,128,7,CombBLAS-sampled,wall,work_bound,0.000265259,0
ER_V20000_D8,128,7,CombBLAS-sampled,wall,work_prefix,5.3461999999999997e-05,0
ER_V20000_D8,128,7,CombBLAS-sampled,wall,symbolic,0.000430276,0
ER_V20000_D8,128,7,CombBLAS-sampled,wall,output_prefix,5.6558000000000003e-05,0
ER_V20000_D8,128,7,CombBLAS-sampled,wall,output_allocate,0.0020584980000000002,0
ER_V20000_D8,128,7,CombBLAS-sampled,wall,numeric_scratch_setup,0.000188963,0
ER_V20000_D8,128,7,CombBLAS-sampled,wall,numeric,0.0013266549999999999,0
ER_V20000_D8,128,7,CombBLAS-sampled,wall,internal_cleanup,1.463e-06,0
ER_V20000_D8,128,7,CombBLAS-sampled,wall,return_cleanup,2.2663e-05,0
ER_V20000_D8,128,7,CombBLAS-sampled,wall,output_free,6.7100000000000001e-07,0
ER_V20000_D8,128,7,CombBLAS-sampled,sampled_worker,lookup,0.013299737000000004,10000
ER_V20000_D8,128,7,CombBLAS-sampled,sampled_worker,alloc_init,0.0019453700000000014,10000
ER_V20000_D8,128,7,CombBLAS-sampled,sampled_worker,lookup_multiply_hash,0.009088502,10000
ER_V20000_D8,128,7,CombBLAS-sampled,sampled_worker,compact,0.003238499000000001,10000
ER_V20000_D8,128,7,CombBLAS-sampled,sampled_worker,sort,0.014520669000000003,10000
ER_V20000_D8,128,7,CombBLAS-sampled,sampled_worker,write,0.010796755999999999,10000
ER_V20000_D8,128,7,CombBLAS-sampled,sampled_worker,scratch_free,0.0035712850000000009,10000
ER_V20000_D8,128,8,CombBLAS-conversion,wall,total,0.010917702,0
ER_V20000_D8,128,8,CombBLAS-conversion,wall,native_call,0.0044087670000000001,0
ER_V20000_D8,128,8,CombBLAS-conversion,wall,tuple_to_dcsc,0.0065055979999999996,0
ER_V20000_D8,128,8,CombBLAS-conversion,wall,dcsc_free,2.165e-06,0
ER_V20000_D8,128,8,CombBLAS-conversion,wall,output_free,1.1119999999999999e-06,0
ER_V20000_D8,128,8,DCSC-dense-lookup,wall,total,0.0031981940000000001,0
ER_V20000_D8,128,8,DCSC-dense-lookup,wall,native_call_and_free,0.003197933,0
ER_V20000_D8,128,8,DCSC-static,wall,total,0.003885622,0
ER_V20000_D8,128,8,DCSC-static,wall,native_call_and_free,0.0038853619999999998,0
ER_V20000_D8,128,8,DCSC-dense-static,wall,total,0.0032109299999999999,0
ER_V20000_D8,128,8,DCSC-dense-static,wall,native_call_and_free,0.0032104479999999999,0
ER_V20000_D8,128,8,Tuples-control,wall,total,0.004048004,0
ER_V20000_D8,128,8,Tuples-control,wall,native_call_and_free,0.0040474029999999998,0
ER_V20000_D8,128,8,Tuples-profile,wall,total,0.005722797,0
ER_V20000_D8,128,8,Tuples-profile,wall,validate,2.4999999999999999e-07,0
ER_V20000_D8,128,8,Tuples-profile,wall,lookup_build,2.9999999999999997e-08,0
ER_V20000_D8,128,8,Tuples-profile,wall,scratch_setup,8.8169000000000002e-05,0
ER_V20000_D8,128,8,Tuples-profile,wall,work_bound,0.000243036,0
ER_V20000_D8,128,8,Tuples-profile,wall,symbolic_capacity,0.000131192,0
ER_V20000_D8,128,8,Tuples-profile,wall,symbolic,0.00026582,0
ER_V20000_D8,128,8,Tuples-profile,wall,prefix_numeric_capacity,9.0754000000000006e-05,0
ER_V20000_D8,128,8,Tuples-profile,wall,output_allocate,0.003816851,0
ER_V20000_D8,128,8,Tuples-profile,wall,numeric,0.0010850009999999999,0
ER_V20000_D8,128,8,Tuples-profile,wall,return_cleanup,1.342e-06,0
ER_V20000_D8,128,8,Tuples-profile,wall,output_free,3.0100000000000001e-07,0
ER_V20000_D8,128,8,CSC-control,wall,total,0.0040168340000000004,0
ER_V20000_D8,128,8,CSC-control,wall,native_call_and_free,0.0040165540000000003,0
ER_V20000_D8,128,8,DCSC-control,wall,total,0.0042367070000000001,0
ER_V20000_D8,128,8,DCSC-control,wall,native_call_and_free,0.0042364259999999997,0
ER_V20000_D8,128,8,CombBLAS-control,wall,total,0.0074323169999999999,0
ER_V20000_D8,128,8,CombBLAS-control,wall,native_call_and_free,0.007432035,0
ER_V20000_D8,128,8,CSC-profile,wall,total,0.0034912469999999998,0
ER_V20000_D8,128,8,CSC-profile,wall,validate,4.51e-07,0
ER_V20000_D8,128,8,CSC-profile,wall,lookup_build,2.9999999999999997e-08,0
ER_V20000_D8,128,8,CSC-profile,wall,scratch_setup,6.7639999999999996e-05,0
ER_V20000_D8,128,8,CSC-profile,wall,work_bound,0.00027335400000000001,0
ER_V20000_D8,128,8,CSC-profile,wall,symbolic_capacity,0.000148605,0
ER_V20000_D8,128,8,CSC-profile,wall,symbolic,0.00026929699999999999,0
ER_V20000_D8,128,8,CSC-profile,wall,prefix_numeric_capacity,9.0463000000000004e-05,0
ER_V20000_D8,128,8,CSC-profile,wall,output_allocate,0.0015563650000000001,0
ER_V20000_D8,128,8,CSC-profile,wall,numeric,0.001082396,0
ER_V20000_D8,128,8,CSC-profile,wall,return_cleanup,1.5740000000000001e-06,0
ER_V20000_D8,128,8,CSC-profile,wall,output_free,1.0109999999999999e-06,0
ER_V20000_D8,128,8,DCSC-profile,wall,total,0.00419149,0
ER_V20000_D8,128,8,DCSC-profile,wall,validate,7.4199999999999995e-07,0
ER_V20000_D8,128,8,DCSC-profile,wall,lookup_build,2.1e-07,0
ER_V20000_D8,128,8,DCSC-profile,wall,scratch_setup,8.8109000000000006e-05,0
ER_V20000_D8,128,8,DCSC-profile,wall,work_bound,0.00024727400000000002,0
ER_V20000_D8,128,8,DCSC-profile,wall,symbolic_capacity,0.00013368700000000001,0
ER_V20000_D8,128,8,DCSC-profile,wall,symbolic,0.00027907499999999999,0
ER_V20000_D8,128,8,DCSC-profile,wall,prefix_numeric_capacity,0.00011898800000000001,0
ER_V20000_D8,128,8,DCSC-profile,wall,output_allocate,0.0022875880000000001,0
ER_V20000_D8,128,8,DCSC-profile,wall,numeric,0.0010336029999999999,0
ER_V20000_D8,128,8,DCSC-profile,wall,return_cleanup,8.9100000000000002e-07,0
ER_V20000_D8,128,8,DCSC-profile,wall,output_free,1.263e-06,0
ER_V20000_D8,128,8,CombBLAS-profile,wall,total,0.0073420719999999998,0
ER_V20000_D8,128,8,CombBLAS-profile,wall,lookup_build,4.1369000000000003e-05,0
ER_V20000_D8,128,8,CombBLAS-profile,wall,thread_setup,4.1189000000000002e-05,0
ER_V20000_D8,128,8,CombBLAS-profile,wall,work_bound,0.00032479299999999998,0
ER_V20000_D8,128,8,CombBLAS-profile,wall,work_prefix,8.0164e-05,0
ER_V20000_D8,128,8,CombBLAS-profile,wall,symbolic,0.00053017699999999995,0
ER_V20000_D8,128,8,CombBLAS-profile,wall,output_prefix,5.9073000000000002e-05,0
ER_V20000_D8,128,8,CombBLAS-profile,wall,output_allocate,0.0047905090000000001,0
ER_V20000_D8,128,8,CombBLAS-profile,wall,numeric_scratch_setup,0.00018914299999999999,0
ER_V20000_D8,128,8,CombBLAS-profile,wall,numeric,0.001259856,0
ER_V20000_D8,128,8,CombBLAS-profile,wall,internal_cleanup,2.7659999999999999e-06,0
ER_V20000_D8,128,8,CombBLAS-profile,wall,return_cleanup,2.1761999999999999e-05,0
ER_V20000_D8,128,8,CombBLAS-profile,wall,output_free,1.062e-06,0
ER_V20000_D8,128,8,DCSC-sampled,wall,total,0.0034047000000000001,0
ER_V20000_D8,128,8,DCSC-sampled,wall,validate,4.4099999999999999e-07,0
ER_V20000_D8,128,8,DCSC-sampled,wall,lookup_build,4.0000000000000001e-08,0
ER_V20000_D8,128,8,DCSC-sampled,wall,scratch_setup,4.8442000000000001e-05,0
ER_V20000_D8,128,8,DCSC-sampled,wall,work_bound,0.000249118,0
ER_V20000_D8,128,8,DCSC-sampled,wall,symbolic_capacity,0.00013525000000000001,0
ER_V20000_D8,128,8,DCSC-sampled,wall,symbolic,0.000263675,0
ER_V20000_D8,128,8,DCSC-sampled,wall,prefix_numeric_capacity,9.0353999999999996e-05,0
ER_V20000_D8,128,8,DCSC-sampled,wall,output_allocate,0.001583777,0
ER_V20000_D8,128,8,DCSC-sampled,wall,numeric,0.0010316990000000001,0
ER_V20000_D8,128,8,DCSC-sampled,wall,return_cleanup,9.9199999999999999e-07,0
ER_V20000_D8,128,8,DCSC-sampled,wall,output_free,8.5199999999999995e-07,0
ER_V20000_D8,128,8,DCSC-sampled,sampled_worker,lookup,0,10000
ER_V20000_D8,128,8,DCSC-sampled,sampled_worker,alloc_init,0.0028652089999999988,10000
ER_V20000_D8,128,8,DCSC-sampled,sampled_worker,lookup_multiply_hash,0.011614720999999995,10000
ER_V20000_D8,128,8,DCSC-sampled,sampled_worker,compact,0.0031076359999999991,10000
ER_V20000_D8,128,8,DCSC-sampled,sampled_worker,sort,0.014819107000000003,10000
ER_V20000_D8,128,8,DCSC-sampled,sampled_worker,write,0.020882216999999995,10000
ER_V20000_D8,128,8,DCSC-sampled,sampled_worker,scratch_free,0.010985037999999999,10000
ER_V20000_D8,128,8,CombBLAS-sampled,wall,total,0.0072662380000000004,0
ER_V20000_D8,128,8,CombBLAS-sampled,wall,lookup_build,4.0967999999999998e-05,0
ER_V20000_D8,128,8,CombBLAS-sampled,wall,thread_setup,4.1329999999999999e-05,0
ER_V20000_D8,128,8,CombBLAS-sampled,wall,work_bound,0.000289845,0
ER_V20000_D8,128,8,CombBLAS-sampled,wall,work_prefix,5.7500999999999997e-05,0
ER_V20000_D8,128,8,CombBLAS-sampled,wall,symbolic,0.00042212899999999998,0
ER_V20000_D8,128,8,CombBLAS-sampled,wall,output_prefix,5.7129999999999997e-05,0
ER_V20000_D8,128,8,CombBLAS-sampled,wall,output_allocate,0.0048751410000000004,0
ER_V20000_D8,128,8,CombBLAS-sampled,wall,numeric_scratch_setup,0.00021014300000000001,0
ER_V20000_D8,128,8,CombBLAS-sampled,wall,numeric,0.0012469219999999999,0
ER_V20000_D8,128,8,CombBLAS-sampled,wall,internal_cleanup,2.8150000000000002e-06,0
ER_V20000_D8,128,8,CombBLAS-sampled,wall,return_cleanup,2.1661000000000001e-05,0
ER_V20000_D8,128,8,CombBLAS-sampled,wall,output_free,5.9200000000000001e-07,0
ER_V20000_D8,128,8,CombBLAS-sampled,sampled_worker,lookup,0.012189118999999998,10000
ER_V20000_D8,128,8,CombBLAS-sampled,sampled_worker,alloc_init,0.0017154980000000004,10000
ER_V20000_D8,128,8,CombBLAS-sampled,sampled_worker,lookup_multiply_hash,0.0090486049999999995,10000
ER_V20000_D8,128,8,CombBLAS-sampled,sampled_worker,compact,0.0031973089999999993,10000
ER_V20000_D8,128,8,CombBLAS-sampled,sampled_worker,sort,0.014284092000000007,10000
ER_V20000_D8,128,8,CombBLAS-sampled,sampled_worker,write,0.0095407649999999962,10000
ER_V20000_D8,128,8,CombBLAS-sampled,sampled_worker,scratch_free,0.0032871150000000002,10000
ER_V20000_D8,128,9,CombBLAS-conversion,wall,total,0.010979328999999999,0
ER_V20000_D8,128,9,CombBLAS-conversion,wall,native_call,0.0043892189999999998,0
ER_V20000_D8,128,9,CombBLAS-conversion,wall,tuple_to_dcsc,0.0065868840000000003,0
ER_V20000_D8,128,9,CombBLAS-conversion,wall,dcsc_free,2.1040000000000001e-06,0
ER_V20000_D8,128,9,CombBLAS-conversion,wall,output_free,1.062e-06,0
ER_V20000_D8,128,9,CombBLAS-sampled,wall,total,0.0044152590000000004,0
ER_V20000_D8,128,9,CombBLAS-sampled,wall,lookup_build,1.7513999999999999e-05,0
ER_V20000_D8,128,9,CombBLAS-sampled,wall,thread_setup,6.5094999999999999e-05,0
ER_V20000_D8,128,9,CombBLAS-sampled,wall,work_bound,0.00026589000000000002,0
ER_V20000_D8,128,9,CombBLAS-sampled,wall,work_prefix,5.3542000000000003e-05,0
ER_V20000_D8,128,9,CombBLAS-sampled,wall,symbolic,0.00043607699999999999,0
ER_V20000_D8,128,9,CombBLAS-sampled,wall,output_prefix,5.4004e-05,0
ER_V20000_D8,128,9,CombBLAS-sampled,wall,output_allocate,0.0019731039999999998,0
ER_V20000_D8,128,9,CombBLAS-sampled,wall,numeric_scratch_setup,0.00019404200000000001,0
ER_V20000_D8,128,9,CombBLAS-sampled,wall,numeric,0.0013308630000000001,0
ER_V20000_D8,128,9,CombBLAS-sampled,wall,internal_cleanup,1.733e-06,0
ER_V20000_D8,128,9,CombBLAS-sampled,wall,return_cleanup,2.2574000000000001e-05,0
ER_V20000_D8,128,9,CombBLAS-sampled,wall,output_free,7.7100000000000001e-07,0
ER_V20000_D8,128,9,CombBLAS-sampled,sampled_worker,lookup,0.013904737999999998,10000
ER_V20000_D8,128,9,CombBLAS-sampled,sampled_worker,alloc_init,0.001845189000000001,10000
ER_V20000_D8,128,9,CombBLAS-sampled,sampled_worker,lookup_multiply_hash,0.0090372049999999961,10000
ER_V20000_D8,128,9,CombBLAS-sampled,sampled_worker,compact,0.0032029359999999991,10000
ER_V20000_D8,128,9,CombBLAS-sampled,sampled_worker,sort,0.014274230000000001,10000
ER_V20000_D8,128,9,CombBLAS-sampled,sampled_worker,write,0.010680033000000004,10000
ER_V20000_D8,128,9,CombBLAS-sampled,sampled_worker,scratch_free,0.003508229999999998,10000
ER_V20000_D8,128,9,DCSC-sampled,wall,total,0.0034139679999999999,0
ER_V20000_D8,128,9,DCSC-sampled,wall,validate,7.92e-07,0
ER_V20000_D8,128,9,DCSC-sampled,wall,lookup_build,2.3999999999999998e-07,0
ER_V20000_D8,128,9,DCSC-sampled,wall,scratch_setup,4.9415e-05,0
ER_V20000_D8,128,9,DCSC-sampled,wall,work_bound,0.00025642200000000002,0
ER_V20000_D8,128,9,DCSC-sampled,wall,symbolic_capacity,0.00013335500000000001,0
ER_V20000_D8,128,9,DCSC-sampled,wall,symbolic,0.00026698299999999999,0
ER_V20000_D8,128,9,DCSC-sampled,wall,prefix_numeric_capacity,9.0031999999999995e-05,0
ER_V20000_D8,128,9,DCSC-sampled,wall,output_allocate,0.0015729369999999999,0
ER_V20000_D8,128,9,DCSC-sampled,wall,numeric,0.0010413480000000001,0
ER_V20000_D8,128,9,DCSC-sampled,wall,return_cleanup,1.4020000000000001e-06,0
ER_V20000_D8,128,9,DCSC-sampled,wall,output_free,9.8200000000000008e-07,0
ER_V20000_D8,128,9,DCSC-sampled,sampled_worker,lookup,0,10000
ER_V20000_D8,128,9,DCSC-sampled,sampled_worker,alloc_init,0.003004145000000001,10000
ER_V20000_D8,128,9,DCSC-sampled,sampled_worker,lookup_multiply_hash,0.011848061000000003,10000
ER_V20000_D8,128,9,DCSC-sampled,sampled_worker,compact,0.0031116560000000004,10000
ER_V20000_D8,128,9,DCSC-sampled,sampled_worker,sort,0.014911844999999995,10000
ER_V20000_D8,128,9,DCSC-sampled,sampled_worker,write,0.020796455000000009,10000
ER_V20000_D8,128,9,DCSC-sampled,sampled_worker,scratch_free,0.010646976000000001,10000
ER_V20000_D8,128,9,CombBLAS-profile,wall,total,0.0070014600000000001,0
ER_V20000_D8,128,9,CombBLAS-profile,wall,lookup_build,4.0077000000000003e-05,0
ER_V20000_D8,128,9,CombBLAS-profile,wall,thread_setup,4.5046999999999997e-05,0
ER_V20000_D8,128,9,CombBLAS-profile,wall,work_bound,0.00029123799999999998,0
ER_V20000_D8,128,9,CombBLAS-profile,wall,work_prefix,5.7871000000000002e-05,0
ER_V20000_D8,128,9,CombBLAS-profile,wall,symbolic,0.00039469700000000001,0
ER_V20000_D8,128,9,CombBLAS-profile,wall,output_prefix,5.7229999999999999e-05,0
ER_V20000_D8,128,9,CombBLAS-profile,wall,output_allocate,0.0046761800000000003,0
ER_V20000_D8,128,9,CombBLAS-profile,wall,numeric_scratch_setup,0.000190545,0
ER_V20000_D8,128,9,CombBLAS-profile,wall,numeric,0.0012226050000000001,0
ER_V20000_D8,128,9,CombBLAS-profile,wall,internal_cleanup,3.1659999999999998e-06,0
ER_V20000_D8,128,9,CombBLAS-profile,wall,return_cleanup,2.2152999999999999e-05,0
ER_V20000_D8,128,9,CombBLAS-profile,wall,output_free,5.8100000000000003e-07,0
ER_V20000_D8,128,9,DCSC-profile,wall,total,0.003443364,0
ER_V20000_D8,128,9,DCSC-profile,wall,validate,6.2099999999999996e-07,0
ER_V20000_D8,128,9,DCSC-profile,wall,lookup_build,2.2000000000000001e-07,0
ER_V20000_D8,128,9,DCSC-profile,wall,scratch_setup,4.6629999999999999e-05,0
ER_V20000_D8,128,9,DCSC-profile,wall,work_bound,0.00024707400000000001,0
ER_V20000_D8,128,9,DCSC-profile,wall,symbolic_capacity,0.00014973699999999999,0
ER_V20000_D8,128,9,DCSC-profile,wall,symbolic,0.00028853400000000001,0
ER_V20000_D8,128,9,DCSC-profile,wall,prefix_numeric_capacity,9.0161999999999995e-05,0
ER_V20000_D8,128,9,DCSC-profile,wall,output_allocate,0.0015796600000000001,0
ER_V20000_D8,128,9,DCSC-profile,wall,numeric,0.0010381520000000001,0
ER_V20000_D8,128,9,DCSC-profile,wall,return_cleanup,1.5629999999999999e-06,0
ER_V20000_D8,128,9,DCSC-profile,wall,output_free,9.5099999999999998e-07,0
ER_V20000_D8,128,9,CSC-profile,wall,total,0.0042307250000000003,0
ER_V20000_D8,128,9,CSC-profile,wall,validate,2.4999999999999999e-07,0
ER_V20000_D8,128,9,CSC-profile,wall,lookup_build,4.0000000000000001e-08,0
ER_V20000_D8,128,9,CSC-profile,wall,scratch_setup,8.7398000000000006e-05,0
ER_V20000_D8,128,9,CSC-profile,wall,work_bound,0.00024124300000000001,0
ER_V20000_D8,128,9,CSC-profile,wall,symbolic_capacity,0.00012868600000000001,0
ER_V20000_D8,128,9,CSC-profile,wall,symbolic,0.00026901600000000001,0
ER_V20000_D8,128,9,CSC-profile,wall,prefix_numeric_capacity,0.00011968000000000001,0
ER_V20000_D8,128,9,CSC-profile,wall,output_allocate,0.0023152810000000002,0
ER_V20000_D8,128,9,CSC-profile,wall,numeric,0.0010670969999999999,0
ER_V20000_D8,128,9,CSC-profile,wall,return_cleanup,1.3829999999999999e-06,0
ER_V20000_D8,128,9,CSC-profile,wall,output_free,5.8100000000000003e-07,0
ER_V20000_D8,128,9,CombBLAS-control,wall,total,0.0074143100000000003,0
ER_V20000_D8,128,9,CombBLAS-control,wall,native_call_and_free,0.0074139100000000001,0
ER_V20000_D8,128,9,DCSC-control,wall,total,0.0034357709999999998,0
ER_V20000_D8,128,9,DCSC-control,wall,native_call_and_free,0.0034357099999999998,0
ER_V20000_D8,128,9,CSC-control,wall,total,0.004195888,0
ER_V20000_D8,128,9,CSC-control,wall,native_call_and_free,0.0041956279999999999,0
ER_V20000_D8,128,9,Tuples-profile,wall,total,0.007447525,0
ER_V20000_D8,128,9,Tuples-profile,wall,validate,4.7100000000000002e-07,0
ER_V20000_D8,128,9,Tuples-profile,wall,lookup_build,4.9999999999999998e-08,0
ER_V20000_D8,128,9,Tuples-profile,wall,scratch_setup,9.3709999999999996e-05,0
ER_V20000_D8,128,9,Tuples-profile,wall,work_bound,0.00025406700000000002,0
ER_V20000_D8,128,9,Tuples-profile,wall,symbolic_capacity,0.000132705,0
ER_V20000_D8,128,9,Tuples-profile,wall,symbolic,0.00026553900000000002,0
ER_V20000_D8,128,9,Tuples-profile,wall,prefix_numeric_capacity,9.0864000000000003e-05,0
ER_V20000_D8,128,9,Tuples-profile,wall,output_allocate,0.0054318789999999997,0
ER_V20000_D8,128,9,Tuples-profile,wall,numeric,0.001176978,0
ER_V20000_D8,128,9,Tuples-profile,wall,return_cleanup,9.2200000000000002e-07,0
ER_V20000_D8,128,9,Tuples-profile,wall,output_free,2.8000000000000002e-07,0
ER_V20000_D8,128,9,Tuples-control,wall,total,0.0068696369999999996,0
ER_V20000_D8,128,9,Tuples-control,wall,native_call_and_free,0.006869366,0
ER_V20000_D8,128,9,DCSC-dense-static,wall,total,0.0042467260000000001,0
ER_V20000_D8,128,9,DCSC-dense-static,wall,native_call_and_free,0.004246466,0
ER_V20000_D8,128,9,DCSC-static,wall,total,0.0032747319999999998,0
ER_V20000_D8,128,9,DCSC-static,wall,native_call_and_free,0.0032746609999999999,0
ER_V20000_D8,128,9,DCSC-dense-lookup,wall,total,0.0034863070000000001,0
ER_V20000_D8,128,9,DCSC-dense-lookup,wall,native_call_and_free,0.0034862370000000001,0
ER_V20000_D8,128,10,DCSC-static,wall,total,0.003782325,0
ER_V20000_D8,128,10,DCSC-static,wall,native_call_and_free,0.0037822540000000001,0
ER_V20000_D8,128,10,DCSC-dense-static,wall,total,0.003129663,0
ER_V20000_D8,128,10,DCSC-dense-static,wall,native_call_and_free,0.0031296029999999999,0
ER_V20000_D8,128,10,Tuples-control,wall,total,0.0046574229999999999,0
ER_V20000_D8,128,10,Tuples-control,wall,native_call_and_free,0.0046571429999999999,0
ER_V20000_D8,128,10,Tuples-profile,wall,total,0.0060905819999999998,0
ER_V20000_D8,128,10,Tuples-profile,wall,validate,4.1100000000000001e-07,0
ER_V20000_D8,128,10,Tuples-profile,wall,lookup_build,4.0000000000000001e-08,0
ER_V20000_D8,128,10,Tuples-profile,wall,scratch_setup,9.0864000000000003e-05,0
ER_V20000_D8,128,10,Tuples-profile,wall,work_bound,0.00024974900000000001,0
ER_V20000_D8,128,10,Tuples-profile,wall,symbolic_capacity,0.000149627,0
ER_V20000_D8,128,10,Tuples-profile,wall,symbolic,0.00028411499999999999,0
ER_V20000_D8,128,10,Tuples-profile,wall,prefix_numeric_capacity,0.000133165,0
ER_V20000_D8,128,10,Tuples-profile,wall,output_allocate,0.0040761189999999996,0
ER_V20000_D8,128,10,Tuples-profile,wall,numeric,0.00110527,0
ER_V20000_D8,128,10,Tuples-profile,wall,return_cleanup,1.052e-06,0
ER_V20000_D8,128,10,Tuples-profile,wall,output_free,1.1000000000000001e-07,0
ER_V20000_D8,128,10,CSC-control,wall,total,0.0039883000000000002,0
ER_V20000_D8,128,10,CSC-control,wall,native_call_and_free,0.0039880189999999998,0
ER_V20000_D8,128,10,DCSC-control,wall,total,0.0043571670000000003,0
ER_V20000_D8,128,10,DCSC-control,wall,native_call_and_free,0.0043568870000000003,0
ER_V20000_D8,128,10,CombBLAS-control,wall,total,0.0077082649999999997,0
ER_V20000_D8,128,10,CombBLAS-control,wall,native_call_and_free,0.0077076840000000002,0
ER_V20000_D8,128,10,CSC-profile,wall,total,0.0034512000000000002,0
ER_V20000_D8,128,10,CSC-profile,wall,validate,4.4099999999999999e-07,0
ER_V20000_D8,128,10,CSC-profile,wall,lookup_build,2.9999999999999997e-08,0
ER_V20000_D8,128,10,CSC-profile,wall,scratch_setup,4.8724000000000003e-05,0
ER_V20000_D8,128,10,CSC-profile,wall,work_bound,0.00025755400000000001,0
ER_V20000_D8,128,10,CSC-profile,wall,symbolic_capacity,0.00012918700000000001,0
ER_V20000_D8,128,10,CSC-profile,wall,symbolic,0.00027487799999999999,0
ER_V20000_D8,128,10,CSC-profile,wall,prefix_numeric_capacity,9.0402999999999995e-05,0
ER_V20000_D8,128,10,CSC-profile,wall,output_allocate,0.0015378200000000001,0
ER_V20000_D8,128,10,CSC-profile,wall,numeric,0.0011101990000000001,0
ER_V20000_D8,128,10,CSC-profile,wall,return_cleanup,6.4099999999999998e-07,0
ER_V20000_D8,128,10,CSC-profile,wall,output_free,1.263e-06,0
ER_V20000_D8,128,10,DCSC-profile,wall,total,0.0043670369999999998,0
ER_V20000_D8,128,10,DCSC-profile,wall,validate,4.4000000000000002e-07,0
ER_V20000_D8,128,10,DCSC-profile,wall,lookup_build,4.0000000000000001e-08,0
ER_V20000_D8,128,10,DCSC-profile,wall,scratch_setup,8.6786999999999994e-05,0
ER_V20000_D8,128,10,DCSC-profile,wall,work_bound,0.00026421600000000001,0
ER_V20000_D8,128,10,DCSC-profile,wall,symbolic_capacity,0.00013279500000000001,0
ER_V20000_D8,128,10,DCSC-profile,wall,symbolic,0.000269397,0
ER_V20000_D8,128,10,DCSC-profile,wall,prefix_numeric_capacity,9.2367000000000005e-05,0
ER_V20000_D8,128,10,DCSC-profile,wall,output_allocate,0.0024684350000000002,0
ER_V20000_D8,128,10,DCSC-profile,wall,numeric,0.001050825,0
ER_V20000_D8,128,10,DCSC-profile,wall,return_cleanup,5.9200000000000001e-07,0
ER_V20000_D8,128,10,DCSC-profile,wall,output_free,1.082e-06,0
ER_V20000_D8,128,10,CombBLAS-profile,wall,total,0.0071423299999999997,0
ER_V20000_D8,128,10,CombBLAS-profile,wall,lookup_build,4.0467999999999999e-05,0
ER_V20000_D8,128,10,CombBLAS-profile,wall,thread_setup,4.0147e-05,0
ER_V20000_D8,128,10,CombBLAS-profile,wall,work_bound,0.00029082799999999997,0
ER_V20000_D8,128,10,CombBLAS-profile,wall,work_prefix,5.7630000000000002e-05,0
ER_V20000_D8,128,10,CombBLAS-profile,wall,symbolic,0.00045781800000000003,0
ER_V20000_D8,128,10,CombBLAS-profile,wall,output_prefix,5.8221999999999999e-05,0
ER_V20000_D8,128,10,CombBLAS-profile,wall,output_allocate,0.0047126599999999996,0
ER_V20000_D8,128,10,CombBLAS-profile,wall,numeric_scratch_setup,0.000185916,0
ER_V20000_D8,128,10,CombBLAS-profile,wall,numeric,0.001271449,0
ER_V20000_D8,128,10,CombBLAS-profile,wall,internal_cleanup,3.9469999999999996e-06,0
ER_V20000_D8,128,10,CombBLAS-profile,wall,return_cleanup,2.2183000000000001e-05,0
ER_V20000_D8,128,10,CombBLAS-profile,wall,output_free,1.0020000000000001e-06,0
ER_V20000_D8,128,10,DCSC-sampled,wall,total,0.003416653,0
ER_V20000_D8,128,10,DCSC-sampled,wall,validate,2.1e-07,0
ER_V20000_D8,128,10,DCSC-sampled,wall,lookup_build,4.1000000000000003e-08,0
ER_V20000_D8,128,10,DCSC-sampled,wall,scratch_setup,4.6047999999999997e-05,0
ER_V20000_D8,128,10,DCSC-sampled,wall,work_bound,0.00024767499999999999,0
ER_V20000_D8,128,10,DCSC-sampled,wall,symbolic_capacity,0.00013371600000000001,0
ER_V20000_D8,128,10,DCSC-sampled,wall,symbolic,0.00026631099999999998,0
ER_V20000_D8,128,10,DCSC-sampled,wall,prefix_numeric_capacity,9.0132999999999999e-05,0
ER_V20000_D8,128,10,DCSC-sampled,wall,output_allocate,0.0015854409999999999,0
ER_V20000_D8,128,10,DCSC-sampled,wall,numeric,0.001045065,0
ER_V20000_D8,128,10,DCSC-sampled,wall,return_cleanup,8.1100000000000005e-07,0
ER_V20000_D8,128,10,DCSC-sampled,wall,output_free,1.1429999999999999e-06,0
ER_V20000_D8,128,10,DCSC-sampled,sampled_worker,lookup,0,10000
ER_V20000_D8,128,10,DCSC-sampled,sampled_worker,alloc_init,0.0029426980000000005,10000
ER_V20000_D8,128,10,DCSC-sampled,sampled_worker,lookup_multiply_hash,0.011521018999999999,10000
ER_V20000_D8,128,10,DCSC-sampled,sampled_worker,compact,0.0031294179999999984,10000
ER_V20000_D8,128,10,DCSC-sampled,sampled_worker,sort,0.014925206000000002,10000
ER_V20000_D8,128,10,DCSC-sampled,sampled_worker,write,0.02106480799999999,10000
ER_V20000_D8,128,10,DCSC-sampled,sampled_worker,scratch_free,0.011234148000000001,10000
ER_V20000_D8,128,10,CombBLAS-sampled,wall,total,0.0071252970000000001,0
ER_V20000_D8,128,10,CombBLAS-sampled,wall,lookup_build,6.1057999999999997e-05,0
ER_V20000_D8,128,10,CombBLAS-sampled,wall,thread_setup,5.2469999999999997e-05,0
ER_V20000_D8,128,10,CombBLAS-sampled,wall,work_bound,0.00029144899999999999,0
ER_V20000_D8,128,10,CombBLAS-sampled,wall,work_prefix,5.7439999999999999e-05,0
ER_V20000_D8,128,10,CombBLAS-sampled,wall,symbolic,0.00041757099999999999,0
ER_V20000_D8,128,10,CombBLAS-sampled,wall,output_prefix,5.7921000000000003e-05,0
ER_V20000_D8,128,10,CombBLAS-sampled,wall,output_allocate,0.0047193230000000001,0
ER_V20000_D8,128,10,CombBLAS-sampled,wall,numeric_scratch_setup,0.000186708,0
ER_V20000_D8,128,10,CombBLAS-sampled,wall,numeric,0.001255768,0
ER_V20000_D8,128,10,CombBLAS-sampled,wall,internal_cleanup,2.9359999999999999e-06,0
ER_V20000_D8,128,10,CombBLAS-sampled,wall,return_cleanup,2.1951999999999999e-05,0
ER_V20000_D8,128,10,CombBLAS-sampled,wall,output_free,6.2099999999999996e-07,0
ER_V20000_D8,128,10,CombBLAS-sampled,sampled_worker,lookup,0.012076998000000004,10000
ER_V20000_D8,128,10,CombBLAS-sampled,sampled_worker,alloc_init,0.0017231460000000007,10000
ER_V20000_D8,128,10,CombBLAS-sampled,sampled_worker,lookup_multiply_hash,0.0090592610000000059,10000
ER_V20000_D8,128,10,CombBLAS-sampled,sampled_worker,compact,0.0031862939999999988,10000
ER_V20000_D8,128,10,CombBLAS-sampled,sampled_worker,sort,0.014262798,10000
ER_V20000_D8,128,10,CombBLAS-sampled,sampled_worker,write,0.0094687429999999982,10000
ER_V20000_D8,128,10,CombBLAS-sampled,sampled_worker,scratch_free,0.0033186659999999996,10000
ER_V20000_D8,128,10,CombBLAS-conversion,wall,total,0.010946266,0
ER_V20000_D8,128,10,CombBLAS-conversion,wall,native_call,0.0043748119999999996,0
ER_V20000_D8,128,10,CombBLAS-conversion,wall,tuple_to_dcsc,0.0065677970000000002,0
ER_V20000_D8,128,10,CombBLAS-conversion,wall,dcsc_free,2.4150000000000002e-06,0
ER_V20000_D8,128,10,CombBLAS-conversion,wall,output_free,1.172e-06,0
ER_V20000_D8,128,10,DCSC-dense-lookup,wall,total,0.0032278910000000001,0
ER_V20000_D8,128,10,DCSC-dense-lookup,wall,native_call_and_free,0.0032275910000000001,0
ER_V20000_D8,128,11,DCSC-static,wall,total,0.003791722,0
ER_V20000_D8,128,11,DCSC-static,wall,native_call_and_free,0.003790992,0
ER_V20000_D8,128,11,DCSC-dense-lookup,wall,total,0.0034580430000000001,0
ER_V20000_D8,128,11,DCSC-dense-lookup,wall,native_call_and_free,0.0034575819999999998,0
ER_V20000_D8,128,11,CombBLAS-conversion,wall,total,0.013574266999999999,0
ER_V20000_D8,128,11,CombBLAS-conversion,wall,native_call,0.0068766299999999999,0
ER_V20000_D8,128,11,CombBLAS-conversion,wall,tuple_to_dcsc,0.0066944099999999996,0
ER_V20000_D8,128,11,CombBLAS-conversion,wall,dcsc_free,2.1150000000000001e-06,0
ER_V20000_D8,128,11,CombBLAS-conversion,wall,output_free,1.062e-06,0
ER_V20000_D8,128,11,CombBLAS-sampled,wall,total,0.0044284650000000004,0
ER_V20000_D8,128,11,CombBLAS-sampled,wall,lookup_build,1.7473e-05,0
ER_V20000_D8,128,11,CombBLAS-sampled,wall,thread_setup,6.2980999999999999e-05,0
ER_V20000_D8,128,11,CombBLAS-sampled,wall,work_bound,0.00026670099999999999,0
ER_V20000_D8,128,11,CombBLAS-sampled,wall,work_prefix,5.3253e-05,0
ER_V20000_D8,128,11,CombBLAS-sampled,wall,symbolic,0.00043726799999999999,0
ER_V20000_D8,128,11,CombBLAS-sampled,wall,output_prefix,5.4756000000000002e-05,0
ER_V20000_D8,128,11,CombBLAS-sampled,wall,output_allocate,0.0019938540000000002,0
ER_V20000_D8,128,11,CombBLAS-sampled,wall,numeric_scratch_setup,0.00019097600000000001,0
ER_V20000_D8,128,11,CombBLAS-sampled,wall,numeric,0.0013247409999999999,0
ER_V20000_D8,128,11,CombBLAS-sampled,wall,internal_cleanup,3.0960000000000001e-06,0
ER_V20000_D8,128,11,CombBLAS-sampled,wall,return_cleanup,2.2643e-05,0
ER_V20000_D8,128,11,CombBLAS-sampled,wall,output_free,6.5199999999999996e-07,0
ER_V20000_D8,128,11,CombBLAS-sampled,sampled_worker,lookup,0.013322172000000002,10000
ER_V20000_D8,128,11,CombBLAS-sampled,sampled_worker,alloc_init,0.0018592390000000004,10000
ER_V20000_D8,128,11,CombBLAS-sampled,sampled_worker,lookup_multiply_hash,0.0089480050000000002,10000
ER_V20000_D8,128,11,CombBLAS-sampled,sampled_worker,compact,0.0031989919999999999,10000
ER_V20000_D8,128,11,CombBLAS-sampled,sampled_worker,sort,0.014231671999999999,10000
ER_V20000_D8,128,11,CombBLAS-sampled,sampled_worker,write,0.010367294000000003,10000
ER_V20000_D8,128,11,CombBLAS-sampled,sampled_worker,scratch_free,0.0034828339999999993,10000
ER_V20000_D8,128,11,DCSC-sampled,wall,total,0.003383881,0
ER_V20000_D8,128,11,DCSC-sampled,wall,validate,6.6199999999999997e-07,0
ER_V20000_D8,128,11,DCSC-sampled,wall,lookup_build,2.2000000000000001e-07,0
ER_V20000_D8,128,11,DCSC-sampled,wall,scratch_setup,4.8423e-05,0
ER_V20000_D8,128,11,DCSC-sampled,wall,work_bound,0.00025997800000000001,0
ER_V20000_D8,128,11,DCSC-sampled,wall,symbolic_capacity,0.000134418,0
ER_V20000_D8,128,11,DCSC-sampled,wall,symbolic,0.00027181200000000002,0
ER_V20000_D8,128,11,DCSC-sampled,wall,prefix_numeric_capacity,9.0693999999999996e-05,0
ER_V20000_D8,128,11,DCSC-sampled,wall,output_allocate,0.00154857,0
ER_V20000_D8,128,11,DCSC-sampled,wall,numeric,0.0010260180000000001,0
ER_V20000_D8,128,11,DCSC-sampled,wall,return_cleanup,2.1040000000000001e-06,0
ER_V20000_D8,128,11,DCSC-sampled,wall,output_free,9.3200000000000003e-07,0
ER_V20000_D8,128,11,DCSC-sampled,sampled_worker,lookup,0,10000
ER_V20000_D8,128,11,DCSC-sampled,sampled_worker,alloc_init,0.0029327370000000004,10000
ER_V20000_D8,128,11,DCSC-sampled,sampled_worker,lookup_multiply_hash,0.011582723999999997,10000
ER_V20000_D8,128,11,DCSC-sampled,sampled_worker,compact,0.003123444,10000
ER_V20000_D8,128,11,DCSC-sampled,sampled_worker,sort,0.014848839999999997,10000
ER_V20000_D8,128,11,DCSC-sampled,sampled_worker,write,0.020819248000000012,10000
ER_V20000_D8,128,11,DCSC-sampled,sampled_worker,scratch_free,0.010412477000000002,10000
ER_V20000_D8,128,11,CombBLAS-profile,wall,total,0.0071509269999999996,0
ER_V20000_D8,128,11,CombBLAS-profile,wall,lookup_build,4.1309e-05,0
ER_V20000_D8,128,11,CombBLAS-profile,wall,thread_setup,3.9706999999999998e-05,0
ER_V20000_D8,128,11,CombBLAS-profile,wall,work_bound,0.00028878299999999998,0
ER_V20000_D8,128,11,CombBLAS-profile,wall,work_prefix,5.7361000000000002e-05,0
ER_V20000_D8,128,11,CombBLAS-profile,wall,symbolic,0.00040592800000000001,0
ER_V20000_D8,128,11,CombBLAS-profile,wall,output_prefix,5.7800999999999998e-05,0
ER_V20000_D8,128,11,CombBLAS-profile,wall,output_allocate,0.004791671,0
ER_V20000_D8,128,11,CombBLAS-profile,wall,numeric_scratch_setup,0.00021908100000000001,0
ER_V20000_D8,128,11,CombBLAS-profile,wall,numeric,0.0012230050000000001,0
ER_V20000_D8,128,11,CombBLAS-profile,wall,internal_cleanup,3.427e-06,0
ER_V20000_D8,128,11,CombBLAS-profile,wall,return_cleanup,2.2203000000000001e-05,0
ER_V20000_D8,128,11,CombBLAS-profile,wall,output_free,5.9100000000000004e-07,0
ER_V20000_D8,128,11,DCSC-profile,wall,total,0.003447833,0
ER_V20000_D8,128,11,DCSC-profile,wall,validate,4.3099999999999998e-07,0
ER_V20000_D8,128,11,DCSC-profile,wall,lookup_build,1.9999999999999999e-07,0
ER_V20000_D8,128,11,DCSC-profile,wall,scratch_setup,4.8662999999999998e-05,0
ER_V20000_D8,128,11,DCSC-profile,wall,work_bound,0.00024552100000000001,0
ER_V20000_D8,128,11,DCSC-profile,wall,symbolic_capacity,0.00013355600000000001,0
ER_V20000_D8,128,11,DCSC-profile,wall,symbolic,0.00026487800000000002,0
ER_V20000_D8,128,11,DCSC-profile,wall,prefix_numeric_capacity,9.0804999999999995e-05,0
ER_V20000_D8,128,11,DCSC-profile,wall,output_allocate,0.0016047780000000001,0
ER_V20000_D8,128,11,DCSC-profile,wall,numeric,0.001056656,0
ER_V20000_D8,128,11,DCSC-profile,wall,return_cleanup,7.2200000000000003e-07,0
ER_V20000_D8,128,11,DCSC-profile,wall,output_free,1.4130000000000001e-06,0
ER_V20000_D8,128,11,CSC-profile,wall,total,0.0042976639999999997,0
ER_V20000_D8,128,11,CSC-profile,wall,validate,8.0200000000000001e-07,0
ER_V20000_D8,128,11,CSC-profile,wall,lookup_build,2.9999999999999997e-08,0
ER_V20000_D8,128,11,CSC-profile,wall,scratch_setup,8.6014999999999996e-05,0
ER_V20000_D8,128,11,CSC-profile,wall,work_bound,0.000249969,0
ER_V20000_D8,128,11,CSC-profile,wall,symbolic_capacity,0.00013067100000000001,0
ER_V20000_D8,128,11,CSC-profile,wall,symbolic,0.000272933,0
ER_V20000_D8,128,11,CSC-profile,wall,prefix_numeric_capacity,9.3219000000000003e-05,0
ER_V20000_D8,128,11,CSC-profile,wall,output_allocate,0.0023979700000000001,0
ER_V20000_D8,128,11,CSC-profile,wall,numeric,0.0010646220000000001,0
ER_V20000_D8,128,11,CSC-profile,wall,return_cleanup,6.7100000000000001e-07,0
ER_V20000_D8,128,11,CSC-profile,wall,output_free,6.92e-07,0
ER_V20000_D8,128,11,CombBLAS-control,wall,total,0.0077729690000000002,0
ER_V20000_D8,128,11,CombBLAS-control,wall,native_call_and_free,0.0077724480000000004,0
ER_V20000_D8,128,11,DCSC-control,wall,total,0.0034506889999999998,0
ER_V20000_D8,128,11,DCSC-control,wall,native_call_and_free,0.0034504079999999999,0
ER_V20000_D8,128,11,CSC-control,wall,total,0.0042220390000000003,0
ER_V20000_D8,128,11,CSC-control,wall,native_call_and_free,0.0042217380000000001,0
ER_V20000_D8,128,11,Tuples-profile,wall,total,0.0067397469999999999,0
ER_V20000_D8,128,11,Tuples-profile,wall,validate,6.3099999999999997e-07,0
ER_V20000_D8,128,11,Tuples-profile,wall,lookup_build,5.9999999999999995e-08,0
ER_V20000_D8,128,11,Tuples-profile,wall,scratch_setup,8.7337999999999996e-05,0
ER_V20000_D8,128,11,Tuples-profile,wall,work_bound,0.00026667100000000001,0
ER_V20000_D8,128,11,Tuples-profile,wall,symbolic_capacity,0.00013347599999999999,0
ER_V20000_D8,128,11,Tuples-profile,wall,symbolic,0.00026463799999999998,0
ER_V20000_D8,128,11,Tuples-profile,wall,prefix_numeric_capacity,9.0212999999999998e-05,0
ER_V20000_D8,128,11,Tuples-profile,wall,output_allocate,0.0047295009999999997,0
ER_V20000_D8,128,11,Tuples-profile,wall,numeric,0.001166027,0
ER_V20000_D8,128,11,Tuples-profile,wall,return_cleanup,8.6199999999999996e-07,0
ER_V20000_D8,128,11,Tuples-profile,wall,output_free,2.8099999999999999e-07,0
ER_V20000_D8,128,11,Tuples-control,wall,total,0.0058690180000000002,0
ER_V20000_D8,128,11,Tuples-control,wall,native_call_and_free,0.0058687469999999997,0
ER_V20000_D8,128,11,DCSC-dense-static,wall,total,0.0052441889999999998,0
ER_V20000_D8,128,11,DCSC-dense-static,wall,native_call_and_free,0.0052439180000000002,0
