dataset,threads,iteration,backend,kind,phase,seconds,sampled_columns
amazon0312.mtx,1,0,CSC-control,wall,total,1.0843860009999999,0
amazon0312.mtx,1,0,CSC-control,wall,native_call_and_free,1.08438546,0
amazon0312.mtx,1,0,DCSC-control,wall,total,1.289641,0
amazon0312.mtx,1,0,DCSC-control,wall,native_call_and_free,1.28964071,0
amazon0312.mtx,1,0,CombBLAS-control,wall,total,1.263806781,0
amazon0312.mtx,1,0,CombBLAS-control,wall,native_call_and_free,1.26380636,0
amazon0312.mtx,1,0,CSC-profile,wall,total,1.084608657,0
amazon0312.mtx,1,0,CSC-profile,wall,validate,5.4099999999999999e-07,0
amazon0312.mtx,1,0,CSC-profile,wall,lookup_build,4.1000000000000003e-08,0
amazon0312.mtx,1,0,CSC-profile,wall,scratch_setup,0.00069175699999999998,0
amazon0312.mtx,1,0,CSC-profile,wall,work_bound,0.0093290920000000006,0
amazon0312.mtx,1,0,CSC-profile,wall,symbolic_capacity,0.0032451139999999999,0
amazon0312.mtx,1,0,CSC-profile,wall,symbolic,0.235809451,0
amazon0312.mtx,1,0,CSC-profile,wall,prefix_numeric_capacity,0.0028358490000000001,0
amazon0312.mtx,1,0,CSC-profile,wall,output_allocate,0.011657399000000001,0
amazon0312.mtx,1,0,CSC-profile,wall,numeric,0.82103558700000001,0
amazon0312.mtx,1,0,CSC-profile,wall,return_cleanup,2.154e-06,0
amazon0312.mtx,1,0,CSC-profile,wall,output_free,1.6139999999999999e-06,0
amazon0312.mtx,1,0,DCSC-profile,wall,total,1.2865749,0
amazon0312.mtx,1,0,DCSC-profile,wall,validate,4.7100000000000002e-07,0
amazon0312.mtx,1,0,DCSC-profile,wall,lookup_build,0.0054875949999999996,0
amazon0312.mtx,1,0,DCSC-profile,wall,scratch_setup,0.000632863,0
amazon0312.mtx,1,0,DCSC-profile,wall,work_bound,0.029024428000000001,0
amazon0312.mtx,1,0,DCSC-profile,wall,symbolic_capacity,0.0032003280000000001,0
amazon0312.mtx,1,0,DCSC-profile,wall,symbolic,0.29576496299999999,0
amazon0312.mtx,1,0,DCSC-profile,wall,prefix_numeric_capacity,0.0028245269999999999,0
amazon0312.mtx,1,0,DCSC-profile,wall,output_allocate,0.012280203999999999,0
amazon0312.mtx,1,0,DCSC-profile,wall,numeric,0.93735599400000003,0
amazon0312.mtx,1,0,DCSC-profile,wall,return_cleanup,1.6729999999999999e-06,0
amazon0312.mtx,1,0,DCSC-profile,wall,output_free,1.784e-06,0
amazon0312.mtx,1,0,CombBLAS-profile,wall,total,1.281066805,0
amazon0312.mtx,1,0,CombBLAS-profile,wall,lookup_build,0.00033526299999999998,0
amazon0312.mtx,1,0,CombBLAS-profile,wall,thread_setup,3.2370000000000001e-06,0
amazon0312.mtx,1,0,CombBLAS-profile,wall,work_bound,0.066479334000000001,0
amazon0312.mtx,1,0,CombBLAS-profile,wall,work_prefix,0.00022472099999999999,0
amazon0312.mtx,1,0,CombBLAS-profile,wall,symbolic,0.27878808300000002,0
amazon0312.mtx,1,0,CombBLAS-profile,wall,output_prefix,0.00030391199999999999,0
amazon0312.mtx,1,0,CombBLAS-profile,wall,output_allocate,0.017804898999999999,0
amazon0312.mtx,1,0,CombBLAS-profile,wall,numeric_scratch_setup,0.0021917339999999999,0
amazon0312.mtx,1,0,CombBLAS-profile,wall,numeric,0.91493082400000003,0
amazon0312.mtx,1,0,CombBLAS-profile,wall,internal_cleanup,3.366e-06,0
amazon0312.mtx,1,0,CombBLAS-profile,wall,return_cleanup,5.8100000000000003e-07,0
amazon0312.mtx,1,0,CombBLAS-profile,wall,output_free,8.0200000000000001e-07,0
amazon0312.mtx,1,0,DCSC-sampled,wall,total,1.289406761,0
amazon0312.mtx,1,0,DCSC-sampled,wall,validate,2.6e-07,0
amazon0312.mtx,1,0,DCSC-sampled,wall,lookup_build,0.0054897100000000001,0
amazon0312.mtx,1,0,DCSC-sampled,wall,scratch_setup,0.00064539800000000004,0
amazon0312.mtx,1,0,DCSC-sampled,wall,work_bound,0.029001652999999999,0
amazon0312.mtx,1,0,DCSC-sampled,wall,symbolic_capacity,0.0031995970000000002,0
amazon0312.mtx,1,0,DCSC-sampled,wall,symbolic,0.29556459899999998,0
amazon0312.mtx,1,0,DCSC-sampled,wall,prefix_numeric_capacity,0.0028218420000000002,0
amazon0312.mtx,1,0,DCSC-sampled,wall,output_allocate,0.012135323999999999,0
amazon0312.mtx,1,0,DCSC-sampled,wall,numeric,0.94054513200000001,0
amazon0312.mtx,1,0,DCSC-sampled,wall,return_cleanup,1.3629999999999999e-06,0
amazon0312.mtx,1,0,DCSC-sampled,wall,output_free,1.8330000000000001e-06,0
amazon0312.mtx,1,0,DCSC-sampled,sampled_worker,lookup,0,8349
amazon0312.mtx,1,0,DCSC-sampled,sampled_worker,alloc_init,0.00068039500000001733,8349
amazon0312.mtx,1,0,DCSC-sampled,sampled_worker,lookup_multiply_hash,0.010608451999999881,8349
amazon0312.mtx,1,0,DCSC-sampled,sampled_worker,compact,0.0015888449999999475,8349
amazon0312.mtx,1,0,DCSC-sampled,sampled_worker,sort,0.0068802539999998748,8349
amazon0312.mtx,1,0,DCSC-sampled,sampled_worker,write,0.00064640899999998799,8349
amazon0312.mtx,1,0,DCSC-sampled,sampled_worker,scratch_free,0.00040020799999995526,8349
amazon0312.mtx,1,0,CombBLAS-sampled,wall,total,1.2848063270000001,0
amazon0312.mtx,1,0,CombBLAS-sampled,wall,lookup_build,0.00033727799999999999,0
amazon0312.mtx,1,0,CombBLAS-sampled,wall,thread_setup,3.5659999999999998e-06,0
amazon0312.mtx,1,0,CombBLAS-sampled,wall,work_bound,0.066415742,0
amazon0312.mtx,1,0,CombBLAS-sampled,wall,work_prefix,0.00022584300000000001,0
amazon0312.mtx,1,0,CombBLAS-sampled,wall,symbolic,0.27861992000000002,0
amazon0312.mtx,1,0,CombBLAS-sampled,wall,output_prefix,0.000304915,0
amazon0312.mtx,1,0,CombBLAS-sampled,wall,output_allocate,0.01771176,0
amazon0312.mtx,1,0,CombBLAS-sampled,wall,numeric_scratch_setup,0.0021666459999999999,0
amazon0312.mtx,1,0,CombBLAS-sampled,wall,numeric,0.91901464700000002,0
amazon0312.mtx,1,0,CombBLAS-sampled,wall,internal_cleanup,4.5979999999999999e-06,0
amazon0312.mtx,1,0,CombBLAS-sampled,wall,return_cleanup,5.6100000000000001e-07,0
amazon0312.mtx,1,0,CombBLAS-sampled,wall,output_free,7.8199999999999999e-07,0
amazon0312.mtx,1,0,CombBLAS-sampled,sampled_worker,lookup,0.0020464949999999833,8349
amazon0312.mtx,1,0,CombBLAS-sampled,sampled_worker,alloc_init,0.0009262189999999892,8349
amazon0312.mtx,1,0,CombBLAS-sampled,sampled_worker,lookup_multiply_hash,0.0079138799999999374,8349
amazon0312.mtx,1,0,CombBLAS-sampled,sampled_worker,compact,0.0016208909999999585,8349
amazon0312.mtx,1,0,CombBLAS-sampled,sampled_worker,sort,0.0069649279999999467,8349
amazon0312.mtx,1,0,CombBLAS-sampled,sampled_worker,write,0.0011400250000000178,8349
amazon0312.mtx,1,0,CombBLAS-sampled,sampled_worker,scratch_free,0.00038450799999995835,8349
amazon0312.mtx,1,0,CombBLAS-conversion,wall,total,1.3160717529999999,0
amazon0312.mtx,1,0,CombBLAS-conversion,wall,native_call,1.2627353969999999,0
amazon0312.mtx,1,0,CombBLAS-conversion,wall,tuple_to_dcsc,0.053330995999999999,0
amazon0312.mtx,1,0,CombBLAS-conversion,wall,dcsc_free,4.5789999999999997e-06,0
amazon0312.mtx,1,0,CombBLAS-conversion,wall,output_free,7.1200000000000002e-07,0
amazon0312.mtx,1,0,DCSC-dense-lookup,wall,total,1.0925349710000001,0
amazon0312.mtx,1,0,DCSC-dense-lookup,wall,native_call_and_free,1.09253464,0
amazon0312.mtx,1,0,DCSC-static,wall,total,1.287345057,0
amazon0312.mtx,1,0,DCSC-static,wall,native_call_and_free,1.2873445050000001,0
amazon0312.mtx,1,0,DCSC-dense-static,wall,total,1.0886819409999999,0
amazon0312.mtx,1,0,DCSC-dense-static,wall,native_call_and_free,1.08868133,0
amazon0312.mtx,1,1,CSC-control,wall,total,1.083945476,0
amazon0312.mtx,1,1,CSC-control,wall,native_call_and_free,1.0839450749999999,0
amazon0312.mtx,1,1,DCSC-dense-static,wall,total,1.087612239,0
amazon0312.mtx,1,1,DCSC-dense-static,wall,native_call_and_free,1.087611678,0
amazon0312.mtx,1,1,DCSC-static,wall,total,1.286476,0
amazon0312.mtx,1,1,DCSC-static,wall,native_call_and_free,1.286475249,0
amazon0312.mtx,1,1,DCSC-dense-lookup,wall,total,1.0896935299999999,0
amazon0312.mtx,1,1,DCSC-dense-lookup,wall,native_call_and_free,1.0896930499999999,0
amazon0312.mtx,1,1,CombBLAS-conversion,wall,total,1.317138379,0
amazon0312.mtx,1,1,CombBLAS-conversion,wall,native_call,1.2637414360000001,0
amazon0312.mtx,1,1,CombBLAS-conversion,wall,tuple_to_dcsc,0.053391473000000002,0
amazon0312.mtx,1,1,CombBLAS-conversion,wall,dcsc_free,4.9089999999999999e-06,0
amazon0312.mtx,1,1,CombBLAS-conversion,wall,output_free,5.0100000000000005e-07,0
amazon0312.mtx,1,1,CombBLAS-sampled,wall,total,1.284625482,0
amazon0312.mtx,1,1,CombBLAS-sampled,wall,lookup_build,0.00031690800000000002,0
amazon0312.mtx,1,1,CombBLAS-sampled,wall,thread_setup,7.7039999999999994e-06,0
amazon0312.mtx,1,1,CombBLAS-sampled,wall,work_bound,0.066481759000000001,0
amazon0312.mtx,1,1,CombBLAS-sampled,wall,work_prefix,0.00022719600000000001,0
amazon0312.mtx,1,1,CombBLAS-sampled,wall,symbolic,0.27853107900000001,0
amazon0312.mtx,1,1,CombBLAS-sampled,wall,output_prefix,0.00030698900000000002,0
amazon0312.mtx,1,1,CombBLAS-sampled,wall,output_allocate,0.017826681,0
amazon0312.mtx,1,1,CombBLAS-sampled,wall,numeric_scratch_setup,0.0021893189999999999,0
amazon0312.mtx,1,1,CombBLAS-sampled,wall,numeric,0.91873300599999996,0
amazon0312.mtx,1,1,CombBLAS-sampled,wall,internal_cleanup,3.8879999999999999e-06,0
amazon0312.mtx,1,1,CombBLAS-sampled,wall,return_cleanup,5.8100000000000003e-07,0
amazon0312.mtx,1,1,CombBLAS-sampled,wall,output_free,2.9999999999999999e-07,0
amazon0312.mtx,1,1,CombBLAS-sampled,sampled_worker,lookup,0.0020316719999999813,8349
amazon0312.mtx,1,1,CombBLAS-sampled,sampled_worker,alloc_init,0.00092736099999998615,8349
amazon0312.mtx,1,1,CombBLAS-sampled,sampled_worker,lookup_multiply_hash,0.0079047019999998833,8349
amazon0312.mtx,1,1,CombBLAS-sampled,sampled_worker,compact,0.0016196209999999518,8349
amazon0312.mtx,1,1,CombBLAS-sampled,sampled_worker,sort,0.006978520999999893,8349
amazon0312.mtx,1,1,CombBLAS-sampled,sampled_worker,write,0.0011361640000000187,8349
amazon0312.mtx,1,1,CombBLAS-sampled,sampled_worker,scratch_free,0.00037948899999996108,8349
amazon0312.mtx,1,1,DCSC-sampled,wall,total,1.289246103,0
amazon0312.mtx,1,1,DCSC-sampled,wall,validate,2.6100000000000002e-07,0
amazon0312.mtx,1,1,DCSC-sampled,wall,lookup_build,0.0054713139999999997,0
amazon0312.mtx,1,1,DCSC-sampled,wall,scratch_setup,0.00065178999999999996,0
amazon0312.mtx,1,1,DCSC-sampled,wall,work_bound,0.029071046999999999,0
amazon0312.mtx,1,1,DCSC-sampled,wall,symbolic_capacity,0.0031904989999999999,0
amazon0312.mtx,1,1,DCSC-sampled,wall,symbolic,0.29565271799999998,0
amazon0312.mtx,1,1,DCSC-sampled,wall,prefix_numeric_capacity,0.002824858,0
amazon0312.mtx,1,1,DCSC-sampled,wall,output_allocate,0.012130355000000001,0
amazon0312.mtx,1,1,DCSC-sampled,wall,numeric,0.94024961500000004,0
amazon0312.mtx,1,1,DCSC-sampled,wall,return_cleanup,1.9429999999999999e-06,0
amazon0312.mtx,1,1,DCSC-sampled,wall,output_free,1.643e-06,0
amazon0312.mtx,1,1,DCSC-sampled,sampled_worker,lookup,0,8349
amazon0312.mtx,1,1,DCSC-sampled,sampled_worker,alloc_init,0.00067932700000001602,8349
amazon0312.mtx,1,1,DCSC-sampled,sampled_worker,lookup_multiply_hash,0.010602022999999872,8349
amazon0312.mtx,1,1,DCSC-sampled,sampled_worker,compact,0.00159258699999995,8349
amazon0312.mtx,1,1,DCSC-sampled,sampled_worker,sort,0.0068858599999999225,8349
amazon0312.mtx,1,1,DCSC-sampled,sampled_worker,write,0.00064366699999999079,8349
amazon0312.mtx,1,1,DCSC-sampled,sampled_worker,scratch_free,0.00040213699999995322,8349
amazon0312.mtx,1,1,CombBLAS-profile,wall,total,1.2803473759999999,0
amazon0312.mtx,1,1,CombBLAS-profile,wall,lookup_build,0.00031807899999999997,0
amazon0312.mtx,1,1,CombBLAS-profile,wall,thread_setup,3.7579999999999998e-06,0
amazon0312.mtx,1,1,CombBLAS-profile,wall,work_bound,0.066307234000000007,0
amazon0312.mtx,1,1,CombBLAS-profile,wall,work_prefix,0.000231253,0
amazon0312.mtx,1,1,CombBLAS-profile,wall,symbolic,0.27900635099999999,0
amazon0312.mtx,1,1,CombBLAS-profile,wall,output_prefix,0.000306137,0
amazon0312.mtx,1,1,CombBLAS-profile,wall,output_allocate,0.017703164,0
amazon0312.mtx,1,1,CombBLAS-profile,wall,numeric_scratch_setup,0.0021573679999999998,0
amazon0312.mtx,1,1,CombBLAS-profile,wall,numeric,0.91430911199999998,0
amazon0312.mtx,1,1,CombBLAS-profile,wall,internal_cleanup,3.6969999999999999e-06,0
amazon0312.mtx,1,1,CombBLAS-profile,wall,return_cleanup,5.7100000000000002e-07,0
amazon0312.mtx,1,1,CombBLAS-profile,wall,output_free,6.0100000000000005e-07,0
amazon0312.mtx,1,1,DCSC-profile,wall,total,1.286706042,0
amazon0312.mtx,1,1,DCSC-profile,wall,validate,2.5100000000000001e-07,0
amazon0312.mtx,1,1,DCSC-profile,wall,lookup_build,0.0054687490000000002,0
amazon0312.mtx,1,1,DCSC-profile,wall,scratch_setup,0.00064407500000000003,0
amazon0312.mtx,1,1,DCSC-profile,wall,work_bound,0.029308773,0
amazon0312.mtx,1,1,DCSC-profile,wall,symbolic_capacity,0.003189758,0
amazon0312.mtx,1,1,DCSC-profile,wall,symbolic,0.29580869700000001,0
amazon0312.mtx,1,1,DCSC-profile,wall,prefix_numeric_capacity,0.0028229040000000002,0
amazon0312.mtx,1,1,DCSC-profile,wall,output_allocate,0.012135115,0
amazon0312.mtx,1,1,DCSC-profile,wall,numeric,0.93732427299999999,0
amazon0312.mtx,1,1,DCSC-profile,wall,return_cleanup,1.573e-06,0
amazon0312.mtx,1,1,DCSC-profile,wall,output_free,1.824e-06,0
amazon0312.mtx,1,1,CSC-profile,wall,total,1.084086546,0
amazon0312.mtx,1,1,CSC-profile,wall,validate,4.9100000000000004e-07,0
amazon0312.mtx,1,1,CSC-profile,wall,lookup_build,4.0000000000000001e-08,0
amazon0312.mtx,1,1,CSC-profile,wall,scratch_setup,0.00062856499999999998,0
amazon0312.mtx,1,1,CSC-profile,wall,work_bound,0.0093537210000000006,0
amazon0312.mtx,1,1,CSC-profile,wall,symbolic_capacity,0.0033442229999999999,0
amazon0312.mtx,1,1,CSC-profile,wall,symbolic,0.235601223,0
amazon0312.mtx,1,1,CSC-profile,wall,prefix_numeric_capacity,0.002824727,0
amazon0312.mtx,1,1,CSC-profile,wall,output_allocate,0.011656646999999999,0
amazon0312.mtx,1,1,CSC-profile,wall,numeric,0.820673333,0
amazon0312.mtx,1,1,CSC-profile,wall,return_cleanup,1.883e-06,0
amazon0312.mtx,1,1,CSC-profile,wall,output_free,1.623e-06,0
amazon0312.mtx,1,1,CombBLAS-control,wall,total,1.264745513,0
amazon0312.mtx,1,1,CombBLAS-control,wall,native_call_and_free,1.264744941,0
amazon0312.mtx,1,1,DCSC-control,wall,total,1.2888870939999999,0
amazon0312.mtx,1,1,DCSC-control,wall,native_call_and_free,1.288886814,0
amazon0312.mtx,1,2,CombBLAS-control,wall,total,1.2640303209999999,0
amazon0312.mtx,1,2,CombBLAS-control,wall,native_call_and_free,1.2640297,0
amazon0312.mtx,1,2,CSC-profile,wall,total,1.0841267139999999,0
amazon0312.mtx,1,2,CSC-profile,wall,validate,6.7199999999999998e-07,0
amazon0312.mtx,1,2,CSC-profile,wall,lookup_build,4.0000000000000001e-08,0
amazon0312.mtx,1,2,CSC-profile,wall,scratch_setup,0.00068672700000000004,0
amazon0312.mtx,1,2,CSC-profile,wall,work_bound,0.0094728280000000008,0
amazon0312.mtx,1,2,CSC-profile,wall,symbolic_capacity,0.003245375,0
amazon0312.mtx,1,2,CSC-profile,wall,symbolic,0.235745869,0
amazon0312.mtx,1,2,CSC-profile,wall,prefix_numeric_capacity,0.0028396160000000001,0
amazon0312.mtx,1,2,CSC-profile,wall,output_allocate,0.011707775,0
amazon0312.mtx,1,2,CSC-profile,wall,numeric,0.82042470599999995,0
amazon0312.mtx,1,2,CSC-profile,wall,return_cleanup,1.894e-06,0
amazon0312.mtx,1,2,CSC-profile,wall,output_free,1.1620000000000001e-06,0
amazon0312.mtx,1,2,DCSC-profile,wall,total,1.286673068,0
amazon0312.mtx,1,2,DCSC-profile,wall,validate,5.6100000000000001e-07,0
amazon0312.mtx,1,2,DCSC-profile,wall,lookup_build,0.0054756819999999999,0
amazon0312.mtx,1,2,DCSC-profile,wall,scratch_setup,0.00064586899999999998,0
amazon0312.mtx,1,2,DCSC-profile,wall,work_bound,0.02914572,0
amazon0312.mtx,1,2,DCSC-profile,wall,symbolic_capacity,0.0031945070000000001,0
amazon0312.mtx,1,2,DCSC-profile,wall,symbolic,0.29541608400000002,0
amazon0312.mtx,1,2,DCSC-profile,wall,prefix_numeric_capacity,0.0028259399999999999,0
amazon0312.mtx,1,2,DCSC-profile,wall,output_allocate,0.012136526999999999,0
amazon0312.mtx,1,2,DCSC-profile,wall,numeric,0.93782848100000005,0
amazon0312.mtx,1,2,DCSC-profile,wall,return_cleanup,1.513e-06,0
amazon0312.mtx,1,2,DCSC-profile,wall,output_free,2.1339999999999998e-06,0
amazon0312.mtx,1,2,CombBLAS-profile,wall,total,1.2810205969999999,0
amazon0312.mtx,1,2,CombBLAS-profile,wall,lookup_build,0.00031652699999999999,0
amazon0312.mtx,1,2,CombBLAS-profile,wall,thread_setup,3.4460000000000001e-06,0
amazon0312.mtx,1,2,CombBLAS-profile,wall,work_bound,0.066514081000000003,0
amazon0312.mtx,1,2,CombBLAS-profile,wall,work_prefix,0.000225112,0
amazon0312.mtx,1,2,CombBLAS-profile,wall,symbolic,0.279421217,0
amazon0312.mtx,1,2,CombBLAS-profile,wall,output_prefix,0.00029971499999999999,0
amazon0312.mtx,1,2,CombBLAS-profile,wall,output_allocate,0.017773969000000001,0
amazon0312.mtx,1,2,CombBLAS-profile,wall,numeric_scratch_setup,0.002159331,0
amazon0312.mtx,1,2,CombBLAS-profile,wall,numeric,0.91430248000000003,0
amazon0312.mtx,1,2,CombBLAS-profile,wall,internal_cleanup,3.5559999999999999e-06,0
amazon0312.mtx,1,2,CombBLAS-profile,wall,return_cleanup,5.9200000000000001e-07,0
amazon0312.mtx,1,2,CombBLAS-profile,wall,output_free,5.2099999999999997e-07,0
amazon0312.mtx,1,2,DCSC-sampled,wall,total,1.2894956019999999,0
amazon0312.mtx,1,2,DCSC-sampled,wall,validate,2.6100000000000002e-07,0
amazon0312.mtx,1,2,DCSC-sampled,wall,lookup_build,0.0059357339999999998,0
amazon0312.mtx,1,2,DCSC-sampled,wall,scratch_setup,0.00064757200000000001,0
amazon0312.mtx,1,2,DCSC-sampled,wall,work_bound,0.029067229999999999,0
amazon0312.mtx,1,2,DCSC-sampled,wall,symbolic_capacity,0.003182734,0
amazon0312.mtx,1,2,DCSC-sampled,wall,symbolic,0.295671674,0
amazon0312.mtx,1,2,DCSC-sampled,wall,prefix_numeric_capacity,0.0028142079999999999,0
amazon0312.mtx,1,2,DCSC-sampled,wall,output_allocate,0.012135505,0
amazon0312.mtx,1,2,DCSC-sampled,wall,numeric,0.94003707700000005,0
amazon0312.mtx,1,2,DCSC-sampled,wall,return_cleanup,1.8330000000000001e-06,0
amazon0312.mtx,1,2,DCSC-sampled,wall,output_free,1.714e-06,0
amazon0312.mtx,1,2,DCSC-sampled,sampled_worker,lookup,0,8349
amazon0312.mtx,1,2,DCSC-sampled,sampled_worker,alloc_init,0.00069164800000002548,8349
amazon0312.mtx,1,2,DCSC-sampled,sampled_worker,lookup_multiply_hash,0.01062026499999992,8349
amazon0312.mtx,1,2,DCSC-sampled,sampled_worker,compact,0.0015891769999999636,8349
amazon0312.mtx,1,2,DCSC-sampled,sampled_worker,sort,0.0069874389999999382,8349
amazon0312.mtx,1,2,DCSC-sampled,sampled_worker,write,0.00064271399999999161,8349
amazon0312.mtx,1,2,DCSC-sampled,sampled_worker,scratch_free,0.00039244999999995769,8349
amazon0312.mtx,1,2,CombBLAS-sampled,wall,total,1.284261133,0
amazon0312.mtx,1,2,CombBLAS-sampled,wall,lookup_build,0.00032882000000000001,0
amazon0312.mtx,1,2,CombBLAS-sampled,wall,thread_setup,3.4769999999999999e-06,0
amazon0312.mtx,1,2,CombBLAS-sampled,wall,work_bound,0.066349034000000001,0
amazon0312.mtx,1,2,CombBLAS-sampled,wall,work_prefix,0.00022447999999999999,0
amazon0312.mtx,1,2,CombBLAS-sampled,wall,symbolic,0.27878166100000001,0
amazon0312.mtx,1,2,CombBLAS-sampled,wall,output_prefix,0.000304784,0
amazon0312.mtx,1,2,CombBLAS-sampled,wall,output_allocate,0.017705698999999998,0
amazon0312.mtx,1,2,CombBLAS-sampled,wall,numeric_scratch_setup,0.002180703,0
amazon0312.mtx,1,2,CombBLAS-sampled,wall,numeric,0.91837727300000005,0
amazon0312.mtx,1,2,CombBLAS-sampled,wall,internal_cleanup,4.0280000000000002e-06,0
amazon0312.mtx,1,2,CombBLAS-sampled,wall,return_cleanup,5.9100000000000004e-07,0
amazon0312.mtx,1,2,CombBLAS-sampled,wall,output_free,5.3099999999999998e-07,0
amazon0312.mtx,1,2,CombBLAS-sampled,sampled_worker,lookup,0.0020448399999999866,8349
amazon0312.mtx,1,2,CombBLAS-sampled,sampled_worker,alloc_init,0.00092017499999999151,8349
amazon0312.mtx,1,2,CombBLAS-sampled,sampled_worker,lookup_multiply_hash,0.0079116939999998841,8349
amazon0312.mtx,1,2,CombBLAS-sampled,sampled_worker,compact,0.0016211699999999561,8349
amazon0312.mtx,1,2,CombBLAS-sampled,sampled_worker,sort,0.0069544929999999262,8349
amazon0312.mtx,1,2,CombBLAS-sampled,sampled_worker,write,0.0011426960000000159,8349
amazon0312.mtx,1,2,CombBLAS-sampled,sampled_worker,scratch_free,0.00038166099999995874,8349
amazon0312.mtx,1,2,CombBLAS-conversion,wall,total,1.316701962,0
amazon0312.mtx,1,2,CombBLAS-conversion,wall,native_call,1.2633570489999999,0
amazon0312.mtx,1,2,CombBLAS-conversion,wall,tuple_to_dcsc,0.053339933999999999,0
amazon0312.mtx,1,2,CombBLAS-conversion,wall,dcsc_free,4.177e-06,0
amazon0312.mtx,1,2,CombBLAS-conversion,wall,output_free,7.4199999999999995e-07,0
amazon0312.mtx,1,2,DCSC-dense-lookup,wall,total,1.0924615,0
amazon0312.mtx,1,2,DCSC-dense-lookup,wall,native_call_and_free,1.0924611580000001,0
amazon0312.mtx,1,2,DCSC-static,wall,total,1.2890554569999999,0
amazon0312.mtx,1,2,DCSC-static,wall,native_call_and_free,1.2890549060000001,0
amazon0312.mtx,1,2,DCSC-dense-static,wall,total,1.088368419,0
amazon0312.mtx,1,2,DCSC-dense-static,wall,native_call_and_free,1.088368118,0
amazon0312.mtx,1,2,CSC-control,wall,total,1.084167332,0
amazon0312.mtx,1,2,CSC-control,wall,native_call_and_free,1.0841668,0
amazon0312.mtx,1,2,DCSC-control,wall,total,1.289335004,0
amazon0312.mtx,1,2,DCSC-control,wall,native_call_and_free,1.289334714,0
amazon0312.mtx,1,3,CombBLAS-control,wall,total,1.2636036610000001,0
amazon0312.mtx,1,3,CombBLAS-control,wall,native_call_and_free,1.2636033710000001,0
amazon0312.mtx,1,3,DCSC-control,wall,total,1.2888989369999999,0
amazon0312.mtx,1,3,DCSC-control,wall,native_call_and_free,1.2888986469999999,0
amazon0312.mtx,1,3,CSC-control,wall,total,1.0835320930000001,0
amazon0312.mtx,1,3,CSC-control,wall,native_call_and_free,1.083531502,0
amazon0312.mtx,1,3,DCSC-dense-static,wall,total,1.0890638829999999,0
amazon0312.mtx,1,3,DCSC-dense-static,wall,native_call_and_free,1.089063552,0
amazon0312.mtx,1,3,DCSC-static,wall,total,1.2862356690000001,0
amazon0312.mtx,1,3,DCSC-static,wall,native_call_and_free,1.2862351080000001,0
amazon0312.mtx,1,3,DCSC-dense-lookup,wall,total,1.0928715760000001,0
amazon0312.mtx,1,3,DCSC-dense-lookup,wall,native_call_and_free,1.092871275,0
amazon0312.mtx,1,3,CombBLAS-conversion,wall,total,1.3192534760000001,0
amazon0312.mtx,1,3,CombBLAS-conversion,wall,native_call,1.265967055,0
amazon0312.mtx,1,3,CombBLAS-conversion,wall,tuple_to_dcsc,0.053281992,0
amazon0312.mtx,1,3,CombBLAS-conversion,wall,dcsc_free,3.4070000000000002e-06,0
amazon0312.mtx,1,3,CombBLAS-conversion,wall,output_free,9.6200000000000006e-07,0
amazon0312.mtx,1,3,CombBLAS-sampled,wall,total,1.2869505000000001,0
amazon0312.mtx,1,3,CombBLAS-sampled,wall,lookup_build,0.000445745,0
amazon0312.mtx,1,3,CombBLAS-sampled,wall,thread_setup,6.613e-06,0
amazon0312.mtx,1,3,CombBLAS-sampled,wall,work_bound,0.066206231000000004,0
amazon0312.mtx,1,3,CombBLAS-sampled,wall,work_prefix,0.00022693499999999999,0
amazon0312.mtx,1,3,CombBLAS-sampled,wall,symbolic,0.279700432,0
amazon0312.mtx,1,3,CombBLAS-sampled,wall,output_prefix,0.00030237999999999999,0
amazon0312.mtx,1,3,CombBLAS-sampled,wall,output_allocate,0.01786797,0
amazon0312.mtx,1,3,CombBLAS-sampled,wall,numeric_scratch_setup,0.0021501530000000001,0
amazon0312.mtx,1,3,CombBLAS-sampled,wall,numeric,0.920038931,0
amazon0312.mtx,1,3,CombBLAS-sampled,wall,internal_cleanup,3.7579999999999998e-06,0
amazon0312.mtx,1,3,CombBLAS-sampled,wall,return_cleanup,5.7100000000000002e-07,0
amazon0312.mtx,1,3,CombBLAS-sampled,wall,output_free,7.1099999999999995e-07,0
amazon0312.mtx,1,3,CombBLAS-sampled,sampled_worker,lookup,0.0020377759999999786,8349
amazon0312.mtx,1,3,CombBLAS-sampled,sampled_worker,alloc_init,0.00093001399999998802,8349
amazon0312.mtx,1,3,CombBLAS-sampled,sampled_worker,lookup_multiply_hash,0.0079027159999999225,8349
amazon0312.mtx,1,3,CombBLAS-sampled,sampled_worker,compact,0.0016233039999999489,8349
amazon0312.mtx,1,3,CombBLAS-sampled,sampled_worker,sort,0.0071437769999998834,8349
amazon0312.mtx,1,3,CombBLAS-sampled,sampled_worker,write,0.0011390680000000215,8349
amazon0312.mtx,1,3,CombBLAS-sampled,sampled_worker,scratch_free,0.00038489599999995768,8349
amazon0312.mtx,1,3,DCSC-sampled,wall,total,1.290494367,0
amazon0312.mtx,1,3,DCSC-sampled,wall,validate,4.9100000000000004e-07,0
amazon0312.mtx,1,3,DCSC-sampled,wall,lookup_build,0.0056750639999999996,0
amazon0312.mtx,1,3,DCSC-sampled,wall,scratch_setup,0.00063623100000000001,0
amazon0312.mtx,1,3,DCSC-sampled,wall,work_bound,0.029228719,0
amazon0312.mtx,1,3,DCSC-sampled,wall,symbolic_capacity,0.0031798389999999998,0
amazon0312.mtx,1,3,DCSC-sampled,wall,symbolic,0.29534480699999999,0
amazon0312.mtx,1,3,DCSC-sampled,wall,prefix_numeric_capacity,0.0028137570000000001,0
amazon0312.mtx,1,3,DCSC-sampled,wall,output_allocate,0.012117780999999999,0
amazon0312.mtx,1,3,DCSC-sampled,wall,numeric,0.94149401099999996,0
amazon0312.mtx,1,3,DCSC-sampled,wall,return_cleanup,1.6530000000000001e-06,0
amazon0312.mtx,1,3,DCSC-sampled,wall,output_free,1.9539999999999998e-06,0
amazon0312.mtx,1,3,DCSC-sampled,sampled_worker,lookup,0,8349
amazon0312.mtx,1,3,DCSC-sampled,sampled_worker,alloc_init,0.000683921000000022,8349
amazon0312.mtx,1,3,DCSC-sampled,sampled_worker,lookup_multiply_hash,0.010593779999999905,8349
amazon0312.mtx,1,3,DCSC-sampled,sampled_worker,compact,0.0016904659999999521,8349
amazon0312.mtx,1,3,DCSC-sampled,sampled_worker,sort,0.0069139449999999249,8349
amazon0312.mtx,1,3,DCSC-sampled,sampled_worker,write,0.00064398099999999063,8349
amazon0312.mtx,1,3,DCSC-sampled,sampled_worker,scratch_free,0.00039545899999995693,8349
amazon0312.mtx,1,3,CombBLAS-profile,wall,total,1.282786083,0
amazon0312.mtx,1,3,CombBLAS-profile,wall,lookup_build,0.00031699799999999998,0
amazon0312.mtx,1,3,CombBLAS-profile,wall,thread_setup,2.5749999999999999e-06,0
amazon0312.mtx,1,3,CombBLAS-profile,wall,work_bound,0.066629061000000003,0
amazon0312.mtx,1,3,CombBLAS-profile,wall,work_prefix,0.00022634400000000001,0
amazon0312.mtx,1,3,CombBLAS-profile,wall,symbolic,0.27921466099999998,0
amazon0312.mtx,1,3,CombBLAS-profile,wall,output_prefix,0.00030760999999999999,0
amazon0312.mtx,1,3,CombBLAS-profile,wall,output_allocate,0.017771064,0
amazon0312.mtx,1,3,CombBLAS-profile,wall,numeric_scratch_setup,0.0021795600000000001,0
amazon0312.mtx,1,3,CombBLAS-profile,wall,numeric,0.91613262900000003,0
amazon0312.mtx,1,3,CombBLAS-profile,wall,internal_cleanup,3.968e-06,0
amazon0312.mtx,1,3,CombBLAS-profile,wall,return_cleanup,7.5099999999999999e-07,0
amazon0312.mtx,1,3,CombBLAS-profile,wall,output_free,8.0200000000000001e-07,0
amazon0312.mtx,1,3,DCSC-profile,wall,total,1.288586488,0
amazon0312.mtx,1,3,DCSC-profile,wall,validate,2.6100000000000002e-07,0
amazon0312.mtx,1,3,DCSC-profile,wall,lookup_build,0.0054723150000000002,0
amazon0312.mtx,1,3,DCSC-profile,wall,scratch_setup,0.00064751200000000004,0
amazon0312.mtx,1,3,DCSC-profile,wall,work_bound,0.029144317999999999,0
amazon0312.mtx,1,3,DCSC-profile,wall,symbolic_capacity,0.0031923519999999999,0
amazon0312.mtx,1,3,DCSC-profile,wall,symbolic,0.296018279,0
amazon0312.mtx,1,3,DCSC-profile,wall,prefix_numeric_capacity,0.0028297280000000001,0
amazon0312.mtx,1,3,DCSC-profile,wall,output_allocate,0.012406224,0
amazon0312.mtx,1,3,DCSC-profile,wall,numeric,0.93887220299999996,0
amazon0312.mtx,1,3,DCSC-profile,wall,return_cleanup,1.3820000000000001e-06,0
amazon0312.mtx,1,3,DCSC-profile,wall,output_free,1.854e-06,0
amazon0312.mtx,1,3,CSC-profile,wall,total,1.085924382,0
amazon0312.mtx,1,3,CSC-profile,wall,validate,4.6100000000000001e-07,0
amazon0312.mtx,1,3,CSC-profile,wall,lookup_build,2.9999999999999997e-08,0
amazon0312.mtx,1,3,CSC-profile,wall,scratch_setup,0.00061810599999999999,0
amazon0312.mtx,1,3,CSC-profile,wall,work_bound,0.0092112960000000008,0
amazon0312.mtx,1,3,CSC-profile,wall,symbolic_capacity,0.0032698919999999999,0
amazon0312.mtx,1,3,CSC-profile,wall,symbolic,0.236344949,0
amazon0312.mtx,1,3,CSC-profile,wall,prefix_numeric_capacity,0.0029439459999999998,0
amazon0312.mtx,1,3,CSC-profile,wall,output_allocate,0.01172603,0
amazon0312.mtx,1,3,CSC-profile,wall,numeric,0.82180567400000004,0
amazon0312.mtx,1,3,CSC-profile,wall,return_cleanup,2.0040000000000002e-06,0
amazon0312.mtx,1,3,CSC-profile,wall,output_free,1.9240000000000001e-06,0
amazon0312.mtx,16,0,CSC-control,wall,total,0.088716853999999998,0
amazon0312.mtx,16,0,CSC-control,wall,native_call_and_free,0.088716543999999994,0
amazon0312.mtx,16,0,DCSC-control,wall,total,0.10647677699999999,0
amazon0312.mtx,16,0,DCSC-control,wall,native_call_and_free,0.10647638700000001,0
amazon0312.mtx,16,0,CombBLAS-control,wall,total,0.24893273099999999,0
amazon0312.mtx,16,0,CombBLAS-control,wall,native_call_and_free,0.24893219999999999,0
amazon0312.mtx,16,0,CSC-profile,wall,total,0.088768173000000006,0
amazon0312.mtx,16,0,CSC-profile,wall,validate,7.0100000000000004e-07,0
amazon0312.mtx,16,0,CSC-profile,wall,lookup_build,3.1e-08,0
amazon0312.mtx,16,0,CSC-profile,wall,scratch_setup,0.00070723599999999998,0
amazon0312.mtx,16,0,CSC-profile,wall,work_bound,0.0011169719999999999,0
amazon0312.mtx,16,0,CSC-profile,wall,symbolic_capacity,0.0032877660000000001,0
amazon0312.mtx,16,0,CSC-profile,wall,symbolic,0.015546407999999999,0
amazon0312.mtx,16,0,CSC-profile,wall,prefix_numeric_capacity,0.0042066070000000002,0
amazon0312.mtx,16,0,CSC-profile,wall,output_allocate,0.011784642999999999,0
amazon0312.mtx,16,0,CSC-profile,wall,numeric,0.052114312000000003,0
amazon0312.mtx,16,0,CSC-profile,wall,return_cleanup,1.6640000000000001e-06,0
amazon0312.mtx,16,0,CSC-profile,wall,output_free,1.7630000000000001e-06,0
amazon0312.mtx,16,0,DCSC-profile,wall,total,0.106187533,0
amazon0312.mtx,16,0,DCSC-profile,wall,validate,4.8100000000000003e-07,0
amazon0312.mtx,16,0,DCSC-profile,wall,lookup_build,0.0054678679999999999,0
amazon0312.mtx,16,0,DCSC-profile,wall,scratch_setup,0.00072205399999999997,0
amazon0312.mtx,16,0,DCSC-profile,wall,work_bound,0.0027910930000000001,0
amazon0312.mtx,16,0,DCSC-profile,wall,symbolic_capacity,0.0032395840000000002,0
amazon0312.mtx,16,0,DCSC-profile,wall,symbolic,0.019130661,0
amazon0312.mtx,16,0,DCSC-profile,wall,prefix_numeric_capacity,0.0036702390000000001,0
amazon0312.mtx,16,0,DCSC-profile,wall,output_allocate,0.012292056000000001,0
amazon0312.mtx,16,0,DCSC-profile,wall,numeric,0.058870230000000003,0
amazon0312.mtx,16,0,DCSC-profile,wall,return_cleanup,1.1930000000000001e-06,0
amazon0312.mtx,16,0,DCSC-profile,wall,output_free,2.0040000000000002e-06,0
amazon0312.mtx,16,0,CombBLAS-profile,wall,total,0.25082283599999999,0
amazon0312.mtx,16,0,CombBLAS-profile,wall,lookup_build,0.00031926200000000001,0
amazon0312.mtx,16,0,CombBLAS-profile,wall,thread_setup,9.6989999999999998e-06,0
amazon0312.mtx,16,0,CombBLAS-profile,wall,work_bound,0.0098786970000000005,0
amazon0312.mtx,16,0,CombBLAS-profile,wall,work_prefix,0.00013971799999999999,0
amazon0312.mtx,16,0,CombBLAS-profile,wall,symbolic,0.047046362000000001,0
amazon0312.mtx,16,0,CombBLAS-profile,wall,output_prefix,0.00014174200000000001,0
amazon0312.mtx,16,0,CombBLAS-profile,wall,output_allocate,0.018131516,0
amazon0312.mtx,16,0,CombBLAS-profile,wall,numeric_scratch_setup,0.0024133879999999998,0
amazon0312.mtx,16,0,CombBLAS-profile,wall,numeric,0.17273524800000001,0
amazon0312.mtx,16,0,CombBLAS-profile,wall,internal_cleanup,3.6380000000000002e-06,0
amazon0312.mtx,16,0,CombBLAS-profile,wall,return_cleanup,2.6539999999999999e-06,0
amazon0312.mtx,16,0,CombBLAS-profile,wall,output_free,8.4200000000000005e-07,0
amazon0312.mtx,16,0,DCSC-sampled,wall,total,0.106416552,0
amazon0312.mtx,16,0,DCSC-sampled,wall,validate,2.6100000000000002e-07,0
amazon0312.mtx,16,0,DCSC-sampled,wall,lookup_build,0.005456285,0
amazon0312.mtx,16,0,DCSC-sampled,wall,scratch_setup,0.00066987399999999999,0
amazon0312.mtx,16,0,DCSC-sampled,wall,work_bound,0.0027595929999999999,0
amazon0312.mtx,16,0,DCSC-sampled,wall,symbolic_capacity,0.0032603329999999998,0
amazon0312.mtx,16,0,DCSC-sampled,wall,symbolic,0.019116284000000001,0
amazon0312.mtx,16,0,DCSC-sampled,wall,prefix_numeric_capacity,0.003624632,0
amazon0312.mtx,16,0,DCSC-sampled,wall,output_allocate,0.012555471,0
amazon0312.mtx,16,0,DCSC-sampled,wall,numeric,0.058970593000000002,0
amazon0312.mtx,16,0,DCSC-sampled,wall,return_cleanup,1.2729999999999999e-06,0
amazon0312.mtx,16,0,DCSC-sampled,wall,output_free,1.8929999999999999e-06,0
amazon0312.mtx,16,0,DCSC-sampled,sampled_worker,lookup,0,8349
amazon0312.mtx,16,0,DCSC-sampled,sampled_worker,alloc_init,0.00067473700000000153,8349
amazon0312.mtx,16,0,DCSC-sampled,sampled_worker,lookup_multiply_hash,0.010923974999999992,8349
amazon0312.mtx,16,0,DCSC-sampled,sampled_worker,compact,0.001614549999999998,8349
amazon0312.mtx,16,0,DCSC-sampled,sampled_worker,sort,0.006897366999999998,8349
amazon0312.mtx,16,0,DCSC-sampled,sampled_worker,write,0.00073391000000000125,8349
amazon0312.mtx,16,0,DCSC-sampled,sampled_worker,scratch_free,0.00042657799999999848,8349
amazon0312.mtx,16,0,CombBLAS-sampled,wall,total,0.25108560000000002,0
amazon0312.mtx,16,0,CombBLAS-sampled,wall,lookup_build,0.000322078,0
amazon0312.mtx,16,0,CombBLAS-sampled,wall,thread_setup,1.1922999999999999e-05,0
amazon0312.mtx,16,0,CombBLAS-sampled,wall,work_bound,0.0099699309999999996,0
amazon0312.mtx,16,0,CombBLAS-sampled,wall,work_prefix,0.000137403,0
amazon0312.mtx,16,0,CombBLAS-sampled,wall,symbolic,0.047170210999999997,0
amazon0312.mtx,16,0,CombBLAS-sampled,wall,output_prefix,0.00014044900000000001,0
amazon0312.mtx,16,0,CombBLAS-sampled,wall,output_allocate,0.018051021,0
amazon0312.mtx,16,0,CombBLAS-sampled,wall,numeric_scratch_setup,0.002482452,0
amazon0312.mtx,16,0,CombBLAS-sampled,wall,numeric,0.17279303800000001,0
amazon0312.mtx,16,0,CombBLAS-sampled,wall,internal_cleanup,3.597e-06,0
amazon0312.mtx,16,0,CombBLAS-sampled,wall,return_cleanup,2.695e-06,0
amazon0312.mtx,16,0,CombBLAS-sampled,wall,output_free,7.4199999999999995e-07,0
amazon0312.mtx,16,0,CombBLAS-sampled,sampled_worker,lookup,0.0021348879999999997,8349
amazon0312.mtx,16,0,CombBLAS-sampled,sampled_worker,alloc_init,0.00088886900000000025,8349
amazon0312.mtx,16,0,CombBLAS-sampled,sampled_worker,lookup_multiply_hash,0.0082244589999999965,8349
amazon0312.mtx,16,0,CombBLAS-sampled,sampled_worker,compact,0.0016218959999999996,8349
amazon0312.mtx,16,0,CombBLAS-sampled,sampled_worker,sort,0.0069750349999999975,8349
amazon0312.mtx,16,0,CombBLAS-sampled,sampled_worker,write,0.001108717000000001,8349
amazon0312.mtx,16,0,CombBLAS-sampled,sampled_worker,scratch_free,0.00039252399999999832,8349
amazon0312.mtx,16,0,CombBLAS-conversion,wall,total,0.30314930600000001,0
amazon0312.mtx,16,0,CombBLAS-conversion,wall,native_call,0.24843128,0
amazon0312.mtx,16,0,CombBLAS-conversion,wall,tuple_to_dcsc,0.054714760000000001,0
amazon0312.mtx,16,0,CombBLAS-conversion,wall,dcsc_free,2.6450000000000001e-06,0
amazon0312.mtx,16,0,CombBLAS-conversion,wall,output_free,5.6100000000000001e-07,0
amazon0312.mtx,16,0,DCSC-dense-lookup,wall,total,0.089573667999999995,0
amazon0312.mtx,16,0,DCSC-dense-lookup,wall,native_call_and_free,0.089573297999999996,0
amazon0312.mtx,16,0,DCSC-static,wall,total,0.26576539500000002,0
amazon0312.mtx,16,0,DCSC-static,wall,native_call_and_free,0.26576509500000001,0
amazon0312.mtx,16,0,DCSC-dense-static,wall,total,0.22300595500000001,0
amazon0312.mtx,16,0,DCSC-dense-static,wall,native_call_and_free,0.223005644,0
amazon0312.mtx,16,1,CSC-control,wall,total,0.088693480000000005,0
amazon0312.mtx,16,1,CSC-control,wall,native_call_and_free,0.088693430000000004,0
amazon0312.mtx,16,1,DCSC-dense-static,wall,total,0.22275251900000001,0
amazon0312.mtx,16,1,DCSC-dense-static,wall,native_call_and_free,0.22275198800000001,0
amazon0312.mtx,16,1,DCSC-static,wall,total,0.26557055200000002,0
amazon0312.mtx,16,1,DCSC-static,wall,native_call_and_free,0.265570001,0
amazon0312.mtx,16,1,DCSC-dense-lookup,wall,total,0.089623584000000006,0
amazon0312.mtx,16,1,DCSC-dense-lookup,wall,native_call_and_free,0.089623163000000006,0
amazon0312.mtx,16,1,CombBLAS-conversion,wall,total,0.30343642599999998,0
amazon0312.mtx,16,1,CombBLAS-conversion,wall,native_call,0.24872001299999999,0
amazon0312.mtx,16,1,CombBLAS-conversion,wall,tuple_to_dcsc,0.054713047000000001,0
amazon0312.mtx,16,1,CombBLAS-conversion,wall,dcsc_free,2.7750000000000001e-06,0
amazon0312.mtx,16,1,CombBLAS-conversion,wall,output_free,5.2099999999999997e-07,0
amazon0312.mtx,16,1,CombBLAS-sampled,wall,total,0.25072119100000001,0
amazon0312.mtx,16,1,CombBLAS-sampled,wall,lookup_build,0.00048210499999999998,0
amazon0312.mtx,16,1,CombBLAS-sampled,wall,thread_setup,1.2143e-05,0
amazon0312.mtx,16,1,CombBLAS-sampled,wall,work_bound,0.0097776129999999992,0
amazon0312.mtx,16,1,CombBLAS-sampled,wall,work_prefix,5.5016000000000003e-05,0
amazon0312.mtx,16,1,CombBLAS-sampled,wall,symbolic,0.046919990000000002,0
amazon0312.mtx,16,1,CombBLAS-sampled,wall,output_prefix,0.00013471800000000001,0
amazon0312.mtx,16,1,CombBLAS-sampled,wall,output_allocate,0.018034990000000001,0
amazon0312.mtx,16,1,CombBLAS-sampled,wall,numeric_scratch_setup,0.0023689639999999999,0
amazon0312.mtx,16,1,CombBLAS-sampled,wall,numeric,0.172929731,0
amazon0312.mtx,16,1,CombBLAS-sampled,wall,internal_cleanup,2.8959999999999999e-06,0
amazon0312.mtx,16,1,CombBLAS-sampled,wall,return_cleanup,2.4540000000000001e-06,0
amazon0312.mtx,16,1,CombBLAS-sampled,wall,output_free,5.1200000000000003e-07,0
amazon0312.mtx,16,1,CombBLAS-sampled,sampled_worker,lookup,0.0021180999999999995,8349
amazon0312.mtx,16,1,CombBLAS-sampled,sampled_worker,alloc_init,0.00088993900000000018,8349
amazon0312.mtx,16,1,CombBLAS-sampled,sampled_worker,lookup_multiply_hash,0.008154429000000003,8349
amazon0312.mtx,16,1,CombBLAS-sampled,sampled_worker,compact,0.0016210310000000002,8349
amazon0312.mtx,16,1,CombBLAS-sampled,sampled_worker,sort,0.007006143999999998,8349
amazon0312.mtx,16,1,CombBLAS-sampled,sampled_worker,write,0.0011251660000000004,8349
amazon0312.mtx,16,1,CombBLAS-sampled,sampled_worker,scratch_free,0.0003862909999999983,8349
amazon0312.mtx,16,1,DCSC-sampled,wall,total,0.10659070599999999,0
amazon0312.mtx,16,1,DCSC-sampled,wall,validate,4.6100000000000001e-07,0
amazon0312.mtx,16,1,DCSC-sampled,wall,lookup_build,0.0056450570000000002,0
amazon0312.mtx,16,1,DCSC-sampled,wall,scratch_setup,0.00066244000000000003,0
amazon0312.mtx,16,1,DCSC-sampled,wall,work_bound,0.0027554350000000001,0
amazon0312.mtx,16,1,DCSC-sampled,wall,symbolic_capacity,0.003249442,0
amazon0312.mtx,16,1,DCSC-sampled,wall,symbolic,0.019119170000000001,0
amazon0312.mtx,16,1,DCSC-sampled,wall,prefix_numeric_capacity,0.0038203970000000001,0
amazon0312.mtx,16,1,DCSC-sampled,wall,output_allocate,0.012374514,0
amazon0312.mtx,16,1,DCSC-sampled,wall,numeric,0.058960894,0
amazon0312.mtx,16,1,DCSC-sampled,wall,return_cleanup,1.5430000000000001e-06,0
amazon0312.mtx,16,1,DCSC-sampled,wall,output_free,1.2929999999999999e-06,0
amazon0312.mtx,16,1,DCSC-sampled,sampled_worker,lookup,0,8349
amazon0312.mtx,16,1,DCSC-sampled,sampled_worker,alloc_init,0.00067175100000000157,8349
amazon0312.mtx,16,1,DCSC-sampled,sampled_worker,lookup_multiply_hash,0.010972002999999991,8349
amazon0312.mtx,16,1,DCSC-sampled,sampled_worker,compact,0.001599224999999998,8349
amazon0312.mtx,16,1,DCSC-sampled,sampled_worker,sort,0.006919296000000001,8349
amazon0312.mtx,16,1,DCSC-sampled,sampled_worker,write,0.00071005200000000127,8349
amazon0312.mtx,16,1,DCSC-sampled,sampled_worker,scratch_free,0.00042810999999999837,8349
amazon0312.mtx,16,1,CombBLAS-profile,wall,total,0.250902929,0
amazon0312.mtx,16,1,CombBLAS-profile,wall,lookup_build,0.000372755,0
amazon0312.mtx,16,1,CombBLAS-profile,wall,thread_setup,1.064e-05,0
amazon0312.mtx,16,1,CombBLAS-profile,wall,work_bound,0.009852296,0
amazon0312.mtx,16,1,CombBLAS-profile,wall,work_prefix,0.00013745399999999999,0
amazon0312.mtx,16,1,CombBLAS-profile,wall,symbolic,0.047152947000000001,0
amazon0312.mtx,16,1,CombBLAS-profile,wall,output_prefix,0.00014117099999999999,0
amazon0312.mtx,16,1,CombBLAS-profile,wall,output_allocate,0.018224332999999999,0
amazon0312.mtx,16,1,CombBLAS-profile,wall,numeric_scratch_setup,0.002504844,0
amazon0312.mtx,16,1,CombBLAS-profile,wall,numeric,0.17249993699999999,0
amazon0312.mtx,16,1,CombBLAS-profile,wall,internal_cleanup,3.1559999999999999e-06,0
amazon0312.mtx,16,1,CombBLAS-profile,wall,return_cleanup,2.785e-06,0
amazon0312.mtx,16,1,CombBLAS-profile,wall,output_free,5.5199999999999997e-07,0
amazon0312.mtx,16,1,DCSC-profile,wall,total,0.106652926,0
amazon0312.mtx,16,1,DCSC-profile,wall,validate,2.7099999999999998e-07,0
amazon0312.mtx,16,1,DCSC-profile,wall,lookup_build,0.0054589199999999999,0
amazon0312.mtx,16,1,DCSC-profile,wall,scratch_setup,0.00065631900000000004,0
amazon0312.mtx,16,1,DCSC-profile,wall,work_bound,0.002740316,0
amazon0312.mtx,16,1,DCSC-profile,wall,symbolic_capacity,0.003277014,0
amazon0312.mtx,16,1,DCSC-profile,wall,symbolic,0.019145289999999999,0
amazon0312.mtx,16,1,DCSC-profile,wall,prefix_numeric_capacity,0.0037623159999999999,0
amazon0312.mtx,16,1,DCSC-profile,wall,output_allocate,0.012791774000000001,0
amazon0312.mtx,16,1,DCSC-profile,wall,numeric,0.058817188999999999,0
amazon0312.mtx,16,1,DCSC-profile,wall,return_cleanup,1.4929999999999999e-06,0
amazon0312.mtx,16,1,DCSC-profile,wall,output_free,1.9539999999999998e-06,0
amazon0312.mtx,16,1,CSC-profile,wall,total,0.089001480999999993,0
amazon0312.mtx,16,1,CSC-profile,wall,validate,7.2200000000000003e-07,0
amazon0312.mtx,16,1,CSC-profile,wall,lookup_build,2.9999999999999997e-08,0
amazon0312.mtx,16,1,CSC-profile,wall,scratch_setup,0.00084273599999999996,0
amazon0312.mtx,16,1,CSC-profile,wall,work_bound,0.0010636700000000001,0
amazon0312.mtx,16,1,CSC-profile,wall,symbolic_capacity,0.0033254479999999999,0
amazon0312.mtx,16,1,CSC-profile,wall,symbolic,0.015564803,0
amazon0312.mtx,16,1,CSC-profile,wall,prefix_numeric_capacity,0.0041945949999999997,0
amazon0312.mtx,16,1,CSC-profile,wall,output_allocate,0.011866929999999999,0
amazon0312.mtx,16,1,CSC-profile,wall,numeric,0.052138489000000003,0
amazon0312.mtx,16,1,CSC-profile,wall,return_cleanup,2.5550000000000001e-06,0
amazon0312.mtx,16,1,CSC-profile,wall,output_free,1.443e-06,0
amazon0312.mtx,16,1,CombBLAS-control,wall,total,0.24835848999999999,0
amazon0312.mtx,16,1,CombBLAS-control,wall,native_call_and_free,0.248357939,0
amazon0312.mtx,16,1,DCSC-control,wall,total,0.106338261,0
amazon0312.mtx,16,1,DCSC-control,wall,native_call_and_free,0.10633820099999999,0
amazon0312.mtx,16,2,CombBLAS-control,wall,total,0.24859746799999999,0
amazon0312.mtx,16,2,CombBLAS-control,wall,native_call_and_free,0.24859673700000001,0
amazon0312.mtx,16,2,CSC-profile,wall,total,0.088814032000000001,0
amazon0312.mtx,16,2,CSC-profile,wall,validate,9.4200000000000004e-07,0
amazon0312.mtx,16,2,CSC-profile,wall,lookup_build,4.0000000000000001e-08,0
amazon0312.mtx,16,2,CSC-profile,wall,scratch_setup,0.0007092,0
amazon0312.mtx,16,2,CSC-profile,wall,work_bound,0.001097776,0
amazon0312.mtx,16,2,CSC-profile,wall,symbolic_capacity,0.003318835,0
amazon0312.mtx,16,2,CSC-profile,wall,symbolic,0.015546858,0
amazon0312.mtx,16,2,CSC-profile,wall,prefix_numeric_capacity,0.0041847869999999997,0
amazon0312.mtx,16,2,CSC-profile,wall,output_allocate,0.011862762000000001,0
amazon0312.mtx,16,2,CSC-profile,wall,numeric,0.052089574999999999,0
amazon0312.mtx,16,2,CSC-profile,wall,return_cleanup,2.1440000000000001e-06,0
amazon0312.mtx,16,2,CSC-profile,wall,output_free,1.0529999999999999e-06,0
amazon0312.mtx,16,2,DCSC-profile,wall,total,0.106484733,0
amazon0312.mtx,16,2,DCSC-profile,wall,validate,3.2000000000000001e-07,0
amazon0312.mtx,16,2,DCSC-profile,wall,lookup_build,0.0054753620000000001,0
amazon0312.mtx,16,2,DCSC-profile,wall,scratch_setup,0.00073030999999999997,0
amazon0312.mtx,16,2,DCSC-profile,wall,work_bound,0.0027910130000000002,0
amazon0312.mtx,16,2,DCSC-profile,wall,symbolic_capacity,0.0032766240000000001,0
amazon0312.mtx,16,2,DCSC-profile,wall,symbolic,0.019144057999999999,0
amazon0312.mtx,16,2,DCSC-profile,wall,prefix_numeric_capacity,0.003862599,0
amazon0312.mtx,16,2,DCSC-profile,wall,output_allocate,0.012351900000000001,0
amazon0312.mtx,16,2,DCSC-profile,wall,numeric,0.058849771000000002,0
amazon0312.mtx,16,2,DCSC-profile,wall,return_cleanup,1.122e-06,0
amazon0312.mtx,16,2,DCSC-profile,wall,output_free,1.5829999999999999e-06,0
amazon0312.mtx,16,2,CombBLAS-profile,wall,total,0.24989418499999999,0
amazon0312.mtx,16,2,CombBLAS-profile,wall,lookup_build,0.000317258,0
amazon0312.mtx,16,2,CombBLAS-profile,wall,thread_setup,1.1973999999999999e-05,0
amazon0312.mtx,16,2,CombBLAS-profile,wall,work_bound,0.0096161930000000003,0
amazon0312.mtx,16,2,CombBLAS-profile,wall,work_prefix,0.00013716299999999999,0
amazon0312.mtx,16,2,CombBLAS-profile,wall,symbolic,0.046720357999999997,0
amazon0312.mtx,16,2,CombBLAS-profile,wall,output_prefix,0.000137112,0
amazon0312.mtx,16,2,CombBLAS-profile,wall,output_allocate,0.018175139,0
amazon0312.mtx,16,2,CombBLAS-profile,wall,numeric_scratch_setup,0.0023671909999999998,0
amazon0312.mtx,16,2,CombBLAS-profile,wall,numeric,0.172405165,0
amazon0312.mtx,16,2,CombBLAS-profile,wall,internal_cleanup,3.0249999999999998e-06,0
amazon0312.mtx,16,2,CombBLAS-profile,wall,return_cleanup,2.9960000000000002e-06,0
amazon0312.mtx,16,2,CombBLAS-profile,wall,output_free,5.4099999999999999e-07,0
amazon0312.mtx,16,2,DCSC-sampled,wall,total,0.106367137,0
amazon0312.mtx,16,2,DCSC-sampled,wall,validate,2.2999999999999999e-07,0
amazon0312.mtx,16,2,DCSC-sampled,wall,lookup_build,0.0054640000000000001,0
amazon0312.mtx,16,2,DCSC-sampled,wall,scratch_setup,0.00066548699999999998,0
amazon0312.mtx,16,2,DCSC-sampled,wall,work_bound,0.0027637209999999998,0
amazon0312.mtx,16,2,DCSC-sampled,wall,symbolic_capacity,0.003242268,0
amazon0312.mtx,16,2,DCSC-sampled,wall,symbolic,0.019131572999999999,0
amazon0312.mtx,16,2,DCSC-sampled,wall,prefix_numeric_capacity,0.0037905700000000001,0
amazon0312.mtx,16,2,DCSC-sampled,wall,output_allocate,0.012338495,0
amazon0312.mtx,16,2,DCSC-sampled,wall,numeric,0.058968197999999999,0
amazon0312.mtx,16,2,DCSC-sampled,wall,return_cleanup,1.4529999999999999e-06,0
amazon0312.mtx,16,2,DCSC-sampled,wall,output_free,1.0720000000000001e-06,0
amazon0312.mtx,16,2,DCSC-sampled,sampled_worker,lookup,0,8349
amazon0312.mtx,16,2,DCSC-sampled,sampled_worker,alloc_init,0.00067434200000000149,8349
amazon0312.mtx,16,2,DCSC-sampled,sampled_worker,lookup_multiply_hash,0.010888734999999993,8349
amazon0312.mtx,16,2,DCSC-sampled,sampled_worker,compact,0.0016037519999999982,8349
amazon0312.mtx,16,2,DCSC-sampled,sampled_worker,sort,0.0069029509999999975,8349
amazon0312.mtx,16,2,DCSC-sampled,sampled_worker,write,0.00071673300000000119,8349
amazon0312.mtx,16,2,DCSC-sampled,sampled_worker,scratch_free,0.00042712299999999849,8349
amazon0312.mtx,16,2,CombBLAS-sampled,wall,total,0.25041621600000002,0
amazon0312.mtx,16,2,CombBLAS-sampled,wall,lookup_build,0.00031437400000000002,0
amazon0312.mtx,16,2,CombBLAS-sampled,wall,thread_setup,9.1970000000000002e-06,0
amazon0312.mtx,16,2,CombBLAS-sampled,wall,work_bound,0.0096395379999999996,0
amazon0312.mtx,16,2,CombBLAS-sampled,wall,work_prefix,0.000139398,0
amazon0312.mtx,16,2,CombBLAS-sampled,wall,symbolic,0.046846299000000001,0
amazon0312.mtx,16,2,CombBLAS-sampled,wall,output_prefix,0.00013983800000000001,0
amazon0312.mtx,16,2,CombBLAS-sampled,wall,output_allocate,0.018369641999999999,0
amazon0312.mtx,16,2,CombBLAS-sampled,wall,numeric_scratch_setup,0.002306794,0
amazon0312.mtx,16,2,CombBLAS-sampled,wall,numeric,0.172644033,0
amazon0312.mtx,16,2,CombBLAS-sampled,wall,internal_cleanup,2.8559999999999998e-06,0
amazon0312.mtx,16,2,CombBLAS-sampled,wall,return_cleanup,3.2959999999999999e-06,0
amazon0312.mtx,16,2,CombBLAS-sampled,wall,output_free,8.9199999999999999e-07,0
amazon0312.mtx,16,2,CombBLAS-sampled,sampled_worker,lookup,0.0021161149999999996,8349
amazon0312.mtx,16,2,CombBLAS-sampled,sampled_worker,alloc_init,0.00088807300000000029,8349
amazon0312.mtx,16,2,CombBLAS-sampled,sampled_worker,lookup_multiply_hash,0.0082028449999999985,8349
amazon0312.mtx,16,2,CombBLAS-sampled,sampled_worker,compact,0.0016222099999999996,8349
amazon0312.mtx,16,2,CombBLAS-sampled,sampled_worker,sort,0.0069916240000000027,8349
amazon0312.mtx,16,2,CombBLAS-sampled,sampled_worker,write,0.0011088620000000006,8349
amazon0312.mtx,16,2,CombBLAS-sampled,sampled_worker,scratch_free,0.00038496599999999825,8349
amazon0312.mtx,16,2,CombBLAS-conversion,wall,total,0.30263931799999999,0
amazon0312.mtx,16,2,CombBLAS-conversion,wall,native_call,0.248100134,0
amazon0312.mtx,16,2,CombBLAS-conversion,wall,tuple_to_dcsc,0.054535527,0
amazon0312.mtx,16,2,CombBLAS-conversion,wall,dcsc_free,3.066e-06,0
amazon0312.mtx,16,2,CombBLAS-conversion,wall,output_free,5.3099999999999998e-07,0
amazon0312.mtx,16,2,DCSC-dense-lookup,wall,total,0.089561795,0
amazon0312.mtx,16,2,DCSC-dense-lookup,wall,native_call_and_free,0.089561495000000005,0
amazon0312.mtx,16,2,DCSC-static,wall,total,0.26602053399999998,0
amazon0312.mtx,16,2,DCSC-static,wall,native_call_and_free,0.26601999300000001,0
amazon0312.mtx,16,2,DCSC-dense-static,wall,total,0.22328458900000001,0
amazon0312.mtx,16,2,DCSC-dense-static,wall,native_call_and_free,0.223284018,0
amazon0312.mtx,16,2,CSC-control,wall,total,0.088773732999999994,0
amazon0312.mtx,16,2,CSC-control,wall,native_call_and_free,0.088773193,0
amazon0312.mtx,16,2,DCSC-control,wall,total,0.106544588,0
amazon0312.mtx,16,2,DCSC-control,wall,native_call_and_free,0.106544217,0
amazon0312.mtx,16,3,CombBLAS-control,wall,total,0.24865731299999999,0
amazon0312.mtx,16,3,CombBLAS-control,wall,native_call_and_free,0.24865664200000001,0
amazon0312.mtx,16,3,DCSC-control,wall,total,0.10644957400000001,0
amazon0312.mtx,16,3,DCSC-control,wall,native_call_and_free,0.106448873,0
amazon0312.mtx,16,3,CSC-control,wall,total,0.088888454000000006,0
amazon0312.mtx,16,3,CSC-control,wall,native_call_and_free,0.088888163000000006,0
amazon0312.mtx,16,3,DCSC-dense-static,wall,total,0.22250191799999999,0
amazon0312.mtx,16,3,DCSC-dense-static,wall,native_call_and_free,0.22250138699999999,0
amazon0312.mtx,16,3,DCSC-static,wall,total,0.26578781899999998,0
amazon0312.mtx,16,3,DCSC-static,wall,native_call_and_free,0.265787518,0
amazon0312.mtx,16,3,DCSC-dense-lookup,wall,total,0.089628263,0
amazon0312.mtx,16,3,DCSC-dense-lookup,wall,native_call_and_free,0.089627801000000007,0
amazon0312.mtx,16,3,CombBLAS-conversion,wall,total,0.30284987200000002,0
amazon0312.mtx,16,3,CombBLAS-conversion,wall,native_call,0.248310006,0
amazon0312.mtx,16,3,CombBLAS-conversion,wall,tuple_to_dcsc,0.054536398,0
amazon0312.mtx,16,3,CombBLAS-conversion,wall,dcsc_free,2.8660000000000002e-06,0
amazon0312.mtx,16,3,CombBLAS-conversion,wall,output_free,5.3099999999999998e-07,0
amazon0312.mtx,16,3,CombBLAS-sampled,wall,total,0.25058877800000001,0
amazon0312.mtx,16,3,CombBLAS-sampled,wall,lookup_build,0.000481132,0
amazon0312.mtx,16,3,CombBLAS-sampled,wall,thread_setup,1.2785e-05,0
amazon0312.mtx,16,3,CombBLAS-sampled,wall,work_bound,0.0095531729999999999,0
amazon0312.mtx,16,3,CombBLAS-sampled,wall,work_prefix,5.4925e-05,0
amazon0312.mtx,16,3,CombBLAS-sampled,wall,symbolic,0.046917454999999997,0
amazon0312.mtx,16,3,CombBLAS-sampled,wall,output_prefix,0.00013349600000000001,0
amazon0312.mtx,16,3,CombBLAS-sampled,wall,output_allocate,0.018163056,0
amazon0312.mtx,16,3,CombBLAS-sampled,wall,numeric_scratch_setup,0.0022574800000000001,0
amazon0312.mtx,16,3,CombBLAS-sampled,wall,numeric,0.17300749000000001,0
amazon0312.mtx,16,3,CombBLAS-sampled,wall,internal_cleanup,3.647e-06,0
amazon0312.mtx,16,3,CombBLAS-sampled,wall,return_cleanup,3.467e-06,0
amazon0312.mtx,16,3,CombBLAS-sampled,wall,output_free,6.0100000000000005e-07,0
amazon0312.mtx,16,3,CombBLAS-sampled,sampled_worker,lookup,0.0021314210000000001,8349
amazon0312.mtx,16,3,CombBLAS-sampled,sampled_worker,alloc_init,0.00089158400000000028,8349
amazon0312.mtx,16,3,CombBLAS-sampled,sampled_worker,lookup_multiply_hash,0.008190865999999998,8349
amazon0312.mtx,16,3,CombBLAS-sampled,sampled_worker,compact,0.0016234119999999999,8349
amazon0312.mtx,16,3,CombBLAS-sampled,sampled_worker,sort,0.0070139749999999996,8349
amazon0312.mtx,16,3,CombBLAS-sampled,sampled_worker,write,0.0011203130000000004,8349
amazon0312.mtx,16,3,CombBLAS-sampled,sampled_worker,scratch_free,0.00038083999999999823,8349
amazon0312.mtx,16,3,DCSC-sampled,wall,total,0.106286924,0
amazon0312.mtx,16,3,DCSC-sampled,wall,validate,4.4999999999999998e-07,0
amazon0312.mtx,16,3,DCSC-sampled,wall,lookup_build,0.005455143,0
amazon0312.mtx,16,3,DCSC-sampled,wall,scratch_setup,0.000666638,0
amazon0312.mtx,16,3,DCSC-sampled,wall,work_bound,0.0027867759999999999,0
amazon0312.mtx,16,3,DCSC-sampled,wall,symbolic_capacity,0.0032442119999999998,0
amazon0312.mtx,16,3,DCSC-sampled,wall,symbolic,0.019110874,0
amazon0312.mtx,16,3,DCSC-sampled,wall,prefix_numeric_capacity,0.0036885339999999998,0
amazon0312.mtx,16,3,DCSC-sampled,wall,output_allocate,0.012282657000000001,0
amazon0312.mtx,16,3,DCSC-sampled,wall,numeric,0.059048181999999998,0
amazon0312.mtx,16,3,DCSC-sampled,wall,return_cleanup,1.7039999999999999e-06,0
amazon0312.mtx,16,3,DCSC-sampled,wall,output_free,1.683e-06,0
amazon0312.mtx,16,3,DCSC-sampled,sampled_worker,lookup,0,8349
amazon0312.mtx,16,3,DCSC-sampled,sampled_worker,alloc_init,0.00066934000000000145,8349
amazon0312.mtx,16,3,DCSC-sampled,sampled_worker,lookup_multiply_hash,0.010930939999999995,8349
amazon0312.mtx,16,3,DCSC-sampled,sampled_worker,compact,0.0016017249999999985,8349
amazon0312.mtx,16,3,DCSC-sampled,sampled_worker,sort,0.0069732350000000004,8349
amazon0312.mtx,16,3,DCSC-sampled,sampled_worker,write,0.00073728700000000151,8349
amazon0312.mtx,16,3,DCSC-sampled,sampled_worker,scratch_free,0.00042735299999999854,8349
amazon0312.mtx,16,3,CombBLAS-profile,wall,total,0.25014815200000001,0
amazon0312.mtx,16,3,CombBLAS-profile,wall,lookup_build,0.00031592600000000001,0
amazon0312.mtx,16,3,CombBLAS-profile,wall,thread_setup,1.1593000000000001e-05,0
amazon0312.mtx,16,3,CombBLAS-profile,wall,work_bound,0.0097424050000000009,0
amazon0312.mtx,16,3,CombBLAS-profile,wall,work_prefix,0.00013907599999999999,0
amazon0312.mtx,16,3,CombBLAS-profile,wall,symbolic,0.046721971000000001,0
amazon0312.mtx,16,3,CombBLAS-profile,wall,output_prefix,0.000147553,0
amazon0312.mtx,16,3,CombBLAS-profile,wall,output_allocate,0.018109323,0
amazon0312.mtx,16,3,CombBLAS-profile,wall,numeric_scratch_setup,0.0023390960000000001,0
amazon0312.mtx,16,3,CombBLAS-profile,wall,numeric,0.172614617,0
amazon0312.mtx,16,3,CombBLAS-profile,wall,internal_cleanup,3.1760000000000002e-06,0
amazon0312.mtx,16,3,CombBLAS-profile,wall,return_cleanup,2.835e-06,0
amazon0312.mtx,16,3,CombBLAS-profile,wall,output_free,5.3099999999999998e-07,0
amazon0312.mtx,16,3,DCSC-profile,wall,total,0.106217851,0
amazon0312.mtx,16,3,DCSC-profile,wall,validate,2.6100000000000002e-07,0
amazon0312.mtx,16,3,DCSC-profile,wall,lookup_build,0.0054628569999999998,0
amazon0312.mtx,16,3,DCSC-profile,wall,scratch_setup,0.00066630900000000002,0
amazon0312.mtx,16,3,DCSC-profile,wall,work_bound,0.002766746,0
amazon0312.mtx,16,3,DCSC-profile,wall,symbolic_capacity,0.0032645310000000002,0
amazon0312.mtx,16,3,DCSC-profile,wall,symbolic,0.019132936,0
amazon0312.mtx,16,3,DCSC-profile,wall,prefix_numeric_capacity,0.00368637,0
amazon0312.mtx,16,3,DCSC-profile,wall,output_allocate,0.012435481,0
amazon0312.mtx,16,3,DCSC-profile,wall,numeric,0.058799074,0
amazon0312.mtx,16,3,DCSC-profile,wall,return_cleanup,1.3829999999999999e-06,0
amazon0312.mtx,16,3,DCSC-profile,wall,output_free,1.843e-06,0
amazon0312.mtx,16,3,CSC-profile,wall,total,0.088949,0
amazon0312.mtx,16,3,CSC-profile,wall,validate,4.7100000000000002e-07,0
amazon0312.mtx,16,3,CSC-profile,wall,lookup_build,4.0000000000000001e-08,0
amazon0312.mtx,16,3,CSC-profile,wall,scratch_setup,0.00085436900000000001,0
amazon0312.mtx,16,3,CSC-profile,wall,work_bound,0.001076364,0
amazon0312.mtx,16,3,CSC-profile,wall,symbolic_capacity,0.0033080449999999999,0
amazon0312.mtx,16,3,CSC-profile,wall,symbolic,0.015557708999999999,0
amazon0312.mtx,16,3,CSC-profile,wall,prefix_numeric_capacity,0.0042364050000000004,0
amazon0312.mtx,16,3,CSC-profile,wall,output_allocate,0.011778670999999999,0
amazon0312.mtx,16,3,CSC-profile,wall,numeric,0.052132937999999997,0
amazon0312.mtx,16,3,CSC-profile,wall,return_cleanup,2.125e-06,0
amazon0312.mtx,16,3,CSC-profile,wall,output_free,1.813e-06,0
amazon0312.mtx,16,4,DCSC-profile,wall,total,0.106148307,0
amazon0312.mtx,16,4,DCSC-profile,wall,validate,4.8100000000000003e-07,0
amazon0312.mtx,16,4,DCSC-profile,wall,lookup_build,0.005477595,0
amazon0312.mtx,16,4,DCSC-profile,wall,scratch_setup,0.00072282599999999998,0
amazon0312.mtx,16,4,DCSC-profile,wall,work_bound,0.002798147,0
amazon0312.mtx,16,4,DCSC-profile,wall,symbolic_capacity,0.0032494429999999999,0
amazon0312.mtx,16,4,DCSC-profile,wall,symbolic,0.019125512000000001,0
amazon0312.mtx,16,4,DCSC-profile,wall,prefix_numeric_capacity,0.003659729,0
amazon0312.mtx,16,4,DCSC-profile,wall,output_allocate,0.012276986,0
amazon0312.mtx,16,4,DCSC-profile,wall,numeric,0.058834773,0
amazon0312.mtx,16,4,DCSC-profile,wall,return_cleanup,1.252e-06,0
amazon0312.mtx,16,4,DCSC-profile,wall,output_free,1.4929999999999999e-06,0
amazon0312.mtx,16,4,CombBLAS-profile,wall,total,0.25008537199999997,0
amazon0312.mtx,16,4,CombBLAS-profile,wall,lookup_build,0.00031578599999999997,0
amazon0312.mtx,16,4,CombBLAS-profile,wall,thread_setup,9.5179999999999993e-06,0
amazon0312.mtx,16,4,CombBLAS-profile,wall,work_bound,0.0096921690000000005,0
amazon0312.mtx,16,4,CombBLAS-profile,wall,work_prefix,0.00013696300000000001,0
amazon0312.mtx,16,4,CombBLAS-profile,wall,symbolic,0.046642116999999997,0
amazon0312.mtx,16,4,CombBLAS-profile,wall,output_prefix,0.00013936800000000001,0
amazon0312.mtx,16,4,CombBLAS-profile,wall,output_allocate,0.018156062000000001,0
amazon0312.mtx,16,4,CombBLAS-profile,wall,numeric_scratch_setup,0.002323346,0
amazon0312.mtx,16,4,CombBLAS-profile,wall,numeric,0.172663019,0
amazon0312.mtx,16,4,CombBLAS-profile,wall,internal_cleanup,3.6569999999999999e-06,0
amazon0312.mtx,16,4,CombBLAS-profile,wall,return_cleanup,2.7750000000000001e-06,0
amazon0312.mtx,16,4,CombBLAS-profile,wall,output_free,5.2099999999999997e-07,0
amazon0312.mtx,16,4,DCSC-sampled,wall,total,0.106330086,0
amazon0312.mtx,16,4,DCSC-sampled,wall,validate,4.9100000000000004e-07,0
amazon0312.mtx,16,4,DCSC-sampled,wall,lookup_build,0.0054573069999999998,0
amazon0312.mtx,16,4,DCSC-sampled,wall,scratch_setup,0.00066764999999999999,0
amazon0312.mtx,16,4,DCSC-sampled,wall,work_bound,0.0027661460000000001,0
amazon0312.mtx,16,4,DCSC-sampled,wall,symbolic_capacity,0.0032531690000000002,0
amazon0312.mtx,16,4,DCSC-sampled,wall,symbolic,0.019309184,0
amazon0312.mtx,16,4,DCSC-sampled,wall,prefix_numeric_capacity,0.0036165669999999998,0
amazon0312.mtx,16,4,DCSC-sampled,wall,output_allocate,0.012328195,0
amazon0312.mtx,16,4,DCSC-sampled,wall,numeric,0.058928230999999998,0
amazon0312.mtx,16,4,DCSC-sampled,wall,return_cleanup,1.5230000000000001e-06,0
amazon0312.mtx,16,4,DCSC-sampled,wall,output_free,1.573e-06,0
amazon0312.mtx,16,4,DCSC-sampled,sampled_worker,lookup,0,8349
amazon0312.mtx,16,4,DCSC-sampled,sampled_worker,alloc_init,0.00066975700000000151,8349
amazon0312.mtx,16,4,DCSC-sampled,sampled_worker,lookup_multiply_hash,0.010886431999999995,8349
amazon0312.mtx,16,4,DCSC-sampled,sampled_worker,compact,0.0015988479999999984,8349
amazon0312.mtx,16,4,DCSC-sampled,sampled_worker,sort,0.0069216389999999968,8349
amazon0312.mtx,16,4,DCSC-sampled,sampled_worker,write,0.00071367100000000122,8349
amazon0312.mtx,16,4,DCSC-sampled,sampled_worker,scratch_free,0.00042810299999999853,8349
amazon0312.mtx,16,4,CombBLAS-sampled,wall,total,0.250217095,0
amazon0312.mtx,16,4,CombBLAS-sampled,wall,lookup_build,0.000321637,0
amazon0312.mtx,16,4,CombBLAS-sampled,wall,thread_setup,1.0190000000000001e-05,0
amazon0312.mtx,16,4,CombBLAS-sampled,wall,work_bound,0.0099248849999999996,0
amazon0312.mtx,16,4,CombBLAS-sampled,wall,work_prefix,0.00013890699999999999,0
amazon0312.mtx,16,4,CombBLAS-sampled,wall,symbolic,0.046670000000000003,0
amazon0312.mtx,16,4,CombBLAS-sampled,wall,output_prefix,0.000144327,0
amazon0312.mtx,16,4,CombBLAS-sampled,wall,output_allocate,0.018166742999999999,0
amazon0312.mtx,16,4,CombBLAS-sampled,wall,numeric_scratch_setup,0.0023014340000000002,0
amazon0312.mtx,16,4,CombBLAS-sampled,wall,numeric,0.17253143700000001,0
amazon0312.mtx,16,4,CombBLAS-sampled,wall,internal_cleanup,4.1280000000000001e-06,0
amazon0312.mtx,16,4,CombBLAS-sampled,wall,return_cleanup,2.7860000000000001e-06,0
amazon0312.mtx,16,4,CombBLAS-sampled,wall,output_free,5.6100000000000001e-07,0
amazon0312.mtx,16,4,CombBLAS-sampled,sampled_worker,lookup,0.0021418000000000001,8349
amazon0312.mtx,16,4,CombBLAS-sampled,sampled_worker,alloc_init,0.00088971800000000006,8349
amazon0312.mtx,16,4,CombBLAS-sampled,sampled_worker,lookup_multiply_hash,0.0081806880000000002,8349
amazon0312.mtx,16,4,CombBLAS-sampled,sampled_worker,compact,0.0016225879999999999,8349
amazon0312.mtx,16,4,CombBLAS-sampled,sampled_worker,sort,0.0070084300000000013,8349
amazon0312.mtx,16,4,CombBLAS-sampled,sampled_worker,write,0.0011092160000000001,8349
amazon0312.mtx,16,4,CombBLAS-sampled,sampled_worker,scratch_free,0.00038406899999999806,8349
amazon0312.mtx,16,4,CombBLAS-conversion,wall,total,0.30324335600000002,0
amazon0312.mtx,16,4,CombBLAS-conversion,wall,native_call,0.24829669100000001,0
amazon0312.mtx,16,4,CombBLAS-conversion,wall,tuple_to_dcsc,0.054942888000000002,0
amazon0312.mtx,16,4,CombBLAS-conversion,wall,dcsc_free,3.1659999999999998e-06,0
amazon0312.mtx,16,4,CombBLAS-conversion,wall,output_free,5.4099999999999999e-07,0
amazon0312.mtx,16,4,DCSC-dense-lookup,wall,total,0.089561004,0
amazon0312.mtx,16,4,DCSC-dense-lookup,wall,native_call_and_free,0.089560693999999996,0
amazon0312.mtx,16,4,DCSC-static,wall,total,0.26560402599999999,0
amazon0312.mtx,16,4,DCSC-static,wall,native_call_and_free,0.26560349500000002,0
amazon0312.mtx,16,4,DCSC-dense-static,wall,total,0.22295999699999999,0
amazon0312.mtx,16,4,DCSC-dense-static,wall,native_call_and_free,0.222959466,0
amazon0312.mtx,16,4,CSC-control,wall,total,0.088525467999999996,0
amazon0312.mtx,16,4,CSC-control,wall,native_call_and_free,0.088525137000000004,0
amazon0312.mtx,16,4,DCSC-control,wall,total,0.10644669900000001,0
amazon0312.mtx,16,4,DCSC-control,wall,native_call_and_free,0.106446639,0
amazon0312.mtx,16,4,CombBLAS-control,wall,total,0.24862842800000001,0
amazon0312.mtx,16,4,CombBLAS-control,wall,native_call_and_free,0.24862788699999999,0
amazon0312.mtx,16,4,CSC-profile,wall,total,0.088807008000000007,0
amazon0312.mtx,16,4,CSC-profile,wall,validate,9.1200000000000001e-07,0
amazon0312.mtx,16,4,CSC-profile,wall,lookup_build,4.0000000000000001e-08,0
amazon0312.mtx,16,4,CSC-profile,wall,scratch_setup,0.00070749699999999997,0
amazon0312.mtx,16,4,CSC-profile,wall,work_bound,0.0011072740000000001,0
amazon0312.mtx,16,4,CSC-profile,wall,symbolic_capacity,0.0032720750000000002,0
amazon0312.mtx,16,4,CSC-profile,wall,symbolic,0.015544394,0
amazon0312.mtx,16,4,CSC-profile,wall,prefix_numeric_capacity,0.0042078300000000001,0
amazon0312.mtx,16,4,CSC-profile,wall,output_allocate,0.011835751,0
amazon0312.mtx,16,4,CSC-profile,wall,numeric,0.052127628000000002,0
amazon0312.mtx,16,4,CSC-profile,wall,return_cleanup,2.1040000000000001e-06,0
amazon0312.mtx,16,4,CSC-profile,wall,output_free,1.443e-06,0
amazon0312.mtx,16,5,DCSC-profile,wall,total,0.106302853,0
amazon0312.mtx,16,5,DCSC-profile,wall,validate,2.91e-07,0
amazon0312.mtx,16,5,DCSC-profile,wall,lookup_build,0.0054863830000000001,0
amazon0312.mtx,16,5,DCSC-profile,wall,scratch_setup,0.00072273599999999997,0
amazon0312.mtx,16,5,DCSC-profile,wall,work_bound,0.0027836380000000002,0
amazon0312.mtx,16,5,DCSC-profile,wall,symbolic_capacity,0.0032493520000000001,0
amazon0312.mtx,16,5,DCSC-profile,wall,symbolic,0.019131694000000001,0
amazon0312.mtx,16,5,DCSC-profile,wall,prefix_numeric_capacity,0.003715477,0
amazon0312.mtx,16,5,DCSC-profile,wall,output_allocate,0.01234177,0
amazon0312.mtx,16,5,DCSC-profile,wall,numeric,0.058869269000000002,0
amazon0312.mtx,16,5,DCSC-profile,wall,return_cleanup,1.1519999999999999e-06,0
amazon0312.mtx,16,5,DCSC-profile,wall,output_free,1.032e-06,0
amazon0312.mtx,16,5,CSC-profile,wall,total,0.089063049000000005,0
amazon0312.mtx,16,5,CSC-profile,wall,validate,4.6100000000000001e-07,0
amazon0312.mtx,16,5,CSC-profile,wall,lookup_build,4.0000000000000001e-08,0
amazon0312.mtx,16,5,CSC-profile,wall,scratch_setup,0.00084003099999999998,0
amazon0312.mtx,16,5,CSC-profile,wall,work_bound,0.001065414,0
amazon0312.mtx,16,5,CSC-profile,wall,symbolic_capacity,0.0033210090000000002,0
amazon0312.mtx,16,5,CSC-profile,wall,symbolic,0.015557629,0
amazon0312.mtx,16,5,CSC-profile,wall,prefix_numeric_capacity,0.0043049569999999999,0
amazon0312.mtx,16,5,CSC-profile,wall,output_allocate,0.011881648,0
amazon0312.mtx,16,5,CSC-profile,wall,numeric,0.052088562999999997,0
amazon0312.mtx,16,5,CSC-profile,wall,return_cleanup,2.1440000000000001e-06,0
amazon0312.mtx,16,5,CSC-profile,wall,output_free,1.093e-06,0
amazon0312.mtx,16,5,CombBLAS-control,wall,total,0.24915414699999999,0
amazon0312.mtx,16,5,CombBLAS-control,wall,native_call_and_free,0.24915361599999999,0
amazon0312.mtx,16,5,DCSC-control,wall,total,0.10664636299999999,0
amazon0312.mtx,16,5,DCSC-control,wall,native_call_and_free,0.106646082,0
amazon0312.mtx,16,5,CSC-control,wall,total,0.088769285000000003,0
amazon0312.mtx,16,5,CSC-control,wall,native_call_and_free,0.088768964000000006,0
amazon0312.mtx,16,5,DCSC-dense-static,wall,total,0.222570459,0
amazon0312.mtx,16,5,DCSC-dense-static,wall,native_call_and_free,0.222569928,0
amazon0312.mtx,16,5,DCSC-static,wall,total,0.26564968300000003,0
amazon0312.mtx,16,5,DCSC-static,wall,native_call_and_free,0.265649142,0
amazon0312.mtx,16,5,DCSC-dense-lookup,wall,total,0.089829407999999999,0
amazon0312.mtx,16,5,DCSC-dense-lookup,wall,native_call_and_free,0.089829127999999994,0
amazon0312.mtx,16,5,CombBLAS-conversion,wall,total,0.30350046899999999,0
amazon0312.mtx,16,5,CombBLAS-conversion,wall,native_call,0.24869450400000001,0
amazon0312.mtx,16,5,CombBLAS-conversion,wall,tuple_to_dcsc,0.054802769000000001,0
amazon0312.mtx,16,5,CombBLAS-conversion,wall,dcsc_free,2.5150000000000001e-06,0
amazon0312.mtx,16,5,CombBLAS-conversion,wall,output_free,6.1099999999999995e-07,0
amazon0312.mtx,16,5,CombBLAS-sampled,wall,total,0.25057358800000001,0
amazon0312.mtx,16,5,CombBLAS-sampled,wall,lookup_build,0.00047983999999999999,0
amazon0312.mtx,16,5,CombBLAS-sampled,wall,thread_setup,1.1963e-05,0
amazon0312.mtx,16,5,CombBLAS-sampled,wall,work_bound,0.0095259100000000003,0
amazon0312.mtx,16,5,CombBLAS-sampled,wall,work_prefix,5.2169999999999997e-05,0
amazon0312.mtx,16,5,CombBLAS-sampled,wall,symbolic,0.046784500999999999,0
amazon0312.mtx,16,5,CombBLAS-sampled,wall,output_prefix,0.000132955,0
amazon0312.mtx,16,5,CombBLAS-sampled,wall,output_allocate,0.018176531999999999,0
amazon0312.mtx,16,5,CombBLAS-sampled,wall,numeric_scratch_setup,0.0023794329999999998,0
amazon0312.mtx,16,5,CombBLAS-sampled,wall,numeric,0.17302262900000001,0
amazon0312.mtx,16,5,CombBLAS-sampled,wall,internal_cleanup,4.2479999999999998e-06,0
amazon0312.mtx,16,5,CombBLAS-sampled,wall,return_cleanup,2.7259999999999998e-06,0
amazon0312.mtx,16,5,CombBLAS-sampled,wall,output_free,6.2099999999999996e-07,0
amazon0312.mtx,16,5,CombBLAS-sampled,sampled_worker,lookup,0.0021229339999999999,8349
amazon0312.mtx,16,5,CombBLAS-sampled,sampled_worker,alloc_init,0.00089301200000000043,8349
amazon0312.mtx,16,5,CombBLAS-sampled,sampled_worker,lookup_multiply_hash,0.0081878379999999976,8349
amazon0312.mtx,16,5,CombBLAS-sampled,sampled_worker,compact,0.0016250839999999997,8349
amazon0312.mtx,16,5,CombBLAS-sampled,sampled_worker,sort,0.0070029640000000004,8349
amazon0312.mtx,16,5,CombBLAS-sampled,sampled_worker,write,0.0011013110000000007,8349
amazon0312.mtx,16,5,CombBLAS-sampled,sampled_worker,scratch_free,0.00038513799999999825,8349
amazon0312.mtx,16,5,DCSC-sampled,wall,total,0.10632760199999999,0
amazon0312.mtx,16,5,DCSC-sampled,wall,validate,4.6100000000000001e-07,0
amazon0312.mtx,16,5,DCSC-sampled,wall,lookup_build,0.0054661639999999999,0
amazon0312.mtx,16,5,DCSC-sampled,wall,scratch_setup,0.00066372299999999996,0
amazon0312.mtx,16,5,DCSC-sampled,wall,work_bound,0.0027718170000000002,0
amazon0312.mtx,16,5,DCSC-sampled,wall,symbolic_capacity,0.0032007989999999998,0
amazon0312.mtx,16,5,DCSC-sampled,wall,symbolic,0.019141021000000001,0
amazon0312.mtx,16,5,DCSC-sampled,wall,prefix_numeric_capacity,0.0037534589999999998,0
amazon0312.mtx,16,5,DCSC-sampled,wall,output_allocate,0.012306373000000001,0
amazon0312.mtx,16,5,DCSC-sampled,wall,numeric,0.059020619000000003,0
amazon0312.mtx,16,5,DCSC-sampled,wall,return_cleanup,1.4920000000000001e-06,0
amazon0312.mtx,16,5,DCSC-sampled,wall,output_free,1.604e-06,0
amazon0312.mtx,16,5,DCSC-sampled,sampled_worker,lookup,0,8349
amazon0312.mtx,16,5,DCSC-sampled,sampled_worker,alloc_init,0.00067158100000000139,8349
amazon0312.mtx,16,5,DCSC-sampled,sampled_worker,lookup_multiply_hash,0.010884297999999992,8349
amazon0312.mtx,16,5,DCSC-sampled,sampled_worker,compact,0.0016009589999999982,8349
amazon0312.mtx,16,5,DCSC-sampled,sampled_worker,sort,0.0069110259999999989,8349
amazon0312.mtx,16,5,DCSC-sampled,sampled_worker,write,0.00071629100000000117,8349
amazon0312.mtx,16,5,DCSC-sampled,sampled_worker,scratch_free,0.00044786799999999851,8349
amazon0312.mtx,16,5,CombBLAS-profile,wall,total,0.24999318500000001,0
amazon0312.mtx,16,5,CombBLAS-profile,wall,lookup_build,0.00031690800000000002,0
amazon0312.mtx,16,5,CombBLAS-profile,wall,thread_setup,1.2163e-05,0
amazon0312.mtx,16,5,CombBLAS-profile,wall,work_bound,0.0096514210000000003,0
amazon0312.mtx,16,5,CombBLAS-profile,wall,work_prefix,0.000178071,0
amazon0312.mtx,16,5,CombBLAS-profile,wall,symbolic,0.046709226999999999,0
amazon0312.mtx,16,5,CombBLAS-profile,wall,output_prefix,0.00014077999999999999,0
amazon0312.mtx,16,5,CombBLAS-profile,wall,output_allocate,0.018162834999999999,0
amazon0312.mtx,16,5,CombBLAS-profile,wall,numeric_scratch_setup,0.0023162830000000001,0
amazon0312.mtx,16,5,CombBLAS-profile,wall,numeric,0.17249815299999999,0
amazon0312.mtx,16,5,CombBLAS-profile,wall,internal_cleanup,3.2969999999999999e-06,0
amazon0312.mtx,16,5,CombBLAS-profile,wall,return_cleanup,3.4460000000000001e-06,0
amazon0312.mtx,16,5,CombBLAS-profile,wall,output_free,5.3099999999999998e-07,0
amazon0312.mtx,16,6,DCSC-sampled,wall,total,0.106228291,0
amazon0312.mtx,16,6,DCSC-sampled,wall,validate,4.51e-07,0
amazon0312.mtx,16,6,DCSC-sampled,wall,lookup_build,0.0054589199999999999,0
amazon0312.mtx,16,6,DCSC-sampled,wall,scratch_setup,0.00066380300000000003,0
amazon0312.mtx,16,6,DCSC-sampled,wall,work_bound,0.0027668469999999998,0
amazon0312.mtx,16,6,DCSC-sampled,wall,symbolic_capacity,0.0032311670000000001,0
amazon0312.mtx,16,6,DCSC-sampled,wall,symbolic,0.019116915000000002,0
amazon0312.mtx,16,6,DCSC-sampled,wall,prefix_numeric_capacity,0.0036704200000000002,0
amazon0312.mtx,16,6,DCSC-sampled,wall,output_allocate,0.012299088999999999,0
amazon0312.mtx,16,6,DCSC-sampled,wall,numeric,0.059017792999999999,0
amazon0312.mtx,16,6,DCSC-sampled,wall,return_cleanup,1.3230000000000001e-06,0
amazon0312.mtx,16,6,DCSC-sampled,wall,output_free,1.4929999999999999e-06,0
amazon0312.mtx,16,6,DCSC-sampled,sampled_worker,lookup,0,8349
amazon0312.mtx,16,6,DCSC-sampled,sampled_worker,alloc_init,0.00066998500000000163,8349
amazon0312.mtx,16,6,DCSC-sampled,sampled_worker,lookup_multiply_hash,0.010937413999999993,8349
amazon0312.mtx,16,6,DCSC-sampled,sampled_worker,compact,0.0016014659999999987,8349
amazon0312.mtx,16,6,DCSC-sampled,sampled_worker,sort,0.0069151900000000007,8349
amazon0312.mtx,16,6,DCSC-sampled,sampled_worker,write,0.00071089200000000116,8349
amazon0312.mtx,16,6,DCSC-sampled,sampled_worker,scratch_free,0.00042723199999999842,8349
amazon0312.mtx,16,6,CombBLAS-sampled,wall,total,0.25008597300000002,0
amazon0312.mtx,16,6,CombBLAS-sampled,wall,lookup_build,0.00031686799999999999,0
amazon0312.mtx,16,6,CombBLAS-sampled,wall,thread_setup,1.01e-05,0
amazon0312.mtx,16,6,CombBLAS-sampled,wall,work_bound,0.0096720899999999995,0
amazon0312.mtx,16,6,CombBLAS-sampled,wall,work_prefix,0.000140419,0
amazon0312.mtx,16,6,CombBLAS-sampled,wall,symbolic,0.046719506000000001,0
amazon0312.mtx,16,6,CombBLAS-sampled,wall,output_prefix,0.00014092,0
amazon0312.mtx,16,6,CombBLAS-sampled,wall,output_allocate,0.018175910999999999,0
amazon0312.mtx,16,6,CombBLAS-sampled,wall,numeric_scratch_setup,0.0023066440000000001,0
amazon0312.mtx,16,6,CombBLAS-sampled,wall,numeric,0.17259551000000001,0
amazon0312.mtx,16,6,CombBLAS-sampled,wall,internal_cleanup,4.1779999999999996e-06,0
amazon0312.mtx,16,6,CombBLAS-sampled,wall,return_cleanup,3.2160000000000002e-06,0
amazon0312.mtx,16,6,CombBLAS-sampled,wall,output_free,5.5199999999999997e-07,0
amazon0312.mtx,16,6,CombBLAS-sampled,sampled_worker,lookup,0.0021231539999999991,8349
amazon0312.mtx,16,6,CombBLAS-sampled,sampled_worker,alloc_init,0.00090632700000000007,8349
amazon0312.mtx,16,6,CombBLAS-sampled,sampled_worker,lookup_multiply_hash,0.0081812480000000021,8349
amazon0312.mtx,16,6,CombBLAS-sampled,sampled_worker,compact,0.001630346,8349
amazon0312.mtx,16,6,CombBLAS-sampled,sampled_worker,sort,0.0069967789999999998,8349
amazon0312.mtx,16,6,CombBLAS-sampled,sampled_worker,write,0.0011223010000000005,8349
amazon0312.mtx,16,6,CombBLAS-sampled,sampled_worker,scratch_free,0.00038510599999999818,8349
amazon0312.mtx,16,6,CombBLAS-conversion,wall,total,0.30245350100000001,0
amazon0312.mtx,16,6,CombBLAS-conversion,wall,native_call,0.24797846100000001,0
amazon0312.mtx,16,6,CombBLAS-conversion,wall,tuple_to_dcsc,0.054471323000000002,0
amazon0312.mtx,16,6,CombBLAS-conversion,wall,dcsc_free,3.1360000000000001e-06,0
amazon0312.mtx,16,6,CombBLAS-conversion,wall,output_free,5.2099999999999997e-07,0
amazon0312.mtx,16,6,DCSC-dense-lookup,wall,total,0.089808699000000006,0
amazon0312.mtx,16,6,DCSC-dense-lookup,wall,native_call_and_free,0.089808629000000001,0
amazon0312.mtx,16,6,DCSC-static,wall,total,0.26577782999999999,0
amazon0312.mtx,16,6,DCSC-static,wall,native_call_and_free,0.26577727899999998,0
amazon0312.mtx,16,6,DCSC-dense-static,wall,total,0.22265927999999999,0
amazon0312.mtx,16,6,DCSC-dense-static,wall,native_call_and_free,0.22265874899999999,0
amazon0312.mtx,16,6,CSC-control,wall,total,0.088238467000000001,0
amazon0312.mtx,16,6,CSC-control,wall,native_call_and_free,0.088238155999999998,0
amazon0312.mtx,16,6,DCSC-control,wall,total,0.10635109600000001,0
amazon0312.mtx,16,6,DCSC-control,wall,native_call_and_free,0.106350785,0
amazon0312.mtx,16,6,CombBLAS-control,wall,total,0.24823689700000001,0
amazon0312.mtx,16,6,CombBLAS-control,wall,native_call_and_free,0.24823636600000001,0
amazon0312.mtx,16,6,CSC-profile,wall,total,0.088543110999999994,0
amazon0312.mtx,16,6,CSC-profile,wall,validate,6.9100000000000003e-07,0
amazon0312.mtx,16,6,CSC-profile,wall,lookup_build,4.0000000000000001e-08,0
amazon0312.mtx,16,6,CSC-profile,wall,scratch_setup,0.00072104299999999999,0
amazon0312.mtx,16,6,CSC-profile,wall,work_bound,0.001083138,0
amazon0312.mtx,16,6,CSC-profile,wall,symbolic_capacity,0.0033261089999999998,0
amazon0312.mtx,16,6,CSC-profile,wall,symbolic,0.015386650999999999,0
amazon0312.mtx,16,6,CSC-profile,wall,prefix_numeric_capacity,0.0043428590000000001,0
amazon0312.mtx,16,6,CSC-profile,wall,output_allocate,0.011842182999999999,0
amazon0312.mtx,16,6,CSC-profile,wall,numeric,0.051837622,0
amazon0312.mtx,16,6,CSC-profile,wall,return_cleanup,1.3829999999999999e-06,0
amazon0312.mtx,16,6,CSC-profile,wall,output_free,1.3319999999999999e-06,0
amazon0312.mtx,16,6,DCSC-profile,wall,total,0.106215737,0
amazon0312.mtx,16,6,DCSC-profile,wall,validate,2.5100000000000001e-07,0
amazon0312.mtx,16,6,DCSC-profile,wall,lookup_build,0.0054775249999999996,0
amazon0312.mtx,16,6,DCSC-profile,wall,scratch_setup,0.00072172399999999998,0
amazon0312.mtx,16,6,DCSC-profile,wall,work_bound,0.0027929270000000002,0
amazon0312.mtx,16,6,DCSC-profile,wall,symbolic_capacity,0.0032786680000000002,0
amazon0312.mtx,16,6,DCSC-profile,wall,symbolic,0.019136242000000001,0
amazon0312.mtx,16,6,DCSC-profile,wall,prefix_numeric_capacity,0.0036163269999999999,0
amazon0312.mtx,16,6,DCSC-profile,wall,output_allocate,0.012300831999999999,0
amazon0312.mtx,16,6,DCSC-profile,wall,numeric,0.058888355000000003,0
amazon0312.mtx,16,6,DCSC-profile,wall,return_cleanup,1.3230000000000001e-06,0
amazon0312.mtx,16,6,DCSC-profile,wall,output_free,1.4929999999999999e-06,0
amazon0312.mtx,16,6,CombBLAS-profile,wall,total,0.25026194000000002,0
amazon0312.mtx,16,6,CombBLAS-profile,wall,lookup_build,0.00031707799999999999,0
amazon0312.mtx,16,6,CombBLAS-profile,wall,thread_setup,1.1171e-05,0
amazon0312.mtx,16,6,CombBLAS-profile,wall,work_bound,0.0097519240000000004,0
amazon0312.mtx,16,6,CombBLAS-profile,wall,work_prefix,0.000139157,0
amazon0312.mtx,16,6,CombBLAS-profile,wall,symbolic,0.046723143000000002,0
amazon0312.mtx,16,6,CombBLAS-profile,wall,output_prefix,0.00014678099999999999,0
amazon0312.mtx,16,6,CombBLAS-profile,wall,output_allocate,0.018112989999999999,0
amazon0312.mtx,16,6,CombBLAS-profile,wall,numeric_scratch_setup,0.0023274540000000001,0
amazon0312.mtx,16,6,CombBLAS-profile,wall,numeric,0.172725609,0
amazon0312.mtx,16,6,CombBLAS-profile,wall,internal_cleanup,3.3670000000000001e-06,0
amazon0312.mtx,16,6,CombBLAS-profile,wall,return_cleanup,2.6450000000000001e-06,0
amazon0312.mtx,16,6,CombBLAS-profile,wall,output_free,5.6100000000000001e-07,0
amazon0312.mtx,16,7,DCSC-sampled,wall,total,0.106453092,0
amazon0312.mtx,16,7,DCSC-sampled,wall,validate,6.6199999999999997e-07,0
amazon0312.mtx,16,7,DCSC-sampled,wall,lookup_build,0.0054666539999999996,0
amazon0312.mtx,16,7,DCSC-sampled,wall,scratch_setup,0.00066345300000000005,0
amazon0312.mtx,16,7,DCSC-sampled,wall,work_bound,0.0027661550000000002,0
amazon0312.mtx,16,7,DCSC-sampled,wall,symbolic_capacity,0.003286073,0
amazon0312.mtx,16,7,DCSC-sampled,wall,symbolic,0.019139026999999999,0
amazon0312.mtx,16,7,DCSC-sampled,wall,prefix_numeric_capacity,0.0038016019999999998,0
amazon0312.mtx,16,7,DCSC-sampled,wall,output_allocate,0.012382689000000001,0
amazon0312.mtx,16,7,DCSC-sampled,wall,numeric,0.058943631000000003,0
amazon0312.mtx,16,7,DCSC-sampled,wall,return_cleanup,1.483e-06,0
amazon0312.mtx,16,7,DCSC-sampled,wall,output_free,1.593e-06,0
amazon0312.mtx,16,7,DCSC-sampled,sampled_worker,lookup,0,8349
amazon0312.mtx,16,7,DCSC-sampled,sampled_worker,alloc_init,0.0006757350000000012,8349
amazon0312.mtx,16,7,DCSC-sampled,sampled_worker,lookup_multiply_hash,0.010906663999999993,8349
amazon0312.mtx,16,7,DCSC-sampled,sampled_worker,compact,0.0016151459999999981,8349
amazon0312.mtx,16,7,DCSC-sampled,sampled_worker,sort,0.0069507179999999981,8349
amazon0312.mtx,16,7,DCSC-sampled,sampled_worker,write,0.00071648700000000122,8349
amazon0312.mtx,16,7,DCSC-sampled,sampled_worker,scratch_free,0.00042890599999999854,8349
amazon0312.mtx,16,7,CombBLAS-profile,wall,total,0.25008302799999999,0
amazon0312.mtx,16,7,CombBLAS-profile,wall,lookup_build,0.00035689499999999998,0
amazon0312.mtx,16,7,CombBLAS-profile,wall,thread_setup,1.0821e-05,0
amazon0312.mtx,16,7,CombBLAS-profile,wall,work_bound,0.0097940340000000001,0
amazon0312.mtx,16,7,CombBLAS-profile,wall,work_prefix,0.00013890699999999999,0
amazon0312.mtx,16,7,CombBLAS-profile,wall,symbolic,0.046749833999999997,0
amazon0312.mtx,16,7,CombBLAS-profile,wall,output_prefix,0.00014246300000000001,0
amazon0312.mtx,16,7,CombBLAS-profile,wall,output_allocate,0.018123460000000001,0
amazon0312.mtx,16,7,CombBLAS-profile,wall,numeric_scratch_setup,0.0023544949999999999,0
amazon0312.mtx,16,7,CombBLAS-profile,wall,numeric,0.17240550599999999,0
amazon0312.mtx,16,7,CombBLAS-profile,wall,internal_cleanup,3.1970000000000001e-06,0
amazon0312.mtx,16,7,CombBLAS-profile,wall,return_cleanup,2.7250000000000002e-06,0
amazon0312.mtx,16,7,CombBLAS-profile,wall,output_free,6.4099999999999998e-07,0
amazon0312.mtx,16,7,DCSC-profile,wall,total,0.10627505,0
amazon0312.mtx,16,7,DCSC-profile,wall,validate,4.7100000000000002e-07,0
amazon0312.mtx,16,7,DCSC-profile,wall,lookup_build,0.0054654430000000004,0
amazon0312.mtx,16,7,DCSC-profile,wall,scratch_setup,0.00067739899999999997,0
amazon0312.mtx,16,7,DCSC-profile,wall,work_bound,0.00276377,0
amazon0312.mtx,16,7,DCSC-profile,wall,symbolic_capacity,0.0032678379999999999,0
amazon0312.mtx,16,7,DCSC-profile,wall,symbolic,0.019322740000000001,0
amazon0312.mtx,16,7,DCSC-profile,wall,prefix_numeric_capacity,0.0037460950000000001,0
amazon0312.mtx,16,7,DCSC-profile,wall,output_allocate,0.012298107000000001,0
amazon0312.mtx,16,7,DCSC-profile,wall,numeric,0.058730232,0
amazon0312.mtx,16,7,DCSC-profile,wall,return_cleanup,1.1820000000000001e-06,0
amazon0312.mtx,16,7,DCSC-profile,wall,output_free,1.703e-06,0
amazon0312.mtx,16,7,CSC-profile,wall,total,0.088778132999999995,0
amazon0312.mtx,16,7,CSC-profile,wall,validate,4.7e-07,0
amazon0312.mtx,16,7,CSC-profile,wall,lookup_build,4.0000000000000001e-08,0
amazon0312.mtx,16,7,CSC-profile,wall,scratch_setup,0.00090136899999999995,0
amazon0312.mtx,16,7,CSC-profile,wall,work_bound,0.0010287040000000001,0
amazon0312.mtx,16,7,CSC-profile,wall,symbolic_capacity,0.003298105,0
amazon0312.mtx,16,7,CSC-profile,wall,symbolic,0.015378395,0
amazon0312.mtx,16,7,CSC-profile,wall,prefix_numeric_capacity,0.0044773779999999997,0
amazon0312.mtx,16,7,CSC-profile,wall,output_allocate,0.011859135,0
amazon0312.mtx,16,7,CSC-profile,wall,numeric,0.051830208000000003,0
amazon0312.mtx,16,7,CSC-profile,wall,return_cleanup,2.244e-06,0
amazon0312.mtx,16,7,CSC-profile,wall,output_free,1.8029999999999999e-06,0
amazon0312.mtx,16,7,CombBLAS-control,wall,total,0.24818353400000001,0
amazon0312.mtx,16,7,CombBLAS-control,wall,native_call_and_free,0.24818301300000001,0
amazon0312.mtx,16,7,DCSC-control,wall,total,0.106314406,0
amazon0312.mtx,16,7,DCSC-control,wall,native_call_and_free,0.10631389500000001,0
amazon0312.mtx,16,7,CSC-control,wall,total,0.08849013,0
amazon0312.mtx,16,7,CSC-control,wall,native_call_and_free,0.088489829000000006,0
amazon0312.mtx,16,7,DCSC-dense-static,wall,total,0.22249813099999999,0
amazon0312.mtx,16,7,DCSC-dense-static,wall,native_call_and_free,0.22249759,0
amazon0312.mtx,16,7,DCSC-static,wall,total,0.265712324,0
amazon0312.mtx,16,7,DCSC-static,wall,native_call_and_free,0.26571180300000002,0
amazon0312.mtx,16,7,DCSC-dense-lookup,wall,total,0.089802356999999999,0
amazon0312.mtx,16,7,DCSC-dense-lookup,wall,native_call_and_free,0.089801814999999993,0
amazon0312.mtx,16,7,CombBLAS-conversion,wall,total,0.30387346399999998,0
amazon0312.mtx,16,7,CombBLAS-conversion,wall,native_call,0.24907809,0
amazon0312.mtx,16,7,CombBLAS-conversion,wall,tuple_to_dcsc,0.054792008000000003,0
amazon0312.mtx,16,7,CombBLAS-conversion,wall,dcsc_free,2.2749999999999998e-06,0
amazon0312.mtx,16,7,CombBLAS-conversion,wall,output_free,8.71e-07,0
amazon0312.mtx,16,7,CombBLAS-sampled,wall,total,0.25051358400000001,0
amazon0312.mtx,16,7,CombBLAS-sampled,wall,lookup_build,0.00048149400000000001,0
amazon0312.mtx,16,7,CombBLAS-sampled,wall,thread_setup,1.2493999999999999e-05,0
amazon0312.mtx,16,7,CombBLAS-sampled,wall,work_bound,0.0095431230000000006,0
amazon0312.mtx,16,7,CombBLAS-sampled,wall,work_prefix,5.4144000000000002e-05,0
amazon0312.mtx,16,7,CombBLAS-sampled,wall,symbolic,0.046803507000000001,0
amazon0312.mtx,16,7,CombBLAS-sampled,wall,output_prefix,0.00013276499999999999,0
amazon0312.mtx,16,7,CombBLAS-sampled,wall,output_allocate,0.018179186,0
amazon0312.mtx,16,7,CombBLAS-sampled,wall,numeric_scratch_setup,0.002261257,0
amazon0312.mtx,16,7,CombBLAS-sampled,wall,numeric,0.173037779,0
amazon0312.mtx,16,7,CombBLAS-sampled,wall,internal_cleanup,4.4179999999999999e-06,0
amazon0312.mtx,16,7,CombBLAS-sampled,wall,return_cleanup,2.836e-06,0
amazon0312.mtx,16,7,CombBLAS-sampled,wall,output_free,5.2099999999999997e-07,0
amazon0312.mtx,16,7,CombBLAS-sampled,sampled_worker,lookup,0.0021040189999999995,8349
amazon0312.mtx,16,7,CombBLAS-sampled,sampled_worker,alloc_init,0.00088881400000000003,8349
amazon0312.mtx,16,7,CombBLAS-sampled,sampled_worker,lookup_multiply_hash,0.0081858619999999986,8349
amazon0312.mtx,16,7,CombBLAS-sampled,sampled_worker,compact,0.0016309580000000001,8349
amazon0312.mtx,16,7,CombBLAS-sampled,sampled_worker,sort,0.0070240659999999972,8349
amazon0312.mtx,16,7,CombBLAS-sampled,sampled_worker,write,0.0011222450000000007,8349
amazon0312.mtx,16,7,CombBLAS-sampled,sampled_worker,scratch_free,0.0003822079999999983,8349
amazon0312.mtx,16,8,CombBLAS-conversion,wall,total,0.30302183100000002,0
amazon0312.mtx,16,8,CombBLAS-conversion,wall,native_call,0.24821639700000001,0
amazon0312.mtx,16,8,CombBLAS-conversion,wall,tuple_to_dcsc,0.054801897000000002,0
amazon0312.mtx,16,8,CombBLAS-conversion,wall,dcsc_free,2.9859999999999999e-06,0
amazon0312.mtx,16,8,CombBLAS-conversion,wall,output_free,4.9100000000000004e-07,0
amazon0312.mtx,16,8,DCSC-dense-lookup,wall,total,0.089657688999999999,0
amazon0312.mtx,16,8,DCSC-dense-lookup,wall,native_call_and_free,0.089657408999999993,0
amazon0312.mtx,16,8,DCSC-static,wall,total,0.26601301999999999,0
amazon0312.mtx,16,8,DCSC-static,wall,native_call_and_free,0.26601272999999998,0
amazon0312.mtx,16,8,DCSC-dense-static,wall,total,0.22254663299999999,0
amazon0312.mtx,16,8,DCSC-dense-static,wall,native_call_and_free,0.22254607300000001,0
amazon0312.mtx,16,8,CSC-control,wall,total,0.088398984999999999,0
amazon0312.mtx,16,8,CSC-control,wall,native_call_and_free,0.088398673999999997,0
amazon0312.mtx,16,8,DCSC-control,wall,total,0.106759179,0
amazon0312.mtx,16,8,DCSC-control,wall,native_call_and_free,0.10675910800000001,0
amazon0312.mtx,16,8,CombBLAS-control,wall,total,0.24850963000000001,0
amazon0312.mtx,16,8,CombBLAS-control,wall,native_call_and_free,0.24850881799999999,0
amazon0312.mtx,16,8,CSC-profile,wall,total,0.088435335000000004,0
amazon0312.mtx,16,8,CSC-profile,wall,validate,9.4099999999999997e-07,0
amazon0312.mtx,16,8,CSC-profile,wall,lookup_build,4.0000000000000001e-08,0
amazon0312.mtx,16,8,CSC-profile,wall,scratch_setup,0.00070770800000000003,0
amazon0312.mtx,16,8,CSC-profile,wall,work_bound,0.0010694509999999999,0
amazon0312.mtx,16,8,CSC-profile,wall,symbolic_capacity,0.0033062410000000001,0
amazon0312.mtx,16,8,CSC-profile,wall,symbolic,0.015390648999999999,0
amazon0312.mtx,16,8,CSC-profile,wall,prefix_numeric_capacity,0.004248829,0
amazon0312.mtx,16,8,CSC-profile,wall,output_allocate,0.011881999000000001,0
amazon0312.mtx,16,8,CSC-profile,wall,numeric,0.051826480000000001,0
amazon0312.mtx,16,8,CSC-profile,wall,return_cleanup,1.6640000000000001e-06,0
amazon0312.mtx,16,8,CSC-profile,wall,output_free,1.2619999999999999e-06,0
amazon0312.mtx,16,8,DCSC-profile,wall,total,0.10653081,0
amazon0312.mtx,16,8,DCSC-profile,wall,validate,2.7000000000000001e-07,0
amazon0312.mtx,16,8,DCSC-profile,wall,lookup_build,0.0054679969999999996,0
amazon0312.mtx,16,8,DCSC-profile,wall,scratch_setup,0.00079757999999999999,0
amazon0312.mtx,16,8,DCSC-profile,wall,work_bound,0.0027852419999999998,0
amazon0312.mtx,16,8,DCSC-profile,wall,symbolic_capacity,0.0032783479999999999,0
amazon0312.mtx,16,8,DCSC-profile,wall,symbolic,0.019152282999999999,0
amazon0312.mtx,16,8,DCSC-profile,wall,prefix_numeric_capacity,0.0038349949999999999,0
amazon0312.mtx,16,8,DCSC-profile,wall,output_allocate,0.012319428,0
amazon0312.mtx,16,8,DCSC-profile,wall,numeric,0.058891911999999998,0
amazon0312.mtx,16,8,DCSC-profile,wall,return_cleanup,1.2130000000000001e-06,0
amazon0312.mtx,16,8,DCSC-profile,wall,output_free,1.4720000000000001e-06,0
amazon0312.mtx,16,8,CombBLAS-profile,wall,total,0.25029807999999998,0
amazon0312.mtx,16,8,CombBLAS-profile,wall,lookup_build,0.00034323900000000001,0
amazon0312.mtx,16,8,CombBLAS-profile,wall,thread_setup,1.1021e-05,0
amazon0312.mtx,16,8,CombBLAS-profile,wall,work_bound,0.009626473,0
amazon0312.mtx,16,8,CombBLAS-profile,wall,work_prefix,0.00013842600000000001,0
amazon0312.mtx,16,8,CombBLAS-profile,wall,symbolic,0.046771505999999997,0
amazon0312.mtx,16,8,CombBLAS-profile,wall,output_prefix,0.000145869,0
amazon0312.mtx,16,8,CombBLAS-profile,wall,output_allocate,0.018119553,0
amazon0312.mtx,16,8,CombBLAS-profile,wall,numeric_scratch_setup,0.0024479549999999999,0
amazon0312.mtx,16,8,CombBLAS-profile,wall,numeric,0.172686744,0
amazon0312.mtx,16,8,CombBLAS-profile,wall,internal_cleanup,4.0080000000000004e-06,0
amazon0312.mtx,16,8,CombBLAS-profile,wall,return_cleanup,2.6850000000000001e-06,0
amazon0312.mtx,16,8,CombBLAS-profile,wall,output_free,5.3099999999999998e-07,0
amazon0312.mtx,16,8,DCSC-sampled,wall,total,0.106703953,0
amazon0312.mtx,16,8,DCSC-sampled,wall,validate,2.5100000000000001e-07,0
amazon0312.mtx,16,8,DCSC-sampled,wall,lookup_build,0.0054627670000000003,0
amazon0312.mtx,16,8,DCSC-sampled,wall,scratch_setup,0.00066710000000000001,0
amazon0312.mtx,16,8,DCSC-sampled,wall,work_bound,0.0027349150000000001,0
amazon0312.mtx,16,8,DCSC-sampled,wall,symbolic_capacity,0.0032772159999999999,0
amazon0312.mtx,16,8,DCSC-sampled,wall,symbolic,0.019120602,0
amazon0312.mtx,16,8,DCSC-sampled,wall,prefix_numeric_capacity,0.0038109089999999999,0
amazon0312.mtx,16,8,DCSC-sampled,wall,output_allocate,0.012477462,0
amazon0312.mtx,16,8,DCSC-sampled,wall,numeric,0.059149674999999999,0
amazon0312.mtx,16,8,DCSC-sampled,wall,return_cleanup,1.443e-06,0
amazon0312.mtx,16,8,DCSC-sampled,wall,output_free,1.5430000000000001e-06,0
amazon0312.mtx,16,8,DCSC-sampled,sampled_worker,lookup,0,8349
amazon0312.mtx,16,8,DCSC-sampled,sampled_worker,alloc_init,0.00067040300000000138,8349
amazon0312.mtx,16,8,DCSC-sampled,sampled_worker,lookup_multiply_hash,0.011120127999999993,8349
amazon0312.mtx,16,8,DCSC-sampled,sampled_worker,compact,0.0016197649999999976,8349
amazon0312.mtx,16,8,DCSC-sampled,sampled_worker,sort,0.0069280029999999977,8349
amazon0312.mtx,16,8,DCSC-sampled,sampled_worker,write,0.00071915900000000112,8349
amazon0312.mtx,16,8,DCSC-sampled,sampled_worker,scratch_free,0.00042668699999999851,8349
amazon0312.mtx,16,8,CombBLAS-sampled,wall,total,0.250577516,0
amazon0312.mtx,16,8,CombBLAS-sampled,wall,lookup_build,0.000317058,0
amazon0312.mtx,16,8,CombBLAS-sampled,wall,thread_setup,1.0098999999999999e-05,0
amazon0312.mtx,16,8,CombBLAS-sampled,wall,work_bound,0.0096511210000000004,0
amazon0312.mtx,16,8,CombBLAS-sampled,wall,work_prefix,0.00013355600000000001,0
amazon0312.mtx,16,8,CombBLAS-sampled,wall,symbolic,0.046795049999999998,0
amazon0312.mtx,16,8,CombBLAS-sampled,wall,output_prefix,0.00013080200000000001,0
amazon0312.mtx,16,8,CombBLAS-sampled,wall,output_allocate,0.018450256000000002,0
amazon0312.mtx,16,8,CombBLAS-sampled,wall,numeric_scratch_setup,0.002300893,0
amazon0312.mtx,16,8,CombBLAS-sampled,wall,numeric,0.17278088599999999,0
amazon0312.mtx,16,8,CombBLAS-sampled,wall,internal_cleanup,4.0679999999999998e-06,0
amazon0312.mtx,16,8,CombBLAS-sampled,wall,return_cleanup,3.0860000000000002e-06,0
amazon0312.mtx,16,8,CombBLAS-sampled,wall,output_free,5.7100000000000002e-07,0
amazon0312.mtx,16,8,CombBLAS-sampled,sampled_worker,lookup,0.0021114300000000005,8349
amazon0312.mtx,16,8,CombBLAS-sampled,sampled_worker,alloc_init,0.00089875800000000026,8349
amazon0312.mtx,16,8,CombBLAS-sampled,sampled_worker,lookup_multiply_hash,0.0081802010000000067,8349
amazon0312.mtx,16,8,CombBLAS-sampled,sampled_worker,compact,0.0016214070000000001,8349
amazon0312.mtx,16,8,CombBLAS-sampled,sampled_worker,sort,0.0070349360000000003,8349
amazon0312.mtx,16,8,CombBLAS-sampled,sampled_worker,write,0.0011140020000000002,8349
amazon0312.mtx,16,8,CombBLAS-sampled,sampled_worker,scratch_free,0.00038800799999999823,8349
amazon0312.mtx,16,9,CombBLAS-conversion,wall,total,0.30245980300000003,0
amazon0312.mtx,16,9,CombBLAS-conversion,wall,native_call,0.24794027799999999,0
amazon0312.mtx,16,9,CombBLAS-conversion,wall,tuple_to_dcsc,0.054515778000000001,0
amazon0312.mtx,16,9,CombBLAS-conversion,wall,dcsc_free,3.066e-06,0
amazon0312.mtx,16,9,CombBLAS-conversion,wall,output_free,6.2099999999999996e-07,0
amazon0312.mtx,16,9,CombBLAS-sampled,wall,total,0.250468356,0
amazon0312.mtx,16,9,CombBLAS-sampled,wall,lookup_build,0.00048031199999999999,0
amazon0312.mtx,16,9,CombBLAS-sampled,wall,thread_setup,1.2473000000000001e-05,0
amazon0312.mtx,16,9,CombBLAS-sampled,wall,work_bound,0.0096206629999999998,0
amazon0312.mtx,16,9,CombBLAS-sampled,wall,work_prefix,5.1428000000000003e-05,0
amazon0312.mtx,16,9,CombBLAS-sampled,wall,symbolic,0.046847651999999997,0
amazon0312.mtx,16,9,CombBLAS-sampled,wall,output_prefix,0.000137534,0
amazon0312.mtx,16,9,CombBLAS-sampled,wall,output_allocate,0.018148406999999998,0
amazon0312.mtx,16,9,CombBLAS-sampled,wall,numeric_scratch_setup,0.00243999,0
amazon0312.mtx,16,9,CombBLAS-sampled,wall,numeric,0.17272288499999999,0
amazon0312.mtx,16,9,CombBLAS-sampled,wall,internal_cleanup,3.4759999999999998e-06,0
amazon0312.mtx,16,9,CombBLAS-sampled,wall,return_cleanup,2.9660000000000001e-06,0
amazon0312.mtx,16,9,CombBLAS-sampled,wall,output_free,5.1099999999999996e-07,0
amazon0312.mtx,16,9,CombBLAS-sampled,sampled_worker,lookup,0.002116405,8349
amazon0312.mtx,16,9,CombBLAS-sampled,sampled_worker,alloc_init,0.00088704300000000034,8349
amazon0312.mtx,16,9,CombBLAS-sampled,sampled_worker,lookup_multiply_hash,0.0082297550000000018,8349
amazon0312.mtx,16,9,CombBLAS-sampled,sampled_worker,compact,0.0016209910000000004,8349
amazon0312.mtx,16,9,CombBLAS-sampled,sampled_worker,sort,0.0069882210000000002,8349
amazon0312.mtx,16,9,CombBLAS-sampled,sampled_worker,write,0.0011108310000000005,8349
amazon0312.mtx,16,9,CombBLAS-sampled,sampled_worker,scratch_free,0.00038742499999999832,8349
amazon0312.mtx,16,9,DCSC-sampled,wall,total,0.106409649,0
amazon0312.mtx,16,9,DCSC-sampled,wall,validate,4.6100000000000001e-07,0
amazon0312.mtx,16,9,DCSC-sampled,wall,lookup_build,0.0054574869999999996,0
amazon0312.mtx,16,9,DCSC-sampled,wall,scratch_setup,0.00066570699999999997,0
amazon0312.mtx,16,9,DCSC-sampled,wall,work_bound,0.0027692010000000002,0
amazon0312.mtx,16,9,DCSC-sampled,wall,symbolic_capacity,0.0032492720000000001,0
amazon0312.mtx,16,9,DCSC-sampled,wall,symbolic,0.019148625999999998,0
amazon0312.mtx,16,9,DCSC-sampled,wall,prefix_numeric_capacity,0.0037838279999999999,0
amazon0312.mtx,16,9,DCSC-sampled,wall,output_allocate,0.012380725,0
amazon0312.mtx,16,9,DCSC-sampled,wall,numeric,0.058951495999999999,0
amazon0312.mtx,16,9,DCSC-sampled,wall,return_cleanup,1.1930000000000001e-06,0
amazon0312.mtx,16,9,DCSC-sampled,wall,output_free,1.593e-06,0
amazon0312.mtx,16,9,DCSC-sampled,sampled_worker,lookup,0,8349
amazon0312.mtx,16,9,DCSC-sampled,sampled_worker,alloc_init,0.00067507900000000128,8349
amazon0312.mtx,16,9,DCSC-sampled,sampled_worker,lookup_multiply_hash,0.010959436999999995,8349
amazon0312.mtx,16,9,DCSC-sampled,sampled_worker,compact,0.0016015089999999981,8349
amazon0312.mtx,16,9,DCSC-sampled,sampled_worker,sort,0.0069275459999999997,8349
amazon0312.mtx,16,9,DCSC-sampled,sampled_worker,write,0.00071373700000000129,8349
amazon0312.mtx,16,9,DCSC-sampled,sampled_worker,scratch_free,0.00042911199999999848,8349
amazon0312.mtx,16,9,CombBLAS-profile,wall,total,0.25002813200000001,0
amazon0312.mtx,16,9,CombBLAS-profile,wall,lookup_build,0.000402161,0
amazon0312.mtx,16,9,CombBLAS-profile,wall,thread_setup,1.0791000000000001e-05,0
amazon0312.mtx,16,9,CombBLAS-profile,wall,work_bound,0.0096425539999999994,0
amazon0312.mtx,16,9,CombBLAS-profile,wall,work_prefix,0.00014113999999999999,0
amazon0312.mtx,16,9,CombBLAS-profile,wall,symbolic,0.046660734000000002,0
amazon0312.mtx,16,9,CombBLAS-profile,wall,output_prefix,0.00013934700000000001,0
amazon0312.mtx,16,9,CombBLAS-profile,wall,output_allocate,0.018112339000000002,0
amazon0312.mtx,16,9,CombBLAS-profile,wall,numeric_scratch_setup,0.0023370219999999998,0
amazon0312.mtx,16,9,CombBLAS-profile,wall,numeric,0.17257577199999999,0
amazon0312.mtx,16,9,CombBLAS-profile,wall,internal_cleanup,2.8650000000000001e-06,0
amazon0312.mtx,16,9,CombBLAS-profile,wall,return_cleanup,2.836e-06,0
amazon0312.mtx,16,9,CombBLAS-profile,wall,output_free,5.1099999999999996e-07,0
amazon0312.mtx,16,9,DCSC-profile,wall,total,0.10633587799999999,0
amazon0312.mtx,16,9,DCSC-profile,wall,validate,8.3200000000000004e-07,0
amazon0312.mtx,16,9,DCSC-profile,wall,lookup_build,0.0054643699999999996,0
amazon0312.mtx,16,9,DCSC-profile,wall,scratch_setup,0.00068229900000000003,0
amazon0312.mtx,16,9,DCSC-profile,wall,work_bound,0.0027602439999999998,0
amazon0312.mtx,16,9,DCSC-profile,wall,symbolic_capacity,0.0032589210000000001,0
amazon0312.mtx,16,9,DCSC-profile,wall,symbolic,0.019128918000000002,0
amazon0312.mtx,16,9,DCSC-profile,wall,prefix_numeric_capacity,0.0038337129999999999,0
amazon0312.mtx,16,9,DCSC-profile,wall,output_allocate,0.012347542,0
amazon0312.mtx,16,9,DCSC-profile,wall,numeric,0.058855501999999997,0
amazon0312.mtx,16,9,DCSC-profile,wall,return_cleanup,1.823e-06,0
amazon0312.mtx,16,9,DCSC-profile,wall,output_free,1.654e-06,0
amazon0312.mtx,16,9,CSC-profile,wall,total,0.088762252,0
amazon0312.mtx,16,9,CSC-profile,wall,validate,4.9100000000000004e-07,0
amazon0312.mtx,16,9,CSC-profile,wall,lookup_build,2.9999999999999997e-08,0
amazon0312.mtx,16,9,CSC-profile,wall,scratch_setup,0.00091213000000000004,0
amazon0312.mtx,16,9,CSC-profile,wall,work_bound,0.0010356359999999999,0
amazon0312.mtx,16,9,CSC-profile,wall,symbolic_capacity,0.0033113610000000001,0
amazon0312.mtx,16,9,CSC-profile,wall,symbolic,0.01541758,0
amazon0312.mtx,16,9,CSC-profile,wall,prefix_numeric_capacity,0.0043967629999999997,0
amazon0312.mtx,16,9,CSC-profile,wall,output_allocate,0.011836462000000001,0
amazon0312.mtx,16,9,CSC-profile,wall,numeric,0.051848011999999999,0
amazon0312.mtx,16,9,CSC-profile,wall,return_cleanup,2.074e-06,0
amazon0312.mtx,16,9,CSC-profile,wall,output_free,1.6530000000000001e-06,0
amazon0312.mtx,16,9,CombBLAS-control,wall,total,0.248232918,0
amazon0312.mtx,16,9,CombBLAS-control,wall,native_call_and_free,0.248232387,0
amazon0312.mtx,16,9,DCSC-control,wall,total,0.106216238,0
amazon0312.mtx,16,9,DCSC-control,wall,native_call_and_free,0.10621591700000001,0
amazon0312.mtx,16,9,CSC-control,wall,total,0.088268525,0
amazon0312.mtx,16,9,CSC-control,wall,native_call_and_free,0.088268204000000003,0
amazon0312.mtx,16,9,DCSC-dense-static,wall,total,0.22258867500000001,0
amazon0312.mtx,16,9,DCSC-dense-static,wall,native_call_and_free,0.22258814399999999,0
amazon0312.mtx,16,9,DCSC-static,wall,total,0.26575435400000003,0
amazon0312.mtx,16,9,DCSC-static,wall,native_call_and_free,0.26575377300000003,0
amazon0312.mtx,16,9,DCSC-dense-lookup,wall,total,0.089729325999999998,0
amazon0312.mtx,16,9,DCSC-dense-lookup,wall,native_call_and_free,0.089728976000000002,0
amazon0312.mtx,16,10,DCSC-static,wall,total,0.26558361800000002,0
amazon0312.mtx,16,10,DCSC-static,wall,native_call_and_free,0.265583087,0
amazon0312.mtx,16,10,DCSC-dense-static,wall,total,0.22258016799999999,0
amazon0312.mtx,16,10,DCSC-dense-static,wall,native_call_and_free,0.222579678,0
amazon0312.mtx,16,10,CSC-control,wall,total,0.088300836999999993,0
amazon0312.mtx,16,10,CSC-control,wall,native_call_and_free,0.088300536999999998,0
amazon0312.mtx,16,10,DCSC-control,wall,total,0.10665366699999999,0
amazon0312.mtx,16,10,DCSC-control,wall,native_call_and_free,0.106653386,0
amazon0312.mtx,16,10,CombBLAS-control,wall,total,0.248829624,0
amazon0312.mtx,16,10,CombBLAS-control,wall,native_call_and_free,0.24882907300000001,0
amazon0312.mtx,16,10,CSC-profile,wall,total,0.088487204,0
amazon0312.mtx,16,10,CSC-profile,wall,validate,9.9199999999999999e-07,0
amazon0312.mtx,16,10,CSC-profile,wall,lookup_build,2.9999999999999997e-08,0
amazon0312.mtx,16,10,CSC-profile,wall,scratch_setup,0.00070778699999999998,0
amazon0312.mtx,16,10,CSC-profile,wall,work_bound,0.001068409,0
amazon0312.mtx,16,10,CSC-profile,wall,symbolic_capacity,0.0032698419999999998,0
amazon0312.mtx,16,10,CSC-profile,wall,symbolic,0.015394526,0
amazon0312.mtx,16,10,CSC-profile,wall,prefix_numeric_capacity,0.0043485099999999999,0
amazon0312.mtx,16,10,CSC-profile,wall,output_allocate,0.011831222000000001,0
amazon0312.mtx,16,10,CSC-profile,wall,numeric,0.051863080999999998,0
amazon0312.mtx,16,10,CSC-profile,wall,return_cleanup,1.4130000000000001e-06,0
amazon0312.mtx,16,10,CSC-profile,wall,output_free,1.3319999999999999e-06,0
amazon0312.mtx,16,10,DCSC-profile,wall,total,0.106362097,0
amazon0312.mtx,16,10,DCSC-profile,wall,validate,5.1099999999999996e-07,0
amazon0312.mtx,16,10,DCSC-profile,wall,lookup_build,0.0054757419999999996,0
amazon0312.mtx,16,10,DCSC-profile,wall,scratch_setup,0.00074410700000000004,0
amazon0312.mtx,16,10,DCSC-profile,wall,work_bound,0.002777758,0
amazon0312.mtx,16,10,DCSC-profile,wall,symbolic_capacity,0.0032746099999999998,0
amazon0312.mtx,16,10,DCSC-profile,wall,symbolic,0.019127104999999998,0
amazon0312.mtx,16,10,DCSC-profile,wall,prefix_numeric_capacity,0.0037960009999999998,0
amazon0312.mtx,16,10,DCSC-profile,wall,output_allocate,0.012333164000000001,0
amazon0312.mtx,16,10,DCSC-profile,wall,numeric,0.058830435,0
amazon0312.mtx,16,10,DCSC-profile,wall,return_cleanup,1.1319999999999999e-06,0
amazon0312.mtx,16,10,DCSC-profile,wall,output_free,1.4729999999999999e-06,0
amazon0312.mtx,16,10,CombBLAS-profile,wall,total,0.25023209299999999,0
amazon0312.mtx,16,10,CombBLAS-profile,wall,lookup_build,0.00034414999999999999,0
amazon0312.mtx,16,10,CombBLAS-profile,wall,thread_setup,1.0861e-05,0
amazon0312.mtx,16,10,CombBLAS-profile,wall,work_bound,0.0096321940000000002,0
amazon0312.mtx,16,10,CombBLAS-profile,wall,work_prefix,0.000139617,0
amazon0312.mtx,16,10,CombBLAS-profile,wall,symbolic,0.046751868000000002,0
amazon0312.mtx,16,10,CombBLAS-profile,wall,output_prefix,0.00013969899999999999,0
amazon0312.mtx,16,10,CombBLAS-profile,wall,output_allocate,0.018087850999999999,0
amazon0312.mtx,16,10,CombBLAS-profile,wall,numeric_scratch_setup,0.0024076380000000001,0
amazon0312.mtx,16,10,CombBLAS-profile,wall,numeric,0.172711121,0
amazon0312.mtx,16,10,CombBLAS-profile,wall,internal_cleanup,3.2370000000000001e-06,0
amazon0312.mtx,16,10,CombBLAS-profile,wall,return_cleanup,2.8250000000000001e-06,0
amazon0312.mtx,16,10,CombBLAS-profile,wall,output_free,9.7199999999999997e-07,0
amazon0312.mtx,16,10,DCSC-sampled,wall,total,0.106455036,0
amazon0312.mtx,16,10,DCSC-sampled,wall,validate,2.4999999999999999e-07,0
amazon0312.mtx,16,10,DCSC-sampled,wall,lookup_build,0.0054589809999999999,0
amazon0312.mtx,16,10,DCSC-sampled,wall,scratch_setup,0.00066559699999999998,0
amazon0312.mtx,16,10,DCSC-sampled,wall,work_bound,0.0027609549999999998,0
amazon0312.mtx,16,10,DCSC-sampled,wall,symbolic_capacity,0.0032354950000000001,0
amazon0312.mtx,16,10,DCSC-sampled,wall,symbolic,0.019133977999999999,0
amazon0312.mtx,16,10,DCSC-sampled,wall,prefix_numeric_capacity,0.003720536,0
amazon0312.mtx,16,10,DCSC-sampled,wall,output_allocate,0.012344236,0
amazon0312.mtx,16,10,DCSC-sampled,wall,numeric,0.059131590999999997,0
amazon0312.mtx,16,10,DCSC-sampled,wall,return_cleanup,1.5230000000000001e-06,0
amazon0312.mtx,16,10,DCSC-sampled,wall,output_free,1.824e-06,0
amazon0312.mtx,16,10,DCSC-sampled,sampled_worker,lookup,0,8349
amazon0312.mtx,16,10,DCSC-sampled,sampled_worker,alloc_init,0.00067470500000000146,8349
amazon0312.mtx,16,10,DCSC-sampled,sampled_worker,lookup_multiply_hash,0.01087004499999999,8349
amazon0312.mtx,16,10,DCSC-sampled,sampled_worker,compact,0.0015971669999999976,8349
amazon0312.mtx,16,10,DCSC-sampled,sampled_worker,sort,0.0069007379999999983,8349
amazon0312.mtx,16,10,DCSC-sampled,sampled_worker,write,0.00088672600000000153,8349
amazon0312.mtx,16,10,DCSC-sampled,sampled_worker,scratch_free,0.00042703099999999851,8349
amazon0312.mtx,16,10,CombBLAS-sampled,wall,total,0.25059922800000001,0
amazon0312.mtx,16,10,CombBLAS-sampled,wall,lookup_build,0.00031597599999999998,0
amazon0312.mtx,16,10,CombBLAS-sampled,wall,thread_setup,1.1632e-05,0
amazon0312.mtx,16,10,CombBLAS-sampled,wall,work_bound,0.0096396590000000001,0
amazon0312.mtx,16,10,CombBLAS-sampled,wall,work_prefix,0.00013363599999999999,0
amazon0312.mtx,16,10,CombBLAS-sampled,wall,symbolic,0.046998190000000002,0
amazon0312.mtx,16,10,CombBLAS-sampled,wall,output_prefix,0.00013862600000000001,0
amazon0312.mtx,16,10,CombBLAS-sampled,wall,output_allocate,0.018341979000000001,0
amazon0312.mtx,16,10,CombBLAS-sampled,wall,numeric_scratch_setup,0.0022971860000000001,0
amazon0312.mtx,16,10,CombBLAS-sampled,wall,numeric,0.172714278,0
amazon0312.mtx,16,10,CombBLAS-sampled,wall,internal_cleanup,4.0180000000000003e-06,0
amazon0312.mtx,16,10,CombBLAS-sampled,wall,return_cleanup,3.4359999999999998e-06,0
amazon0312.mtx,16,10,CombBLAS-sampled,wall,output_free,5.5199999999999997e-07,0
amazon0312.mtx,16,10,CombBLAS-sampled,sampled_worker,lookup,0.0021127389999999998,8349
amazon0312.mtx,16,10,CombBLAS-sampled,sampled_worker,alloc_init,0.00090231600000000012,8349
amazon0312.mtx,16,10,CombBLAS-sampled,sampled_worker,lookup_multiply_hash,0.0081974869999999998,8349
amazon0312.mtx,16,10,CombBLAS-sampled,sampled_worker,compact,0.001622465,8349
amazon0312.mtx,16,10,CombBLAS-sampled,sampled_worker,sort,0.0070131669999999998,8349
amazon0312.mtx,16,10,CombBLAS-sampled,sampled_worker,write,0.0011018000000000007,8349
amazon0312.mtx,16,10,CombBLAS-sampled,sampled_worker,scratch_free,0.00038380299999999815,8349
amazon0312.mtx,16,10,CombBLAS-conversion,wall,total,0.30275466899999998,0
amazon0312.mtx,16,10,CombBLAS-conversion,wall,native_call,0.24813763599999999,0
amazon0312.mtx,16,10,CombBLAS-conversion,wall,tuple_to_dcsc,0.054613826999999997,0
amazon0312.mtx,16,10,CombBLAS-conversion,wall,dcsc_free,2.6249999999999999e-06,0
amazon0312.mtx,16,10,CombBLAS-conversion,wall,output_free,5.1099999999999996e-07,0
amazon0312.mtx,16,10,DCSC-dense-lookup,wall,total,0.089709799000000007,0
amazon0312.mtx,16,10,DCSC-dense-lookup,wall,native_call_and_free,0.089709398999999995,0
amazon0312.mtx,16,11,DCSC-static,wall,total,0.26565049600000001,0
amazon0312.mtx,16,11,DCSC-static,wall,native_call_and_free,0.26564996400000002,0
amazon0312.mtx,16,11,DCSC-dense-lookup,wall,total,0.089581903000000004,0
amazon0312.mtx,16,11,DCSC-dense-lookup,wall,native_call_and_free,0.089581372000000006,0
amazon0312.mtx,16,11,CombBLAS-conversion,wall,total,0.30272946099999998,0
amazon0312.mtx,16,11,CombBLAS-conversion,wall,native_call,0.24809988399999999,0
amazon0312.mtx,16,11,CombBLAS-conversion,wall,tuple_to_dcsc,0.054626060999999997,0
amazon0312.mtx,16,11,CombBLAS-conversion,wall,dcsc_free,2.8150000000000002e-06,0
amazon0312.mtx,16,11,CombBLAS-conversion,wall,output_free,6.4099999999999998e-07,0
amazon0312.mtx,16,11,CombBLAS-sampled,wall,total,0.250295304,0
amazon0312.mtx,16,11,CombBLAS-sampled,wall,lookup_build,0.00048210400000000002,0
amazon0312.mtx,16,11,CombBLAS-sampled,wall,thread_setup,1.2564e-05,0
amazon0312.mtx,16,11,CombBLAS-sampled,wall,work_bound,0.0096223960000000001,0
amazon0312.mtx,16,11,CombBLAS-sampled,wall,work_prefix,5.1779e-05,0
amazon0312.mtx,16,11,CombBLAS-sampled,wall,symbolic,0.046791784000000003,0
amazon0312.mtx,16,11,CombBLAS-sampled,wall,output_prefix,0.00014274399999999999,0
amazon0312.mtx,16,11,CombBLAS-sampled,wall,output_allocate,0.018011385000000001,0
amazon0312.mtx,16,11,CombBLAS-sampled,wall,numeric_scratch_setup,0.00227845,0
amazon0312.mtx,16,11,CombBLAS-sampled,wall,numeric,0.172894253,0
amazon0312.mtx,16,11,CombBLAS-sampled,wall,internal_cleanup,4.1180000000000002e-06,0
amazon0312.mtx,16,11,CombBLAS-sampled,wall,return_cleanup,2.8959999999999999e-06,0
amazon0312.mtx,16,11,CombBLAS-sampled,wall,output_free,7.8100000000000002e-07,0
amazon0312.mtx,16,11,CombBLAS-sampled,sampled_worker,lookup,0.0021166509999999998,8349
amazon0312.mtx,16,11,CombBLAS-sampled,sampled_worker,alloc_init,0.00088700400000000026,8349
amazon0312.mtx,16,11,CombBLAS-sampled,sampled_worker,lookup_multiply_hash,0.0081762000000000015,8349
amazon0312.mtx,16,11,CombBLAS-sampled,sampled_worker,compact,0.0016223440000000004,8349
amazon0312.mtx,16,11,CombBLAS-sampled,sampled_worker,sort,0.0070043529999999996,8349
amazon0312.mtx,16,11,CombBLAS-sampled,sampled_worker,write,0.0011117450000000006,8349
amazon0312.mtx,16,11,CombBLAS-sampled,sampled_worker,scratch_free,0.00038733699999999823,8349
amazon0312.mtx,16,11,DCSC-sampled,wall,total,0.106396032,0
amazon0312.mtx,16,11,DCSC-sampled,wall,validate,6.9100000000000003e-07,0
amazon0312.mtx,16,11,DCSC-sampled,wall,lookup_build,0.0054614249999999998,0
amazon0312.mtx,16,11,DCSC-sampled,wall,scratch_setup,0.00066335199999999997,0
amazon0312.mtx,16,11,DCSC-sampled,wall,work_bound,0.0027696420000000001,0
amazon0312.mtx,16,11,DCSC-sampled,wall,symbolic_capacity,0.0032509650000000002,0
amazon0312.mtx,16,11,DCSC-sampled,wall,symbolic,0.019137143999999998,0
amazon0312.mtx,16,11,DCSC-sampled,wall,prefix_numeric_capacity,0.0037746099999999999,0
amazon0312.mtx,16,11,DCSC-sampled,wall,output_allocate,0.012368933,0
amazon0312.mtx,16,11,DCSC-sampled,wall,numeric,0.058965863,0
amazon0312.mtx,16,11,DCSC-sampled,wall,return_cleanup,1.604e-06,0
amazon0312.mtx,16,11,DCSC-sampled,wall,output_free,1.7430000000000001e-06,0
amazon0312.mtx,16,11,DCSC-sampled,sampled_worker,lookup,0,8349
amazon0312.mtx,16,11,DCSC-sampled,sampled_worker,alloc_init,0.00067090400000000135,8349
amazon0312.mtx,16,11,DCSC-sampled,sampled_worker,lookup_multiply_hash,0.010959085999999995,8349
amazon0312.mtx,16,11,DCSC-sampled,sampled_worker,compact,0.0016018939999999982,8349
amazon0312.mtx,16,11,DCSC-sampled,sampled_worker,sort,0.0069781279999999975,8349
amazon0312.mtx,16,11,DCSC-sampled,sampled_worker,write,0.00072915100000000134,8349
amazon0312.mtx,16,11,DCSC-sampled,sampled_worker,scratch_free,0.00043348399999999852,8349
amazon0312.mtx,16,11,CombBLAS-profile,wall,total,0.24987437700000001,0
amazon0312.mtx,16,11,CombBLAS-profile,wall,lookup_build,0.00034528199999999998,0
amazon0312.mtx,16,11,CombBLAS-profile,wall,thread_setup,1.066e-05,0
amazon0312.mtx,16,11,CombBLAS-profile,wall,work_bound,0.0096777919999999993,0
amazon0312.mtx,16,11,CombBLAS-profile,wall,work_prefix,0.00013845599999999999,0
amazon0312.mtx,16,11,CombBLAS-profile,wall,symbolic,0.046755324000000001,0
amazon0312.mtx,16,11,CombBLAS-profile,wall,output_prefix,0.00013932699999999999,0
amazon0312.mtx,16,11,CombBLAS-profile,wall,output_allocate,0.018066480999999999,0
amazon0312.mtx,16,11,CombBLAS-profile,wall,numeric_scratch_setup,0.002307576,0
amazon0312.mtx,16,11,CombBLAS-profile,wall,numeric,0.172426265,0
amazon0312.mtx,16,11,CombBLAS-profile,wall,internal_cleanup,3.3270000000000001e-06,0
amazon0312.mtx,16,11,CombBLAS-profile,wall,return_cleanup,2.8550000000000002e-06,0
amazon0312.mtx,16,11,CombBLAS-profile,wall,output_free,9.6200000000000006e-07,0
amazon0312.mtx,16,11,DCSC-profile,wall,total,0.106443634,0
amazon0312.mtx,16,11,DCSC-profile,wall,validate,2.4999999999999999e-07,0
amazon0312.mtx,16,11,DCSC-profile,wall,lookup_build,0.0054572070000000004,0
amazon0312.mtx,16,11,DCSC-profile,wall,scratch_setup,0.00066783100000000002,0
amazon0312.mtx,16,11,DCSC-profile,wall,work_bound,0.0027581699999999999,0
amazon0312.mtx,16,11,DCSC-profile,wall,symbolic_capacity,0.0032755219999999999,0
amazon0312.mtx,16,11,DCSC-profile,wall,symbolic,0.019143687,0
amazon0312.mtx,16,11,DCSC-profile,wall,prefix_numeric_capacity,0.0038391330000000002,0
amazon0312.mtx,16,11,DCSC-profile,wall,output_allocate,0.012320951,0
amazon0312.mtx,16,11,DCSC-profile,wall,numeric,0.058977615999999997,0
amazon0312.mtx,16,11,DCSC-profile,wall,return_cleanup,1.313e-06,0
amazon0312.mtx,16,11,DCSC-profile,wall,output_free,1.894e-06,0
amazon0312.mtx,16,11,CSC-profile,wall,total,0.088842766000000004,0
amazon0312.mtx,16,11,CSC-profile,wall,validate,4.51e-07,0
amazon0312.mtx,16,11,CSC-profile,wall,lookup_build,4.0000000000000001e-08,0
amazon0312.mtx,16,11,CSC-profile,wall,scratch_setup,0.00099622100000000004,0
amazon0312.mtx,16,11,CSC-profile,wall,work_bound,0.001029304,0
amazon0312.mtx,16,11,CSC-profile,wall,symbolic_capacity,0.0033083850000000001,0
amazon0312.mtx,16,11,CSC-profile,wall,symbolic,0.015397733,0
amazon0312.mtx,16,11,CSC-profile,wall,prefix_numeric_capacity,0.004246774,0
amazon0312.mtx,16,11,CSC-profile,wall,output_allocate,0.01184556,0
amazon0312.mtx,16,11,CSC-profile,wall,numeric,0.052015783000000003,0
amazon0312.mtx,16,11,CSC-profile,wall,return_cleanup,1.4130000000000001e-06,0
amazon0312.mtx,16,11,CSC-profile,wall,output_free,1.0419999999999999e-06,0
amazon0312.mtx,16,11,CombBLAS-control,wall,total,0.24778297599999999,0
amazon0312.mtx,16,11,CombBLAS-control,wall,native_call_and_free,0.247782435,0
amazon0312.mtx,16,11,DCSC-control,wall,total,0.106278597,0
amazon0312.mtx,16,11,DCSC-control,wall,native_call_and_free,0.10627811600000001,0
amazon0312.mtx,16,11,CSC-control,wall,total,0.088238136999999994,0
amazon0312.mtx,16,11,CSC-control,wall,native_call_and_free,0.088237815999999997,0
amazon0312.mtx,16,11,DCSC-dense-static,wall,total,0.222458024,0
amazon0312.mtx,16,11,DCSC-dense-static,wall,native_call_and_free,0.222457452,0
amazon0312.mtx,128,0,CSC-control,wall,total,0.057504871999999999,0
amazon0312.mtx,128,0,CSC-control,wall,native_call_and_free,0.057504591000000001,0
amazon0312.mtx,128,0,DCSC-control,wall,total,0.072655920999999998,0
amazon0312.mtx,128,0,DCSC-control,wall,native_call_and_free,0.072655651000000002,0
amazon0312.mtx,128,0,CombBLAS-control,wall,total,0.096129731999999996,0
amazon0312.mtx,128,0,CombBLAS-control,wall,native_call_and_free,0.096129221000000001,0
amazon0312.mtx,128,0,CSC-profile,wall,total,0.056295953000000003,0
amazon0312.mtx,128,0,CSC-profile,wall,validate,6.7100000000000001e-07,0
amazon0312.mtx,128,0,CSC-profile,wall,lookup_build,2.9999999999999997e-08,0
amazon0312.mtx,128,0,CSC-profile,wall,scratch_setup,0.0012159219999999999,0
amazon0312.mtx,128,0,CSC-profile,wall,work_bound,0.0023305399999999999,0
amazon0312.mtx,128,0,CSC-profile,wall,symbolic_capacity,0.0032869140000000002,0
amazon0312.mtx,128,0,CSC-profile,wall,symbolic,0.0071385809999999997,0
amazon0312.mtx,128,0,CSC-profile,wall,prefix_numeric_capacity,0.0059242030000000003,0
amazon0312.mtx,128,0,CSC-profile,wall,output_allocate,0.013831398,0
amazon0312.mtx,128,0,CSC-profile,wall,numeric,0.022564147,0
amazon0312.mtx,128,0,CSC-profile,wall,return_cleanup,2.2139999999999999e-06,0
amazon0312.mtx,128,0,CSC-profile,wall,output_free,1.2720000000000001e-06,0
amazon0312.mtx,128,0,DCSC-profile,wall,total,0.073412321000000003,0
amazon0312.mtx,128,0,DCSC-profile,wall,validate,6.2099999999999996e-07,0
amazon0312.mtx,128,0,DCSC-profile,wall,lookup_build,0.0058056150000000001,0
amazon0312.mtx,128,0,DCSC-profile,wall,scratch_setup,0.001197306,0
amazon0312.mtx,128,0,DCSC-profile,wall,work_bound,0.0040794439999999998,0
amazon0312.mtx,128,0,DCSC-profile,wall,symbolic_capacity,0.003260223,0
amazon0312.mtx,128,0,DCSC-profile,wall,symbolic,0.0089154190000000008,0
amazon0312.mtx,128,0,DCSC-profile,wall,prefix_numeric_capacity,0.0066047179999999999,0
amazon0312.mtx,128,0,DCSC-profile,wall,output_allocate,0.016782928999999999,0
amazon0312.mtx,128,0,DCSC-profile,wall,numeric,0.026763140000000001,0
amazon0312.mtx,128,0,DCSC-profile,wall,return_cleanup,1.243e-06,0
amazon0312.mtx,128,0,DCSC-profile,wall,output_free,1.6029999999999999e-06,0
amazon0312.mtx,128,0,CombBLAS-profile,wall,total,0.097143595999999999,0
amazon0312.mtx,128,0,CombBLAS-profile,wall,lookup_build,0.00075743299999999996,0
amazon0312.mtx,128,0,CombBLAS-profile,wall,thread_setup,6.3992999999999995e-05,0
amazon0312.mtx,128,0,CombBLAS-profile,wall,work_bound,0.0042166069999999998,0
amazon0312.mtx,128,0,CombBLAS-profile,wall,work_prefix,0.00025714299999999999,0
amazon0312.mtx,128,0,CombBLAS-profile,wall,symbolic,0.013904478,0
amazon0312.mtx,128,0,CombBLAS-profile,wall,output_prefix,0.00019774899999999999,0
amazon0312.mtx,128,0,CombBLAS-profile,wall,output_allocate,0.023318584,0
amazon0312.mtx,128,0,CombBLAS-profile,wall,numeric_scratch_setup,0.0034240870000000001,0
amazon0312.mtx,128,0,CombBLAS-profile,wall,numeric,0.050974577,0
amazon0312.mtx,128,0,CombBLAS-profile,wall,internal_cleanup,2.7549999999999999e-06,0
amazon0312.mtx,128,0,CombBLAS-profile,wall,return_cleanup,2.5259e-05,0
amazon0312.mtx,128,0,CombBLAS-profile,wall,output_free,7.3099999999999997e-07,0
amazon0312.mtx,128,0,DCSC-sampled,wall,total,0.070045814999999997,0
amazon0312.mtx,128,0,DCSC-sampled,wall,validate,4.4099999999999999e-07,0
amazon0312.mtx,128,0,DCSC-sampled,wall,lookup_build,0.0057188380000000004,0
amazon0312.mtx,128,0,DCSC-sampled,wall,scratch_setup,0.00092208800000000005,0
amazon0312.mtx,128,0,DCSC-sampled,wall,work_bound,0.0045155610000000004,0
amazon0312.mtx,128,0,DCSC-sampled,wall,symbolic_capacity,0.0032299249999999998,0
amazon0312.mtx,128,0,DCSC-sampled,wall,symbolic,0.0086571540000000002,0
amazon0312.mtx,128,0,DCSC-sampled,wall,prefix_numeric_capacity,0.006421576,0
amazon0312.mtx,128,0,DCSC-sampled,wall,output_allocate,0.013785611,0
amazon0312.mtx,128,0,DCSC-sampled,wall,numeric,0.026790583,0
amazon0312.mtx,128,0,DCSC-sampled,wall,return_cleanup,1.883e-06,0
amazon0312.mtx,128,0,DCSC-sampled,wall,output_free,1.9539999999999998e-06,0
amazon0312.mtx,128,0,DCSC-sampled,sampled_worker,lookup,0,8349
amazon0312.mtx,128,0,DCSC-sampled,sampled_worker,alloc_init,0.0015432519999999999,8349
amazon0312.mtx,128,0,DCSC-sampled,sampled_worker,lookup_multiply_hash,0.050649133999999998,8349
amazon0312.mtx,128,0,DCSC-sampled,sampled_worker,compact,0.0016168100000000006,8349
amazon0312.mtx,128,0,DCSC-sampled,sampled_worker,sort,0.0069450530000000005,8349
amazon0312.mtx,128,0,DCSC-sampled,sampled_worker,write,0.0044869730000000017,8349
amazon0312.mtx,128,0,DCSC-sampled,sampled_worker,scratch_free,0.0022586709999999977,8349
amazon0312.mtx,128,0,CombBLAS-sampled,wall,total,0.099230638999999995,0
amazon0312.mtx,128,0,CombBLAS-sampled,wall,lookup_build,0.00091042599999999999,0
amazon0312.mtx,128,0,CombBLAS-sampled,wall,thread_setup,6.7149000000000004e-05,0
amazon0312.mtx,128,0,CombBLAS-sampled,wall,work_bound,0.0039021440000000002,0
amazon0312.mtx,128,0,CombBLAS-sampled,wall,work_prefix,0.00025395700000000002,0
amazon0312.mtx,128,0,CombBLAS-sampled,wall,symbolic,0.013857859,0
amazon0312.mtx,128,0,CombBLAS-sampled,wall,output_prefix,0.000175506,0
amazon0312.mtx,128,0,CombBLAS-sampled,wall,output_allocate,0.025917879000000001,0
amazon0312.mtx,128,0,CombBLAS-sampled,wall,numeric_scratch_setup,0.0033041379999999999,0
amazon0312.mtx,128,0,CombBLAS-sampled,wall,numeric,0.050813688000000003,0
amazon0312.mtx,128,0,CombBLAS-sampled,wall,internal_cleanup,2.8849999999999999e-06,0
amazon0312.mtx,128,0,CombBLAS-sampled,wall,return_cleanup,2.4277000000000002e-05,0
amazon0312.mtx,128,0,CombBLAS-sampled,wall,output_free,6.7100000000000001e-07,0
amazon0312.mtx,128,0,CombBLAS-sampled,sampled_worker,lookup,0.0054172279999999996,8349
amazon0312.mtx,128,0,CombBLAS-sampled,sampled_worker,alloc_init,0.00092972400000000005,8349
amazon0312.mtx,128,0,CombBLAS-sampled,sampled_worker,lookup_multiply_hash,0.018316468999999998,8349
amazon0312.mtx,128,0,CombBLAS-sampled,sampled_worker,compact,0.0016264520000000005,8349
amazon0312.mtx,128,0,CombBLAS-sampled,sampled_worker,sort,0.0070507220000000006,8349
amazon0312.mtx,128,0,CombBLAS-sampled,sampled_worker,write,0.007450576000000003,8349
amazon0312.mtx,128,0,CombBLAS-sampled,sampled_worker,scratch_free,0.0017414859999999987,8349
amazon0312.mtx,128,0,CombBLAS-conversion,wall,total,0.153317697,0
amazon0312.mtx,128,0,CombBLAS-conversion,wall,native_call,0.093592907000000003,0
amazon0312.mtx,128,0,CombBLAS-conversion,wall,tuple_to_dcsc,0.059721051999999997,0
amazon0312.mtx,128,0,CombBLAS-conversion,wall,dcsc_free,2.8760000000000001e-06,0
amazon0312.mtx,128,0,CombBLAS-conversion,wall,output_free,8.0100000000000004e-07,0
amazon0312.mtx,128,0,DCSC-dense-lookup,wall,total,0.052560989000000002,0
amazon0312.mtx,128,0,DCSC-dense-lookup,wall,native_call_and_free,0.052560698000000003,0
amazon0312.mtx,128,0,DCSC-static,wall,total,0.105142318,0
amazon0312.mtx,128,0,DCSC-static,wall,native_call_and_free,0.105142047,0
amazon0312.mtx,128,0,DCSC-dense-static,wall,total,0.086084136000000006,0
amazon0312.mtx,128,0,DCSC-dense-static,wall,native_call_and_free,0.086083673999999999,0
amazon0312.mtx,128,1,CSC-control,wall,total,0.058073022000000002,0
amazon0312.mtx,128,1,CSC-control,wall,native_call_and_free,0.058072761000000001,0
amazon0312.mtx,128,1,DCSC-dense-static,wall,total,0.088418803000000004,0
amazon0312.mtx,128,1,DCSC-dense-static,wall,native_call_and_free,0.088418353000000005,0
amazon0312.mtx,128,1,DCSC-static,wall,total,0.102057702,0
amazon0312.mtx,128,1,DCSC-static,wall,native_call_and_free,0.102057431,0
amazon0312.mtx,128,1,DCSC-dense-lookup,wall,total,0.056224445999999997,0
amazon0312.mtx,128,1,DCSC-dense-lookup,wall,native_call_and_free,0.056224165999999999,0
amazon0312.mtx,128,1,CombBLAS-conversion,wall,total,0.15602402600000001,0
amazon0312.mtx,128,1,CombBLAS-conversion,wall,native_call,0.096519720000000003,0
amazon0312.mtx,128,1,CombBLAS-conversion,wall,tuple_to_dcsc,0.059500178000000001,0
amazon0312.mtx,128,1,CombBLAS-conversion,wall,dcsc_free,3.467e-06,0
amazon0312.mtx,128,1,CombBLAS-conversion,wall,output_free,5.9100000000000004e-07,0
amazon0312.mtx,128,1,CombBLAS-sampled,wall,total,0.089429080999999994,0
amazon0312.mtx,128,1,CombBLAS-sampled,wall,lookup_build,0.00099170300000000003,0
amazon0312.mtx,128,1,CombBLAS-sampled,wall,thread_setup,7.5914999999999994e-05,0
amazon0312.mtx,128,1,CombBLAS-sampled,wall,work_bound,0.0034661079999999999,0
amazon0312.mtx,128,1,CombBLAS-sampled,wall,work_prefix,0.00021724600000000001,0
amazon0312.mtx,128,1,CombBLAS-sampled,wall,symbolic,0.013659658999999999,0
amazon0312.mtx,128,1,CombBLAS-sampled,wall,output_prefix,0.000110893,0
amazon0312.mtx,128,1,CombBLAS-sampled,wall,output_allocate,0.018016805,0
amazon0312.mtx,128,1,CombBLAS-sampled,wall,numeric_scratch_setup,0.0025682560000000001,0
amazon0312.mtx,128,1,CombBLAS-sampled,wall,numeric,0.050294352000000001,0
amazon0312.mtx,128,1,CombBLAS-sampled,wall,internal_cleanup,3.0860000000000002e-06,0
amazon0312.mtx,128,1,CombBLAS-sampled,wall,return_cleanup,2.4156999999999999e-05,0
amazon0312.mtx,128,1,CombBLAS-sampled,wall,output_free,8.5099999999999998e-07,0
amazon0312.mtx,128,1,CombBLAS-sampled,sampled_worker,lookup,0.0046053790000000023,8349
amazon0312.mtx,128,1,CombBLAS-sampled,sampled_worker,alloc_init,0.00091329499999999984,8349
amazon0312.mtx,128,1,CombBLAS-sampled,sampled_worker,lookup_multiply_hash,0.010807327999999998,8349
amazon0312.mtx,128,1,CombBLAS-sampled,sampled_worker,compact,0.0016210260000000011,8349
amazon0312.mtx,128,1,CombBLAS-sampled,sampled_worker,sort,0.0070117609999999992,8349
amazon0312.mtx,128,1,CombBLAS-sampled,sampled_worker,write,0.0037725049999999993,8349
amazon0312.mtx,128,1,CombBLAS-sampled,sampled_worker,scratch_free,0.0017603759999999993,8349
amazon0312.mtx,128,1,DCSC-sampled,wall,total,0.073232687000000005,0
amazon0312.mtx,128,1,DCSC-sampled,wall,validate,2.41e-07,0
amazon0312.mtx,128,1,DCSC-sampled,wall,lookup_build,0.00570442,0
amazon0312.mtx,128,1,DCSC-sampled,wall,scratch_setup,0.00083366899999999999,0
amazon0312.mtx,128,1,DCSC-sampled,wall,work_bound,0.0043042760000000001,0
amazon0312.mtx,128,1,DCSC-sampled,wall,symbolic_capacity,0.0032186129999999999,0
amazon0312.mtx,128,1,DCSC-sampled,wall,symbolic,0.0087413260000000007,0
amazon0312.mtx,128,1,DCSC-sampled,wall,prefix_numeric_capacity,0.0071302049999999997,0
amazon0312.mtx,128,1,DCSC-sampled,wall,output_allocate,0.013837119,0
amazon0312.mtx,128,1,DCSC-sampled,wall,numeric,0.029459541999999998,0
amazon0312.mtx,128,1,DCSC-sampled,wall,return_cleanup,1.362e-06,0
amazon0312.mtx,128,1,DCSC-sampled,wall,output_free,1.844e-06,0
amazon0312.mtx,128,1,DCSC-sampled,sampled_worker,lookup,0,8349
amazon0312.mtx,128,1,DCSC-sampled,sampled_worker,alloc_init,0.0015506019999999999,8349
amazon0312.mtx,128,1,DCSC-sampled,sampled_worker,lookup_multiply_hash,0.052604690000000003,8349
amazon0312.mtx,128,1,DCSC-sampled,sampled_worker,compact,0.0016077140000000001,8349
amazon0312.mtx,128,1,DCSC-sampled,sampled_worker,sort,0.0070268599999999985,8349
amazon0312.mtx,128,1,DCSC-sampled,sampled_worker,write,0.0038796150000000003,8349
amazon0312.mtx,128,1,DCSC-sampled,sampled_worker,scratch_free,0.0022366679999999989,8349
amazon0312.mtx,128,1,CombBLAS-profile,wall,total,0.097836865999999995,0
amazon0312.mtx,128,1,CombBLAS-profile,wall,lookup_build,0.00088934500000000004,0
amazon0312.mtx,128,1,CombBLAS-profile,wall,thread_setup,6.4744000000000002e-05,0
amazon0312.mtx,128,1,CombBLAS-profile,wall,work_bound,0.0039499959999999999,0
amazon0312.mtx,128,1,CombBLAS-profile,wall,work_prefix,0.00026094099999999999,0
amazon0312.mtx,128,1,CombBLAS-profile,wall,symbolic,0.013837379,0
amazon0312.mtx,128,1,CombBLAS-profile,wall,output_prefix,0.00017983499999999999,0
amazon0312.mtx,128,1,CombBLAS-profile,wall,output_allocate,0.024511201,0
amazon0312.mtx,128,1,CombBLAS-profile,wall,numeric_scratch_setup,0.003374784,0
amazon0312.mtx,128,1,CombBLAS-profile,wall,numeric,0.050739696000000001,0
amazon0312.mtx,128,1,CombBLAS-profile,wall,internal_cleanup,2.7049999999999999e-06,0
amazon0312.mtx,128,1,CombBLAS-profile,wall,return_cleanup,2.5278000000000001e-05,0
amazon0312.mtx,128,1,CombBLAS-profile,wall,output_free,9.02e-07,0
amazon0312.mtx,128,1,DCSC-profile,wall,total,0.069943758999999994,0
amazon0312.mtx,128,1,DCSC-profile,wall,validate,4.6100000000000001e-07,0
amazon0312.mtx,128,1,DCSC-profile,wall,lookup_build,0.0057197910000000001,0
amazon0312.mtx,128,1,DCSC-profile,wall,scratch_setup,0.00092232900000000005,0
amazon0312.mtx,128,1,DCSC-profile,wall,work_bound,0.0045022650000000001,0
amazon0312.mtx,128,1,DCSC-profile,wall,symbolic_capacity,0.0032354649999999999,0
amazon0312.mtx,128,1,DCSC-profile,wall,symbolic,0.0086264749999999998,0
amazon0312.mtx,128,1,DCSC-profile,wall,prefix_numeric_capacity,0.0063995450000000004,0
amazon0312.mtx,128,1,DCSC-profile,wall,output_allocate,0.013781873,0
amazon0312.mtx,128,1,DCSC-profile,wall,numeric,0.026751397,0
amazon0312.mtx,128,1,DCSC-profile,wall,return_cleanup,1.934e-06,0
amazon0312.mtx,128,1,DCSC-profile,wall,output_free,2.1440000000000001e-06,0
amazon0312.mtx,128,1,CSC-profile,wall,total,0.058365773000000003,0
amazon0312.mtx,128,1,CSC-profile,wall,validate,6.7100000000000001e-07,0
amazon0312.mtx,128,1,CSC-profile,wall,lookup_build,4.0000000000000001e-08,0
amazon0312.mtx,128,1,CSC-profile,wall,scratch_setup,0.001571224,0
amazon0312.mtx,128,1,CSC-profile,wall,work_bound,0.001856831,0
amazon0312.mtx,128,1,CSC-profile,wall,symbolic_capacity,0.0032904509999999998,0
amazon0312.mtx,128,1,CSC-profile,wall,symbolic,0.006987933,0
amazon0312.mtx,128,1,CSC-profile,wall,prefix_numeric_capacity,0.0059866720000000002,0
amazon0312.mtx,128,1,CSC-profile,wall,output_allocate,0.016939669000000001,0
amazon0312.mtx,128,1,CSC-profile,wall,numeric,0.021729146000000001,0
amazon0312.mtx,128,1,CSC-profile,wall,return_cleanup,1.663e-06,0
amazon0312.mtx,128,1,CSC-profile,wall,output_free,1.4130000000000001e-06,0
amazon0312.mtx,128,1,CombBLAS-control,wall,total,0.097085636000000003,0
amazon0312.mtx,128,1,CombBLAS-control,wall,native_call_and_free,0.097085165000000001,0
amazon0312.mtx,128,1,DCSC-control,wall,total,0.069820271000000003,0
amazon0312.mtx,128,1,DCSC-control,wall,native_call_and_free,0.069820001000000007,0
amazon0312.mtx,128,2,CombBLAS-control,wall,total,0.098226704999999997,0
amazon0312.mtx,128,2,CombBLAS-control,wall,native_call_and_free,0.098225953000000005,0
amazon0312.mtx,128,2,CSC-profile,wall,total,0.056121116999999998,0
amazon0312.mtx,128,2,CSC-profile,wall,validate,9.2200000000000002e-07,0
amazon0312.mtx,128,2,CSC-profile,wall,lookup_build,4.0000000000000001e-08,0
amazon0312.mtx,128,2,CSC-profile,wall,scratch_setup,0.0011243760000000001,0
amazon0312.mtx,128,2,CSC-profile,wall,work_bound,0.0023308199999999999,0
amazon0312.mtx,128,2,CSC-profile,wall,symbolic_capacity,0.0032642610000000001,0
amazon0312.mtx,128,2,CSC-profile,wall,symbolic,0.0070991259999999999,0
amazon0312.mtx,128,2,CSC-profile,wall,prefix_numeric_capacity,0.0058781240000000002,0
amazon0312.mtx,128,2,CSC-profile,wall,output_allocate,0.013833260999999999,0
amazon0312.mtx,128,2,CSC-profile,wall,numeric,0.022586690999999999,0
amazon0312.mtx,128,2,CSC-profile,wall,return_cleanup,2.1739999999999999e-06,0
amazon0312.mtx,128,2,CSC-profile,wall,output_free,1.252e-06,0
amazon0312.mtx,128,2,DCSC-profile,wall,total,0.076287074999999996,0
amazon0312.mtx,128,2,DCSC-profile,wall,validate,4.3099999999999998e-07,0
amazon0312.mtx,128,2,DCSC-profile,wall,lookup_build,0.0058327759999999996,0
amazon0312.mtx,128,2,DCSC-profile,wall,scratch_setup,0.001191416,0
amazon0312.mtx,128,2,DCSC-profile,wall,work_bound,0.0067202989999999999,0
amazon0312.mtx,128,2,DCSC-profile,wall,symbolic_capacity,0.0032308770000000001,0
amazon0312.mtx,128,2,DCSC-profile,wall,symbolic,0.0089368299999999998,0
amazon0312.mtx,128,2,DCSC-profile,wall,prefix_numeric_capacity,0.0066364079999999999,0
amazon0312.mtx,128,2,DCSC-profile,wall,output_allocate,0.016887630000000001,0
amazon0312.mtx,128,2,DCSC-profile,wall,numeric,0.026846770999999998,0
amazon0312.mtx,128,2,DCSC-profile,wall,return_cleanup,1.2920000000000001e-06,0
amazon0312.mtx,128,2,DCSC-profile,wall,output_free,2.2850000000000001e-06,0
amazon0312.mtx,128,2,CombBLAS-profile,wall,total,0.097076939000000001,0
amazon0312.mtx,128,2,CombBLAS-profile,wall,lookup_build,0.000751672,0
amazon0312.mtx,128,2,CombBLAS-profile,wall,thread_setup,6.2589999999999995e-05,0
amazon0312.mtx,128,2,CombBLAS-profile,wall,work_bound,0.0041768609999999996,0
amazon0312.mtx,128,2,CombBLAS-profile,wall,work_prefix,0.00025552000000000002,0
amazon0312.mtx,128,2,CombBLAS-profile,wall,symbolic,0.013869571000000001,0
amazon0312.mtx,128,2,CombBLAS-profile,wall,output_prefix,0.00016871400000000001,0
amazon0312.mtx,128,2,CombBLAS-profile,wall,output_allocate,0.023388578,0
amazon0312.mtx,128,2,CombBLAS-profile,wall,numeric_scratch_setup,0.003443995,0
amazon0312.mtx,128,2,CombBLAS-profile,wall,numeric,0.050930713000000002,0
amazon0312.mtx,128,2,CombBLAS-profile,wall,internal_cleanup,2.9359999999999999e-06,0
amazon0312.mtx,128,2,CombBLAS-profile,wall,return_cleanup,2.5038e-05,0
amazon0312.mtx,128,2,CombBLAS-profile,wall,output_free,6.9100000000000003e-07,0
amazon0312.mtx,128,2,DCSC-sampled,wall,total,0.070099046999999998,0
amazon0312.mtx,128,2,DCSC-sampled,wall,validate,2.3099999999999999e-07,0
amazon0312.mtx,128,2,DCSC-sampled,wall,lookup_build,0.0057185370000000001,0
amazon0312.mtx,128,2,DCSC-sampled,wall,scratch_setup,0.00086582100000000002,0
amazon0312.mtx,128,2,DCSC-sampled,wall,work_bound,0.0045785319999999997,0
amazon0312.mtx,128,2,DCSC-sampled,wall,symbolic_capacity,0.003185158,0
amazon0312.mtx,128,2,DCSC-sampled,wall,symbolic,0.0086943560000000003,0
amazon0312.mtx,128,2,DCSC-sampled,wall,prefix_numeric_capacity,0.0064454120000000002,0
amazon0312.mtx,128,2,DCSC-sampled,wall,output_allocate,0.01397322,0
amazon0312.mtx,128,2,DCSC-sampled,wall,numeric,0.026634253,0
amazon0312.mtx,128,2,DCSC-sampled,wall,return_cleanup,1.7230000000000001e-06,0
amazon0312.mtx,128,2,DCSC-sampled,wall,output_free,1.734e-06,0
amazon0312.mtx,128,2,DCSC-sampled,sampled_worker,lookup,0,8349
amazon0312.mtx,128,2,DCSC-sampled,sampled_worker,alloc_init,0.0015267719999999994,8349
amazon0312.mtx,128,2,DCSC-sampled,sampled_worker,lookup_multiply_hash,0.050261311000000003,8349
amazon0312.mtx,128,2,DCSC-sampled,sampled_worker,compact,0.0016188799999999998,8349
amazon0312.mtx,128,2,DCSC-sampled,sampled_worker,sort,0.0070831640000000003,8349
amazon0312.mtx,128,2,DCSC-sampled,sampled_worker,write,0.0043743139999999989,8349
amazon0312.mtx,128,2,DCSC-sampled,sampled_worker,scratch_free,0.0022219019999999983,8349
amazon0312.mtx,128,2,CombBLAS-sampled,wall,total,0.098768443999999997,0
amazon0312.mtx,128,2,CombBLAS-sampled,wall,lookup_build,0.001024715,0
amazon0312.mtx,128,2,CombBLAS-sampled,wall,thread_setup,6.6557999999999995e-05,0
amazon0312.mtx,128,2,CombBLAS-sampled,wall,work_bound,0.0039759950000000004,0
amazon0312.mtx,128,2,CombBLAS-sampled,wall,work_prefix,0.00025218400000000002,0
amazon0312.mtx,128,2,CombBLAS-sampled,wall,symbolic,0.013818604,0
amazon0312.mtx,128,2,CombBLAS-sampled,wall,output_prefix,0.0001774,0
amazon0312.mtx,128,2,CombBLAS-sampled,wall,output_allocate,0.025534583999999999,0
amazon0312.mtx,128,2,CombBLAS-sampled,wall,numeric_scratch_setup,0.0032999190000000001,0
amazon0312.mtx,128,2,CombBLAS-sampled,wall,numeric,0.050590459999999997,0
amazon0312.mtx,128,2,CombBLAS-sampled,wall,internal_cleanup,2.7149999999999998e-06,0
amazon0312.mtx,128,2,CombBLAS-sampled,wall,return_cleanup,2.4607e-05,0
amazon0312.mtx,128,2,CombBLAS-sampled,wall,output_free,6.5099999999999999e-07,0
amazon0312.mtx,128,2,CombBLAS-sampled,sampled_worker,lookup,0.0053890439999999982,8349
amazon0312.mtx,128,2,CombBLAS-sampled,sampled_worker,alloc_init,0.00092873000000000044,8349
amazon0312.mtx,128,2,CombBLAS-sampled,sampled_worker,lookup_multiply_hash,0.018229140000000005,8349
amazon0312.mtx,128,2,CombBLAS-sampled,sampled_worker,compact,0.0016629960000000001,8349
amazon0312.mtx,128,2,CombBLAS-sampled,sampled_worker,sort,0.0069821339999999931,8349
amazon0312.mtx,128,2,CombBLAS-sampled,sampled_worker,write,0.0074779410000000044,8349
amazon0312.mtx,128,2,CombBLAS-sampled,sampled_worker,scratch_free,0.0017750399999999986,8349
amazon0312.mtx,128,2,CombBLAS-conversion,wall,total,0.153144895,0
amazon0312.mtx,128,2,CombBLAS-conversion,wall,native_call,0.093441697000000004,0
amazon0312.mtx,128,2,CombBLAS-conversion,wall,tuple_to_dcsc,0.059699771999999998,0
amazon0312.mtx,128,2,CombBLAS-conversion,wall,dcsc_free,2.8449999999999999e-06,0
amazon0312.mtx,128,2,CombBLAS-conversion,wall,output_free,5.1099999999999996e-07,0
amazon0312.mtx,128,2,DCSC-dense-lookup,wall,total,0.052806068999999997,0
amazon0312.mtx,128,2,DCSC-dense-lookup,wall,native_call_and_free,0.052805607999999997,0
amazon0312.mtx,128,2,DCSC-static,wall,total,0.105390844,0
amazon0312.mtx,128,2,DCSC-static,wall,native_call_and_free,0.105390514,0
amazon0312.mtx,128,2,DCSC-dense-static,wall,total,0.085812163999999996,0
amazon0312.mtx,128,2,DCSC-dense-static,wall,native_call_and_free,0.085811683,0
amazon0312.mtx,128,2,CSC-control,wall,total,0.057302153000000002,0
amazon0312.mtx,128,2,CSC-control,wall,native_call_and_free,0.057301862000000002,0
amazon0312.mtx,128,2,DCSC-control,wall,total,0.072462820999999997,0
amazon0312.mtx,128,2,DCSC-control,wall,native_call_and_free,0.072462760000000001,0
amazon0312.mtx,128,3,CombBLAS-control,wall,total,0.096348922000000004,0
amazon0312.mtx,128,3,CombBLAS-control,wall,native_call_and_free,0.096348411999999994,0
amazon0312.mtx,128,3,DCSC-control,wall,total,0.071794749000000005,0
amazon0312.mtx,128,3,DCSC-control,wall,native_call_and_free,0.071794267999999994,0
amazon0312.mtx,128,3,CSC-control,wall,total,0.058555626999999999,0
amazon0312.mtx,128,3,CSC-control,wall,native_call_and_free,0.058555347000000001,0
amazon0312.mtx,128,3,DCSC-dense-static,wall,total,0.088394807000000006,0
amazon0312.mtx,128,3,DCSC-dense-static,wall,native_call_and_free,0.088394316000000001,0
amazon0312.mtx,128,3,DCSC-static,wall,total,0.100512569,0
amazon0312.mtx,128,3,DCSC-static,wall,native_call_and_free,0.100512218,0
amazon0312.mtx,128,3,DCSC-dense-lookup,wall,total,0.056738191,0
amazon0312.mtx,128,3,DCSC-dense-lookup,wall,native_call_and_free,0.056737911000000002,0
amazon0312.mtx,128,3,CombBLAS-conversion,wall,total,0.15672752500000001,0
amazon0312.mtx,128,3,CombBLAS-conversion,wall,native_call,0.096921681999999995,0
amazon0312.mtx,128,3,CombBLAS-conversion,wall,tuple_to_dcsc,0.059802587999999997,0
amazon0312.mtx,128,3,CombBLAS-conversion,wall,dcsc_free,2.4849999999999999e-06,0
amazon0312.mtx,128,3,CombBLAS-conversion,wall,output_free,6.9100000000000003e-07,0
amazon0312.mtx,128,3,CombBLAS-sampled,wall,total,0.089150416999999996,0
amazon0312.mtx,128,3,CombBLAS-sampled,wall,lookup_build,0.00094120499999999997,0
amazon0312.mtx,128,3,CombBLAS-sampled,wall,thread_setup,6.9373000000000001e-05,0
amazon0312.mtx,128,3,CombBLAS-sampled,wall,work_bound,0.0033651639999999999,0
amazon0312.mtx,128,3,CombBLAS-sampled,wall,work_prefix,0.00017520599999999999,0
amazon0312.mtx,128,3,CombBLAS-sampled,wall,symbolic,0.013316059999999999,0
amazon0312.mtx,128,3,CombBLAS-sampled,wall,output_prefix,8.8488999999999999e-05,0
amazon0312.mtx,128,3,CombBLAS-sampled,wall,output_allocate,0.018005063000000002,0
amazon0312.mtx,128,3,CombBLAS-sampled,wall,numeric_scratch_setup,0.0025973419999999999,0
amazon0312.mtx,128,3,CombBLAS-sampled,wall,numeric,0.050563487999999997,0
amazon0312.mtx,128,3,CombBLAS-sampled,wall,internal_cleanup,2.7949999999999999e-06,0
amazon0312.mtx,128,3,CombBLAS-sampled,wall,return_cleanup,2.5488999999999999e-05,0
amazon0312.mtx,128,3,CombBLAS-sampled,wall,output_free,6.8199999999999999e-07,0
amazon0312.mtx,128,3,CombBLAS-sampled,sampled_worker,lookup,0.0045577129999999971,8349
amazon0312.mtx,128,3,CombBLAS-sampled,sampled_worker,alloc_init,0.00091170700000000064,8349
amazon0312.mtx,128,3,CombBLAS-sampled,sampled_worker,lookup_multiply_hash,0.010827376999999996,8349
amazon0312.mtx,128,3,CombBLAS-sampled,sampled_worker,compact,0.001618211,8349
amazon0312.mtx,128,3,CombBLAS-sampled,sampled_worker,sort,0.0070097769999999931,8349
amazon0312.mtx,128,3,CombBLAS-sampled,sampled_worker,write,0.0037847899999999992,8349
amazon0312.mtx,128,3,CombBLAS-sampled,sampled_worker,scratch_free,0.0017735349999999988,8349
amazon0312.mtx,128,3,DCSC-sampled,wall,total,0.070035254000000005,0
amazon0312.mtx,128,3,DCSC-sampled,wall,validate,2.7000000000000001e-07,0
amazon0312.mtx,128,3,DCSC-sampled,wall,lookup_build,0.0056906450000000003,0
amazon0312.mtx,128,3,DCSC-sampled,wall,scratch_setup,0.00085354699999999996,0
amazon0312.mtx,128,3,DCSC-sampled,wall,work_bound,0.0045990909999999996,0
amazon0312.mtx,128,3,DCSC-sampled,wall,symbolic_capacity,0.0032288529999999998,0
amazon0312.mtx,128,3,DCSC-sampled,wall,symbolic,0.0087801489999999992,0
amazon0312.mtx,128,3,DCSC-sampled,wall,prefix_numeric_capacity,0.0064931240000000003,0
amazon0312.mtx,128,3,DCSC-sampled,wall,output_allocate,0.013698032000000001,0
amazon0312.mtx,128,3,DCSC-sampled,wall,numeric,0.026688117000000001,0
amazon0312.mtx,128,3,DCSC-sampled,wall,return_cleanup,1.9429999999999999e-06,0
amazon0312.mtx,128,3,DCSC-sampled,wall,output_free,1.4130000000000001e-06,0
amazon0312.mtx,128,3,DCSC-sampled,sampled_worker,lookup,0,8349
amazon0312.mtx,128,3,DCSC-sampled,sampled_worker,alloc_init,0.0015142970000000004,8349
amazon0312.mtx,128,3,DCSC-sampled,sampled_worker,lookup_multiply_hash,0.051835751999999992,8349
amazon0312.mtx,128,3,DCSC-sampled,sampled_worker,compact,0.0016272010000000006,8349
amazon0312.mtx,128,3,DCSC-sampled,sampled_worker,sort,0.0070204920000000006,8349
amazon0312.mtx,128,3,DCSC-sampled,sampled_worker,write,0.0042666109999999991,8349
amazon0312.mtx,128,3,DCSC-sampled,sampled_worker,scratch_free,0.0023156939999999997,8349
amazon0312.mtx,128,3,CombBLAS-profile,wall,total,0.098330763000000002,0
amazon0312.mtx,128,3,CombBLAS-profile,wall,lookup_build,0.00086071100000000001,0
amazon0312.mtx,128,3,CombBLAS-profile,wall,thread_setup,6.7077999999999997e-05,0
amazon0312.mtx,128,3,CombBLAS-profile,wall,work_bound,0.0039539830000000003,0
amazon0312.mtx,128,3,CombBLAS-profile,wall,work_prefix,0.00025513000000000001,0
amazon0312.mtx,128,3,CombBLAS-profile,wall,symbolic,0.013948762999999999,0
amazon0312.mtx,128,3,CombBLAS-profile,wall,output_prefix,0.00018413300000000001,0
amazon0312.mtx,128,3,CombBLAS-profile,wall,output_allocate,0.024785697999999998,0
amazon0312.mtx,128,3,CombBLAS-profile,wall,numeric_scratch_setup,0.0036562529999999999,0
amazon0312.mtx,128,3,CombBLAS-profile,wall,numeric,0.050587724000000001,0
amazon0312.mtx,128,3,CombBLAS-profile,wall,internal_cleanup,3.4970000000000001e-06,0
amazon0312.mtx,128,3,CombBLAS-profile,wall,return_cleanup,2.7182000000000002e-05,0
amazon0312.mtx,128,3,CombBLAS-profile,wall,output_free,5.4099999999999999e-07,0
amazon0312.mtx,128,3,DCSC-profile,wall,total,0.069838467000000001,0
amazon0312.mtx,128,3,DCSC-profile,wall,validate,2.5100000000000001e-07,0
amazon0312.mtx,128,3,DCSC-profile,wall,lookup_build,0.0057197810000000002,0
amazon0312.mtx,128,3,DCSC-profile,wall,scratch_setup,0.00083306799999999996,0
amazon0312.mtx,128,3,DCSC-profile,wall,work_bound,0.004314394,0
amazon0312.mtx,128,3,DCSC-profile,wall,symbolic_capacity,0.0032233420000000001,0
amazon0312.mtx,128,3,DCSC-profile,wall,symbolic,0.0086660620000000004,0
amazon0312.mtx,128,3,DCSC-profile,wall,prefix_numeric_capacity,0.0066071410000000004,0
amazon0312.mtx,128,3,DCSC-profile,wall,output_allocate,0.01378004,0
amazon0312.mtx,128,3,DCSC-profile,wall,numeric,0.026691111999999999,0
amazon0312.mtx,128,3,DCSC-profile,wall,return_cleanup,1.5030000000000001e-06,0
amazon0312.mtx,128,3,DCSC-profile,wall,output_free,1.7129999999999999e-06,0
amazon0312.mtx,128,3,CSC-profile,wall,total,0.058872404000000003,0
amazon0312.mtx,128,3,CSC-profile,wall,validate,6.5099999999999999e-07,0
amazon0312.mtx,128,3,CSC-profile,wall,lookup_build,3.1e-08,0
amazon0312.mtx,128,3,CSC-profile,wall,scratch_setup,0.001526227,0
amazon0312.mtx,128,3,CSC-profile,wall,work_bound,0.0018603879999999999,0
amazon0312.mtx,128,3,CSC-profile,wall,symbolic_capacity,0.0032957009999999998,0
amazon0312.mtx,128,3,CSC-profile,wall,symbolic,0.006976571,0
amazon0312.mtx,128,3,CSC-profile,wall,prefix_numeric_capacity,0.0060604730000000002,0
amazon0312.mtx,128,3,CSC-profile,wall,output_allocate,0.017005596000000001,0
amazon0312.mtx,128,3,CSC-profile,wall,numeric,0.022143651,0
amazon0312.mtx,128,3,CSC-profile,wall,return_cleanup,1.8840000000000001e-06,0
amazon0312.mtx,128,3,CSC-profile,wall,output_free,1.0109999999999999e-06,0
amazon0312.mtx,128,4,DCSC-profile,wall,total,0.072715394000000003,0
amazon0312.mtx,128,4,DCSC-profile,wall,validate,4.1100000000000001e-07,0
amazon0312.mtx,128,4,DCSC-profile,wall,lookup_build,0.0057805759999999999,0
amazon0312.mtx,128,4,DCSC-profile,wall,scratch_setup,0.0014139319999999999,0
amazon0312.mtx,128,4,DCSC-profile,wall,work_bound,0.0040570320000000003,0
amazon0312.mtx,128,4,DCSC-profile,wall,symbolic_capacity,0.0031996659999999999,0
amazon0312.mtx,128,4,DCSC-profile,wall,symbolic,0.0086900580000000005,0
amazon0312.mtx,128,4,DCSC-profile,wall,prefix_numeric_capacity,0.0064773929999999997,0
amazon0312.mtx,128,4,DCSC-profile,wall,output_allocate,0.016769122000000001,0
amazon0312.mtx,128,4,DCSC-profile,wall,numeric,0.026323757999999999,0
amazon0312.mtx,128,4,DCSC-profile,wall,return_cleanup,1.452e-06,0
amazon0312.mtx,128,4,DCSC-profile,wall,output_free,1.934e-06,0
amazon0312.mtx,128,4,CombBLAS-profile,wall,total,0.097040588999999997,0
amazon0312.mtx,128,4,CombBLAS-profile,wall,lookup_build,0.00050634200000000001,0
amazon0312.mtx,128,4,CombBLAS-profile,wall,thread_setup,6.6977999999999995e-05,0
amazon0312.mtx,128,4,CombBLAS-profile,wall,work_bound,0.0041716319999999998,0
amazon0312.mtx,128,4,CombBLAS-profile,wall,work_prefix,0.00025701199999999998,0
amazon0312.mtx,128,4,CombBLAS-profile,wall,symbolic,0.014079093000000001,0
amazon0312.mtx,128,4,CombBLAS-profile,wall,output_prefix,0.000176859,0
amazon0312.mtx,128,4,CombBLAS-profile,wall,output_allocate,0.023910199,0
amazon0312.mtx,128,4,CombBLAS-profile,wall,numeric_scratch_setup,0.0033223219999999999,0
amazon0312.mtx,128,4,CombBLAS-profile,wall,numeric,0.050523331999999997,0
amazon0312.mtx,128,4,CombBLAS-profile,wall,internal_cleanup,2.4140000000000001e-06,0
amazon0312.mtx,128,4,CombBLAS-profile,wall,return_cleanup,2.3655999999999998e-05,0
amazon0312.mtx,128,4,CombBLAS-profile,wall,output_free,6.9100000000000003e-07,0
amazon0312.mtx,128,4,DCSC-sampled,wall,total,0.070296255000000002,0
amazon0312.mtx,128,4,DCSC-sampled,wall,validate,5.0100000000000005e-07,0
amazon0312.mtx,128,4,DCSC-sampled,wall,lookup_build,0.0057076870000000004,0
amazon0312.mtx,128,4,DCSC-sampled,wall,scratch_setup,0.00082956200000000005,0
amazon0312.mtx,128,4,DCSC-sampled,wall,work_bound,0.0042738359999999996,0
amazon0312.mtx,128,4,DCSC-sampled,wall,symbolic_capacity,0.00322748,0
amazon0312.mtx,128,4,DCSC-sampled,wall,symbolic,0.0086194619999999996,0
amazon0312.mtx,128,4,DCSC-sampled,wall,prefix_numeric_capacity,0.0066312890000000003,0
amazon0312.mtx,128,4,DCSC-sampled,wall,output_allocate,0.013968810999999999,0
amazon0312.mtx,128,4,DCSC-sampled,wall,numeric,0.027034079999999999,0
amazon0312.mtx,128,4,DCSC-sampled,wall,return_cleanup,1.6840000000000001e-06,0
amazon0312.mtx,128,4,DCSC-sampled,wall,output_free,1.793e-06,0
amazon0312.mtx,128,4,DCSC-sampled,sampled_worker,lookup,0,8349
amazon0312.mtx,128,4,DCSC-sampled,sampled_worker,alloc_init,0.0016623859999999992,8349
amazon0312.mtx,128,4,DCSC-sampled,sampled_worker,lookup_multiply_hash,0.04967848099999999,8349
amazon0312.mtx,128,4,DCSC-sampled,sampled_worker,compact,0.0016134870000000011,8349
amazon0312.mtx,128,4,DCSC-sampled,sampled_worker,sort,0.0069440049999999979,8349
amazon0312.mtx,128,4,DCSC-sampled,sampled_worker,write,0.0041309979999999994,8349
amazon0312.mtx,128,4,DCSC-sampled,sampled_worker,scratch_free,0.0022183209999999988,8349
amazon0312.mtx,128,4,CombBLAS-sampled,wall,total,0.098102736999999995,0
amazon0312.mtx,128,4,CombBLAS-sampled,wall,lookup_build,0.00089423499999999995,0
amazon0312.mtx,128,4,CombBLAS-sampled,wall,thread_setup,6.6067000000000003e-05,0
amazon0312.mtx,128,4,CombBLAS-sampled,wall,work_bound,0.0039376819999999996,0
amazon0312.mtx,128,4,CombBLAS-sampled,wall,work_prefix,0.00025805499999999998,0
amazon0312.mtx,128,4,CombBLAS-sampled,wall,symbolic,0.013859822000000001,0
amazon0312.mtx,128,4,CombBLAS-sampled,wall,output_prefix,0.00017974500000000001,0
amazon0312.mtx,128,4,CombBLAS-sampled,wall,output_allocate,0.024911239000000002,0
amazon0312.mtx,128,4,CombBLAS-sampled,wall,numeric_scratch_setup,0.0033058200000000001,0
amazon0312.mtx,128,4,CombBLAS-sampled,wall,numeric,0.050660424000000003,0
amazon0312.mtx,128,4,CombBLAS-sampled,wall,internal_cleanup,3.2669999999999998e-06,0
amazon0312.mtx,128,4,CombBLAS-sampled,wall,return_cleanup,2.5649000000000001e-05,0
amazon0312.mtx,128,4,CombBLAS-sampled,wall,output_free,6.8100000000000002e-07,0
amazon0312.mtx,128,4,CombBLAS-sampled,sampled_worker,lookup,0.0054097140000000004,8349
amazon0312.mtx,128,4,CombBLAS-sampled,sampled_worker,alloc_init,0.00096162699999999984,8349
amazon0312.mtx,128,4,CombBLAS-sampled,sampled_worker,lookup_multiply_hash,0.018171102999999994,8349
amazon0312.mtx,128,4,CombBLAS-sampled,sampled_worker,compact,0.0016207100000000002,8349
amazon0312.mtx,128,4,CombBLAS-sampled,sampled_worker,sort,0.0069846679999999994,8349
amazon0312.mtx,128,4,CombBLAS-sampled,sampled_worker,write,0.0073875629999999998,8349
amazon0312.mtx,128,4,CombBLAS-sampled,sampled_worker,scratch_free,0.0018906689999999985,8349
amazon0312.mtx,128,4,CombBLAS-conversion,wall,total,0.15357996900000001,0
amazon0312.mtx,128,4,CombBLAS-conversion,wall,native_call,0.093706154,0
amazon0312.mtx,128,4,CombBLAS-conversion,wall,tuple_to_dcsc,0.059870368,0
amazon0312.mtx,128,4,CombBLAS-conversion,wall,dcsc_free,2.8660000000000002e-06,0
amazon0312.mtx,128,4,CombBLAS-conversion,wall,output_free,5.1099999999999996e-07,0
amazon0312.mtx,128,4,DCSC-dense-lookup,wall,total,0.052595736999999997,0
amazon0312.mtx,128,4,DCSC-dense-lookup,wall,native_call_and_free,0.052595485999999997,0
amazon0312.mtx,128,4,DCSC-static,wall,total,0.10586797000000001,0
amazon0312.mtx,128,4,DCSC-static,wall,native_call_and_free,0.105867699,0
amazon0312.mtx,128,4,DCSC-dense-static,wall,total,0.086221028000000005,0
amazon0312.mtx,128,4,DCSC-dense-static,wall,native_call_and_free,0.086220707999999993,0
amazon0312.mtx,128,4,CSC-control,wall,total,0.057502177000000002,0
amazon0312.mtx,128,4,CSC-control,wall,native_call_and_free,0.057501916,0
amazon0312.mtx,128,4,DCSC-control,wall,total,0.073166529999999994,0
amazon0312.mtx,128,4,DCSC-control,wall,native_call_and_free,0.073166219000000005,0
amazon0312.mtx,128,4,CombBLAS-control,wall,total,0.096311401000000005,0
amazon0312.mtx,128,4,CombBLAS-control,wall,native_call_and_free,0.096310899000000005,0
amazon0312.mtx,128,4,CSC-profile,wall,total,0.056436483000000003,0
amazon0312.mtx,128,4,CSC-profile,wall,validate,7.0100000000000004e-07,0
amazon0312.mtx,128,4,CSC-profile,wall,lookup_build,4.1000000000000003e-08,0
amazon0312.mtx,128,4,CSC-profile,wall,scratch_setup,0.0011455269999999999,0
amazon0312.mtx,128,4,CSC-profile,wall,work_bound,0.0023543050000000001,0
amazon0312.mtx,128,4,CSC-profile,wall,symbolic_capacity,0.0032443419999999999,0
amazon0312.mtx,128,4,CSC-profile,wall,symbolic,0.0071231619999999997,0
amazon0312.mtx,128,4,CSC-profile,wall,prefix_numeric_capacity,0.006071435,0
amazon0312.mtx,128,4,CSC-profile,wall,output_allocate,0.013867518000000001,0
amazon0312.mtx,128,4,CSC-profile,wall,numeric,0.022626345999999999,0
amazon0312.mtx,128,4,CSC-profile,wall,return_cleanup,1.903e-06,0
amazon0312.mtx,128,4,CSC-profile,wall,output_free,1.142e-06,0
amazon0312.mtx,128,5,DCSC-profile,wall,total,0.073345484000000002,0
amazon0312.mtx,128,5,DCSC-profile,wall,validate,2.3999999999999998e-07,0
amazon0312.mtx,128,5,DCSC-profile,wall,lookup_build,0.0057759480000000004,0
amazon0312.mtx,128,5,DCSC-profile,wall,scratch_setup,0.0012547159999999999,0
amazon0312.mtx,128,5,DCSC-profile,wall,work_bound,0.0040691349999999998,0
amazon0312.mtx,128,5,DCSC-profile,wall,symbolic_capacity,0.0032144349999999999,0
amazon0312.mtx,128,5,DCSC-profile,wall,symbolic,0.0089367300000000004,0
amazon0312.mtx,128,5,DCSC-profile,wall,prefix_numeric_capacity,0.006441535,0
amazon0312.mtx,128,5,DCSC-profile,wall,output_allocate,0.016642429,0
amazon0312.mtx,128,5,DCSC-profile,wall,numeric,0.027006546999999999,0
amazon0312.mtx,128,5,DCSC-profile,wall,return_cleanup,1.5829999999999999e-06,0
amazon0312.mtx,128,5,DCSC-profile,wall,output_free,2.125e-06,0
amazon0312.mtx,128,5,CSC-profile,wall,total,0.064853334999999998,0
amazon0312.mtx,128,5,CSC-profile,wall,validate,6.61e-07,0
amazon0312.mtx,128,5,CSC-profile,wall,lookup_build,2.9999999999999997e-08,0
amazon0312.mtx,128,5,CSC-profile,wall,scratch_setup,0.001598716,0
amazon0312.mtx,128,5,CSC-profile,wall,work_bound,0.0019151540000000001,0
amazon0312.mtx,128,5,CSC-profile,wall,symbolic_capacity,0.0032810220000000002,0
amazon0312.mtx,128,5,CSC-profile,wall,symbolic,0.0068441470000000001,0
amazon0312.mtx,128,5,CSC-profile,wall,prefix_numeric_capacity,0.0059668339999999999,0
amazon0312.mtx,128,5,CSC-profile,wall,output_allocate,0.016887439000000001,0
amazon0312.mtx,128,5,CSC-profile,wall,numeric,0.028356546999999999,0
amazon0312.mtx,128,5,CSC-profile,wall,return_cleanup,1.703e-06,0
amazon0312.mtx,128,5,CSC-profile,wall,output_free,1.0219999999999999e-06,0
amazon0312.mtx,128,5,CombBLAS-control,wall,total,0.096998419000000002,0
amazon0312.mtx,128,5,CombBLAS-control,wall,native_call_and_free,0.096997918000000002,0
amazon0312.mtx,128,5,DCSC-control,wall,total,0.070172377999999994,0
amazon0312.mtx,128,5,DCSC-control,wall,native_call_and_free,0.070172106999999997,0
amazon0312.mtx,128,5,CSC-control,wall,total,0.059314952999999997,0
amazon0312.mtx,128,5,CSC-control,wall,native_call_and_free,0.059314541999999998,0
amazon0312.mtx,128,5,DCSC-dense-static,wall,total,0.088818199,0
amazon0312.mtx,128,5,DCSC-dense-static,wall,native_call_and_free,0.088817929000000004,0
amazon0312.mtx,128,5,DCSC-static,wall,total,0.101036403,0
amazon0312.mtx,128,5,DCSC-static,wall,native_call_and_free,0.101036142,0
amazon0312.mtx,128,5,DCSC-dense-lookup,wall,total,0.056413048,0
amazon0312.mtx,128,5,DCSC-dense-lookup,wall,native_call_and_free,0.056412587,0
amazon0312.mtx,128,5,CombBLAS-conversion,wall,total,0.15761520900000001,0
amazon0312.mtx,128,5,CombBLAS-conversion,wall,native_call,0.097573211000000007,0
amazon0312.mtx,128,5,CombBLAS-conversion,wall,tuple_to_dcsc,0.060038551000000002,0
amazon0312.mtx,128,5,CombBLAS-conversion,wall,dcsc_free,3.056e-06,0
amazon0312.mtx,128,5,CombBLAS-conversion,wall,output_free,3.3099999999999999e-07,0
amazon0312.mtx,128,5,CombBLAS-sampled,wall,total,0.089238695000000007,0
amazon0312.mtx,128,5,CombBLAS-sampled,wall,lookup_build,0.00098614100000000006,0
amazon0312.mtx,128,5,CombBLAS-sampled,wall,thread_setup,6.9803999999999998e-05,0
amazon0312.mtx,128,5,CombBLAS-sampled,wall,work_bound,0.0034395269999999999,0
amazon0312.mtx,128,5,CombBLAS-sampled,wall,work_prefix,0.000215904,0
amazon0312.mtx,128,5,CombBLAS-sampled,wall,symbolic,0.013731306,0
amazon0312.mtx,128,5,CombBLAS-sampled,wall,output_prefix,8.8540000000000003e-05,0
amazon0312.mtx,128,5,CombBLAS-sampled,wall,output_allocate,0.017974284,0
amazon0312.mtx,128,5,CombBLAS-sampled,wall,numeric_scratch_setup,0.002602231,0
amazon0312.mtx,128,5,CombBLAS-sampled,wall,numeric,0.050103404999999997,0
amazon0312.mtx,128,5,CombBLAS-sampled,wall,internal_cleanup,2.6450000000000001e-06,0
amazon0312.mtx,128,5,CombBLAS-sampled,wall,return_cleanup,2.4097e-05,0
amazon0312.mtx,128,5,CombBLAS-sampled,wall,output_free,7.5099999999999999e-07,0
amazon0312.mtx,128,5,CombBLAS-sampled,sampled_worker,lookup,0.004723667,8349
amazon0312.mtx,128,5,CombBLAS-sampled,sampled_worker,alloc_init,0.00091126299999999994,8349
amazon0312.mtx,128,5,CombBLAS-sampled,sampled_worker,lookup_multiply_hash,0.011009130000000002,8349
amazon0312.mtx,128,5,CombBLAS-sampled,sampled_worker,compact,0.0016203680000000005,8349
amazon0312.mtx,128,5,CombBLAS-sampled,sampled_worker,sort,0.0070087020000000012,8349
amazon0312.mtx,128,5,CombBLAS-sampled,sampled_worker,write,0.0039279910000000005,8349
amazon0312.mtx,128,5,CombBLAS-sampled,sampled_worker,scratch_free,0.0018420159999999988,8349
amazon0312.mtx,128,5,DCSC-sampled,wall,total,0.070440813000000005,0
amazon0312.mtx,128,5,DCSC-sampled,wall,validate,3.2099999999999998e-07,0
amazon0312.mtx,128,5,DCSC-sampled,wall,lookup_build,0.005712506,0
amazon0312.mtx,128,5,DCSC-sampled,wall,scratch_setup,0.00083386899999999999,0
amazon0312.mtx,128,5,DCSC-sampled,wall,work_bound,0.0043270390000000004,0
amazon0312.mtx,128,5,DCSC-sampled,wall,symbolic_capacity,0.0032394839999999999,0
amazon0312.mtx,128,5,DCSC-sampled,wall,symbolic,0.0087516850000000004,0
amazon0312.mtx,128,5,DCSC-sampled,wall,prefix_numeric_capacity,0.0065888270000000002,0
amazon0312.mtx,128,5,DCSC-sampled,wall,output_allocate,0.01384288,0
amazon0312.mtx,128,5,DCSC-sampled,wall,numeric,0.027140483999999999,0
amazon0312.mtx,128,5,DCSC-sampled,wall,return_cleanup,1.4929999999999999e-06,0
amazon0312.mtx,128,5,DCSC-sampled,wall,output_free,2.1739999999999999e-06,0
amazon0312.mtx,128,5,DCSC-sampled,sampled_worker,lookup,0,8349
amazon0312.mtx,128,5,DCSC-sampled,sampled_worker,alloc_init,0.0016349019999999995,8349
amazon0312.mtx,128,5,DCSC-sampled,sampled_worker,lookup_multiply_hash,0.052879713999999987,8349
amazon0312.mtx,128,5,DCSC-sampled,sampled_worker,compact,0.0016931590000000016,8349
amazon0312.mtx,128,5,DCSC-sampled,sampled_worker,sort,0.0069911969999999985,8349
amazon0312.mtx,128,5,DCSC-sampled,sampled_worker,write,0.0046396160000000009,8349
amazon0312.mtx,128,5,DCSC-sampled,sampled_worker,scratch_free,0.0022781689999999992,8349
amazon0312.mtx,128,5,CombBLAS-profile,wall,total,0.097801920000000001,0
amazon0312.mtx,128,5,CombBLAS-profile,wall,lookup_build,0.00085332699999999997,0
amazon0312.mtx,128,5,CombBLAS-profile,wall,thread_setup,6.4373000000000002e-05,0
amazon0312.mtx,128,5,CombBLAS-profile,wall,work_bound,0.0039927779999999998,0
amazon0312.mtx,128,5,CombBLAS-profile,wall,work_prefix,0.00025845600000000001,0
amazon0312.mtx,128,5,CombBLAS-profile,wall,symbolic,0.013902533999999999,0
amazon0312.mtx,128,5,CombBLAS-profile,wall,output_prefix,0.000175938,0
amazon0312.mtx,128,5,CombBLAS-profile,wall,output_allocate,0.024459693000000001,0
amazon0312.mtx,128,5,CombBLAS-profile,wall,numeric_scratch_setup,0.0033127429999999999,0
amazon0312.mtx,128,5,CombBLAS-profile,wall,numeric,0.050753072000000003,0
amazon0312.mtx,128,5,CombBLAS-profile,wall,internal_cleanup,3.0060000000000001e-06,0
amazon0312.mtx,128,5,CombBLAS-profile,wall,return_cleanup,2.5258000000000001e-05,0
amazon0312.mtx,128,5,CombBLAS-profile,wall,output_free,6.7199999999999998e-07,0
amazon0312.mtx,128,6,DCSC-sampled,wall,total,0.070010005,0
amazon0312.mtx,128,6,DCSC-sampled,wall,validate,2.3999999999999998e-07,0
amazon0312.mtx,128,6,DCSC-sampled,wall,lookup_build,0.005706615,0
amazon0312.mtx,128,6,DCSC-sampled,wall,scratch_setup,0.00085919800000000004,0
amazon0312.mtx,128,6,DCSC-sampled,wall,work_bound,0.0045418400000000001,0
amazon0312.mtx,128,6,DCSC-sampled,wall,symbolic_capacity,0.0032288939999999999,0
amazon0312.mtx,128,6,DCSC-sampled,wall,symbolic,0.0086562219999999999,0
amazon0312.mtx,128,6,DCSC-sampled,wall,prefix_numeric_capacity,0.0065240929999999999,0
amazon0312.mtx,128,6,DCSC-sampled,wall,output_allocate,0.013773156,0
amazon0312.mtx,128,6,DCSC-sampled,wall,numeric,0.026716330999999999,0
amazon0312.mtx,128,6,DCSC-sampled,wall,return_cleanup,1.5319999999999999e-06,0
amazon0312.mtx,128,6,DCSC-sampled,wall,output_free,1.8339999999999999e-06,0
amazon0312.mtx,128,6,DCSC-sampled,sampled_worker,lookup,0,8349
amazon0312.mtx,128,6,DCSC-sampled,sampled_worker,alloc_init,0.0015101770000000004,8349
amazon0312.mtx,128,6,DCSC-sampled,sampled_worker,lookup_multiply_hash,0.051126246000000014,8349
amazon0312.mtx,128,6,DCSC-sampled,sampled_worker,compact,0.0016205040000000003,8349
amazon0312.mtx,128,6,DCSC-sampled,sampled_worker,sort,0.0070041190000000083,8349
amazon0312.mtx,128,6,DCSC-sampled,sampled_worker,write,0.004033526,8349
amazon0312.mtx,128,6,DCSC-sampled,sampled_worker,scratch_free,0.002193947999999999,8349
amazon0312.mtx,128,6,CombBLAS-sampled,wall,total,0.098602775000000004,0
amazon0312.mtx,128,6,CombBLAS-sampled,wall,lookup_build,0.00085759499999999995,0
amazon0312.mtx,128,6,CombBLAS-sampled,wall,thread_setup,6.7329000000000005e-05,0
amazon0312.mtx,128,6,CombBLAS-sampled,wall,work_bound,0.0039480820000000003,0
amazon0312.mtx,128,6,CombBLAS-sampled,wall,work_prefix,0.00025914699999999999,0
amazon0312.mtx,128,6,CombBLAS-sampled,wall,symbolic,0.013972579000000001,0
amazon0312.mtx,128,6,CombBLAS-sampled,wall,output_prefix,0.00017994500000000001,0
amazon0312.mtx,128,6,CombBLAS-sampled,wall,output_allocate,0.025360500000000001,0
amazon0312.mtx,128,6,CombBLAS-sampled,wall,numeric_scratch_setup,0.0034554870000000001,0
amazon0312.mtx,128,6,CombBLAS-sampled,wall,numeric,0.050474418,0
amazon0312.mtx,128,6,CombBLAS-sampled,wall,internal_cleanup,2.8459999999999999e-06,0
amazon0312.mtx,128,6,CombBLAS-sampled,wall,return_cleanup,2.4085999999999999e-05,0
amazon0312.mtx,128,6,CombBLAS-sampled,wall,output_free,6.9100000000000003e-07,0
amazon0312.mtx,128,6,CombBLAS-sampled,sampled_worker,lookup,0.0055261400000000006,8349
amazon0312.mtx,128,6,CombBLAS-sampled,sampled_worker,alloc_init,0.00095971000000000034,8349
amazon0312.mtx,128,6,CombBLAS-sampled,sampled_worker,lookup_multiply_hash,0.018314008999999992,8349
amazon0312.mtx,128,6,CombBLAS-sampled,sampled_worker,compact,0.0016249500000000002,8349
amazon0312.mtx,128,6,CombBLAS-sampled,sampled_worker,sort,0.0070189109999999992,8349
amazon0312.mtx,128,6,CombBLAS-sampled,sampled_worker,write,0.0073651750000000016,8349
amazon0312.mtx,128,6,CombBLAS-sampled,sampled_worker,scratch_free,0.0017887129999999984,8349
amazon0312.mtx,128,6,CombBLAS-conversion,wall,total,0.15425235800000001,0
amazon0312.mtx,128,6,CombBLAS-conversion,wall,native_call,0.093370400000000006,0
amazon0312.mtx,128,6,CombBLAS-conversion,wall,tuple_to_dcsc,0.060877188999999998,0
amazon0312.mtx,128,6,CombBLAS-conversion,wall,dcsc_free,4.1880000000000004e-06,0
amazon0312.mtx,128,6,CombBLAS-conversion,wall,output_free,5.3200000000000005e-07,0
amazon0312.mtx,128,6,DCSC-dense-lookup,wall,total,0.053169356000000001,0
amazon0312.mtx,128,6,DCSC-dense-lookup,wall,native_call_and_free,0.053169095999999999,0
amazon0312.mtx,128,6,DCSC-static,wall,total,0.10539544300000001,0
amazon0312.mtx,128,6,DCSC-static,wall,native_call_and_free,0.105395163,0
amazon0312.mtx,128,6,DCSC-dense-static,wall,total,0.085935690999999995,0
amazon0312.mtx,128,6,DCSC-dense-static,wall,native_call_and_free,0.085935419999999998,0
amazon0312.mtx,128,6,CSC-control,wall,total,0.057530481000000001,0
amazon0312.mtx,128,6,CSC-control,wall,native_call_and_free,0.057530199999999997,0
amazon0312.mtx,128,6,DCSC-control,wall,total,0.072348642000000005,0
amazon0312.mtx,128,6,DCSC-control,wall,native_call_and_free,0.072348370999999995,0
amazon0312.mtx,128,6,CombBLAS-control,wall,total,0.095846569000000006,0
amazon0312.mtx,128,6,CombBLAS-control,wall,native_call_and_free,0.095846007999999996,0
amazon0312.mtx,128,6,CSC-profile,wall,total,0.056344967000000003,0
amazon0312.mtx,128,6,CSC-profile,wall,validate,7.6199999999999997e-07,0
amazon0312.mtx,128,6,CSC-profile,wall,lookup_build,4.0000000000000001e-08,0
amazon0312.mtx,128,6,CSC-profile,wall,scratch_setup,0.0011488830000000001,0
amazon0312.mtx,128,6,CSC-profile,wall,work_bound,0.0023360400000000002,0
amazon0312.mtx,128,6,CSC-profile,wall,symbolic_capacity,0.003260223,0
amazon0312.mtx,128,6,CSC-profile,wall,symbolic,0.0070982850000000002,0
amazon0312.mtx,128,6,CSC-profile,wall,prefix_numeric_capacity,0.0061229129999999998,0
amazon0312.mtx,128,6,CSC-profile,wall,output_allocate,0.013826899,0
amazon0312.mtx,128,6,CSC-profile,wall,numeric,0.022547695999999999,0
amazon0312.mtx,128,6,CSC-profile,wall,return_cleanup,1.9039999999999999e-06,0
amazon0312.mtx,128,6,CSC-profile,wall,output_free,1.172e-06,0
amazon0312.mtx,128,6,DCSC-profile,wall,total,0.073601373999999997,0
amazon0312.mtx,128,6,DCSC-profile,wall,validate,6.5099999999999999e-07,0
amazon0312.mtx,128,6,DCSC-profile,wall,lookup_build,0.0057814989999999998,0
amazon0312.mtx,128,6,DCSC-profile,wall,scratch_setup,0.001299583,0
amazon0312.mtx,128,6,DCSC-profile,wall,work_bound,0.0040615900000000003,0
amazon0312.mtx,128,6,DCSC-profile,wall,symbolic_capacity,0.0031963999999999998,0
amazon0312.mtx,128,6,DCSC-profile,wall,symbolic,0.0089507370000000003,0
amazon0312.mtx,128,6,DCSC-profile,wall,prefix_numeric_capacity,0.006394144,0
amazon0312.mtx,128,6,DCSC-profile,wall,output_allocate,0.016814169,0
amazon0312.mtx,128,6,DCSC-profile,wall,numeric,0.027099354999999999,0
amazon0312.mtx,128,6,DCSC-profile,wall,return_cleanup,1.192e-06,0
amazon0312.mtx,128,6,DCSC-profile,wall,output_free,1.8339999999999999e-06,0
amazon0312.mtx,128,6,CombBLAS-profile,wall,total,0.097253348000000003,0
amazon0312.mtx,128,6,CombBLAS-profile,wall,lookup_build,0.00072185499999999998,0
amazon0312.mtx,128,6,CombBLAS-profile,wall,thread_setup,6.5726000000000001e-05,0
amazon0312.mtx,128,6,CombBLAS-profile,wall,work_bound,0.0044116709999999998,0
amazon0312.mtx,128,6,CombBLAS-profile,wall,work_prefix,0.00025351600000000002,0
amazon0312.mtx,128,6,CombBLAS-profile,wall,symbolic,0.013889901,0
amazon0312.mtx,128,6,CombBLAS-profile,wall,output_prefix,0.000176207,0
amazon0312.mtx,128,6,CombBLAS-profile,wall,output_allocate,0.023485404000000001,0
amazon0312.mtx,128,6,CombBLAS-profile,wall,numeric_scratch_setup,0.0033857539999999999,0
amazon0312.mtx,128,6,CombBLAS-profile,wall,numeric,0.050834588999999999,0
amazon0312.mtx,128,6,CombBLAS-profile,wall,internal_cleanup,2.8250000000000001e-06,0
amazon0312.mtx,128,6,CombBLAS-profile,wall,return_cleanup,2.5148e-05,0
amazon0312.mtx,128,6,CombBLAS-profile,wall,output_free,6.9100000000000003e-07,0
amazon0312.mtx,128,7,DCSC-sampled,wall,total,0.070207143999999999,0
amazon0312.mtx,128,7,DCSC-sampled,wall,validate,4.8100000000000003e-07,0
amazon0312.mtx,128,7,DCSC-sampled,wall,lookup_build,0.0057163240000000001,0
amazon0312.mtx,128,7,DCSC-sampled,wall,scratch_setup,0.000856944,0
amazon0312.mtx,128,7,DCSC-sampled,wall,work_bound,0.0045660070000000004,0
amazon0312.mtx,128,7,DCSC-sampled,wall,symbolic_capacity,0.0032695409999999999,0
amazon0312.mtx,128,7,DCSC-sampled,wall,symbolic,0.0086653300000000006,0
amazon0312.mtx,128,7,DCSC-sampled,wall,prefix_numeric_capacity,0.0066105779999999998,0
amazon0312.mtx,128,7,DCSC-sampled,wall,output_allocate,0.013778497000000001,0
amazon0312.mtx,128,7,DCSC-sampled,wall,numeric,0.026739824999999998,0
amazon0312.mtx,128,7,DCSC-sampled,wall,return_cleanup,1.8640000000000001e-06,0
amazon0312.mtx,128,7,DCSC-sampled,wall,output_free,1.6929999999999999e-06,0
amazon0312.mtx,128,7,DCSC-sampled,sampled_worker,lookup,0,8349
amazon0312.mtx,128,7,DCSC-sampled,sampled_worker,alloc_init,0.0014766219999999988,8349
amazon0312.mtx,128,7,DCSC-sampled,sampled_worker,lookup_multiply_hash,0.05002695699999999,8349
amazon0312.mtx,128,7,DCSC-sampled,sampled_worker,compact,0.0016040539999999997,8349
amazon0312.mtx,128,7,DCSC-sampled,sampled_worker,sort,0.0069789990000000005,8349
amazon0312.mtx,128,7,DCSC-sampled,sampled_worker,write,0.0044359950000000025,8349
amazon0312.mtx,128,7,DCSC-sampled,sampled_worker,scratch_free,0.0022719869999999988,8349
amazon0312.mtx,128,7,CombBLAS-profile,wall,total,0.099164192999999998,0
amazon0312.mtx,128,7,CombBLAS-profile,wall,lookup_build,0.00089298299999999997,0
amazon0312.mtx,128,7,CombBLAS-profile,wall,thread_setup,6.2869999999999999e-05,0
amazon0312.mtx,128,7,CombBLAS-profile,wall,work_bound,0.0039776689999999996,0
amazon0312.mtx,128,7,CombBLAS-profile,wall,work_prefix,0.00025417799999999998,0
amazon0312.mtx,128,7,CombBLAS-profile,wall,symbolic,0.014101396,0
amazon0312.mtx,128,7,CombBLAS-profile,wall,output_prefix,0.000175797,0
amazon0312.mtx,128,7,CombBLAS-profile,wall,output_allocate,0.025502864,0
amazon0312.mtx,128,7,CombBLAS-profile,wall,numeric_scratch_setup,0.0034191270000000001,0
amazon0312.mtx,128,7,CombBLAS-profile,wall,numeric,0.050750086,0
amazon0312.mtx,128,7,CombBLAS-profile,wall,internal_cleanup,2.926e-06,0
amazon0312.mtx,128,7,CombBLAS-profile,wall,return_cleanup,2.3946000000000001e-05,0
amazon0312.mtx,128,7,CombBLAS-profile,wall,output_free,2.8000000000000002e-07,0
amazon0312.mtx,128,7,DCSC-profile,wall,total,0.070475678,0
amazon0312.mtx,128,7,DCSC-profile,wall,validate,4.2100000000000002e-07,0
amazon0312.mtx,128,7,DCSC-profile,wall,lookup_build,0.0056911959999999999,0
amazon0312.mtx,128,7,DCSC-profile,wall,scratch_setup,0.00086424799999999997,0
amazon0312.mtx,128,7,DCSC-profile,wall,work_bound,0.0043431090000000004,0
amazon0312.mtx,128,7,DCSC-profile,wall,symbolic_capacity,0.0031900280000000001,0
amazon0312.mtx,128,7,DCSC-profile,wall,symbolic,0.0086528270000000001,0
amazon0312.mtx,128,7,DCSC-profile,wall,prefix_numeric_capacity,0.0064409630000000001,0
amazon0312.mtx,128,7,DCSC-profile,wall,output_allocate,0.014004068999999999,0
amazon0312.mtx,128,7,DCSC-profile,wall,numeric,0.027284731,0
amazon0312.mtx,128,7,DCSC-profile,wall,return_cleanup,1.883e-06,0
amazon0312.mtx,128,7,DCSC-profile,wall,output_free,2.1339999999999998e-06,0
amazon0312.mtx,128,7,CSC-profile,wall,total,0.058226374999999997,0
amazon0312.mtx,128,7,CSC-profile,wall,validate,7.2099999999999996e-07,0
amazon0312.mtx,128,7,CSC-profile,wall,lookup_build,2.9999999999999997e-08,0
amazon0312.mtx,128,7,CSC-profile,wall,scratch_setup,0.0015265879999999999,0
amazon0312.mtx,128,7,CSC-profile,wall,work_bound,0.0018850659999999999,0
amazon0312.mtx,128,7,CSC-profile,wall,symbolic_capacity,0.00329022,0
amazon0312.mtx,128,7,CSC-profile,wall,symbolic,0.0069747469999999999,0
amazon0312.mtx,128,7,CSC-profile,wall,prefix_numeric_capacity,0.0059331799999999997,0
amazon0312.mtx,128,7,CSC-profile,wall,output_allocate,0.016822864999999999,0
amazon0312.mtx,128,7,CSC-profile,wall,numeric,0.021789541999999999,0
amazon0312.mtx,128,7,CSC-profile,wall,return_cleanup,2.1339999999999998e-06,0
amazon0312.mtx,128,7,CSC-profile,wall,output_free,1.212e-06,0
amazon0312.mtx,128,7,CombBLAS-control,wall,total,0.097130912,0
amazon0312.mtx,128,7,CombBLAS-control,wall,native_call_and_free,0.097130440999999998,0
amazon0312.mtx,128,7,DCSC-control,wall,total,0.069735068999999997,0
amazon0312.mtx,128,7,DCSC-control,wall,native_call_and_free,0.069734798000000001,0
amazon0312.mtx,128,7,CSC-control,wall,total,0.057813082000000002,0
amazon0312.mtx,128,7,CSC-control,wall,native_call_and_free,0.057812812999999998,0
amazon0312.mtx,128,7,DCSC-dense-static,wall,total,0.089138433000000003,0
amazon0312.mtx,128,7,DCSC-dense-static,wall,native_call_and_free,0.089137963000000001,0
amazon0312.mtx,128,7,DCSC-static,wall,total,0.10137049300000001,0
amazon0312.mtx,128,7,DCSC-static,wall,native_call_and_free,0.101370243,0
amazon0312.mtx,128,7,DCSC-dense-lookup,wall,total,0.056161945999999997,0
amazon0312.mtx,128,7,DCSC-dense-lookup,wall,native_call_and_free,0.056161484999999997,0
amazon0312.mtx,128,7,CombBLAS-conversion,wall,total,0.156929553,0
amazon0312.mtx,128,7,CombBLAS-conversion,wall,native_call,0.097043224999999997,0
amazon0312.mtx,128,7,CombBLAS-conversion,wall,tuple_to_dcsc,0.059882361000000002,0
amazon0312.mtx,128,7,CombBLAS-conversion,wall,dcsc_free,2.9359999999999999e-06,0
amazon0312.mtx,128,7,CombBLAS-conversion,wall,output_free,9.7100000000000011e-07,0
amazon0312.mtx,128,7,CombBLAS-sampled,wall,total,0.089696774000000007,0
amazon0312.mtx,128,7,CombBLAS-sampled,wall,lookup_build,0.001041377,0
amazon0312.mtx,128,7,CombBLAS-sampled,wall,thread_setup,9.1094999999999994e-05,0
amazon0312.mtx,128,7,CombBLAS-sampled,wall,work_bound,0.0035451990000000002,0
amazon0312.mtx,128,7,CombBLAS-sampled,wall,work_prefix,0.00021651600000000001,0
amazon0312.mtx,128,7,CombBLAS-sampled,wall,symbolic,0.013776241999999999,0
amazon0312.mtx,128,7,CombBLAS-sampled,wall,output_prefix,8.6576000000000006e-05,0
amazon0312.mtx,128,7,CombBLAS-sampled,wall,output_allocate,0.018019831,0
amazon0312.mtx,128,7,CombBLAS-sampled,wall,numeric_scratch_setup,0.0026908909999999999,0
amazon0312.mtx,128,7,CombBLAS-sampled,wall,numeric,0.050201072999999999,0
amazon0312.mtx,128,7,CombBLAS-sampled,wall,internal_cleanup,2.6860000000000002e-06,0
amazon0312.mtx,128,7,CombBLAS-sampled,wall,return_cleanup,2.4076000000000001e-05,0
amazon0312.mtx,128,7,CombBLAS-sampled,wall,output_free,1.142e-06,0
amazon0312.mtx,128,7,CombBLAS-sampled,sampled_worker,lookup,0.004519862000000003,8349
amazon0312.mtx,128,7,CombBLAS-sampled,sampled_worker,alloc_init,0.00091956699999999982,8349
amazon0312.mtx,128,7,CombBLAS-sampled,sampled_worker,lookup_multiply_hash,0.010980562000000006,8349
amazon0312.mtx,128,7,CombBLAS-sampled,sampled_worker,compact,0.0016201170000000001,8349
amazon0312.mtx,128,7,CombBLAS-sampled,sampled_worker,sort,0.007008592000000001,8349
amazon0312.mtx,128,7,CombBLAS-sampled,sampled_worker,write,0.0037818499999999989,8349
amazon0312.mtx,128,7,CombBLAS-sampled,sampled_worker,scratch_free,0.0017514559999999987,8349
amazon0312.mtx,128,8,CombBLAS-conversion,wall,total,0.15278297099999999,0
amazon0312.mtx,128,8,CombBLAS-conversion,wall,native_call,0.093365219999999999,0
amazon0312.mtx,128,8,CombBLAS-conversion,wall,tuple_to_dcsc,0.059414394000000002,0
amazon0312.mtx,128,8,CombBLAS-conversion,wall,dcsc_free,2.5849999999999998e-06,0
amazon0312.mtx,128,8,CombBLAS-conversion,wall,output_free,7.1200000000000002e-07,0
amazon0312.mtx,128,8,DCSC-dense-lookup,wall,total,0.053374349000000001,0
amazon0312.mtx,128,8,DCSC-dense-lookup,wall,native_call_and_free,0.053374089,0
amazon0312.mtx,128,8,DCSC-static,wall,total,0.104782598,0
amazon0312.mtx,128,8,DCSC-static,wall,native_call_and_free,0.104782338,0
amazon0312.mtx,128,8,DCSC-dense-static,wall,total,0.085472882,0
amazon0312.mtx,128,8,DCSC-dense-static,wall,native_call_and_free,0.085472390999999995,0
amazon0312.mtx,128,8,CSC-control,wall,total,0.058653635000000003,0
amazon0312.mtx,128,8,CSC-control,wall,native_call_and_free,0.058653364,0
amazon0312.mtx,128,8,DCSC-control,wall,total,0.072523136000000002,0
amazon0312.mtx,128,8,DCSC-control,wall,native_call_and_free,0.072522854999999997,0
amazon0312.mtx,128,8,CombBLAS-control,wall,total,0.096225185000000005,0
amazon0312.mtx,128,8,CombBLAS-control,wall,native_call_and_free,0.096224464999999995,0
amazon0312.mtx,128,8,CSC-profile,wall,total,0.056296423999999998,0
amazon0312.mtx,128,8,CSC-profile,wall,validate,8.9199999999999999e-07,0
amazon0312.mtx,128,8,CSC-profile,wall,lookup_build,4.0000000000000001e-08,0
amazon0312.mtx,128,8,CSC-profile,wall,scratch_setup,0.0011441240000000001,0
amazon0312.mtx,128,8,CSC-profile,wall,work_bound,0.0021755519999999999,0
amazon0312.mtx,128,8,CSC-profile,wall,symbolic_capacity,0.0034650560000000002,0
amazon0312.mtx,128,8,CSC-profile,wall,symbolic,0.0071069610000000002,0
amazon0312.mtx,128,8,CSC-profile,wall,prefix_numeric_capacity,0.0060793799999999997,0
amazon0312.mtx,128,8,CSC-profile,wall,output_allocate,0.01382187,0
amazon0312.mtx,128,8,CSC-profile,wall,numeric,0.022499592999999998,0
amazon0312.mtx,128,8,CSC-profile,wall,return_cleanup,1.9240000000000001e-06,0
amazon0312.mtx,128,8,CSC-profile,wall,output_free,9.8200000000000008e-07,0
amazon0312.mtx,128,8,DCSC-profile,wall,total,0.076179719000000007,0
amazon0312.mtx,128,8,DCSC-profile,wall,validate,4.51e-07,0
amazon0312.mtx,128,8,DCSC-profile,wall,lookup_build,0.0057862979999999996,0
amazon0312.mtx,128,8,DCSC-profile,wall,scratch_setup,0.0012150900000000001,0
amazon0312.mtx,128,8,DCSC-profile,wall,work_bound,0.004125152,0
amazon0312.mtx,128,8,DCSC-profile,wall,symbolic_capacity,0.0032420880000000002,0
amazon0312.mtx,128,8,DCSC-profile,wall,symbolic,0.0095331249999999999,0
amazon0312.mtx,128,8,DCSC-profile,wall,prefix_numeric_capacity,0.0064189709999999999,0
amazon0312.mtx,128,8,DCSC-profile,wall,output_allocate,0.016578435999999998,0
amazon0312.mtx,128,8,DCSC-profile,wall,numeric,0.029277002,0
amazon0312.mtx,128,8,DCSC-profile,wall,return_cleanup,1.423e-06,0
amazon0312.mtx,128,8,DCSC-profile,wall,output_free,1.6330000000000001e-06,0
amazon0312.mtx,128,8,CombBLAS-profile,wall,total,0.096909037000000003,0
amazon0312.mtx,128,8,CombBLAS-profile,wall,lookup_build,0.00073212400000000001,0
amazon0312.mtx,128,8,CombBLAS-profile,wall,thread_setup,6.5996999999999998e-05,0
amazon0312.mtx,128,8,CombBLAS-profile,wall,work_bound,0.0042583969999999997,0
amazon0312.mtx,128,8,CombBLAS-profile,wall,work_prefix,0.00025631200000000002,0
amazon0312.mtx,128,8,CombBLAS-profile,wall,symbolic,0.013907424,0
amazon0312.mtx,128,8,CombBLAS-profile,wall,output_prefix,0.00017092799999999999,0
amazon0312.mtx,128,8,CombBLAS-profile,wall,output_allocate,0.023376474000000001,0
amazon0312.mtx,128,8,CombBLAS-profile,wall,numeric_scratch_setup,0.0033688009999999998,0
amazon0312.mtx,128,8,CombBLAS-profile,wall,numeric,0.050743414000000001,0
amazon0312.mtx,128,8,CombBLAS-profile,wall,internal_cleanup,3.1860000000000001e-06,0
amazon0312.mtx,128,8,CombBLAS-profile,wall,return_cleanup,2.5248e-05,0
amazon0312.mtx,128,8,CombBLAS-profile,wall,output_free,6.7199999999999998e-07,0
amazon0312.mtx,128,8,DCSC-sampled,wall,total,0.070015055000000007,0
amazon0312.mtx,128,8,DCSC-sampled,wall,validate,2.6100000000000002e-07,0
amazon0312.mtx,128,8,DCSC-sampled,wall,lookup_build,0.0057295590000000004,0
amazon0312.mtx,128,8,DCSC-sampled,wall,scratch_setup,0.00085185399999999998,0
amazon0312.mtx,128,8,DCSC-sampled,wall,work_bound,0.0045251290000000001,0
amazon0312.mtx,128,8,DCSC-sampled,wall,symbolic_capacity,0.0032236330000000001,0
amazon0312.mtx,128,8,DCSC-sampled,wall,symbolic,0.0086419840000000001,0
amazon0312.mtx,128,8,DCSC-sampled,wall,prefix_numeric_capacity,0.0063946150000000002,0
amazon0312.mtx,128,8,DCSC-sampled,wall,output_allocate,0.013795289000000001,0
amazon0312.mtx,128,8,DCSC-sampled,wall,numeric,0.026848904999999999,0
amazon0312.mtx,128,8,DCSC-sampled,wall,return_cleanup,1.6130000000000001e-06,0
amazon0312.mtx,128,8,DCSC-sampled,wall,output_free,2.154e-06,0
amazon0312.mtx,128,8,DCSC-sampled,sampled_worker,lookup,0,8349
amazon0312.mtx,128,8,DCSC-sampled,sampled_worker,alloc_init,0.0015460169999999994,8349
amazon0312.mtx,128,8,DCSC-sampled,sampled_worker,lookup_multiply_hash,0.049793047000000007,8349
amazon0312.mtx,128,8,DCSC-sampled,sampled_worker,compact,0.0016106720000000001,8349
amazon0312.mtx,128,8,DCSC-sampled,sampled_worker,sort,0.007207525999999998,8349
amazon0312.mtx,128,8,DCSC-sampled,sampled_worker,write,0.0039877769999999996,8349
amazon0312.mtx,128,8,DCSC-sampled,sampled_worker,scratch_free,0.0022930639999999996,8349
amazon0312.mtx,128,8,CombBLAS-sampled,wall,total,0.098607315000000001,0
amazon0312.mtx,128,8,CombBLAS-sampled,wall,lookup_build,0.000896469,0
amazon0312.mtx,128,8,CombBLAS-sampled,wall,thread_setup,6.7990000000000005e-05,0
amazon0312.mtx,128,8,CombBLAS-sampled,wall,work_bound,0.0039018239999999999,0
amazon0312.mtx,128,8,CombBLAS-sampled,wall,work_prefix,0.00025606099999999997,0
amazon0312.mtx,128,8,CombBLAS-sampled,wall,symbolic,0.013849583,0
amazon0312.mtx,128,8,CombBLAS-sampled,wall,output_prefix,0.000174945,0
amazon0312.mtx,128,8,CombBLAS-sampled,wall,output_allocate,0.025388654,0
amazon0312.mtx,128,8,CombBLAS-sampled,wall,numeric_scratch_setup,0.003316341,0
amazon0312.mtx,128,8,CombBLAS-sampled,wall,numeric,0.050727854000000003,0
amazon0312.mtx,128,8,CombBLAS-sampled,wall,internal_cleanup,2.9550000000000001e-06,0
amazon0312.mtx,128,8,CombBLAS-sampled,wall,return_cleanup,2.4297000000000001e-05,0
amazon0312.mtx,128,8,CombBLAS-sampled,wall,output_free,2.8000000000000002e-07,0
amazon0312.mtx,128,8,CombBLAS-sampled,sampled_worker,lookup,0.0055516489999999988,8349
amazon0312.mtx,128,8,CombBLAS-sampled,sampled_worker,alloc_init,0.00094544199999999979,8349
amazon0312.mtx,128,8,CombBLAS-sampled,sampled_worker,lookup_multiply_hash,0.018409063000000017,8349
amazon0312.mtx,128,8,CombBLAS-sampled,sampled_worker,compact,0.0016208020000000006,8349
amazon0312.mtx,128,8,CombBLAS-sampled,sampled_worker,sort,0.0070412769999999977,8349
amazon0312.mtx,128,8,CombBLAS-sampled,sampled_worker,write,0.0076133830000000039,8349
amazon0312.mtx,128,8,CombBLAS-sampled,sampled_worker,scratch_free,0.0018108939999999997,8349
amazon0312.mtx,128,9,CombBLAS-conversion,wall,total,0.15342985100000001,0
amazon0312.mtx,128,9,CombBLAS-conversion,wall,native_call,0.093718808000000001,0
amazon0312.mtx,128,9,CombBLAS-conversion,wall,tuple_to_dcsc,0.059707757,0
amazon0312.mtx,128,9,CombBLAS-conversion,wall,dcsc_free,2.7350000000000001e-06,0
amazon0312.mtx,128,9,CombBLAS-conversion,wall,output_free,4.9100000000000004e-07,0
amazon0312.mtx,128,9,CombBLAS-sampled,wall,total,0.089200040999999994,0
amazon0312.mtx,128,9,CombBLAS-sampled,wall,lookup_build,0.0010005890000000001,0
amazon0312.mtx,128,9,CombBLAS-sampled,wall,thread_setup,7.5314000000000004e-05,0
amazon0312.mtx,128,9,CombBLAS-sampled,wall,work_bound,0.0033436130000000001,0
amazon0312.mtx,128,9,CombBLAS-sampled,wall,work_prefix,0.000176749,0
amazon0312.mtx,128,9,CombBLAS-sampled,wall,symbolic,0.013289858999999999,0
amazon0312.mtx,128,9,CombBLAS-sampled,wall,output_prefix,8.2569000000000002e-05,0
amazon0312.mtx,128,9,CombBLAS-sampled,wall,output_allocate,0.018036192,0
amazon0312.mtx,128,9,CombBLAS-sampled,wall,numeric_scratch_setup,0.0025709410000000002,0
amazon0312.mtx,128,9,CombBLAS-sampled,wall,numeric,0.050595860999999999,0
amazon0312.mtx,128,9,CombBLAS-sampled,wall,internal_cleanup,2.6350000000000002e-06,0
amazon0312.mtx,128,9,CombBLAS-sampled,wall,return_cleanup,2.5287999999999999e-05,0
amazon0312.mtx,128,9,CombBLAS-sampled,wall,output_free,3.6100000000000002e-07,0
amazon0312.mtx,128,9,CombBLAS-sampled,sampled_worker,lookup,0.0045523590000000006,8349
amazon0312.mtx,128,9,CombBLAS-sampled,sampled_worker,alloc_init,0.00091717700000000025,8349
amazon0312.mtx,128,9,CombBLAS-sampled,sampled_worker,lookup_multiply_hash,0.010524524999999993,8349
amazon0312.mtx,128,9,CombBLAS-sampled,sampled_worker,compact,0.0016169920000000009,8349
amazon0312.mtx,128,9,CombBLAS-sampled,sampled_worker,sort,0.0070083950000000023,8349
amazon0312.mtx,128,9,CombBLAS-sampled,sampled_worker,write,0.0036635849999999996,8349
amazon0312.mtx,128,9,CombBLAS-sampled,sampled_worker,scratch_free,0.0017569069999999994,8349
amazon0312.mtx,128,9,DCSC-sampled,wall,total,0.070035664999999997,0
amazon0312.mtx,128,9,DCSC-sampled,wall,validate,2.6100000000000002e-07,0
amazon0312.mtx,128,9,DCSC-sampled,wall,lookup_build,0.0057204819999999998,0
amazon0312.mtx,128,9,DCSC-sampled,wall,scratch_setup,0.00087580899999999996,0
amazon0312.mtx,128,9,DCSC-sampled,wall,work_bound,0.0046431160000000001,0
amazon0312.mtx,128,9,DCSC-sampled,wall,symbolic_capacity,0.0032181219999999999,0
amazon0312.mtx,128,9,DCSC-sampled,wall,symbolic,0.0087765129999999997,0
amazon0312.mtx,128,9,DCSC-sampled,wall,prefix_numeric_capacity,0.006396718,0
amazon0312.mtx,128,9,DCSC-sampled,wall,output_allocate,0.013728301,0
amazon0312.mtx,128,9,DCSC-sampled,wall,numeric,0.026672767,0
amazon0312.mtx,128,9,DCSC-sampled,wall,return_cleanup,1.483e-06,0
amazon0312.mtx,128,9,DCSC-sampled,wall,output_free,2.0430000000000002e-06,0
amazon0312.mtx,128,9,DCSC-sampled,sampled_worker,lookup,0,8349
amazon0312.mtx,128,9,DCSC-sampled,sampled_worker,alloc_init,0.0015102129999999998,8349
amazon0312.mtx,128,9,DCSC-sampled,sampled_worker,lookup_multiply_hash,0.049474391,8349
amazon0312.mtx,128,9,DCSC-sampled,sampled_worker,compact,0.0016131180000000006,8349
amazon0312.mtx,128,9,DCSC-sampled,sampled_worker,sort,0.0069414320000000026,8349
amazon0312.mtx,128,9,DCSC-sampled,sampled_worker,write,0.003833679,8349
amazon0312.mtx,128,9,DCSC-sampled,sampled_worker,scratch_free,0.0021970409999999981,8349
amazon0312.mtx,128,9,CombBLAS-profile,wall,total,0.098093519000000004,0
amazon0312.mtx,128,9,CombBLAS-profile,wall,lookup_build,0.0010604340000000001,0
amazon0312.mtx,128,9,CombBLAS-profile,wall,thread_setup,6.4603999999999993e-05,0
amazon0312.mtx,128,9,CombBLAS-profile,wall,work_bound,0.0039860950000000003,0
amazon0312.mtx,128,9,CombBLAS-profile,wall,work_prefix,0.00025466900000000001,0
amazon0312.mtx,128,9,CombBLAS-profile,wall,symbolic,0.013905288999999999,0
amazon0312.mtx,128,9,CombBLAS-profile,wall,output_prefix,0.00017751,0
amazon0312.mtx,128,9,CombBLAS-profile,wall,output_allocate,0.024549254999999999,0
amazon0312.mtx,128,9,CombBLAS-profile,wall,numeric_scratch_setup,0.0036432679999999999,0
amazon0312.mtx,128,9,CombBLAS-profile,wall,numeric,0.050423839999999998,0
amazon0312.mtx,128,9,CombBLAS-profile,wall,internal_cleanup,3.1860000000000001e-06,0
amazon0312.mtx,128,9,CombBLAS-profile,wall,return_cleanup,2.4457e-05,0
amazon0312.mtx,128,9,CombBLAS-profile,wall,output_free,8.4200000000000005e-07,0
amazon0312.mtx,128,9,DCSC-profile,wall,total,0.069813488000000007,0
amazon0312.mtx,128,9,DCSC-profile,wall,validate,4.32e-07,0
amazon0312.mtx,128,9,DCSC-profile,wall,lookup_build,0.0056934189999999999,0
amazon0312.mtx,128,9,DCSC-profile,wall,scratch_setup,0.00088173099999999996,0
amazon0312.mtx,128,9,DCSC-profile,wall,work_bound,0.0042829640000000002,0
amazon0312.mtx,128,9,DCSC-profile,wall,symbolic_capacity,0.0031893680000000002,0
amazon0312.mtx,128,9,DCSC-profile,wall,symbolic,0.0086659909999999996,0
amazon0312.mtx,128,9,DCSC-profile,wall,prefix_numeric_capacity,0.0064011759999999997,0
amazon0312.mtx,128,9,DCSC-profile,wall,output_allocate,0.013907024,0
amazon0312.mtx,128,9,DCSC-profile,wall,numeric,0.026787756999999999,0
amazon0312.mtx,128,9,DCSC-profile,wall,return_cleanup,1.6530000000000001e-06,0
amazon0312.mtx,128,9,DCSC-profile,wall,output_free,1.9139999999999998e-06,0
amazon0312.mtx,128,9,CSC-profile,wall,total,0.058593278999999998,0
amazon0312.mtx,128,9,CSC-profile,wall,validate,7.8199999999999999e-07,0
amazon0312.mtx,128,9,CSC-profile,wall,lookup_build,4.0000000000000001e-08,0
amazon0312.mtx,128,9,CSC-profile,wall,scratch_setup,0.001624335,0
amazon0312.mtx,128,9,CSC-profile,wall,work_bound,0.001826544,0
amazon0312.mtx,128,9,CSC-profile,wall,symbolic_capacity,0.0032821640000000002,0
amazon0312.mtx,128,9,CSC-profile,wall,symbolic,0.0069905180000000003,0
amazon0312.mtx,128,9,CSC-profile,wall,prefix_numeric_capacity,0.0059355639999999999,0
amazon0312.mtx,128,9,CSC-profile,wall,output_allocate,0.017022609000000001,0
amazon0312.mtx,128,9,CSC-profile,wall,numeric,0.021907917999999998,0
amazon0312.mtx,128,9,CSC-profile,wall,return_cleanup,1.403e-06,0
amazon0312.mtx,128,9,CSC-profile,wall,output_free,1.3430000000000001e-06,0
amazon0312.mtx,128,9,CombBLAS-control,wall,total,0.096605163999999993,0
amazon0312.mtx,128,9,CombBLAS-control,wall,native_call_and_free,0.096604453000000007,0
amazon0312.mtx,128,9,DCSC-control,wall,total,0.069646137999999996,0
amazon0312.mtx,128,9,DCSC-control,wall,native_call_and_free,0.069645876999999995,0
amazon0312.mtx,128,9,CSC-control,wall,total,0.057993028000000002,0
amazon0312.mtx,128,9,CSC-control,wall,native_call_and_free,0.057992767000000001,0
amazon0312.mtx,128,9,DCSC-dense-static,wall,total,0.088673892000000004,0
amazon0312.mtx,128,9,DCSC-dense-static,wall,native_call_and_free,0.088673441000000006,0
amazon0312.mtx,128,9,DCSC-static,wall,total,0.10111933200000001,0
amazon0312.mtx,128,9,DCSC-static,wall,native_call_and_free,0.101119052,0
amazon0312.mtx,128,9,DCSC-dense-lookup,wall,total,0.056296052999999999,0
amazon0312.mtx,128,9,DCSC-dense-lookup,wall,native_call_and_free,0.056295581999999997,0
amazon0312.mtx,128,10,DCSC-static,wall,total,0.104771658,0
amazon0312.mtx,128,10,DCSC-static,wall,native_call_and_free,0.10477138699999999,0
amazon0312.mtx,128,10,DCSC-dense-static,wall,total,0.086003319999999994,0
amazon0312.mtx,128,10,DCSC-dense-static,wall,native_call_and_free,0.086002869999999995,0
amazon0312.mtx,128,10,CSC-control,wall,total,0.057352920000000002,0
amazon0312.mtx,128,10,CSC-control,wall,native_call_and_free,0.057352648999999999,0
amazon0312.mtx,128,10,DCSC-control,wall,total,0.072527604999999995,0
amazon0312.mtx,128,10,DCSC-control,wall,native_call_and_free,0.072527333999999999,0
amazon0312.mtx,128,10,CombBLAS-control,wall,total,0.095958794,0
amazon0312.mtx,128,10,CombBLAS-control,wall,native_call_and_free,0.095958273999999996,0
amazon0312.mtx,128,10,CSC-profile,wall,total,0.056514452,0
amazon0312.mtx,128,10,CSC-profile,wall,validate,5.0100000000000005e-07,0
amazon0312.mtx,128,10,CSC-profile,wall,lookup_build,2.9999999999999997e-08,0
amazon0312.mtx,128,10,CSC-profile,wall,scratch_setup,0.0011432129999999999,0
amazon0312.mtx,128,10,CSC-profile,wall,work_bound,0.0023486840000000002,0
amazon0312.mtx,128,10,CSC-profile,wall,symbolic_capacity,0.0032904610000000002,0
amazon0312.mtx,128,10,CSC-profile,wall,symbolic,0.007083125,0
amazon0312.mtx,128,10,CSC-profile,wall,prefix_numeric_capacity,0.0060689899999999998,0
amazon0312.mtx,128,10,CSC-profile,wall,output_allocate,0.013881885,0
amazon0312.mtx,128,10,CSC-profile,wall,numeric,0.022694606999999999,0
amazon0312.mtx,128,10,CSC-profile,wall,return_cleanup,1.854e-06,0
amazon0312.mtx,128,10,CSC-profile,wall,output_free,1.0419999999999999e-06,0
amazon0312.mtx,128,10,DCSC-profile,wall,total,0.073551227999999996,0
amazon0312.mtx,128,10,DCSC-profile,wall,validate,4.2e-07,0
amazon0312.mtx,128,10,DCSC-profile,wall,lookup_build,0.0057749059999999998,0
amazon0312.mtx,128,10,DCSC-profile,wall,scratch_setup,0.00128754,0
amazon0312.mtx,128,10,DCSC-profile,wall,work_bound,0.0040681830000000004,0
amazon0312.mtx,128,10,DCSC-profile,wall,symbolic_capacity,0.003233812,0
amazon0312.mtx,128,10,DCSC-profile,wall,symbolic,0.0089283139999999997,0
amazon0312.mtx,128,10,DCSC-profile,wall,prefix_numeric_capacity,0.0064545590000000003,0
amazon0312.mtx,128,10,DCSC-profile,wall,output_allocate,0.016839749000000001,0
amazon0312.mtx,128,10,DCSC-profile,wall,numeric,0.026960327999999999,0
amazon0312.mtx,128,10,DCSC-profile,wall,return_cleanup,1.483e-06,0
amazon0312.mtx,128,10,DCSC-profile,wall,output_free,1.7230000000000001e-06,0
amazon0312.mtx,128,10,CombBLAS-profile,wall,total,0.097546239000000007,0
amazon0312.mtx,128,10,CombBLAS-profile,wall,lookup_build,0.00093465200000000001,0
amazon0312.mtx,128,10,CombBLAS-profile,wall,thread_setup,6.7850999999999998e-05,0
amazon0312.mtx,128,10,CombBLAS-profile,wall,work_bound,0.004246845,0
amazon0312.mtx,128,10,CombBLAS-profile,wall,work_prefix,0.00025570999999999998,0
amazon0312.mtx,128,10,CombBLAS-profile,wall,symbolic,0.013852118,0
amazon0312.mtx,128,10,CombBLAS-profile,wall,output_prefix,0.00017985500000000001,0
amazon0312.mtx,128,10,CombBLAS-profile,wall,output_allocate,0.023686359000000001,0
amazon0312.mtx,128,10,CombBLAS-profile,wall,numeric_scratch_setup,0.0034582530000000001,0
amazon0312.mtx,128,10,CombBLAS-profile,wall,numeric,0.050836091,0
amazon0312.mtx,128,10,CombBLAS-profile,wall,internal_cleanup,2.7350000000000001e-06,0
amazon0312.mtx,128,10,CombBLAS-profile,wall,return_cleanup,2.4477e-05,0
amazon0312.mtx,128,10,CombBLAS-profile,wall,output_free,1.122e-06,0
amazon0312.mtx,128,10,DCSC-sampled,wall,total,0.070167799000000003,0
amazon0312.mtx,128,10,DCSC-sampled,wall,validate,2.41e-07,0
amazon0312.mtx,128,10,DCSC-sampled,wall,lookup_build,0.0057134380000000004,0
amazon0312.mtx,128,10,DCSC-sampled,wall,scratch_setup,0.00085572199999999995,0
amazon0312.mtx,128,10,DCSC-sampled,wall,work_bound,0.0045868059999999997,0
amazon0312.mtx,128,10,DCSC-sampled,wall,symbolic_capacity,0.0031908599999999998,0
amazon0312.mtx,128,10,DCSC-sampled,wall,symbolic,0.0086434579999999997,0
amazon0312.mtx,128,10,DCSC-sampled,wall,prefix_numeric_capacity,0.00643408,0
amazon0312.mtx,128,10,DCSC-sampled,wall,output_allocate,0.014049447,0
amazon0312.mtx,128,10,DCSC-sampled,wall,numeric,0.026690681000000001,0
amazon0312.mtx,128,10,DCSC-sampled,wall,return_cleanup,1.513e-06,0
amazon0312.mtx,128,10,DCSC-sampled,wall,output_free,1.4929999999999999e-06,0
amazon0312.mtx,128,10,DCSC-sampled,sampled_worker,lookup,0,8349
amazon0312.mtx,128,10,DCSC-sampled,sampled_worker,alloc_init,0.0016817239999999997,8349
amazon0312.mtx,128,10,DCSC-sampled,sampled_worker,lookup_multiply_hash,0.051168056000000003,8349
amazon0312.mtx,128,10,DCSC-sampled,sampled_worker,compact,0.0016070260000000003,8349
amazon0312.mtx,128,10,DCSC-sampled,sampled_worker,sort,0.0070517660000000018,8349
amazon0312.mtx,128,10,DCSC-sampled,sampled_worker,write,0.0041611089999999996,8349
amazon0312.mtx,128,10,DCSC-sampled,sampled_worker,scratch_free,0.0022756309999999989,8349
amazon0312.mtx,128,10,CombBLAS-sampled,wall,total,0.098871450999999999,0
amazon0312.mtx,128,10,CombBLAS-sampled,wall,lookup_build,0.001049353,0
amazon0312.mtx,128,10,CombBLAS-sampled,wall,thread_setup,6.5716000000000006e-05,0
amazon0312.mtx,128,10,CombBLAS-sampled,wall,work_bound,0.0039483829999999998,0
amazon0312.mtx,128,10,CombBLAS-sampled,wall,work_prefix,0.00025464800000000001,0
amazon0312.mtx,128,10,CombBLAS-sampled,wall,symbolic,0.013850273999999999,0
amazon0312.mtx,128,10,CombBLAS-sampled,wall,output_prefix,0.00017827199999999999,0
amazon0312.mtx,128,10,CombBLAS-sampled,wall,output_allocate,0.025472564999999999,0
amazon0312.mtx,128,10,CombBLAS-sampled,wall,numeric_scratch_setup,0.0033449360000000002,0
amazon0312.mtx,128,10,CombBLAS-sampled,wall,numeric,0.050679741,0
amazon0312.mtx,128,10,CombBLAS-sampled,wall,internal_cleanup,2.6649999999999999e-06,0
amazon0312.mtx,128,10,CombBLAS-sampled,wall,return_cleanup,2.4156999999999999e-05,0
amazon0312.mtx,128,10,CombBLAS-sampled,wall,output_free,6.7100000000000001e-07,0
amazon0312.mtx,128,10,CombBLAS-sampled,sampled_worker,lookup,0.0054554929999999996,8349
amazon0312.mtx,128,10,CombBLAS-sampled,sampled_worker,alloc_init,0.00092488599999999987,8349
amazon0312.mtx,128,10,CombBLAS-sampled,sampled_worker,lookup_multiply_hash,0.018383514,8349
amazon0312.mtx,128,10,CombBLAS-sampled,sampled_worker,compact,0.001627033,8349
amazon0312.mtx,128,10,CombBLAS-sampled,sampled_worker,sort,0.0070040269999999986,8349
amazon0312.mtx,128,10,CombBLAS-sampled,sampled_worker,write,0.0076858929999999966,8349
amazon0312.mtx,128,10,CombBLAS-sampled,sampled_worker,scratch_free,0.0017615809999999982,8349
amazon0312.mtx,128,10,CombBLAS-conversion,wall,total,0.152925795,0
amazon0312.mtx,128,10,CombBLAS-conversion,wall,native_call,0.093034566999999999,0
amazon0312.mtx,128,10,CombBLAS-conversion,wall,tuple_to_dcsc,0.059887882000000003,0
amazon0312.mtx,128,10,CombBLAS-conversion,wall,dcsc_free,2.7750000000000001e-06,0
amazon0312.mtx,128,10,CombBLAS-conversion,wall,output_free,5.1099999999999996e-07,0
amazon0312.mtx,128,10,DCSC-dense-lookup,wall,total,0.052926230999999997,0
amazon0312.mtx,128,10,DCSC-dense-lookup,wall,native_call_and_free,0.052925970000000003,0
amazon0312.mtx,128,11,DCSC-static,wall,total,0.105644631,0
amazon0312.mtx,128,11,DCSC-static,wall,native_call_and_free,0.10564437,0
amazon0312.mtx,128,11,DCSC-dense-lookup,wall,total,0.056976328,0
amazon0312.mtx,128,11,DCSC-dense-lookup,wall,native_call_and_free,0.056976077999999999,0
amazon0312.mtx,128,11,CombBLAS-conversion,wall,total,0.156387464,0
amazon0312.mtx,128,11,CombBLAS-conversion,wall,native_call,0.097007074999999998,0
amazon0312.mtx,128,11,CombBLAS-conversion,wall,tuple_to_dcsc,0.059377121999999997,0
amazon0312.mtx,128,11,CombBLAS-conversion,wall,dcsc_free,2.655e-06,0
amazon0312.mtx,128,11,CombBLAS-conversion,wall,output_free,5.51e-07,0
amazon0312.mtx,128,11,CombBLAS-sampled,wall,total,0.089657920000000002,0
amazon0312.mtx,128,11,CombBLAS-sampled,wall,lookup_build,0.001192257,0
amazon0312.mtx,128,11,CombBLAS-sampled,wall,thread_setup,6.8881999999999995e-05,0
amazon0312.mtx,128,11,CombBLAS-sampled,wall,work_bound,0.0034208210000000001,0
amazon0312.mtx,128,11,CombBLAS-sampled,wall,work_prefix,0.00024256500000000001,0
amazon0312.mtx,128,11,CombBLAS-sampled,wall,symbolic,0.013667464000000001,0
amazon0312.mtx,128,11,CombBLAS-sampled,wall,output_prefix,8.7287000000000006e-05,0
amazon0312.mtx,128,11,CombBLAS-sampled,wall,output_allocate,0.018060799999999998,0
amazon0312.mtx,128,11,CombBLAS-sampled,wall,numeric_scratch_setup,0.002642929,0
amazon0312.mtx,128,11,CombBLAS-sampled,wall,numeric,0.050247272000000003,0
amazon0312.mtx,128,11,CombBLAS-sampled,wall,internal_cleanup,2.8449999999999999e-06,0
amazon0312.mtx,128,11,CombBLAS-sampled,wall,return_cleanup,2.4087000000000002e-05,0
amazon0312.mtx,128,11,CombBLAS-sampled,wall,output_free,6.5099999999999999e-07,0
amazon0312.mtx,128,11,CombBLAS-sampled,sampled_worker,lookup,0.0046015300000000004,8349
amazon0312.mtx,128,11,CombBLAS-sampled,sampled_worker,alloc_init,0.00091969700000000024,8349
amazon0312.mtx,128,11,CombBLAS-sampled,sampled_worker,lookup_multiply_hash,0.010824655000000002,8349
amazon0312.mtx,128,11,CombBLAS-sampled,sampled_worker,compact,0.0016537500000000005,8349
amazon0312.mtx,128,11,CombBLAS-sampled,sampled_worker,sort,0.0070245609999999995,8349
amazon0312.mtx,128,11,CombBLAS-sampled,sampled_worker,write,0.0037766479999999992,8349
amazon0312.mtx,128,11,CombBLAS-sampled,sampled_worker,scratch_free,0.0017287469999999986,8349
amazon0312.mtx,128,11,DCSC-sampled,wall,total,0.070944387999999997,0
amazon0312.mtx,128,11,DCSC-sampled,wall,validate,2.4999999999999999e-07,0
amazon0312.mtx,128,11,DCSC-sampled,wall,lookup_build,0.0057038799999999997,0
amazon0312.mtx,128,11,DCSC-sampled,wall,scratch_setup,0.00083150499999999996,0
amazon0312.mtx,128,11,DCSC-sampled,wall,work_bound,0.0043422080000000002,0
amazon0312.mtx,128,11,DCSC-sampled,wall,symbolic_capacity,0.003224715,0
amazon0312.mtx,128,11,DCSC-sampled,wall,symbolic,0.0087548109999999995,0
amazon0312.mtx,128,11,DCSC-sampled,wall,prefix_numeric_capacity,0.0066149879999999996,0
amazon0312.mtx,128,11,DCSC-sampled,wall,output_allocate,0.014144848999999999,0
amazon0312.mtx,128,11,DCSC-sampled,wall,numeric,0.027324356000000001,0
amazon0312.mtx,128,11,DCSC-sampled,wall,return_cleanup,1.243e-06,0
amazon0312.mtx,128,11,DCSC-sampled,wall,output_free,1.5230000000000001e-06,0
amazon0312.mtx,128,11,DCSC-sampled,sampled_worker,lookup,0,8349
amazon0312.mtx,128,11,DCSC-sampled,sampled_worker,alloc_init,0.0014990869999999986,8349
amazon0312.mtx,128,11,DCSC-sampled,sampled_worker,lookup_multiply_hash,0.053691807000000022,8349
amazon0312.mtx,128,11,DCSC-sampled,sampled_worker,compact,0.0016933809999999992,8349
amazon0312.mtx,128,11,DCSC-sampled,sampled_worker,sort,0.0070075869999999983,8349
amazon0312.mtx,128,11,DCSC-sampled,sampled_worker,write,0.0046126710000000013,8349
amazon0312.mtx,128,11,DCSC-sampled,sampled_worker,scratch_free,0.0022201849999999987,8349
amazon0312.mtx,128,11,CombBLAS-profile,wall,total,0.097733357000000007,0
amazon0312.mtx,128,11,CombBLAS-profile,wall,lookup_build,0.00090097899999999999,0
amazon0312.mtx,128,11,CombBLAS-profile,wall,thread_setup,6.5334999999999997e-05,0
amazon0312.mtx,128,11,CombBLAS-profile,wall,work_bound,0.0039331030000000003,0
amazon0312.mtx,128,11,CombBLAS-profile,wall,work_prefix,0.00025848599999999999,0
amazon0312.mtx,128,11,CombBLAS-profile,wall,symbolic,0.013844363,0
amazon0312.mtx,128,11,CombBLAS-profile,wall,output_prefix,0.000173933,0
amazon0312.mtx,128,11,CombBLAS-profile,wall,output_allocate,0.024378317,0
amazon0312.mtx,128,11,CombBLAS-profile,wall,numeric_scratch_setup,0.0034154099999999998,0
amazon0312.mtx,128,11,CombBLAS-profile,wall,numeric,0.050734898,0
amazon0312.mtx,128,11,CombBLAS-profile,wall,internal_cleanup,2.8849999999999999e-06,0
amazon0312.mtx,128,11,CombBLAS-profile,wall,return_cleanup,2.4547000000000001e-05,0
amazon0312.mtx,128,11,CombBLAS-profile,wall,output_free,1.032e-06,0
amazon0312.mtx,128,11,DCSC-profile,wall,total,0.070052207000000005,0
amazon0312.mtx,128,11,DCSC-profile,wall,validate,4.51e-07,0
amazon0312.mtx,128,11,DCSC-profile,wall,lookup_build,0.0057136089999999997,0
amazon0312.mtx,128,11,DCSC-profile,wall,scratch_setup,0.00090944400000000003,0
amazon0312.mtx,128,11,DCSC-profile,wall,work_bound,0.0045488339999999999,0
amazon0312.mtx,128,11,DCSC-profile,wall,symbolic_capacity,0.0032243950000000001,0
amazon0312.mtx,128,11,DCSC-profile,wall,symbolic,0.0086668119999999994,0
amazon0312.mtx,128,11,DCSC-profile,wall,prefix_numeric_capacity,0.0064917009999999999,0
amazon0312.mtx,128,11,DCSC-profile,wall,output_allocate,0.013845044000000001,0
amazon0312.mtx,128,11,DCSC-profile,wall,numeric,0.026648189999999999,0
amazon0312.mtx,128,11,DCSC-profile,wall,return_cleanup,1.7940000000000001e-06,0
amazon0312.mtx,128,11,DCSC-profile,wall,output_free,1.8729999999999999e-06,0
amazon0312.mtx,128,11,CSC-profile,wall,total,0.058143977999999999,0
amazon0312.mtx,128,11,CSC-profile,wall,validate,6.4099999999999998e-07,0
amazon0312.mtx,128,11,CSC-profile,wall,lookup_build,4.0000000000000001e-08,0
amazon0312.mtx,128,11,CSC-profile,wall,scratch_setup,0.001574139,0
amazon0312.mtx,128,11,CSC-profile,wall,work_bound,0.001865638,0
amazon0312.mtx,128,11,CSC-profile,wall,symbolic_capacity,0.003310159,0
amazon0312.mtx,128,11,CSC-profile,wall,symbolic,0.0069630849999999999,0
amazon0312.mtx,128,11,CSC-profile,wall,prefix_numeric_capacity,0.0059775239999999997,0
amazon0312.mtx,128,11,CSC-profile,wall,output_allocate,0.016739125000000001,0
amazon0312.mtx,128,11,CSC-profile,wall,numeric,0.021710309000000001,0
amazon0312.mtx,128,11,CSC-profile,wall,return_cleanup,1.9139999999999998e-06,0
amazon0312.mtx,128,11,CSC-profile,wall,output_free,1.333e-06,0
amazon0312.mtx,128,11,CombBLAS-control,wall,total,0.097116915999999998,0
amazon0312.mtx,128,11,CombBLAS-control,wall,native_call_and_free,0.097116244000000004,0
amazon0312.mtx,128,11,DCSC-control,wall,total,0.069806426000000005,0
amazon0312.mtx,128,11,DCSC-control,wall,native_call_and_free,0.069806346000000005,0
amazon0312.mtx,128,11,CSC-control,wall,total,0.057785458999999997,0
amazon0312.mtx,128,11,CSC-control,wall,native_call_and_free,0.057785178999999999,0
amazon0312.mtx,128,11,DCSC-dense-static,wall,total,0.088490590999999993,0
amazon0312.mtx,128,11,DCSC-dense-static,wall,native_call_and_free,0.088490120000000005,0
