dataset,threads,iteration,backend,kind,phase,seconds,sampled_columns
cant.mtx,1,0,CSC-control,wall,total,1.8362652800000001,0
cant.mtx,1,0,CSC-control,wall,native_call_and_free,1.8362649390000001,0
cant.mtx,1,0,DCSC-control,wall,total,1.7293937859999999,0
cant.mtx,1,0,DCSC-control,wall,native_call_and_free,1.729393505,0
cant.mtx,1,0,CombBLAS-control,wall,total,1.6346583669999999,0
cant.mtx,1,0,CombBLAS-control,wall,native_call_and_free,1.634657856,0
cant.mtx,1,0,CSC-profile,wall,total,1.8027955369999999,0
cant.mtx,1,0,CSC-profile,wall,validate,4.9100000000000004e-07,0
cant.mtx,1,0,CSC-profile,wall,lookup_build,2.9999999999999997e-08,0
cant.mtx,1,0,CSC-profile,wall,scratch_setup,8.1166000000000002e-05,0
cant.mtx,1,0,CSC-profile,wall,work_bound,0.006262531,0
cant.mtx,1,0,CSC-profile,wall,symbolic_capacity,0.00035209500000000002,0
cant.mtx,1,0,CSC-profile,wall,symbolic,0.44322976400000003,0
cant.mtx,1,0,CSC-profile,wall,prefix_numeric_capacity,0.00028004700000000001,0
cant.mtx,1,0,CSC-profile,wall,output_allocate,0.016237593000000002,0
cant.mtx,1,0,CSC-profile,wall,numeric,1.3363495759999999,0
cant.mtx,1,0,CSC-profile,wall,return_cleanup,1.1119999999999999e-06,0
cant.mtx,1,0,CSC-profile,wall,output_free,1.0720000000000001e-06,0
cant.mtx,1,0,DCSC-profile,wall,total,1.930088518,0
cant.mtx,1,0,DCSC-profile,wall,validate,9.3200000000000003e-07,0
cant.mtx,1,0,DCSC-profile,wall,lookup_build,0.00080727800000000003,0
cant.mtx,1,0,DCSC-profile,wall,scratch_setup,7.4122000000000006e-05,0
cant.mtx,1,0,DCSC-profile,wall,work_bound,0.02775878,0
cant.mtx,1,0,DCSC-profile,wall,symbolic_capacity,0.00032025400000000001,0
cant.mtx,1,0,DCSC-profile,wall,symbolic,0.53867135600000005,0
cant.mtx,1,0,DCSC-profile,wall,prefix_numeric_capacity,0.00028792200000000003,0
cant.mtx,1,0,DCSC-profile,wall,output_allocate,0.016260197000000001,0
cant.mtx,1,0,DCSC-profile,wall,numeric,1.345905052,0
cant.mtx,1,0,DCSC-profile,wall,return_cleanup,1.393e-06,0
cant.mtx,1,0,DCSC-profile,wall,output_free,1.172e-06,0
cant.mtx,1,0,CombBLAS-profile,wall,total,1.7075905680000001,0
cant.mtx,1,0,CombBLAS-profile,wall,lookup_build,5.4645000000000003e-05,0
cant.mtx,1,0,CombBLAS-profile,wall,thread_setup,3.8469999999999998e-06,0
cant.mtx,1,0,CombBLAS-profile,wall,work_bound,0.030894934999999998,0
cant.mtx,1,0,CombBLAS-profile,wall,work_prefix,3.6140000000000003e-05,0
cant.mtx,1,0,CombBLAS-profile,wall,symbolic,0.34491199500000003,0
cant.mtx,1,0,CombBLAS-profile,wall,output_prefix,3.9033999999999999e-05,0
cant.mtx,1,0,CombBLAS-profile,wall,output_allocate,0.024504077999999999,0
cant.mtx,1,0,CombBLAS-profile,wall,numeric_scratch_setup,0.002143421,0
cant.mtx,1,0,CombBLAS-profile,wall,numeric,1.3049982149999999,0
cant.mtx,1,0,CombBLAS-profile,wall,internal_cleanup,2.7049999999999999e-06,0
cant.mtx,1,0,CombBLAS-profile,wall,return_cleanup,7.4099999999999998e-07,0
cant.mtx,1,0,CombBLAS-profile,wall,output_free,7.6199999999999997e-07,0
cant.mtx,1,0,DCSC-sampled,wall,total,1.9316024119999999,0
cant.mtx,1,0,DCSC-sampled,wall,validate,2.6e-07,0
cant.mtx,1,0,DCSC-sampled,wall,lookup_build,0.00079656799999999999,0
cant.mtx,1,0,DCSC-sampled,wall,scratch_setup,7.5034e-05,0
cant.mtx,1,0,DCSC-sampled,wall,work_bound,0.027674298,0
cant.mtx,1,0,DCSC-sampled,wall,symbolic_capacity,0.00031893200000000002,0
cant.mtx,1,0,DCSC-sampled,wall,symbolic,0.53635733799999996,0
cant.mtx,1,0,DCSC-sampled,wall,prefix_numeric_capacity,0.000261461,0
cant.mtx,1,0,DCSC-sampled,wall,output_allocate,0.016245988999999999,0
cant.mtx,1,0,DCSC-sampled,wall,numeric,1.3498699270000001,0
cant.mtx,1,0,DCSC-sampled,wall,return_cleanup,1.1519999999999999e-06,0
cant.mtx,1,0,DCSC-sampled,wall,output_free,1.3829999999999999e-06,0
cant.mtx,1,0,DCSC-sampled,sampled_worker,lookup,0,8922
cant.mtx,1,0,DCSC-sampled,sampled_worker,alloc_init,0.0027919769999998462,8922
cant.mtx,1,0,DCSC-sampled,sampled_worker,lookup_multiply_hash,0.1373033170000004,8922
cant.mtx,1,0,DCSC-sampled,sampled_worker,compact,0.0047057349999999644,8922
cant.mtx,1,0,DCSC-sampled,sampled_worker,sort,0.046059484000000046,8922
cant.mtx,1,0,DCSC-sampled,sampled_worker,write,0.0030495920000000046,8922
cant.mtx,1,0,DCSC-sampled,sampled_worker,scratch_free,0.00063846000000000172,8922
cant.mtx,1,0,CombBLAS-sampled,wall,total,1.7104229500000001,0
cant.mtx,1,0,CombBLAS-sampled,wall,lookup_build,5.223e-05,0
cant.mtx,1,0,CombBLAS-sampled,wall,thread_setup,2.294e-06,0
cant.mtx,1,0,CombBLAS-sampled,wall,work_bound,0.030804522000000001,0
cant.mtx,1,0,CombBLAS-sampled,wall,work_prefix,3.642e-05,0
cant.mtx,1,0,CombBLAS-sampled,wall,symbolic,0.34515166400000002,0
cant.mtx,1,0,CombBLAS-sampled,wall,output_prefix,3.6751000000000001e-05,0
cant.mtx,1,0,CombBLAS-sampled,wall,output_allocate,0.02444779,0
cant.mtx,1,0,CombBLAS-sampled,wall,numeric_scratch_setup,0.0021295540000000001,0
cant.mtx,1,0,CombBLAS-sampled,wall,numeric,1.307757096,0
cant.mtx,1,0,CombBLAS-sampled,wall,internal_cleanup,3.1259999999999998e-06,0
cant.mtx,1,0,CombBLAS-sampled,wall,return_cleanup,6.7199999999999998e-07,0
cant.mtx,1,0,CombBLAS-sampled,wall,output_free,7.7100000000000001e-07,0
cant.mtx,1,0,CombBLAS-sampled,sampled_worker,lookup,0.0052420659999999784,8922
cant.mtx,1,0,CombBLAS-sampled,sampled_worker,alloc_init,0.0040262300000001132,8922
cant.mtx,1,0,CombBLAS-sampled,sampled_worker,lookup_multiply_hash,0.12134073600000016,8922
cant.mtx,1,0,CombBLAS-sampled,sampled_worker,compact,0.0057026609999999145,8922
cant.mtx,1,0,CombBLAS-sampled,sampled_worker,sort,0.047724657999999781,8922
cant.mtx,1,0,CombBLAS-sampled,sampled_worker,write,0.0040624070000000066,8922
cant.mtx,1,0,CombBLAS-sampled,sampled_worker,scratch_free,0.0005604630000000003,8922
cant.mtx,1,0,CombBLAS-conversion,wall,total,1.7003824729999999,0
cant.mtx,1,0,CombBLAS-conversion,wall,native_call,1.629564778,0
cant.mtx,1,0,CombBLAS-conversion,wall,tuple_to_dcsc,0.070813346999999999,0
cant.mtx,1,0,CombBLAS-conversion,wall,dcsc_free,3.1760000000000002e-06,0
cant.mtx,1,0,CombBLAS-conversion,wall,output_free,1.1119999999999999e-06,0
cant.mtx,1,0,DCSC-dense-lookup,wall,total,1.7596711549999999,0
cant.mtx,1,0,DCSC-dense-lookup,wall,native_call_and_free,1.759670635,0
cant.mtx,1,0,DCSC-static,wall,total,1.7217940789999999,0
cant.mtx,1,0,DCSC-static,wall,native_call_and_free,1.7217937189999999,0
cant.mtx,1,0,DCSC-dense-static,wall,total,1.79551825,0
cant.mtx,1,0,DCSC-dense-static,wall,native_call_and_free,1.795518199,0
cant.mtx,1,1,CSC-control,wall,total,1.8512134389999999,0
cant.mtx,1,1,CSC-control,wall,native_call_and_free,1.8512124270000001,0
cant.mtx,1,1,DCSC-dense-static,wall,total,1.794975097,0
cant.mtx,1,1,DCSC-dense-static,wall,native_call_and_free,1.794974807,0
cant.mtx,1,1,DCSC-static,wall,total,1.722827492,0
cant.mtx,1,1,DCSC-static,wall,native_call_and_free,1.722827181,0
cant.mtx,1,1,DCSC-dense-lookup,wall,total,1.7594158259999999,0
cant.mtx,1,1,DCSC-dense-lookup,wall,native_call_and_free,1.759415255,0
cant.mtx,1,1,CombBLAS-conversion,wall,total,1.7069183379999999,0
cant.mtx,1,1,CombBLAS-conversion,wall,native_call,1.6358961409999999,0
cant.mtx,1,1,CombBLAS-conversion,wall,tuple_to_dcsc,0.071018440000000002,0
cant.mtx,1,1,CombBLAS-conversion,wall,dcsc_free,2.5450000000000002e-06,0
cant.mtx,1,1,CombBLAS-conversion,wall,output_free,1.1620000000000001e-06,0
cant.mtx,1,1,CombBLAS-sampled,wall,total,1.7156125339999999,0
cant.mtx,1,1,CombBLAS-sampled,wall,lookup_build,5.1919999999999998e-05,0
cant.mtx,1,1,CombBLAS-sampled,wall,thread_setup,7.5440000000000001e-06,0
cant.mtx,1,1,CombBLAS-sampled,wall,work_bound,0.030811183999999998,0
cant.mtx,1,1,CombBLAS-sampled,wall,work_prefix,4.0107000000000001e-05,0
cant.mtx,1,1,CombBLAS-sampled,wall,symbolic,0.35018651099999998,0
cant.mtx,1,1,CombBLAS-sampled,wall,output_prefix,3.8263999999999998e-05,0
cant.mtx,1,1,CombBLAS-sampled,wall,output_allocate,0.02487052,0
cant.mtx,1,1,CombBLAS-sampled,wall,numeric_scratch_setup,0.0021397439999999998,0
cant.mtx,1,1,CombBLAS-sampled,wall,numeric,1.3074622810000001,0
cant.mtx,1,1,CombBLAS-sampled,wall,internal_cleanup,2.8660000000000002e-06,0
cant.mtx,1,1,CombBLAS-sampled,wall,return_cleanup,7.61e-07,0
cant.mtx,1,1,CombBLAS-sampled,wall,output_free,7.7100000000000001e-07,0
cant.mtx,1,1,CombBLAS-sampled,sampled_worker,lookup,0.0052406450000000169,8922
cant.mtx,1,1,CombBLAS-sampled,sampled_worker,alloc_init,0.0040165380000000989,8922
cant.mtx,1,1,CombBLAS-sampled,sampled_worker,lookup_multiply_hash,0.12143132300000044,8922
cant.mtx,1,1,CombBLAS-sampled,sampled_worker,compact,0.0057243269999999354,8922
cant.mtx,1,1,CombBLAS-sampled,sampled_worker,sort,0.047895024999999966,8922
cant.mtx,1,1,CombBLAS-sampled,sampled_worker,write,0.0040838780000000095,8922
cant.mtx,1,1,CombBLAS-sampled,sampled_worker,scratch_free,0.00055368500000000059,8922
cant.mtx,1,1,DCSC-sampled,wall,total,1.9336911880000001,0
cant.mtx,1,1,DCSC-sampled,wall,validate,7.4199999999999995e-07,0
cant.mtx,1,1,DCSC-sampled,wall,lookup_build,0.00079579599999999998,0
cant.mtx,1,1,DCSC-sampled,wall,scratch_setup,7.6786999999999995e-05,0
cant.mtx,1,1,DCSC-sampled,wall,work_bound,0.027592220000000001,0
cant.mtx,1,1,DCSC-sampled,wall,symbolic_capacity,0.00031895200000000001,0
cant.mtx,1,1,DCSC-sampled,wall,symbolic,0.53782900099999997,0
cant.mtx,1,1,DCSC-sampled,wall,prefix_numeric_capacity,0.00026387600000000002,0
cant.mtx,1,1,DCSC-sampled,wall,output_allocate,0.016123174000000001,0
cant.mtx,1,1,DCSC-sampled,wall,numeric,1.3506883759999999,0
cant.mtx,1,1,DCSC-sampled,wall,return_cleanup,1.1820000000000001e-06,0
cant.mtx,1,1,DCSC-sampled,wall,output_free,1.0219999999999999e-06,0
cant.mtx,1,1,DCSC-sampled,sampled_worker,lookup,0,8922
cant.mtx,1,1,DCSC-sampled,sampled_worker,alloc_init,0.0027739209999998364,8922
cant.mtx,1,1,DCSC-sampled,sampled_worker,lookup_multiply_hash,0.13754310400000055,8922
cant.mtx,1,1,DCSC-sampled,sampled_worker,compact,0.0046912930000000104,8922
cant.mtx,1,1,DCSC-sampled,sampled_worker,sort,0.046104766999999838,8922
cant.mtx,1,1,DCSC-sampled,sampled_worker,write,0.0028812840000000026,8922
cant.mtx,1,1,DCSC-sampled,sampled_worker,scratch_free,0.0006382650000000032,8922
cant.mtx,1,1,CombBLAS-profile,wall,total,1.711941342,0
cant.mtx,1,1,CombBLAS-profile,wall,lookup_build,5.4364999999999999e-05,0
cant.mtx,1,1,CombBLAS-profile,wall,thread_setup,3.2260000000000001e-06,0
cant.mtx,1,1,CombBLAS-profile,wall,work_bound,0.030851652,0
cant.mtx,1,1,CombBLAS-profile,wall,work_prefix,3.5698999999999998e-05,0
cant.mtx,1,1,CombBLAS-profile,wall,symbolic,0.34873343400000001,0
cant.mtx,1,1,CombBLAS-profile,wall,output_prefix,3.7913000000000001e-05,0
cant.mtx,1,1,CombBLAS-profile,wall,output_allocate,0.024661219000000002,0
cant.mtx,1,1,CombBLAS-profile,wall,numeric_scratch_setup,0.002153009,0
cant.mtx,1,1,CombBLAS-profile,wall,numeric,1.3054068480000001,0
cant.mtx,1,1,CombBLAS-profile,wall,internal_cleanup,2.8260000000000001e-06,0
cant.mtx,1,1,CombBLAS-profile,wall,return_cleanup,5.51e-07,0
cant.mtx,1,1,CombBLAS-profile,wall,output_free,5.4099999999999999e-07,0
cant.mtx,1,1,DCSC-profile,wall,total,1.9283273009999999,0
cant.mtx,1,1,DCSC-profile,wall,validate,4.9200000000000001e-07,0
cant.mtx,1,1,DCSC-profile,wall,lookup_build,0.00079620699999999995,0
cant.mtx,1,1,DCSC-profile,wall,scratch_setup,7.5303999999999996e-05,0
cant.mtx,1,1,DCSC-profile,wall,work_bound,0.027614132999999999,0
cant.mtx,1,1,DCSC-profile,wall,symbolic_capacity,0.00031947200000000001,0
cant.mtx,1,1,DCSC-profile,wall,symbolic,0.53691485800000005,0
cant.mtx,1,1,DCSC-profile,wall,prefix_numeric_capacity,0.000264326,0
cant.mtx,1,1,DCSC-profile,wall,output_allocate,0.016238576000000001,0
cant.mtx,1,1,DCSC-profile,wall,numeric,1.346101759,0
cant.mtx,1,1,DCSC-profile,wall,return_cleanup,8.2099999999999995e-07,0
cant.mtx,1,1,DCSC-profile,wall,output_free,1.3030000000000001e-06,0
cant.mtx,1,1,CSC-profile,wall,total,1.8026684740000001,0
cant.mtx,1,1,CSC-profile,wall,validate,7.2200000000000003e-07,0
cant.mtx,1,1,CSC-profile,wall,lookup_build,2.9999999999999997e-08,0
cant.mtx,1,1,CSC-profile,wall,scratch_setup,7.7859000000000001e-05,0
cant.mtx,1,1,CSC-profile,wall,work_bound,0.0062643350000000002,0
cant.mtx,1,1,CSC-profile,wall,symbolic_capacity,0.00034943000000000002,0
cant.mtx,1,1,CSC-profile,wall,symbolic,0.44208188199999998,0
cant.mtx,1,1,CSC-profile,wall,prefix_numeric_capacity,0.00028058899999999998,0
cant.mtx,1,1,CSC-profile,wall,output_allocate,0.016147248999999999,0
cant.mtx,1,1,CSC-profile,wall,numeric,1.337464083,0
cant.mtx,1,1,CSC-profile,wall,return_cleanup,1.1829999999999999e-06,0
cant.mtx,1,1,CSC-profile,wall,output_free,1.052e-06,0
cant.mtx,1,1,CombBLAS-control,wall,total,1.6325016699999999,0
cant.mtx,1,1,CombBLAS-control,wall,native_call_and_free,1.6325011389999999,0
cant.mtx,1,1,DCSC-control,wall,total,1.7306688809999999,0
cant.mtx,1,1,DCSC-control,wall,native_call_and_free,1.73066856,0
cant.mtx,1,2,CombBLAS-control,wall,total,1.6342448540000001,0
cant.mtx,1,2,CombBLAS-control,wall,native_call_and_free,1.634244354,0
cant.mtx,1,2,CSC-profile,wall,total,1.8076871189999999,0
cant.mtx,1,2,CSC-profile,wall,validate,8.9199999999999999e-07,0
cant.mtx,1,2,CSC-profile,wall,lookup_build,2.9999999999999997e-08,0
cant.mtx,1,2,CSC-profile,wall,scratch_setup,8.2748000000000001e-05,0
cant.mtx,1,2,CSC-profile,wall,work_bound,0.0062957760000000003,0
cant.mtx,1,2,CSC-profile,wall,symbolic_capacity,0.00035766599999999997,0
cant.mtx,1,2,CSC-profile,wall,symbolic,0.44736847099999999,0
cant.mtx,1,2,CSC-profile,wall,prefix_numeric_capacity,0.00028334399999999999,0
cant.mtx,1,2,CSC-profile,wall,output_allocate,0.016377200000000001,0
cant.mtx,1,2,CSC-profile,wall,numeric,1.336918727,0
cant.mtx,1,2,CSC-profile,wall,return_cleanup,1.2130000000000001e-06,0
cant.mtx,1,2,CSC-profile,wall,output_free,9.8100000000000001e-07,0
cant.mtx,1,2,DCSC-profile,wall,total,1.928801931,0
cant.mtx,1,2,DCSC-profile,wall,validate,3.2099999999999998e-07,0
cant.mtx,1,2,DCSC-profile,wall,lookup_build,0.00079414299999999998,0
cant.mtx,1,2,DCSC-profile,wall,scratch_setup,7.4052000000000002e-05,0
cant.mtx,1,2,DCSC-profile,wall,work_bound,0.027602891000000001,0
cant.mtx,1,2,DCSC-profile,wall,symbolic_capacity,0.000320074,0
cant.mtx,1,2,DCSC-profile,wall,symbolic,0.53810517000000002,0
cant.mtx,1,2,DCSC-profile,wall,prefix_numeric_capacity,0.00028769100000000002,0
cant.mtx,1,2,DCSC-profile,wall,output_allocate,0.016233075,0
cant.mtx,1,2,DCSC-profile,wall,numeric,1.3453821989999999,0
cant.mtx,1,2,DCSC-profile,wall,return_cleanup,1.0219999999999999e-06,0
cant.mtx,1,2,DCSC-profile,wall,output_free,1.223e-06,0
cant.mtx,1,2,CombBLAS-profile,wall,total,1.7135552679999999,0
cant.mtx,1,2,CombBLAS-profile,wall,lookup_build,6.7840000000000001e-05,0
cant.mtx,1,2,CombBLAS-profile,wall,thread_setup,2.9359999999999999e-06,0
cant.mtx,1,2,CombBLAS-profile,wall,work_bound,0.030866009,0
cant.mtx,1,2,CombBLAS-profile,wall,work_prefix,3.6940999999999997e-05,0
cant.mtx,1,2,CombBLAS-profile,wall,symbolic,0.35054427700000002,0
cant.mtx,1,2,CombBLAS-profile,wall,output_prefix,3.8173999999999997e-05,0
cant.mtx,1,2,CombBLAS-profile,wall,output_allocate,0.024623967,0
cant.mtx,1,2,CombBLAS-profile,wall,numeric_scratch_setup,0.002098024,0
cant.mtx,1,2,CombBLAS-profile,wall,numeric,1.3052715290000001,0
cant.mtx,1,2,CombBLAS-profile,wall,internal_cleanup,3.6169999999999998e-06,0
cant.mtx,1,2,CombBLAS-profile,wall,return_cleanup,1.0419999999999999e-06,0
cant.mtx,1,2,CombBLAS-profile,wall,output_free,8.4200000000000005e-07,0
cant.mtx,1,2,DCSC-sampled,wall,total,1.93296227,0
cant.mtx,1,2,DCSC-sampled,wall,validate,2.7099999999999998e-07,0
cant.mtx,1,2,DCSC-sampled,wall,lookup_build,0.00079654699999999999,0
cant.mtx,1,2,DCSC-sampled,wall,scratch_setup,7.5574999999999994e-05,0
cant.mtx,1,2,DCSC-sampled,wall,work_bound,0.027679258000000002,0
cant.mtx,1,2,DCSC-sampled,wall,symbolic_capacity,0.00031992300000000001,0
cant.mtx,1,2,DCSC-sampled,wall,symbolic,0.53767286199999997,0
cant.mtx,1,2,DCSC-sampled,wall,prefix_numeric_capacity,0.00028703000000000002,0
cant.mtx,1,2,DCSC-sampled,wall,output_allocate,0.016214379000000001,0
cant.mtx,1,2,DCSC-sampled,wall,numeric,1.349914351,0
cant.mtx,1,2,DCSC-sampled,wall,return_cleanup,1.0020000000000001e-06,0
cant.mtx,1,2,DCSC-sampled,wall,output_free,1.0020000000000001e-06,0
cant.mtx,1,2,DCSC-sampled,sampled_worker,lookup,0,8922
cant.mtx,1,2,DCSC-sampled,sampled_worker,alloc_init,0.0027798049999998562,8922
cant.mtx,1,2,DCSC-sampled,sampled_worker,lookup_multiply_hash,0.13716800900000015,8922
cant.mtx,1,2,DCSC-sampled,sampled_worker,compact,0.0046939659999999652,8922
cant.mtx,1,2,DCSC-sampled,sampled_worker,sort,0.04617195700000018,8922
cant.mtx,1,2,DCSC-sampled,sampled_worker,write,0.0028612220000000035,8922
cant.mtx,1,2,DCSC-sampled,sampled_worker,scratch_free,0.00065209099999999809,8922
cant.mtx,1,2,CombBLAS-sampled,wall,total,1.71472979,0
cant.mtx,1,2,CombBLAS-sampled,wall,lookup_build,5.3792999999999998e-05,0
cant.mtx,1,2,CombBLAS-sampled,wall,thread_setup,2.525e-06,0
cant.mtx,1,2,CombBLAS-sampled,wall,work_bound,0.030848456,0
cant.mtx,1,2,CombBLAS-sampled,wall,work_prefix,3.642e-05,0
cant.mtx,1,2,CombBLAS-sampled,wall,symbolic,0.34988069399999999,0
cant.mtx,1,2,CombBLAS-sampled,wall,output_prefix,3.9626000000000003e-05,0
cant.mtx,1,2,CombBLAS-sampled,wall,output_allocate,0.024683151,0
cant.mtx,1,2,CombBLAS-sampled,wall,numeric_scratch_setup,0.0021350750000000002,0
cant.mtx,1,2,CombBLAS-sampled,wall,numeric,1.307045502,0
cant.mtx,1,2,CombBLAS-sampled,wall,internal_cleanup,3.3859999999999999e-06,0
cant.mtx,1,2,CombBLAS-sampled,wall,return_cleanup,7.9100000000000003e-07,0
cant.mtx,1,2,CombBLAS-sampled,wall,output_free,3.1100000000000002e-07,0
cant.mtx,1,2,CombBLAS-sampled,sampled_worker,lookup,0.0053449520000000035,8922
cant.mtx,1,2,CombBLAS-sampled,sampled_worker,alloc_init,0.0040315380000001122,8922
cant.mtx,1,2,CombBLAS-sampled,sampled_worker,lookup_multiply_hash,0.12135235600000041,8922
cant.mtx,1,2,CombBLAS-sampled,sampled_worker,compact,0.0057105609999999161,8922
cant.mtx,1,2,CombBLAS-sampled,sampled_worker,sort,0.047673353000000127,8922
cant.mtx,1,2,CombBLAS-sampled,sampled_worker,write,0.0040564270000000395,8922
cant.mtx,1,2,CombBLAS-sampled,sampled_worker,scratch_free,0.00054930999999999925,8922
cant.mtx,1,2,CombBLAS-conversion,wall,total,1.7043775050000001,0
cant.mtx,1,2,CombBLAS-conversion,wall,native_call,1.633697905,0
cant.mtx,1,2,CombBLAS-conversion,wall,tuple_to_dcsc,0.070674720999999996,0
cant.mtx,1,2,CombBLAS-conversion,wall,dcsc_free,3.6270000000000002e-06,0
cant.mtx,1,2,CombBLAS-conversion,wall,output_free,1.192e-06,0
cant.mtx,1,2,DCSC-dense-lookup,wall,total,1.760937816,0
cant.mtx,1,2,DCSC-dense-lookup,wall,native_call_and_free,1.760937304,0
cant.mtx,1,2,DCSC-static,wall,total,1.720340682,0
cant.mtx,1,2,DCSC-static,wall,native_call_and_free,1.720340352,0
cant.mtx,1,2,DCSC-dense-static,wall,total,1.79774024,0
cant.mtx,1,2,DCSC-dense-static,wall,native_call_and_free,1.79773994,0
cant.mtx,1,2,CSC-control,wall,total,1.850386734,0
cant.mtx,1,2,CSC-control,wall,native_call_and_free,1.8503864130000001,0
cant.mtx,1,2,DCSC-control,wall,total,1.7324689440000001,0
cant.mtx,1,2,DCSC-control,wall,native_call_and_free,1.732468884,0
cant.mtx,16,0,CSC-control,wall,total,0.13476357,0
cant.mtx,16,0,CSC-control,wall,native_call_and_free,0.13476329000000001,0
cant.mtx,16,0,DCSC-control,wall,total,0.127638524,0
cant.mtx,16,0,DCSC-control,wall,native_call_and_free,0.12763825500000001,0
cant.mtx,16,0,CombBLAS-control,wall,total,0.13264736099999999,0
cant.mtx,16,0,CombBLAS-control,wall,native_call_and_free,0.132646139,0
cant.mtx,16,0,CSC-profile,wall,total,0.13153937600000001,0
cant.mtx,16,0,CSC-profile,wall,validate,7.61e-07,0
cant.mtx,16,0,CSC-profile,wall,lookup_build,2.9999999999999997e-08,0
cant.mtx,16,0,CSC-profile,wall,scratch_setup,8.6465999999999995e-05,0
cant.mtx,16,0,CSC-profile,wall,work_bound,0.00084503099999999999,0
cant.mtx,16,0,CSC-profile,wall,symbolic_capacity,0.00035264600000000002,0
cant.mtx,16,0,CSC-profile,wall,symbolic,0.028648597000000001,0
cant.mtx,16,0,CSC-profile,wall,prefix_numeric_capacity,0.00053402400000000002,0
cant.mtx,16,0,CSC-profile,wall,output_allocate,0.016498974,0
cant.mtx,16,0,CSC-profile,wall,numeric,0.084569670999999999,0
cant.mtx,16,0,CSC-profile,wall,return_cleanup,1.513e-06,0
cant.mtx,16,0,CSC-profile,wall,output_free,1.3319999999999999e-06,0
cant.mtx,16,0,DCSC-profile,wall,total,0.14066558000000001,0
cant.mtx,16,0,DCSC-profile,wall,validate,6.9100000000000003e-07,0
cant.mtx,16,0,DCSC-profile,wall,lookup_build,0.00079448400000000003,0
cant.mtx,16,0,DCSC-profile,wall,scratch_setup,8.3731000000000002e-05,0
cant.mtx,16,0,DCSC-profile,wall,work_bound,0.0018106330000000001,0
cant.mtx,16,0,DCSC-profile,wall,symbolic_capacity,0.00032107499999999998,0
cant.mtx,16,0,DCSC-profile,wall,symbolic,0.034640730000000002,0
cant.mtx,16,0,DCSC-profile,wall,prefix_numeric_capacity,0.00082180600000000001,0
cant.mtx,16,0,DCSC-profile,wall,output_allocate,0.016640405,0
cant.mtx,16,0,DCSC-profile,wall,numeric,0.085549069000000005,0
cant.mtx,16,0,DCSC-profile,wall,return_cleanup,1.804e-06,0
cant.mtx,16,0,DCSC-profile,wall,output_free,1.082e-06,0
cant.mtx,16,0,CombBLAS-profile,wall,total,0.13613542200000001,0
cant.mtx,16,0,CombBLAS-profile,wall,lookup_build,5.3392e-05,0
cant.mtx,16,0,CombBLAS-profile,wall,thread_setup,6.5019999999999998e-06,0
cant.mtx,16,0,CombBLAS-profile,wall,work_bound,0.0020727160000000001,0
cant.mtx,16,0,CombBLAS-profile,wall,work_prefix,2.2773e-05,0
cant.mtx,16,0,CombBLAS-profile,wall,symbolic,0.023349623999999999,0
cant.mtx,16,0,CombBLAS-profile,wall,output_prefix,1.6861999999999999e-05,0
cant.mtx,16,0,CombBLAS-profile,wall,output_allocate,0.025778552,0
cant.mtx,16,0,CombBLAS-profile,wall,numeric_scratch_setup,0.0021003689999999999,0
cant.mtx,16,0,CombBLAS-profile,wall,numeric,0.082728509000000006,0
cant.mtx,16,0,CombBLAS-profile,wall,internal_cleanup,2.7049999999999999e-06,0
cant.mtx,16,0,CombBLAS-profile,wall,return_cleanup,2.6450000000000001e-06,0
cant.mtx,16,0,CombBLAS-profile,wall,output_free,7.1200000000000002e-07,0
cant.mtx,16,0,DCSC-sampled,wall,total,0.14093730099999999,0
cant.mtx,16,0,DCSC-sampled,wall,validate,4.51e-07,0
cant.mtx,16,0,DCSC-sampled,wall,lookup_build,0.00079481400000000002,0
cant.mtx,16,0,DCSC-sampled,wall,scratch_setup,8.4833000000000006e-05,0
cant.mtx,16,0,DCSC-sampled,wall,work_bound,0.0018138589999999999,0
cant.mtx,16,0,DCSC-sampled,wall,symbolic_capacity,0.00043289000000000001,0
cant.mtx,16,0,DCSC-sampled,wall,symbolic,0.034556358000000002,0
cant.mtx,16,0,DCSC-sampled,wall,prefix_numeric_capacity,0.00082354900000000003,0
cant.mtx,16,0,DCSC-sampled,wall,output_allocate,0.016799941999999998,0
cant.mtx,16,0,DCSC-sampled,wall,numeric,0.085628200000000002,0
cant.mtx,16,0,DCSC-sampled,wall,return_cleanup,1.232e-06,0
cant.mtx,16,0,DCSC-sampled,wall,output_free,1.1030000000000001e-06,0
cant.mtx,16,0,DCSC-sampled,sampled_worker,lookup,0,8922
cant.mtx,16,0,DCSC-sampled,sampled_worker,alloc_init,0.0027154509999999959,8922
cant.mtx,16,0,DCSC-sampled,sampled_worker,lookup_multiply_hash,0.138196557,8922
cant.mtx,16,0,DCSC-sampled,sampled_worker,compact,0.0047986490000000003,8922
cant.mtx,16,0,DCSC-sampled,sampled_worker,sort,0.046375878999999988,8922
cant.mtx,16,0,DCSC-sampled,sampled_worker,write,0.002558341999999999,8922
cant.mtx,16,0,DCSC-sampled,sampled_worker,scratch_free,0.00053789300000000229,8922
cant.mtx,16,0,CombBLAS-sampled,wall,total,0.13698901799999999,0
cant.mtx,16,0,CombBLAS-sampled,wall,lookup_build,5.1728999999999999e-05,0
cant.mtx,16,0,CombBLAS-sampled,wall,thread_setup,6.9330000000000004e-06,0
cant.mtx,16,0,CombBLAS-sampled,wall,work_bound,0.0020977840000000001,0
cant.mtx,16,0,CombBLAS-sampled,wall,work_prefix,2.3394999999999999e-05,0
cant.mtx,16,0,CombBLAS-sampled,wall,symbolic,0.023419717999999999,0
cant.mtx,16,0,CombBLAS-sampled,wall,output_prefix,1.5610000000000001e-05,0
cant.mtx,16,0,CombBLAS-sampled,wall,output_allocate,0.026316462999999998,0
cant.mtx,16,0,CombBLAS-sampled,wall,numeric_scratch_setup,0.002087434,0
cant.mtx,16,0,CombBLAS-sampled,wall,numeric,0.082963981000000006,0
cant.mtx,16,0,CombBLAS-sampled,wall,internal_cleanup,3.286e-06,0
cant.mtx,16,0,CombBLAS-sampled,wall,return_cleanup,2.1849999999999998e-06,0
cant.mtx,16,0,CombBLAS-sampled,wall,output_free,4.4000000000000002e-07,0
cant.mtx,16,0,CombBLAS-sampled,sampled_worker,lookup,0.0052631050000000023,8922
cant.mtx,16,0,CombBLAS-sampled,sampled_worker,alloc_init,0.0039104480000000082,8922
cant.mtx,16,0,CombBLAS-sampled,sampled_worker,lookup_multiply_hash,0.12165353800000003,8922
cant.mtx,16,0,CombBLAS-sampled,sampled_worker,compact,0.0057512199999999979,8922
cant.mtx,16,0,CombBLAS-sampled,sampled_worker,sort,0.047845475000000012,8922
cant.mtx,16,0,CombBLAS-sampled,sampled_worker,write,0.0038670639999999991,8922
cant.mtx,16,0,CombBLAS-sampled,sampled_worker,scratch_free,0.00051091500000000198,8922
cant.mtx,16,0,CombBLAS-conversion,wall,total,0.20620260700000001,0
cant.mtx,16,0,CombBLAS-conversion,wall,native_call,0.132836804,0
cant.mtx,16,0,CombBLAS-conversion,wall,tuple_to_dcsc,0.073362196000000005,0
cant.mtx,16,0,CombBLAS-conversion,wall,dcsc_free,2.8049999999999998e-06,0
cant.mtx,16,0,CombBLAS-conversion,wall,output_free,7.4099999999999998e-07,0
cant.mtx,16,0,DCSC-dense-lookup,wall,total,0.128600089,0
cant.mtx,16,0,DCSC-dense-lookup,wall,native_call_and_free,0.12859938700000001,0
cant.mtx,16,0,DCSC-static,wall,total,0.12781663600000001,0
cant.mtx,16,0,DCSC-static,wall,native_call_and_free,0.12781604499999999,0
cant.mtx,16,0,DCSC-dense-static,wall,total,0.13252082900000001,0
cant.mtx,16,0,DCSC-dense-static,wall,native_call_and_free,0.132520518,0
cant.mtx,16,1,CSC-control,wall,total,0.135553545,0
cant.mtx,16,1,CSC-control,wall,native_call_and_free,0.13555288400000001,0
cant.mtx,16,1,DCSC-dense-static,wall,total,0.132640488,0
cant.mtx,16,1,DCSC-dense-static,wall,native_call_and_free,0.13264019799999999,0
cant.mtx,16,1,DCSC-static,wall,total,0.12814212,0
cant.mtx,16,1,DCSC-static,wall,native_call_and_free,0.12814179000000001,0
cant.mtx,16,1,DCSC-dense-lookup,wall,total,0.12930960999999999,0
cant.mtx,16,1,DCSC-dense-lookup,wall,native_call_and_free,0.12930930900000001,0
cant.mtx,16,1,CombBLAS-conversion,wall,total,0.20554820200000001,0
cant.mtx,16,1,CombBLAS-conversion,wall,native_call,0.132799573,0
cant.mtx,16,1,CombBLAS-conversion,wall,tuple_to_dcsc,0.072744800999999998,0
cant.mtx,16,1,CombBLAS-conversion,wall,dcsc_free,3.016e-06,0
cant.mtx,16,1,CombBLAS-conversion,wall,output_free,7.5099999999999999e-07,0
cant.mtx,16,1,CombBLAS-sampled,wall,total,0.13578309499999999,0
cant.mtx,16,1,CombBLAS-sampled,wall,lookup_build,6.5485000000000001e-05,0
cant.mtx,16,1,CombBLAS-sampled,wall,thread_setup,9.8989999999999996e-06,0
cant.mtx,16,1,CombBLAS-sampled,wall,work_bound,0.0020711430000000001,0
cant.mtx,16,1,CombBLAS-sampled,wall,work_prefix,1.4678000000000001e-05,0
cant.mtx,16,1,CombBLAS-sampled,wall,symbolic,0.023227207999999999,0
cant.mtx,16,1,CombBLAS-sampled,wall,output_prefix,1.2805e-05,0
cant.mtx,16,1,CombBLAS-sampled,wall,output_allocate,0.025307148000000002,0
cant.mtx,16,1,CombBLAS-sampled,wall,numeric_scratch_setup,0.0021101370000000002,0
cant.mtx,16,1,CombBLAS-sampled,wall,numeric,0.082958169999999998,0
cant.mtx,16,1,CombBLAS-sampled,wall,internal_cleanup,3.016e-06,0
cant.mtx,16,1,CombBLAS-sampled,wall,return_cleanup,2.605e-06,0
cant.mtx,16,1,CombBLAS-sampled,wall,output_free,7.5099999999999999e-07,0
cant.mtx,16,1,CombBLAS-sampled,sampled_worker,lookup,0.005292279999999999,8922
cant.mtx,16,1,CombBLAS-sampled,sampled_worker,alloc_init,0.0038947320000000075,8922
cant.mtx,16,1,CombBLAS-sampled,sampled_worker,lookup_multiply_hash,0.12173390399999999,8922
cant.mtx,16,1,CombBLAS-sampled,sampled_worker,compact,0.0057732379999999956,8922
cant.mtx,16,1,CombBLAS-sampled,sampled_worker,sort,0.047811662000000019,8922
cant.mtx,16,1,CombBLAS-sampled,sampled_worker,write,0.0038862299999999992,8922
cant.mtx,16,1,CombBLAS-sampled,sampled_worker,scratch_free,0.00051581800000000176,8922
cant.mtx,16,1,DCSC-sampled,wall,total,0.140341419,0
cant.mtx,16,1,DCSC-sampled,wall,validate,7.9100000000000003e-07,0
cant.mtx,16,1,DCSC-sampled,wall,lookup_build,0.00079576600000000005,0
cant.mtx,16,1,DCSC-sampled,wall,scratch_setup,8.4492000000000004e-05,0
cant.mtx,16,1,DCSC-sampled,wall,work_bound,0.0018233170000000001,0
cant.mtx,16,1,DCSC-sampled,wall,symbolic_capacity,0.00035491100000000002,0
cant.mtx,16,1,DCSC-sampled,wall,symbolic,0.034426788999999999,0
cant.mtx,16,1,DCSC-sampled,wall,prefix_numeric_capacity,0.00080298999999999995,0
cant.mtx,16,1,DCSC-sampled,wall,output_allocate,0.016487462000000001,0
cant.mtx,16,1,DCSC-sampled,wall,numeric,0.085562585999999996,0
cant.mtx,16,1,DCSC-sampled,wall,return_cleanup,1.3120000000000001e-06,0
cant.mtx,16,1,DCSC-sampled,wall,output_free,9.3200000000000003e-07,0
cant.mtx,16,1,DCSC-sampled,sampled_worker,lookup,0,8922
cant.mtx,16,1,DCSC-sampled,sampled_worker,alloc_init,0.0026918629999999962,8922
cant.mtx,16,1,DCSC-sampled,sampled_worker,lookup_multiply_hash,0.13827350799999996,8922
cant.mtx,16,1,DCSC-sampled,sampled_worker,compact,0.0047706590000000009,8922
cant.mtx,16,1,DCSC-sampled,sampled_worker,sort,0.046386010000000012,8922
cant.mtx,16,1,DCSC-sampled,sampled_worker,write,0.0025499859999999984,8922
cant.mtx,16,1,DCSC-sampled,sampled_worker,scratch_free,0.00054580100000000222,8922
cant.mtx,16,1,CombBLAS-profile,wall,total,0.136258087,0
cant.mtx,16,1,CombBLAS-profile,wall,lookup_build,5.2590999999999998e-05,0
cant.mtx,16,1,CombBLAS-profile,wall,thread_setup,8.4060000000000005e-06,0
cant.mtx,16,1,CombBLAS-profile,wall,work_bound,0.0020996370000000001,0
cant.mtx,16,1,CombBLAS-profile,wall,work_prefix,2.3645000000000001e-05,0
cant.mtx,16,1,CombBLAS-profile,wall,symbolic,0.023142316,0
cant.mtx,16,1,CombBLAS-profile,wall,output_prefix,1.6030999999999999e-05,0
cant.mtx,16,1,CombBLAS-profile,wall,output_allocate,0.026182106,0
cant.mtx,16,1,CombBLAS-profile,wall,numeric_scratch_setup,0.0020512339999999999,0
cant.mtx,16,1,CombBLAS-profile,wall,numeric,0.082676360000000004,0
cant.mtx,16,1,CombBLAS-profile,wall,internal_cleanup,2.7750000000000001e-06,0
cant.mtx,16,1,CombBLAS-profile,wall,return_cleanup,2.204e-06,0
cant.mtx,16,1,CombBLAS-profile,wall,output_free,7.2099999999999996e-07,0
cant.mtx,16,1,DCSC-profile,wall,total,0.14021561699999999,0
cant.mtx,16,1,DCSC-profile,wall,validate,4.7100000000000002e-07,0
cant.mtx,16,1,DCSC-profile,wall,lookup_build,0.000795515,0
cant.mtx,16,1,DCSC-profile,wall,scratch_setup,8.4152000000000003e-05,0
cant.mtx,16,1,DCSC-profile,wall,work_bound,0.001822796,0
cant.mtx,16,1,DCSC-profile,wall,symbolic_capacity,0.00032067499999999997,0
cant.mtx,16,1,DCSC-profile,wall,symbolic,0.034408322999999998,0
cant.mtx,16,1,DCSC-profile,wall,prefix_numeric_capacity,0.00091905299999999997,0
cant.mtx,16,1,DCSC-profile,wall,output_allocate,0.016451614,0
cant.mtx,16,1,DCSC-profile,wall,numeric,0.085410512999999993,0
cant.mtx,16,1,DCSC-profile,wall,return_cleanup,1.172e-06,0
cant.mtx,16,1,DCSC-profile,wall,output_free,1.2729999999999999e-06,0
cant.mtx,16,1,CSC-profile,wall,total,0.13149431,0
cant.mtx,16,1,CSC-profile,wall,validate,4.4999999999999998e-07,0
cant.mtx,16,1,CSC-profile,wall,lookup_build,4.0000000000000001e-08,0
cant.mtx,16,1,CSC-profile,wall,scratch_setup,8.4672999999999994e-05,0
cant.mtx,16,1,CSC-profile,wall,work_bound,0.00069320899999999997,0
cant.mtx,16,1,CSC-profile,wall,symbolic_capacity,0.00036404800000000001,0
cant.mtx,16,1,CSC-profile,wall,symbolic,0.028833232,0
cant.mtx,16,1,CSC-profile,wall,prefix_numeric_capacity,0.000530387,0
cant.mtx,16,1,CSC-profile,wall,output_allocate,0.016435913,0
cant.mtx,16,1,CSC-profile,wall,numeric,0.084550364000000003,0
cant.mtx,16,1,CSC-profile,wall,return_cleanup,1.071e-06,0
cant.mtx,16,1,CSC-profile,wall,output_free,8.5199999999999995e-07,0
cant.mtx,16,1,CombBLAS-control,wall,total,0.132446165,0
cant.mtx,16,1,CombBLAS-control,wall,native_call_and_free,0.132445644,0
cant.mtx,16,1,DCSC-control,wall,total,0.12760560100000001,0
cant.mtx,16,1,DCSC-control,wall,native_call_and_free,0.12760533199999999,0
cant.mtx,16,2,CombBLAS-control,wall,total,0.13346019100000001,0
cant.mtx,16,2,CombBLAS-control,wall,native_call_and_free,0.13345911899999999,0
cant.mtx,16,2,CSC-profile,wall,total,0.131608799,0
cant.mtx,16,2,CSC-profile,wall,validate,6.0100000000000005e-07,0
cant.mtx,16,2,CSC-profile,wall,lookup_build,4.0000000000000001e-08,0
cant.mtx,16,2,CSC-profile,wall,scratch_setup,8.7538000000000001e-05,0
cant.mtx,16,2,CSC-profile,wall,work_bound,0.00086622100000000003,0
cant.mtx,16,2,CSC-profile,wall,symbolic_capacity,0.00039849500000000001,0
cant.mtx,16,2,CSC-profile,wall,symbolic,0.028958541000000001,0
cant.mtx,16,2,CSC-profile,wall,prefix_numeric_capacity,0.00053709899999999997,0
cant.mtx,16,2,CSC-profile,wall,output_allocate,0.016302598000000001,0
cant.mtx,16,2,CSC-profile,wall,numeric,0.084455190999999999,0
cant.mtx,16,2,CSC-profile,wall,return_cleanup,1.443e-06,0
cant.mtx,16,2,CSC-profile,wall,output_free,8.4200000000000005e-07,0
cant.mtx,16,2,DCSC-profile,wall,total,0.14053362599999999,0
cant.mtx,16,2,DCSC-profile,wall,validate,2.6e-07,0
cant.mtx,16,2,DCSC-profile,wall,lookup_build,0.00081110600000000002,0
cant.mtx,16,2,DCSC-profile,wall,scratch_setup,9.7887999999999995e-05,0
cant.mtx,16,2,DCSC-profile,wall,work_bound,0.0018075070000000001,0
cant.mtx,16,2,DCSC-profile,wall,symbolic_capacity,0.00031954200000000002,0
cant.mtx,16,2,DCSC-profile,wall,symbolic,0.034639437000000002,0
cant.mtx,16,2,DCSC-profile,wall,prefix_numeric_capacity,0.00081640599999999999,0
cant.mtx,16,2,DCSC-profile,wall,output_allocate,0.016621038000000001,0
cant.mtx,16,2,DCSC-profile,wall,numeric,0.085418539000000002,0
cant.mtx,16,2,DCSC-profile,wall,return_cleanup,7.5099999999999999e-07,0
cant.mtx,16,2,DCSC-profile,wall,output_free,1.0920000000000001e-06,0
cant.mtx,16,2,CombBLAS-profile,wall,total,0.13668123800000001,0
cant.mtx,16,2,CombBLAS-profile,wall,lookup_build,5.3041999999999998e-05,0
cant.mtx,16,2,CombBLAS-profile,wall,thread_setup,8.2160000000000006e-06,0
cant.mtx,16,2,CombBLAS-profile,wall,work_bound,0.0020966209999999999,0
cant.mtx,16,2,CombBLAS-profile,wall,work_prefix,2.2994e-05,0
cant.mtx,16,2,CombBLAS-profile,wall,symbolic,0.023523136,0
cant.mtx,16,2,CombBLAS-profile,wall,output_prefix,1.6030999999999999e-05,0
cant.mtx,16,2,CombBLAS-profile,wall,output_allocate,0.025992382000000001,0
cant.mtx,16,2,CombBLAS-profile,wall,numeric_scratch_setup,0.0021741199999999999,0
cant.mtx,16,2,CombBLAS-profile,wall,numeric,0.082788444000000003,0
cant.mtx,16,2,CombBLAS-profile,wall,internal_cleanup,2.8059999999999999e-06,0
cant.mtx,16,2,CombBLAS-profile,wall,return_cleanup,2.7650000000000002e-06,0
cant.mtx,16,2,CombBLAS-profile,wall,output_free,6.2099999999999996e-07,0
cant.mtx,16,2,DCSC-sampled,wall,total,0.14069147900000001,0
cant.mtx,16,2,DCSC-sampled,wall,validate,2.5100000000000001e-07,0
cant.mtx,16,2,DCSC-sampled,wall,lookup_build,0.00079501400000000003,0
cant.mtx,16,2,DCSC-sampled,wall,scratch_setup,8.6216000000000003e-05,0
cant.mtx,16,2,DCSC-sampled,wall,work_bound,0.0018107220000000001,0
cant.mtx,16,2,DCSC-sampled,wall,symbolic_capacity,0.00033325899999999997,0
cant.mtx,16,2,DCSC-sampled,wall,symbolic,0.034592467000000002,0
cant.mtx,16,2,DCSC-sampled,wall,prefix_numeric_capacity,0.00080449299999999998,0
cant.mtx,16,2,DCSC-sampled,wall,output_allocate,0.016574118999999998,0
cant.mtx,16,2,DCSC-sampled,wall,numeric,0.085692363999999993,0
cant.mtx,16,2,DCSC-sampled,wall,return_cleanup,1.2419999999999999e-06,0
cant.mtx,16,2,DCSC-sampled,wall,output_free,1.2720000000000001e-06,0
cant.mtx,16,2,DCSC-sampled,sampled_worker,lookup,0,8922
cant.mtx,16,2,DCSC-sampled,sampled_worker,alloc_init,0.0026864829999999965,8922
cant.mtx,16,2,DCSC-sampled,sampled_worker,lookup_multiply_hash,0.13825079299999996,8922
cant.mtx,16,2,DCSC-sampled,sampled_worker,compact,0.0047805769999999985,8922
cant.mtx,16,2,DCSC-sampled,sampled_worker,sort,0.046413590000000018,8922
cant.mtx,16,2,DCSC-sampled,sampled_worker,write,0.0025523889999999978,8922
cant.mtx,16,2,DCSC-sampled,sampled_worker,scratch_free,0.00054339500000000218,8922
cant.mtx,16,2,CombBLAS-sampled,wall,total,0.13638597199999999,0
cant.mtx,16,2,CombBLAS-sampled,wall,lookup_build,5.202e-05,0
cant.mtx,16,2,CombBLAS-sampled,wall,thread_setup,7.9750000000000007e-06,0
cant.mtx,16,2,CombBLAS-sampled,wall,work_bound,0.0020725959999999999,0
cant.mtx,16,2,CombBLAS-sampled,wall,work_prefix,2.1942000000000001e-05,0
cant.mtx,16,2,CombBLAS-sampled,wall,symbolic,0.023239461999999999,0
cant.mtx,16,2,CombBLAS-sampled,wall,output_prefix,1.6291e-05,0
cant.mtx,16,2,CombBLAS-sampled,wall,output_allocate,0.025988524999999998,0
cant.mtx,16,2,CombBLAS-sampled,wall,numeric_scratch_setup,0.0020633969999999998,0
cant.mtx,16,2,CombBLAS-sampled,wall,numeric,0.082917461999999997,0
cant.mtx,16,2,CombBLAS-sampled,wall,internal_cleanup,2.7159999999999999e-06,0
cant.mtx,16,2,CombBLAS-sampled,wall,return_cleanup,2.835e-06,0
cant.mtx,16,2,CombBLAS-sampled,wall,output_free,7.0100000000000004e-07,0
cant.mtx,16,2,CombBLAS-sampled,sampled_worker,lookup,0.0052785850000000023,8922
cant.mtx,16,2,CombBLAS-sampled,sampled_worker,alloc_init,0.0039699500000000094,8922
cant.mtx,16,2,CombBLAS-sampled,sampled_worker,lookup_multiply_hash,0.121686612,8922
cant.mtx,16,2,CombBLAS-sampled,sampled_worker,compact,0.0057482619999999962,8922
cant.mtx,16,2,CombBLAS-sampled,sampled_worker,sort,0.047988875000000007,8922
cant.mtx,16,2,CombBLAS-sampled,sampled_worker,write,0.0038758929999999992,8922
cant.mtx,16,2,CombBLAS-sampled,sampled_worker,scratch_free,0.0005118880000000019,8922
cant.mtx,16,2,CombBLAS-conversion,wall,total,0.20525504,0
cant.mtx,16,2,CombBLAS-conversion,wall,native_call,0.13234227600000001,0
cant.mtx,16,2,CombBLAS-conversion,wall,tuple_to_dcsc,0.072908685000000001,0
cant.mtx,16,2,CombBLAS-conversion,wall,dcsc_free,3.287e-06,0
cant.mtx,16,2,CombBLAS-conversion,wall,output_free,7.3099999999999997e-07,0
cant.mtx,16,2,DCSC-dense-lookup,wall,total,0.128870708,0
cant.mtx,16,2,DCSC-dense-lookup,wall,native_call_and_free,0.128870437,0
cant.mtx,16,2,DCSC-static,wall,total,0.128292499,0
cant.mtx,16,2,DCSC-static,wall,native_call_and_free,0.128292198,0
cant.mtx,16,2,DCSC-dense-static,wall,total,0.13227172100000001,0
cant.mtx,16,2,DCSC-dense-static,wall,native_call_and_free,0.132270317,0
cant.mtx,16,2,CSC-control,wall,total,0.135448815,0
cant.mtx,16,2,CSC-control,wall,native_call_and_free,0.13544830399999999,0
cant.mtx,16,2,DCSC-control,wall,total,0.127760979,0
cant.mtx,16,2,DCSC-control,wall,native_call_and_free,0.12776051899999999,0
cant.mtx,16,3,CombBLAS-control,wall,total,0.13302449399999999,0
cant.mtx,16,3,CombBLAS-control,wall,native_call_and_free,0.13302349299999999,0
cant.mtx,16,3,DCSC-control,wall,total,0.127586215,0
cant.mtx,16,3,DCSC-control,wall,native_call_and_free,0.127585534,0
cant.mtx,16,3,CSC-control,wall,total,0.134104366,0
cant.mtx,16,3,CSC-control,wall,native_call_and_free,0.13410403500000001,0
cant.mtx,16,3,DCSC-dense-static,wall,total,0.13240386400000001,0
cant.mtx,16,3,DCSC-dense-static,wall,native_call_and_free,0.13240358399999999,0
cant.mtx,16,3,DCSC-static,wall,total,0.12824827499999999,0
cant.mtx,16,3,DCSC-static,wall,native_call_and_free,0.128247954,0
cant.mtx,16,3,DCSC-dense-lookup,wall,total,0.12976347999999999,0
cant.mtx,16,3,DCSC-dense-lookup,wall,native_call_and_free,0.12976324,0
cant.mtx,16,3,CombBLAS-conversion,wall,total,0.20506271100000001,0
cant.mtx,16,3,CombBLAS-conversion,wall,native_call,0.132318721,0
cant.mtx,16,3,CombBLAS-conversion,wall,tuple_to_dcsc,0.072740131999999999,0
cant.mtx,16,3,CombBLAS-conversion,wall,dcsc_free,2.8250000000000001e-06,0
cant.mtx,16,3,CombBLAS-conversion,wall,output_free,9.7199999999999997e-07,0
cant.mtx,16,3,CombBLAS-sampled,wall,total,0.13602036100000001,0
cant.mtx,16,3,CombBLAS-sampled,wall,lookup_build,6.4824000000000001e-05,0
cant.mtx,16,3,CombBLAS-sampled,wall,thread_setup,1.1422e-05,0
cant.mtx,16,3,CombBLAS-sampled,wall,work_bound,0.0020753910000000002,0
cant.mtx,16,3,CombBLAS-sampled,wall,work_prefix,1.7694e-05,0
cant.mtx,16,3,CombBLAS-sampled,wall,symbolic,0.023191119,0
cant.mtx,16,3,CombBLAS-sampled,wall,output_prefix,1.2534000000000001e-05,0
cant.mtx,16,3,CombBLAS-sampled,wall,output_allocate,0.025606271,0
cant.mtx,16,3,CombBLAS-sampled,wall,numeric_scratch_setup,0.0020411750000000001,0
cant.mtx,16,3,CombBLAS-sampled,wall,numeric,0.082993628,0
cant.mtx,16,3,CombBLAS-sampled,wall,internal_cleanup,3.1259999999999998e-06,0
cant.mtx,16,3,CombBLAS-sampled,wall,return_cleanup,2.605e-06,0
cant.mtx,16,3,CombBLAS-sampled,wall,output_free,5.1099999999999996e-07,0
cant.mtx,16,3,CombBLAS-sampled,sampled_worker,lookup,0.0052918660000000027,8922
cant.mtx,16,3,CombBLAS-sampled,sampled_worker,alloc_init,0.003913037000000009,8922
cant.mtx,16,3,CombBLAS-sampled,sampled_worker,lookup_multiply_hash,0.12161414999999998,8922
cant.mtx,16,3,CombBLAS-sampled,sampled_worker,compact,0.0057277679999999951,8922
cant.mtx,16,3,CombBLAS-sampled,sampled_worker,sort,0.047715344999999992,8922
cant.mtx,16,3,CombBLAS-sampled,sampled_worker,write,0.0038623269999999992,8922
cant.mtx,16,3,CombBLAS-sampled,sampled_worker,scratch_free,0.00051327400000000193,8922
cant.mtx,16,3,DCSC-sampled,wall,total,0.140500293,0
cant.mtx,16,3,DCSC-sampled,wall,validate,2.7099999999999998e-07,0
cant.mtx,16,3,DCSC-sampled,wall,lookup_build,0.00079623699999999999,0
cant.mtx,16,3,DCSC-sampled,wall,scratch_setup,8.5103000000000002e-05,0
cant.mtx,16,3,DCSC-sampled,wall,work_bound,0.0018253010000000001,0
cant.mtx,16,3,DCSC-sampled,wall,symbolic_capacity,0.00032140700000000001,0
cant.mtx,16,3,DCSC-sampled,wall,symbolic,0.034622913999999998,0
cant.mtx,16,3,DCSC-sampled,wall,prefix_numeric_capacity,0.00088205200000000003,0
cant.mtx,16,3,DCSC-sampled,wall,output_allocate,0.016278171000000001,0
cant.mtx,16,3,DCSC-sampled,wall,numeric,0.085686822999999995,0
cant.mtx,16,3,DCSC-sampled,wall,return_cleanup,9.6200000000000006e-07,0
cant.mtx,16,3,DCSC-sampled,wall,output_free,9.9199999999999999e-07,0
cant.mtx,16,3,DCSC-sampled,sampled_worker,lookup,0,8922
cant.mtx,16,3,DCSC-sampled,sampled_worker,alloc_init,0.0026852989999999969,8922
cant.mtx,16,3,DCSC-sampled,sampled_worker,lookup_multiply_hash,0.13820086499999998,8922
cant.mtx,16,3,DCSC-sampled,sampled_worker,compact,0.0047757479999999989,8922
cant.mtx,16,3,DCSC-sampled,sampled_worker,sort,0.046414408000000004,8922
cant.mtx,16,3,DCSC-sampled,sampled_worker,write,0.0025679719999999991,8922
cant.mtx,16,3,DCSC-sampled,sampled_worker,scratch_free,0.00054467400000000226,8922
cant.mtx,16,3,CombBLAS-profile,wall,total,0.13632659799999999,0
cant.mtx,16,3,CombBLAS-profile,wall,lookup_build,5.2621000000000003e-05,0
cant.mtx,16,3,CombBLAS-profile,wall,thread_setup,8.5459999999999992e-06,0
cant.mtx,16,3,CombBLAS-profile,wall,work_bound,0.0020843179999999999,0
cant.mtx,16,3,CombBLAS-profile,wall,work_prefix,2.2333000000000001e-05,0
cant.mtx,16,3,CombBLAS-profile,wall,symbolic,0.023457349999999998,0
cant.mtx,16,3,CombBLAS-profile,wall,output_prefix,1.6191000000000001e-05,0
cant.mtx,16,3,CombBLAS-profile,wall,output_allocate,0.025770817000000001,0
cant.mtx,16,3,CombBLAS-profile,wall,numeric_scratch_setup,0.0022339539999999998,0
cant.mtx,16,3,CombBLAS-profile,wall,numeric,0.082674095000000003,0
cant.mtx,16,3,CombBLAS-profile,wall,internal_cleanup,2.8760000000000001e-06,0
cant.mtx,16,3,CombBLAS-profile,wall,return_cleanup,2.9359999999999999e-06,0
cant.mtx,16,3,CombBLAS-profile,wall,output_free,4.9100000000000004e-07,0
cant.mtx,16,3,DCSC-profile,wall,total,0.140732318,0
cant.mtx,16,3,DCSC-profile,wall,validate,6.8100000000000002e-07,0
cant.mtx,16,3,DCSC-profile,wall,lookup_build,0.000794764,0
cant.mtx,16,3,DCSC-profile,wall,scratch_setup,0.00010432,0
cant.mtx,16,3,DCSC-profile,wall,work_bound,0.0018076469999999999,0
cant.mtx,16,3,DCSC-profile,wall,symbolic_capacity,0.000324643,0
cant.mtx,16,3,DCSC-profile,wall,symbolic,0.034886460000000001,0
cant.mtx,16,3,DCSC-profile,wall,prefix_numeric_capacity,0.000813721,0
cant.mtx,16,3,DCSC-profile,wall,output_allocate,0.016582715000000001,0
cant.mtx,16,3,DCSC-profile,wall,numeric,0.085415091999999998,0
cant.mtx,16,3,DCSC-profile,wall,return_cleanup,1.0020000000000001e-06,0
cant.mtx,16,3,DCSC-profile,wall,output_free,1.2130000000000001e-06,0
cant.mtx,16,3,CSC-profile,wall,total,0.13155588800000001,0
cant.mtx,16,3,CSC-profile,wall,validate,4.51e-07,0
cant.mtx,16,3,CSC-profile,wall,lookup_build,2.9999999999999997e-08,0
cant.mtx,16,3,CSC-profile,wall,scratch_setup,0.000103769,0
cant.mtx,16,3,CSC-profile,wall,work_bound,0.00068653699999999998,0
cant.mtx,16,3,CSC-profile,wall,symbolic_capacity,0.000367635,0
cant.mtx,16,3,CSC-profile,wall,symbolic,0.028810246000000001,0
cant.mtx,16,3,CSC-profile,wall,prefix_numeric_capacity,0.00054272100000000002,0
cant.mtx,16,3,CSC-profile,wall,output_allocate,0.016629766000000001,0
cant.mtx,16,3,CSC-profile,wall,numeric,0.084412809000000005,0
cant.mtx,16,3,CSC-profile,wall,return_cleanup,1.0729999999999999e-06,0
cant.mtx,16,3,CSC-profile,wall,output_free,7.9100000000000003e-07,0
cant.mtx,16,4,DCSC-profile,wall,total,0.14092584899999999,0
cant.mtx,16,4,DCSC-profile,wall,validate,2.91e-07,0
cant.mtx,16,4,DCSC-profile,wall,lookup_build,0.00081225799999999995,0
cant.mtx,16,4,DCSC-profile,wall,scratch_setup,8.9491000000000001e-05,0
cant.mtx,16,4,DCSC-profile,wall,work_bound,0.001804,0
cant.mtx,16,4,DCSC-profile,wall,symbolic_capacity,0.000331746,0
cant.mtx,16,4,DCSC-profile,wall,symbolic,0.034878566,0
cant.mtx,16,4,DCSC-profile,wall,prefix_numeric_capacity,0.00081758799999999995,0
cant.mtx,16,4,DCSC-profile,wall,output_allocate,0.016752489999999998,0
cant.mtx,16,4,DCSC-profile,wall,numeric,0.085436804000000005,0
cant.mtx,16,4,DCSC-profile,wall,return_cleanup,1.062e-06,0
cant.mtx,16,4,DCSC-profile,wall,output_free,1.4929999999999999e-06,0
cant.mtx,16,4,CombBLAS-profile,wall,total,0.13633551499999999,0
cant.mtx,16,4,CombBLAS-profile,wall,lookup_build,5.3161999999999997e-05,0
cant.mtx,16,4,CombBLAS-profile,wall,thread_setup,6.5520000000000001e-06,0
cant.mtx,16,4,CombBLAS-profile,wall,work_bound,0.0020702310000000001,0
cant.mtx,16,4,CombBLAS-profile,wall,work_prefix,2.3354999999999999e-05,0
cant.mtx,16,4,CombBLAS-profile,wall,symbolic,0.023322941999999999,0
cant.mtx,16,4,CombBLAS-profile,wall,output_prefix,1.6872e-05,0
cant.mtx,16,4,CombBLAS-profile,wall,output_allocate,0.025901027,0
cant.mtx,16,4,CombBLAS-profile,wall,numeric_scratch_setup,0.0021588610000000002,0
cant.mtx,16,4,CombBLAS-profile,wall,numeric,0.082776531,0
cant.mtx,16,4,CombBLAS-profile,wall,internal_cleanup,2.7860000000000001e-06,0
cant.mtx,16,4,CombBLAS-profile,wall,return_cleanup,2.3640000000000002e-06,0
cant.mtx,16,4,CombBLAS-profile,wall,output_free,7.7199999999999998e-07,0
cant.mtx,16,4,DCSC-sampled,wall,total,0.14107660799999999,0
cant.mtx,16,4,DCSC-sampled,wall,validate,2.1e-07,0
cant.mtx,16,4,DCSC-sampled,wall,lookup_build,0.00079598699999999995,0
cant.mtx,16,4,DCSC-sampled,wall,scratch_setup,8.4000999999999998e-05,0
cant.mtx,16,4,DCSC-sampled,wall,work_bound,0.001811043,0
cant.mtx,16,4,DCSC-sampled,wall,symbolic_capacity,0.00031944299999999998,0
cant.mtx,16,4,DCSC-sampled,wall,symbolic,0.035002534000000002,0
cant.mtx,16,4,DCSC-sampled,wall,prefix_numeric_capacity,0.00081292799999999998,0
cant.mtx,16,4,DCSC-sampled,wall,output_allocate,0.016612583,0
cant.mtx,16,4,DCSC-sampled,wall,numeric,0.085635104000000004,0
cant.mtx,16,4,DCSC-sampled,wall,return_cleanup,1.212e-06,0
cant.mtx,16,4,DCSC-sampled,wall,output_free,1.403e-06,0
cant.mtx,16,4,DCSC-sampled,sampled_worker,lookup,0,8922
cant.mtx,16,4,DCSC-sampled,sampled_worker,alloc_init,0.0027023229999999969,8922
cant.mtx,16,4,DCSC-sampled,sampled_worker,lookup_multiply_hash,0.13857388000000001,8922
cant.mtx,16,4,DCSC-sampled,sampled_worker,compact,0.0047732939999999991,8922
cant.mtx,16,4,DCSC-sampled,sampled_worker,sort,0.046446199999999986,8922
cant.mtx,16,4,DCSC-sampled,sampled_worker,write,0.002576479999999999,8922
cant.mtx,16,4,DCSC-sampled,sampled_worker,scratch_free,0.000542833000000002,8922
cant.mtx,16,4,CombBLAS-sampled,wall,total,0.13654672100000001,0
cant.mtx,16,4,CombBLAS-sampled,wall,lookup_build,5.3301999999999999e-05,0
cant.mtx,16,4,CombBLAS-sampled,wall,thread_setup,8.867e-06,0
cant.mtx,16,4,CombBLAS-sampled,wall,work_bound,0.0020918619999999999,0
cant.mtx,16,4,CombBLAS-sampled,wall,work_prefix,2.5568999999999999e-05,0
cant.mtx,16,4,CombBLAS-sampled,wall,symbolic,0.023404207999999999,0
cant.mtx,16,4,CombBLAS-sampled,wall,output_prefix,1.6150999999999998e-05,0
cant.mtx,16,4,CombBLAS-sampled,wall,output_allocate,0.025873294000000002,0
cant.mtx,16,4,CombBLAS-sampled,wall,numeric_scratch_setup,0.0020458339999999998,0
cant.mtx,16,4,CombBLAS-sampled,wall,numeric,0.083021361000000002,0
cant.mtx,16,4,CombBLAS-sampled,wall,internal_cleanup,3.236e-06,0
cant.mtx,16,4,CombBLAS-sampled,wall,return_cleanup,2.4339999999999999e-06,0
cant.mtx,16,4,CombBLAS-sampled,wall,output_free,5.3200000000000005e-07,0
cant.mtx,16,4,CombBLAS-sampled,sampled_worker,lookup,0.0052658390000000022,8922
cant.mtx,16,4,CombBLAS-sampled,sampled_worker,alloc_init,0.0039188860000000068,8922
cant.mtx,16,4,CombBLAS-sampled,sampled_worker,lookup_multiply_hash,0.12177748800000003,8922
cant.mtx,16,4,CombBLAS-sampled,sampled_worker,compact,0.0057546539999999945,8922
cant.mtx,16,4,CombBLAS-sampled,sampled_worker,sort,0.047835648999999987,8922
cant.mtx,16,4,CombBLAS-sampled,sampled_worker,write,0.0038646729999999999,8922
cant.mtx,16,4,CombBLAS-sampled,sampled_worker,scratch_free,0.0005176450000000018,8922
cant.mtx,16,4,CombBLAS-conversion,wall,total,0.205761581,0
cant.mtx,16,4,CombBLAS-conversion,wall,native_call,0.13296123300000001,0
cant.mtx,16,4,CombBLAS-conversion,wall,tuple_to_dcsc,0.072796189999999997,0
cant.mtx,16,4,CombBLAS-conversion,wall,dcsc_free,3.287e-06,0
cant.mtx,16,4,CombBLAS-conversion,wall,output_free,8.0100000000000004e-07,0
cant.mtx,16,4,DCSC-dense-lookup,wall,total,0.128936825,0
cant.mtx,16,4,DCSC-dense-lookup,wall,native_call_and_free,0.12893653399999999,0
cant.mtx,16,4,DCSC-static,wall,total,0.12811578000000001,0
cant.mtx,16,4,DCSC-static,wall,native_call_and_free,0.128115389,0
cant.mtx,16,4,DCSC-dense-static,wall,total,0.13244510400000001,0
cant.mtx,16,4,DCSC-dense-static,wall,native_call_and_free,0.13244435299999999,0
cant.mtx,16,4,CSC-control,wall,total,0.136386963,0
cant.mtx,16,4,CSC-control,wall,native_call_and_free,0.13638689300000001,0
cant.mtx,16,4,DCSC-control,wall,total,0.12795147500000001,0
cant.mtx,16,4,DCSC-control,wall,native_call_and_free,0.127951224,0
cant.mtx,16,4,CombBLAS-control,wall,total,0.133581483,0
cant.mtx,16,4,CombBLAS-control,wall,native_call_and_free,0.13358099200000001,0
cant.mtx,16,4,CSC-profile,wall,total,0.13220995299999999,0
cant.mtx,16,4,CSC-profile,wall,validate,8.6099999999999999e-07,0
cant.mtx,16,4,CSC-profile,wall,lookup_build,4.0000000000000001e-08,0
cant.mtx,16,4,CSC-profile,wall,scratch_setup,8.6075000000000005e-05,0
cant.mtx,16,4,CSC-profile,wall,work_bound,0.00084982999999999999,0
cant.mtx,16,4,CSC-profile,wall,symbolic_capacity,0.00039121000000000002,0
cant.mtx,16,4,CSC-profile,wall,symbolic,0.029295278000000001,0
cant.mtx,16,4,CSC-profile,wall,prefix_numeric_capacity,0.00053322199999999997,0
cant.mtx,16,4,CSC-profile,wall,output_allocate,0.016512280000000001,0
cant.mtx,16,4,CSC-profile,wall,numeric,0.084538711000000002,0
cant.mtx,16,4,CSC-profile,wall,return_cleanup,1.463e-06,0
cant.mtx,16,4,CSC-profile,wall,output_free,9.1100000000000004e-07,0
cant.mtx,16,5,DCSC-profile,wall,total,0.14078916799999999,0
cant.mtx,16,5,DCSC-profile,wall,validate,5.51e-07,0
cant.mtx,16,5,DCSC-profile,wall,lookup_build,0.00079658799999999998,0
cant.mtx,16,5,DCSC-profile,wall,scratch_setup,8.3499999999999997e-05,0
cant.mtx,16,5,DCSC-profile,wall,work_bound,0.001798439,0
cant.mtx,16,5,DCSC-profile,wall,symbolic_capacity,0.00032783900000000002,0
cant.mtx,16,5,DCSC-profile,wall,symbolic,0.034984178999999997,0
cant.mtx,16,5,DCSC-profile,wall,prefix_numeric_capacity,0.000816916,0
cant.mtx,16,5,DCSC-profile,wall,output_allocate,0.016478355,0
cant.mtx,16,5,DCSC-profile,wall,numeric,0.085500566,0
cant.mtx,16,5,DCSC-profile,wall,return_cleanup,1.052e-06,0
cant.mtx,16,5,DCSC-profile,wall,output_free,1.1119999999999999e-06,0
cant.mtx,16,5,CSC-profile,wall,total,0.131526532,0
cant.mtx,16,5,CSC-profile,wall,validate,6.2099999999999996e-07,0
cant.mtx,16,5,CSC-profile,wall,lookup_build,3.1e-08,0
cant.mtx,16,5,CSC-profile,wall,scratch_setup,8.5002999999999999e-05,0
cant.mtx,16,5,CSC-profile,wall,work_bound,0.00068058500000000004,0
cant.mtx,16,5,CSC-profile,wall,symbolic_capacity,0.00035702500000000002,0
cant.mtx,16,5,CSC-profile,wall,symbolic,0.029030107999999999,0
cant.mtx,16,5,CSC-profile,wall,prefix_numeric_capacity,0.00053125899999999996,0
cant.mtx,16,5,CSC-profile,wall,output_allocate,0.016364657000000001,0
cant.mtx,16,5,CSC-profile,wall,numeric,0.084474837999999997,0
cant.mtx,16,5,CSC-profile,wall,return_cleanup,1.353e-06,0
cant.mtx,16,5,CSC-profile,wall,output_free,9.9199999999999999e-07,0
cant.mtx,16,5,CombBLAS-control,wall,total,0.13287542899999999,0
cant.mtx,16,5,CombBLAS-control,wall,native_call_and_free,0.13287494799999999,0
cant.mtx,16,5,DCSC-control,wall,total,0.12790641799999999,0
cant.mtx,16,5,DCSC-control,wall,native_call_and_free,0.12790633800000001,0
cant.mtx,16,5,CSC-control,wall,total,0.13472278200000001,0
cant.mtx,16,5,CSC-control,wall,native_call_and_free,0.134722492,0
cant.mtx,16,5,DCSC-dense-static,wall,total,0.132183201,0
cant.mtx,16,5,DCSC-dense-static,wall,native_call_and_free,0.13218289999999999,0
cant.mtx,16,5,DCSC-static,wall,total,0.128129627,0
cant.mtx,16,5,DCSC-static,wall,native_call_and_free,0.12812932599999999,0
cant.mtx,16,5,DCSC-dense-lookup,wall,total,0.12953652399999999,0
cant.mtx,16,5,DCSC-dense-lookup,wall,native_call_and_free,0.12953626400000001,0
cant.mtx,16,5,CombBLAS-conversion,wall,total,0.20588100000000001,0
cant.mtx,16,5,CombBLAS-conversion,wall,native_call,0.13287157199999999,0
cant.mtx,16,5,CombBLAS-conversion,wall,tuple_to_dcsc,0.073005540999999993,0
cant.mtx,16,5,CombBLAS-conversion,wall,dcsc_free,3.0860000000000002e-06,0
cant.mtx,16,5,CombBLAS-conversion,wall,output_free,7.3099999999999997e-07,0
cant.mtx,16,5,CombBLAS-sampled,wall,total,0.13578608,0
cant.mtx,16,5,CombBLAS-sampled,wall,lookup_build,0.000236023,0
cant.mtx,16,5,CombBLAS-sampled,wall,thread_setup,1.011e-05,0
cant.mtx,16,5,CombBLAS-sampled,wall,work_bound,0.0020808409999999999,0
cant.mtx,16,5,CombBLAS-sampled,wall,work_prefix,1.6059999999999999e-05,0
cant.mtx,16,5,CombBLAS-sampled,wall,symbolic,0.023046201999999998,0
cant.mtx,16,5,CombBLAS-sampled,wall,output_prefix,1.1973e-05,0
cant.mtx,16,5,CombBLAS-sampled,wall,output_allocate,0.025177359,0
cant.mtx,16,5,CombBLAS-sampled,wall,numeric_scratch_setup,0.0021200360000000001,0
cant.mtx,16,5,CombBLAS-sampled,wall,numeric,0.083081206000000005,0
cant.mtx,16,5,CombBLAS-sampled,wall,internal_cleanup,3.1259999999999998e-06,0
cant.mtx,16,5,CombBLAS-sampled,wall,return_cleanup,2.3539999999999998e-06,0
cant.mtx,16,5,CombBLAS-sampled,wall,output_free,7.3200000000000004e-07,0
cant.mtx,16,5,CombBLAS-sampled,sampled_worker,lookup,0.0052990700000000021,8922
cant.mtx,16,5,CombBLAS-sampled,sampled_worker,alloc_init,0.0038864620000000081,8922
cant.mtx,16,5,CombBLAS-sampled,sampled_worker,lookup_multiply_hash,0.12196103499999998,8922
cant.mtx,16,5,CombBLAS-sampled,sampled_worker,compact,0.0057132239999999959,8922
cant.mtx,16,5,CombBLAS-sampled,sampled_worker,sort,0.048056936999999994,8922
cant.mtx,16,5,CombBLAS-sampled,sampled_worker,write,0.0041810499999999978,8922
cant.mtx,16,5,CombBLAS-sampled,sampled_worker,scratch_free,0.00051054000000000203,8922
cant.mtx,16,5,DCSC-sampled,wall,total,0.14079660099999999,0
cant.mtx,16,5,DCSC-sampled,wall,validate,2.7099999999999998e-07,0
cant.mtx,16,5,DCSC-sampled,wall,lookup_build,0.00082328900000000005,0
cant.mtx,16,5,DCSC-sampled,wall,scratch_setup,8.0674999999999996e-05,0
cant.mtx,16,5,DCSC-sampled,wall,work_bound,0.001807927,0
cant.mtx,16,5,DCSC-sampled,wall,symbolic_capacity,0.00034581299999999999,0
cant.mtx,16,5,DCSC-sampled,wall,symbolic,0.034816466999999997,0
cant.mtx,16,5,DCSC-sampled,wall,prefix_numeric_capacity,0.00080153699999999995,0
cant.mtx,16,5,DCSC-sampled,wall,output_allocate,0.016498242999999999,0
cant.mtx,16,5,DCSC-sampled,wall,numeric,0.085619203000000005,0
cant.mtx,16,5,DCSC-sampled,wall,return_cleanup,1.333e-06,0
cant.mtx,16,5,DCSC-sampled,wall,output_free,1.784e-06,0
cant.mtx,16,5,DCSC-sampled,sampled_worker,lookup,0,8922
cant.mtx,16,5,DCSC-sampled,sampled_worker,alloc_init,0.0027136149999999965,8922
cant.mtx,16,5,DCSC-sampled,sampled_worker,lookup_multiply_hash,0.13833405899999998,8922
cant.mtx,16,5,DCSC-sampled,sampled_worker,compact,0.0047814719999999993,8922
cant.mtx,16,5,DCSC-sampled,sampled_worker,sort,0.046438042999999991,8922
cant.mtx,16,5,DCSC-sampled,sampled_worker,write,0.002542765999999998,8922
cant.mtx,16,5,DCSC-sampled,sampled_worker,scratch_free,0.00053869700000000215,8922
cant.mtx,16,5,CombBLAS-profile,wall,total,0.13675937799999999,0
cant.mtx,16,5,CombBLAS-profile,wall,lookup_build,5.2299999999999997e-05,0
cant.mtx,16,5,CombBLAS-profile,wall,thread_setup,8.106e-06,0
cant.mtx,16,5,CombBLAS-profile,wall,work_bound,0.0020707910000000002,0
cant.mtx,16,5,CombBLAS-profile,wall,work_prefix,2.1532e-05,0
cant.mtx,16,5,CombBLAS-profile,wall,symbolic,0.023756774000000001,0
cant.mtx,16,5,CombBLAS-profile,wall,output_prefix,1.6952999999999998e-05,0
cant.mtx,16,5,CombBLAS-profile,wall,output_allocate,0.025823688000000001,0
cant.mtx,16,5,CombBLAS-profile,wall,numeric_scratch_setup,0.0020966610000000001,0
cant.mtx,16,5,CombBLAS-profile,wall,numeric,0.082906752,0
cant.mtx,16,5,CombBLAS-profile,wall,internal_cleanup,2.5050000000000002e-06,0
cant.mtx,16,5,CombBLAS-profile,wall,return_cleanup,2.6649999999999999e-06,0
cant.mtx,16,5,CombBLAS-profile,wall,output_free,5.9100000000000004e-07,0
cant.mtx,16,6,DCSC-sampled,wall,total,0.14087467100000001,0
cant.mtx,16,6,DCSC-sampled,wall,validate,2.6e-07,0
cant.mtx,16,6,DCSC-sampled,wall,lookup_build,0.00079402300000000004,0
cant.mtx,16,6,DCSC-sampled,wall,scratch_setup,8.3920999999999998e-05,0
cant.mtx,16,6,DCSC-sampled,wall,work_bound,0.0018237780000000001,0
cant.mtx,16,6,DCSC-sampled,wall,symbolic_capacity,0.00040735100000000002,0
cant.mtx,16,6,DCSC-sampled,wall,symbolic,0.034756260999999997,0
cant.mtx,16,6,DCSC-sampled,wall,prefix_numeric_capacity,0.00084167400000000005,0
cant.mtx,16,6,DCSC-sampled,wall,output_allocate,0.016243645000000001,0
cant.mtx,16,6,DCSC-sampled,wall,numeric,0.085921252000000004,0
cant.mtx,16,6,DCSC-sampled,wall,return_cleanup,1.1230000000000001e-06,0
cant.mtx,16,6,DCSC-sampled,wall,output_free,1.3120000000000001e-06,0
cant.mtx,16,6,DCSC-sampled,sampled_worker,lookup,0,8922
cant.mtx,16,6,DCSC-sampled,sampled_worker,alloc_init,0.002692227999999997,8922
cant.mtx,16,6,DCSC-sampled,sampled_worker,lookup_multiply_hash,0.13868235299999998,8922
cant.mtx,16,6,DCSC-sampled,sampled_worker,compact,0.0047860720000000006,8922
cant.mtx,16,6,DCSC-sampled,sampled_worker,sort,0.046647749999999988,8922
cant.mtx,16,6,DCSC-sampled,sampled_worker,write,0.0029303859999999975,8922
cant.mtx,16,6,DCSC-sampled,sampled_worker,scratch_free,0.00054271900000000249,8922
cant.mtx,16,6,CombBLAS-sampled,wall,total,0.13642939600000001,0
cant.mtx,16,6,CombBLAS-sampled,wall,lookup_build,5.2561e-05,0
cant.mtx,16,6,CombBLAS-sampled,wall,thread_setup,7.1339999999999998e-06,0
cant.mtx,16,6,CombBLAS-sampled,wall,work_bound,0.0020849190000000002,0
cant.mtx,16,6,CombBLAS-sampled,wall,work_prefix,2.3595e-05,0
cant.mtx,16,6,CombBLAS-sampled,wall,symbolic,0.022976798999999999,0
cant.mtx,16,6,CombBLAS-sampled,wall,output_prefix,1.6390999999999999e-05,0
cant.mtx,16,6,CombBLAS-sampled,wall,output_allocate,0.026296885999999998,0
cant.mtx,16,6,CombBLAS-sampled,wall,numeric_scratch_setup,0.0020551319999999999,0
cant.mtx,16,6,CombBLAS-sampled,wall,numeric,0.082910618000000005,0
cant.mtx,16,6,CombBLAS-sampled,wall,internal_cleanup,2.2350000000000002e-06,0
cant.mtx,16,6,CombBLAS-sampled,wall,return_cleanup,2.475e-06,0
cant.mtx,16,6,CombBLAS-sampled,wall,output_free,5.9100000000000004e-07,0
cant.mtx,16,6,CombBLAS-sampled,sampled_worker,lookup,0.0052901750000000029,8922
cant.mtx,16,6,CombBLAS-sampled,sampled_worker,alloc_init,0.0039115190000000065,8922
cant.mtx,16,6,CombBLAS-sampled,sampled_worker,lookup_multiply_hash,0.12167877500000002,8922
cant.mtx,16,6,CombBLAS-sampled,sampled_worker,compact,0.0057214069999999969,8922
cant.mtx,16,6,CombBLAS-sampled,sampled_worker,sort,0.047800866000000004,8922
cant.mtx,16,6,CombBLAS-sampled,sampled_worker,write,0.0038412809999999989,8922
cant.mtx,16,6,CombBLAS-sampled,sampled_worker,scratch_free,0.00051071900000000214,8922
cant.mtx,16,6,CombBLAS-conversion,wall,total,0.20524767499999999,0
cant.mtx,16,6,CombBLAS-conversion,wall,native_call,0.13244497299999999,0
cant.mtx,16,6,CombBLAS-conversion,wall,tuple_to_dcsc,0.072799595999999994,0
cant.mtx,16,6,CombBLAS-conversion,wall,dcsc_free,2.2639999999999998e-06,0
cant.mtx,16,6,CombBLAS-conversion,wall,output_free,7.7199999999999998e-07,0
cant.mtx,16,6,DCSC-dense-lookup,wall,total,0.129108534,0
cant.mtx,16,6,DCSC-dense-lookup,wall,native_call_and_free,0.129107783,0
cant.mtx,16,6,DCSC-static,wall,total,0.127998164,0
cant.mtx,16,6,DCSC-static,wall,native_call_and_free,0.12799766300000001,0
cant.mtx,16,6,DCSC-dense-static,wall,total,0.13227678100000001,0
cant.mtx,16,6,DCSC-dense-static,wall,native_call_and_free,0.13227626000000001,0
cant.mtx,16,6,CSC-control,wall,total,0.135114023,0
cant.mtx,16,6,CSC-control,wall,native_call_and_free,0.13511374200000001,0
cant.mtx,16,6,DCSC-control,wall,total,0.12780346100000001,0
cant.mtx,16,6,DCSC-control,wall,native_call_and_free,0.12780319000000001,0
cant.mtx,16,6,CombBLAS-control,wall,total,0.13241893299999999,0
cant.mtx,16,6,CombBLAS-control,wall,native_call_and_free,0.13241825199999999,0
cant.mtx,16,6,CSC-profile,wall,total,0.132047741,0
cant.mtx,16,6,CSC-profile,wall,validate,7.3200000000000004e-07,0
cant.mtx,16,6,CSC-profile,wall,lookup_build,4.0000000000000001e-08,0
cant.mtx,16,6,CSC-profile,wall,scratch_setup,8.7137000000000003e-05,0
cant.mtx,16,6,CSC-profile,wall,work_bound,0.00085362700000000003,0
cant.mtx,16,6,CSC-profile,wall,symbolic_capacity,0.00035290700000000001,0
cant.mtx,16,6,CSC-profile,wall,symbolic,0.029180126000000001,0
cant.mtx,16,6,CSC-profile,wall,prefix_numeric_capacity,0.00053478499999999997,0
cant.mtx,16,6,CSC-profile,wall,output_allocate,0.016566685000000001,0
cant.mtx,16,6,CSC-profile,wall,numeric,0.084469087999999998,0
cant.mtx,16,6,CSC-profile,wall,return_cleanup,1.483e-06,0
cant.mtx,16,6,CSC-profile,wall,output_free,1.082e-06,0
cant.mtx,16,6,DCSC-profile,wall,total,0.140811359,0
cant.mtx,16,6,DCSC-profile,wall,validate,7.1099999999999995e-07,0
cant.mtx,16,6,DCSC-profile,wall,lookup_build,0.00079352199999999996,0
cant.mtx,16,6,DCSC-profile,wall,scratch_setup,8.4973000000000001e-05,0
cant.mtx,16,6,DCSC-profile,wall,work_bound,0.0017969870000000001,0
cant.mtx,16,6,DCSC-profile,wall,symbolic_capacity,0.00035124400000000001,0
cant.mtx,16,6,DCSC-profile,wall,symbolic,0.034946114,0
cant.mtx,16,6,DCSC-profile,wall,prefix_numeric_capacity,0.00081765899999999999,0
cant.mtx,16,6,DCSC-profile,wall,output_allocate,0.016603775000000001,0
cant.mtx,16,6,DCSC-profile,wall,numeric,0.085413778999999995,0
cant.mtx,16,6,DCSC-profile,wall,return_cleanup,1.333e-06,0
cant.mtx,16,6,DCSC-profile,wall,output_free,1.2020000000000001e-06,0
cant.mtx,16,6,CombBLAS-profile,wall,total,0.13687644299999999,0
cant.mtx,16,6,CombBLAS-profile,wall,lookup_build,5.1879000000000003e-05,0
cant.mtx,16,6,CombBLAS-profile,wall,thread_setup,8.5459999999999992e-06,0
cant.mtx,16,6,CombBLAS-profile,wall,work_bound,0.002096933,0
cant.mtx,16,6,CombBLAS-profile,wall,work_prefix,2.3864999999999999e-05,0
cant.mtx,16,6,CombBLAS-profile,wall,symbolic,0.023440959000000001,0
cant.mtx,16,6,CombBLAS-profile,wall,output_prefix,1.5519000000000002e-05,0
cant.mtx,16,6,CombBLAS-profile,wall,output_allocate,0.026318989000000001,0
cant.mtx,16,6,CombBLAS-profile,wall,numeric_scratch_setup,0.002047657,0
cant.mtx,16,6,CombBLAS-profile,wall,numeric,0.082865963000000001,0
cant.mtx,16,6,CombBLAS-profile,wall,internal_cleanup,2.5450000000000002e-06,0
cant.mtx,16,6,CombBLAS-profile,wall,return_cleanup,2.8159999999999998e-06,0
cant.mtx,16,6,CombBLAS-profile,wall,output_free,7.0100000000000004e-07,0
cant.mtx,16,7,DCSC-sampled,wall,total,0.140662393,0
cant.mtx,16,7,DCSC-sampled,wall,validate,2.4999999999999999e-07,0
cant.mtx,16,7,DCSC-sampled,wall,lookup_build,0.00079486499999999996,0
cant.mtx,16,7,DCSC-sampled,wall,scratch_setup,8.4602000000000001e-05,0
cant.mtx,16,7,DCSC-sampled,wall,work_bound,0.0018301700000000001,0
cant.mtx,16,7,DCSC-sampled,wall,symbolic_capacity,0.00032103600000000002,0
cant.mtx,16,7,DCSC-sampled,wall,symbolic,0.03484976,0
cant.mtx,16,7,DCSC-sampled,wall,prefix_numeric_capacity,0.00080366200000000002,0
cant.mtx,16,7,DCSC-sampled,wall,output_allocate,0.016335430000000001,0
cant.mtx,16,7,DCSC-sampled,wall,numeric,0.085639812999999995,0
cant.mtx,16,7,DCSC-sampled,wall,return_cleanup,1.3230000000000001e-06,0
cant.mtx,16,7,DCSC-sampled,wall,output_free,1.423e-06,0
cant.mtx,16,7,DCSC-sampled,sampled_worker,lookup,0,8922
cant.mtx,16,7,DCSC-sampled,sampled_worker,alloc_init,0.0026932569999999966,8922
cant.mtx,16,7,DCSC-sampled,sampled_worker,lookup_multiply_hash,0.13829175799999999,8922
cant.mtx,16,7,DCSC-sampled,sampled_worker,compact,0.0047569730000000003,8922
cant.mtx,16,7,DCSC-sampled,sampled_worker,sort,0.04644954200000001,8922
cant.mtx,16,7,DCSC-sampled,sampled_worker,write,0.0025698049999999992,8922
cant.mtx,16,7,DCSC-sampled,sampled_worker,scratch_free,0.00054205600000000213,8922
cant.mtx,16,7,CombBLAS-profile,wall,total,0.136851635,0
cant.mtx,16,7,CombBLAS-profile,wall,lookup_build,5.3142e-05,0
cant.mtx,16,7,CombBLAS-profile,wall,thread_setup,8.3059999999999998e-06,0
cant.mtx,16,7,CombBLAS-profile,wall,work_bound,0.0020869230000000001,0
cant.mtx,16,7,CombBLAS-profile,wall,work_prefix,2.4036000000000002e-05,0
cant.mtx,16,7,CombBLAS-profile,wall,symbolic,0.023497325999999999,0
cant.mtx,16,7,CombBLAS-profile,wall,output_prefix,1.6001000000000001e-05,0
cant.mtx,16,7,CombBLAS-profile,wall,output_allocate,0.026228445,0
cant.mtx,16,7,CombBLAS-profile,wall,numeric_scratch_setup,0.0021651029999999998,0
cant.mtx,16,7,CombBLAS-profile,wall,numeric,0.082765340000000007,0
cant.mtx,16,7,CombBLAS-profile,wall,internal_cleanup,3.6270000000000002e-06,0
cant.mtx,16,7,CombBLAS-profile,wall,return_cleanup,2.7149999999999998e-06,0
cant.mtx,16,7,CombBLAS-profile,wall,output_free,6.0100000000000005e-07,0
cant.mtx,16,7,DCSC-profile,wall,total,0.14076559199999999,0
cant.mtx,16,7,DCSC-profile,wall,validate,2.3999999999999998e-07,0
cant.mtx,16,7,DCSC-profile,wall,lookup_build,0.00079849200000000004,0
cant.mtx,16,7,DCSC-profile,wall,scratch_setup,8.4622000000000004e-05,0
cant.mtx,16,7,DCSC-profile,wall,work_bound,0.0018060540000000001,0
cant.mtx,16,7,DCSC-profile,wall,symbolic_capacity,0.00032193800000000002,0
cant.mtx,16,7,DCSC-profile,wall,symbolic,0.034939642,0
cant.mtx,16,7,DCSC-profile,wall,prefix_numeric_capacity,0.00080935200000000005,0
cant.mtx,16,7,DCSC-profile,wall,output_allocate,0.016415464000000001,0
cant.mtx,16,7,DCSC-profile,wall,numeric,0.085587173000000002,0
cant.mtx,16,7,DCSC-profile,wall,return_cleanup,1.2720000000000001e-06,0
cant.mtx,16,7,DCSC-profile,wall,output_free,1.263e-06,0
cant.mtx,16,7,CSC-profile,wall,total,0.131737355,0
cant.mtx,16,7,CSC-profile,wall,validate,4.51e-07,0
cant.mtx,16,7,CSC-profile,wall,lookup_build,4.0000000000000001e-08,0
cant.mtx,16,7,CSC-profile,wall,scratch_setup,8.4231e-05,0
cant.mtx,16,7,CSC-profile,wall,work_bound,0.00068435299999999996,0
cant.mtx,16,7,CSC-profile,wall,symbolic_capacity,0.00035360799999999999,0
cant.mtx,16,7,CSC-profile,wall,symbolic,0.028972668,0
cant.mtx,16,7,CSC-profile,wall,prefix_numeric_capacity,0.000527371,0
cant.mtx,16,7,CSC-profile,wall,output_allocate,0.016728344999999999,0
cant.mtx,16,7,CSC-profile,wall,numeric,0.084383583999999998,0
cant.mtx,16,7,CSC-profile,wall,return_cleanup,1.7829999999999999e-06,0
cant.mtx,16,7,CSC-profile,wall,output_free,8.6199999999999996e-07,0
cant.mtx,16,7,CombBLAS-control,wall,total,0.13269452200000001,0
cant.mtx,16,7,CombBLAS-control,wall,native_call_and_free,0.13269362000000001,0
cant.mtx,16,7,DCSC-control,wall,total,0.12784274600000001,0
cant.mtx,16,7,DCSC-control,wall,native_call_and_free,0.12784200500000001,0
cant.mtx,16,7,CSC-control,wall,total,0.13379015299999999,0
cant.mtx,16,7,CSC-control,wall,native_call_and_free,0.13378989299999999,0
cant.mtx,16,7,DCSC-dense-static,wall,total,0.13246923999999999,0
cant.mtx,16,7,DCSC-dense-static,wall,native_call_and_free,0.13246876899999999,0
cant.mtx,16,7,DCSC-static,wall,total,0.128125287,0
cant.mtx,16,7,DCSC-static,wall,native_call_and_free,0.128124767,0
cant.mtx,16,7,DCSC-dense-lookup,wall,total,0.129725918,0
cant.mtx,16,7,DCSC-dense-lookup,wall,native_call_and_free,0.12972565699999999,0
cant.mtx,16,7,CombBLAS-conversion,wall,total,0.20534901,0
cant.mtx,16,7,CombBLAS-conversion,wall,native_call,0.13224825600000001,0
cant.mtx,16,7,CombBLAS-conversion,wall,tuple_to_dcsc,0.073097137000000006,0
cant.mtx,16,7,CombBLAS-conversion,wall,dcsc_free,2.8049999999999998e-06,0
cant.mtx,16,7,CombBLAS-conversion,wall,output_free,7.5199999999999996e-07,0
cant.mtx,16,7,CombBLAS-sampled,wall,total,0.135281072,0
cant.mtx,16,7,CombBLAS-sampled,wall,lookup_build,6.3671999999999996e-05,0
cant.mtx,16,7,CombBLAS-sampled,wall,thread_setup,1.0750999999999999e-05,0
cant.mtx,16,7,CombBLAS-sampled,wall,work_bound,0.0020741679999999999,0
cant.mtx,16,7,CombBLAS-sampled,wall,work_prefix,1.5379999999999998e-05,0
cant.mtx,16,7,CombBLAS-sampled,wall,symbolic,0.022771403999999999,0
cant.mtx,16,7,CombBLAS-sampled,wall,output_prefix,1.5389000000000001e-05,0
cant.mtx,16,7,CombBLAS-sampled,wall,output_allocate,0.024958489,0
cant.mtx,16,7,CombBLAS-sampled,wall,numeric_scratch_setup,0.0020496020000000002,0
cant.mtx,16,7,CombBLAS-sampled,wall,numeric,0.083315655000000002,0
cant.mtx,16,7,CombBLAS-sampled,wall,internal_cleanup,2.976e-06,0
cant.mtx,16,7,CombBLAS-sampled,wall,return_cleanup,2.8250000000000001e-06,0
cant.mtx,16,7,CombBLAS-sampled,wall,output_free,7.0100000000000004e-07,0
cant.mtx,16,7,CombBLAS-sampled,sampled_worker,lookup,0.0056829490000000048,8922
cant.mtx,16,7,CombBLAS-sampled,sampled_worker,alloc_init,0.0039050000000000074,8922
cant.mtx,16,7,CombBLAS-sampled,sampled_worker,lookup_multiply_hash,0.12196391999999998,8922
cant.mtx,16,7,CombBLAS-sampled,sampled_worker,compact,0.005727889999999995,8922
cant.mtx,16,7,CombBLAS-sampled,sampled_worker,sort,0.04815207299999999,8922
cant.mtx,16,7,CombBLAS-sampled,sampled_worker,write,0.0043952129999999976,8922
cant.mtx,16,7,CombBLAS-sampled,sampled_worker,scratch_free,0.00051629200000000185,8922
cant.mtx,16,8,CombBLAS-conversion,wall,total,0.20496234799999999,0
cant.mtx,16,8,CombBLAS-conversion,wall,native_call,0.13221454099999999,0
cant.mtx,16,8,CombBLAS-conversion,wall,tuple_to_dcsc,0.072744791000000003,0
cant.mtx,16,8,CombBLAS-conversion,wall,dcsc_free,2.0040000000000002e-06,0
cant.mtx,16,8,CombBLAS-conversion,wall,output_free,9.4099999999999997e-07,0
cant.mtx,16,8,DCSC-dense-lookup,wall,total,0.12887855300000001,0
cant.mtx,16,8,DCSC-dense-lookup,wall,native_call_and_free,0.12887796200000001,0
cant.mtx,16,8,DCSC-static,wall,total,0.128062538,0
cant.mtx,16,8,DCSC-static,wall,native_call_and_free,0.128062017,0
cant.mtx,16,8,DCSC-dense-static,wall,total,0.13223482,0
cant.mtx,16,8,DCSC-dense-static,wall,native_call_and_free,0.13223430899999999,0
cant.mtx,16,8,CSC-control,wall,total,0.13528348800000001,0
cant.mtx,16,8,CSC-control,wall,native_call_and_free,0.13528342700000001,0
cant.mtx,16,8,DCSC-control,wall,total,0.12770742700000001,0
cant.mtx,16,8,DCSC-control,wall,native_call_and_free,0.12770717700000001,0
cant.mtx,16,8,CombBLAS-control,wall,total,0.13287571000000001,0
cant.mtx,16,8,CombBLAS-control,wall,native_call_and_free,0.132875249,0
cant.mtx,16,8,CSC-profile,wall,total,0.13189456699999999,0
cant.mtx,16,8,CSC-profile,wall,validate,4.7100000000000002e-07,0
cant.mtx,16,8,CSC-profile,wall,lookup_build,4.0000000000000001e-08,0
cant.mtx,16,8,CSC-profile,wall,scratch_setup,9.4210999999999996e-05,0
cant.mtx,16,8,CSC-profile,wall,work_bound,0.00084937800000000003,0
cant.mtx,16,8,CSC-profile,wall,symbolic_capacity,0.000353168,0
cant.mtx,16,8,CSC-profile,wall,symbolic,0.029121683999999998,0
cant.mtx,16,8,CSC-profile,wall,prefix_numeric_capacity,0.00053287199999999999,0
cant.mtx,16,8,CSC-profile,wall,output_allocate,0.016347955000000001,0
cant.mtx,16,8,CSC-profile,wall,numeric,0.084592554,0
cant.mtx,16,8,CSC-profile,wall,return_cleanup,1.1319999999999999e-06,0
cant.mtx,16,8,CSC-profile,wall,output_free,1.0419999999999999e-06,0
cant.mtx,16,8,DCSC-profile,wall,total,0.14077630199999999,0
cant.mtx,16,8,DCSC-profile,wall,validate,4.8100000000000003e-07,0
cant.mtx,16,8,DCSC-profile,wall,lookup_build,0.00079345200000000005,0
cant.mtx,16,8,DCSC-profile,wall,scratch_setup,8.5684000000000002e-05,0
cant.mtx,16,8,DCSC-profile,wall,work_bound,0.0018052420000000001,0
cant.mtx,16,8,DCSC-profile,wall,symbolic_capacity,0.00032011399999999998,0
cant.mtx,16,8,DCSC-profile,wall,symbolic,0.034788412999999997,0
cant.mtx,16,8,DCSC-profile,wall,prefix_numeric_capacity,0.00082998200000000005,0
cant.mtx,16,8,DCSC-profile,wall,output_allocate,0.016639865,0
cant.mtx,16,8,DCSC-profile,wall,numeric,0.085510895000000003,0
cant.mtx,16,8,DCSC-profile,wall,return_cleanup,1.223e-06,0
cant.mtx,16,8,DCSC-profile,wall,output_free,8.9199999999999999e-07,0
cant.mtx,16,8,CombBLAS-profile,wall,total,0.13621475299999999,0
cant.mtx,16,8,CombBLAS-profile,wall,lookup_build,5.1940000000000001e-05,0
cant.mtx,16,8,CombBLAS-profile,wall,thread_setup,6.6429999999999998e-06,0
cant.mtx,16,8,CombBLAS-profile,wall,work_bound,0.0020800789999999999,0
cant.mtx,16,8,CombBLAS-profile,wall,work_prefix,2.3434999999999998e-05,0
cant.mtx,16,8,CombBLAS-profile,wall,symbolic,0.023348712000000001,0
cant.mtx,16,8,CombBLAS-profile,wall,output_prefix,1.5960999999999998e-05,0
cant.mtx,16,8,CombBLAS-profile,wall,output_allocate,0.025874334999999998,0
cant.mtx,16,8,CombBLAS-profile,wall,numeric_scratch_setup,0.0020762329999999998,0
cant.mtx,16,8,CombBLAS-profile,wall,numeric,0.082731183999999999,0
cant.mtx,16,8,CombBLAS-profile,wall,internal_cleanup,2.6649999999999999e-06,0
cant.mtx,16,8,CombBLAS-profile,wall,return_cleanup,2.7650000000000002e-06,0
cant.mtx,16,8,CombBLAS-profile,wall,output_free,7.4199999999999995e-07,0
cant.mtx,16,8,DCSC-sampled,wall,total,0.14078110199999999,0
cant.mtx,16,8,DCSC-sampled,wall,validate,7.7100000000000001e-07,0
cant.mtx,16,8,DCSC-sampled,wall,lookup_build,0.00079480499999999999,0
cant.mtx,16,8,DCSC-sampled,wall,scratch_setup,8.4000999999999998e-05,0
cant.mtx,16,8,DCSC-sampled,wall,work_bound,0.001824509,0
cant.mtx,16,8,DCSC-sampled,wall,symbolic_capacity,0.00036282600000000001,0
cant.mtx,16,8,DCSC-sampled,wall,symbolic,0.03468827,0
cant.mtx,16,8,DCSC-sampled,wall,prefix_numeric_capacity,0.00085388800000000002,0
cant.mtx,16,8,DCSC-sampled,wall,output_allocate,0.016492051000000001,0
cant.mtx,16,8,DCSC-sampled,wall,numeric,0.085677315000000004,0
cant.mtx,16,8,DCSC-sampled,wall,return_cleanup,1.243e-06,0
cant.mtx,16,8,DCSC-sampled,wall,output_free,1.353e-06,0
cant.mtx,16,8,DCSC-sampled,sampled_worker,lookup,0,8922
cant.mtx,16,8,DCSC-sampled,sampled_worker,alloc_init,0.002701573999999997,8922
cant.mtx,16,8,DCSC-sampled,sampled_worker,lookup_multiply_hash,0.13848138399999996,8922
cant.mtx,16,8,DCSC-sampled,sampled_worker,compact,0.0047650030000000012,8922
cant.mtx,16,8,DCSC-sampled,sampled_worker,sort,0.046368699000000006,8922
cant.mtx,16,8,DCSC-sampled,sampled_worker,write,0.0025611469999999989,8922
cant.mtx,16,8,DCSC-sampled,sampled_worker,scratch_free,0.00054367400000000213,8922
cant.mtx,16,8,CombBLAS-sampled,wall,total,0.13626581099999999,0
cant.mtx,16,8,CombBLAS-sampled,wall,lookup_build,5.202e-05,0
cant.mtx,16,8,CombBLAS-sampled,wall,thread_setup,5.5799999999999999e-06,0
cant.mtx,16,8,CombBLAS-sampled,wall,work_bound,0.002088726,0
cant.mtx,16,8,CombBLAS-sampled,wall,work_prefix,2.2875e-05,0
cant.mtx,16,8,CombBLAS-sampled,wall,symbolic,0.023363558999999999,0
cant.mtx,16,8,CombBLAS-sampled,wall,output_prefix,1.5821e-05,0
cant.mtx,16,8,CombBLAS-sampled,wall,output_allocate,0.025812005999999998,0
cant.mtx,16,8,CombBLAS-sampled,wall,numeric_scratch_setup,0.0020486390000000001,0
cant.mtx,16,8,CombBLAS-sampled,wall,numeric,0.082850673999999999,0
cant.mtx,16,8,CombBLAS-sampled,wall,internal_cleanup,2.9349999999999999e-06,0
cant.mtx,16,8,CombBLAS-sampled,wall,return_cleanup,2.5050000000000002e-06,0
cant.mtx,16,8,CombBLAS-sampled,wall,output_free,4.1100000000000001e-07,0
cant.mtx,16,8,CombBLAS-sampled,sampled_worker,lookup,0.0052911410000000009,8922
cant.mtx,16,8,CombBLAS-sampled,sampled_worker,alloc_init,0.0039067920000000079,8922
cant.mtx,16,8,CombBLAS-sampled,sampled_worker,lookup_multiply_hash,0.12176084599999998,8922
cant.mtx,16,8,CombBLAS-sampled,sampled_worker,compact,0.0057449569999999976,8922
cant.mtx,16,8,CombBLAS-sampled,sampled_worker,sort,0.047888106000000014,8922
cant.mtx,16,8,CombBLAS-sampled,sampled_worker,write,0.003856754,8922
cant.mtx,16,8,CombBLAS-sampled,sampled_worker,scratch_free,0.00051690200000000181,8922
cant.mtx,16,9,CombBLAS-conversion,wall,total,0.205716595,0
cant.mtx,16,9,CombBLAS-conversion,wall,native_call,0.13230249999999999,0
cant.mtx,16,9,CombBLAS-conversion,wall,tuple_to_dcsc,0.073410047000000006,0
cant.mtx,16,9,CombBLAS-conversion,wall,dcsc_free,3.0359999999999998e-06,0
cant.mtx,16,9,CombBLAS-conversion,wall,output_free,9.5199999999999995e-07,0
cant.mtx,16,9,CombBLAS-sampled,wall,total,0.13569268200000001,0
cant.mtx,16,9,CombBLAS-sampled,wall,lookup_build,7.7498999999999998e-05,0
cant.mtx,16,9,CombBLAS-sampled,wall,thread_setup,1.1061e-05,0
cant.mtx,16,9,CombBLAS-sampled,wall,work_bound,0.0020611729999999999,0
cant.mtx,16,9,CombBLAS-sampled,wall,work_prefix,1.4528e-05,0
cant.mtx,16,9,CombBLAS-sampled,wall,symbolic,0.023099444,0
cant.mtx,16,9,CombBLAS-sampled,wall,output_prefix,1.2422999999999999e-05,0
cant.mtx,16,9,CombBLAS-sampled,wall,output_allocate,0.025049703999999999,0
cant.mtx,16,9,CombBLAS-sampled,wall,numeric_scratch_setup,0.0022983589999999998,0
cant.mtx,16,9,CombBLAS-sampled,wall,numeric,0.083061518000000001,0
cant.mtx,16,9,CombBLAS-sampled,wall,internal_cleanup,3.6169999999999998e-06,0
cant.mtx,16,9,CombBLAS-sampled,wall,return_cleanup,2.525e-06,0
cant.mtx,16,9,CombBLAS-sampled,wall,output_free,7.61e-07,0
cant.mtx,16,9,CombBLAS-sampled,sampled_worker,lookup,0.005457550999999998,8922
cant.mtx,16,9,CombBLAS-sampled,sampled_worker,alloc_init,0.0039375730000000093,8922
cant.mtx,16,9,CombBLAS-sampled,sampled_worker,lookup_multiply_hash,0.12151183199999997,8922
cant.mtx,16,9,CombBLAS-sampled,sampled_worker,compact,0.0057125439999999956,8922
cant.mtx,16,9,CombBLAS-sampled,sampled_worker,sort,0.048008915999999992,8922
cant.mtx,16,9,CombBLAS-sampled,sampled_worker,write,0.0038618529999999997,8922
cant.mtx,16,9,CombBLAS-sampled,sampled_worker,scratch_free,0.00051068100000000187,8922
cant.mtx,16,9,DCSC-sampled,wall,total,0.140872778,0
cant.mtx,16,9,DCSC-sampled,wall,validate,5.0100000000000005e-07,0
cant.mtx,16,9,DCSC-sampled,wall,lookup_build,0.00080292000000000004,0
cant.mtx,16,9,DCSC-sampled,wall,scratch_setup,8.3389999999999999e-05,0
cant.mtx,16,9,DCSC-sampled,wall,work_bound,0.0018077569999999999,0
cant.mtx,16,9,DCSC-sampled,wall,symbolic_capacity,0.00031970399999999997,0
cant.mtx,16,9,DCSC-sampled,wall,symbolic,0.034882152,0
cant.mtx,16,9,DCSC-sampled,wall,prefix_numeric_capacity,0.00081236800000000005,0
cant.mtx,16,9,DCSC-sampled,wall,output_allocate,0.016542167,0
cant.mtx,16,9,DCSC-sampled,wall,numeric,0.085618943000000003,0
cant.mtx,16,9,DCSC-sampled,wall,return_cleanup,1.7940000000000001e-06,0
cant.mtx,16,9,DCSC-sampled,wall,output_free,9.6200000000000006e-07,0
cant.mtx,16,9,DCSC-sampled,sampled_worker,lookup,0,8922
cant.mtx,16,9,DCSC-sampled,sampled_worker,alloc_init,0.0027040169999999965,8922
cant.mtx,16,9,DCSC-sampled,sampled_worker,lookup_multiply_hash,0.13830372499999993,8922
cant.mtx,16,9,DCSC-sampled,sampled_worker,compact,0.0047867019999999986,8922
cant.mtx,16,9,DCSC-sampled,sampled_worker,sort,0.046343826000000012,8922
cant.mtx,16,9,DCSC-sampled,sampled_worker,write,0.0025778009999999981,8922
cant.mtx,16,9,DCSC-sampled,sampled_worker,scratch_free,0.0005474520000000022,8922
cant.mtx,16,9,CombBLAS-profile,wall,total,0.1359678,0
cant.mtx,16,9,CombBLAS-profile,wall,lookup_build,5.2049999999999998e-05,0
cant.mtx,16,9,CombBLAS-profile,wall,thread_setup,6.6930000000000001e-06,0
cant.mtx,16,9,CombBLAS-profile,wall,work_bound,0.002074579,0
cant.mtx,16,9,CombBLAS-profile,wall,work_prefix,2.1501e-05,0
cant.mtx,16,9,CombBLAS-profile,wall,symbolic,0.023423946000000001,0
cant.mtx,16,9,CombBLAS-profile,wall,output_prefix,1.6171000000000002e-05,0
cant.mtx,16,9,CombBLAS-profile,wall,output_allocate,0.025403522000000001,0
cant.mtx,16,9,CombBLAS-profile,wall,numeric_scratch_setup,0.0021315290000000001,0
cant.mtx,16,9,CombBLAS-profile,wall,numeric,0.082832117999999996,0
cant.mtx,16,9,CombBLAS-profile,wall,internal_cleanup,2.695e-06,0
cant.mtx,16,9,CombBLAS-profile,wall,return_cleanup,2.3149999999999999e-06,0
cant.mtx,16,9,CombBLAS-profile,wall,output_free,6.0999999999999998e-07,0
cant.mtx,16,9,DCSC-profile,wall,total,0.140607379,0
cant.mtx,16,9,DCSC-profile,wall,validate,2.5100000000000001e-07,0
cant.mtx,16,9,DCSC-profile,wall,lookup_build,0.00079401299999999999,0
cant.mtx,16,9,DCSC-profile,wall,scratch_setup,8.4802000000000006e-05,0
cant.mtx,16,9,DCSC-profile,wall,work_bound,0.001801876,0
cant.mtx,16,9,DCSC-profile,wall,symbolic_capacity,0.00038785399999999998,0
cant.mtx,16,9,DCSC-profile,wall,symbolic,0.034689273,0
cant.mtx,16,9,DCSC-profile,wall,prefix_numeric_capacity,0.00082808800000000004,0
cant.mtx,16,9,DCSC-profile,wall,output_allocate,0.016575781000000001,0
cant.mtx,16,9,DCSC-profile,wall,numeric,0.085443187000000004,0
cant.mtx,16,9,DCSC-profile,wall,return_cleanup,1.102e-06,0
cant.mtx,16,9,DCSC-profile,wall,output_free,1.0920000000000001e-06,0
cant.mtx,16,9,CSC-profile,wall,total,0.13153754300000001,0
cant.mtx,16,9,CSC-profile,wall,validate,4.51e-07,0
cant.mtx,16,9,CSC-profile,wall,lookup_build,4.0000000000000001e-08,0
cant.mtx,16,9,CSC-profile,wall,scratch_setup,8.4973000000000001e-05,0
cant.mtx,16,9,CSC-profile,wall,work_bound,0.00069331000000000004,0
cant.mtx,16,9,CSC-profile,wall,symbolic_capacity,0.00035198500000000003,0
cant.mtx,16,9,CSC-profile,wall,symbolic,0.028936858999999999,0
cant.mtx,16,9,CSC-profile,wall,prefix_numeric_capacity,0.00074085100000000005,0
cant.mtx,16,9,CSC-profile,wall,output_allocate,0.016279262999999999,0
cant.mtx,16,9,CSC-profile,wall,numeric,0.084447567000000001,0
cant.mtx,16,9,CSC-profile,wall,return_cleanup,1.3820000000000001e-06,0
cant.mtx,16,9,CSC-profile,wall,output_free,8.0200000000000001e-07,0
cant.mtx,16,9,CombBLAS-control,wall,total,0.13302375299999999,0
cant.mtx,16,9,CombBLAS-control,wall,native_call_and_free,0.13302328199999999,0
cant.mtx,16,9,DCSC-control,wall,total,0.12769794900000001,0
cant.mtx,16,9,DCSC-control,wall,native_call_and_free,0.12769754799999999,0
cant.mtx,16,9,CSC-control,wall,total,0.134142699,0
cant.mtx,16,9,CSC-control,wall,native_call_and_free,0.134142398,0
cant.mtx,16,9,DCSC-dense-static,wall,total,0.13211916900000001,0
cant.mtx,16,9,DCSC-dense-static,wall,native_call_and_free,0.13211868700000001,0
cant.mtx,16,9,DCSC-static,wall,total,0.128156669,0
cant.mtx,16,9,DCSC-static,wall,native_call_and_free,0.12815615699999999,0
cant.mtx,16,9,DCSC-dense-lookup,wall,total,0.12959655,0
cant.mtx,16,9,DCSC-dense-lookup,wall,native_call_and_free,0.129596039,0
cant.mtx,16,10,DCSC-static,wall,total,0.127949752,0
cant.mtx,16,10,DCSC-static,wall,native_call_and_free,0.12794926100000001,0
cant.mtx,16,10,DCSC-dense-static,wall,total,0.132478387,0
cant.mtx,16,10,DCSC-dense-static,wall,native_call_and_free,0.132477657,0
cant.mtx,16,10,CSC-control,wall,total,0.13552925900000001,0
cant.mtx,16,10,CSC-control,wall,native_call_and_free,0.13552898799999999,0
cant.mtx,16,10,DCSC-control,wall,total,0.12760016199999999,0
cant.mtx,16,10,DCSC-control,wall,native_call_and_free,0.12759991100000001,0
cant.mtx,16,10,CombBLAS-control,wall,total,0.13296855799999999,0
cant.mtx,16,10,CombBLAS-control,wall,native_call_and_free,0.13296809700000001,0
cant.mtx,16,10,CSC-profile,wall,total,0.13205712999999999,0
cant.mtx,16,10,CSC-profile,wall,validate,4.4099999999999999e-07,0
cant.mtx,16,10,CSC-profile,wall,lookup_build,4.0000000000000001e-08,0
cant.mtx,16,10,CSC-profile,wall,scratch_setup,8.7217000000000002e-05,0
cant.mtx,16,10,CSC-profile,wall,work_bound,0.00086136199999999996,0
cant.mtx,16,10,CSC-profile,wall,symbolic_capacity,0.00041901299999999998,0
cant.mtx,16,10,CSC-profile,wall,symbolic,0.029219312000000001,0
cant.mtx,16,10,CSC-profile,wall,prefix_numeric_capacity,0.00053077799999999998,0
cant.mtx,16,10,CSC-profile,wall,output_allocate,0.016413831,0
cant.mtx,16,10,CSC-profile,wall,numeric,0.084523101000000003,0
cant.mtx,16,10,CSC-profile,wall,return_cleanup,1.012e-06,0
cant.mtx,16,10,CSC-profile,wall,output_free,9.5199999999999995e-07,0
cant.mtx,16,10,DCSC-profile,wall,total,0.14068763200000001,0
cant.mtx,16,10,DCSC-profile,wall,validate,2.3999999999999998e-07,0
cant.mtx,16,10,DCSC-profile,wall,lookup_build,0.00079492500000000004,0
cant.mtx,16,10,DCSC-profile,wall,scratch_setup,8.4943000000000003e-05,0
cant.mtx,16,10,DCSC-profile,wall,work_bound,0.001813748,0
cant.mtx,16,10,DCSC-profile,wall,symbolic_capacity,0.00032311999999999998,0
cant.mtx,16,10,DCSC-profile,wall,symbolic,0.034945763999999997,0
cant.mtx,16,10,DCSC-profile,wall,prefix_numeric_capacity,0.00081582499999999995,0
cant.mtx,16,10,DCSC-profile,wall,output_allocate,0.016417938999999999,0
cant.mtx,16,10,DCSC-profile,wall,numeric,0.085488391999999996,0
cant.mtx,16,10,DCSC-profile,wall,return_cleanup,1.333e-06,0
cant.mtx,16,10,DCSC-profile,wall,output_free,1.3519999999999999e-06,0
cant.mtx,16,10,CombBLAS-profile,wall,total,0.136147976,0
cant.mtx,16,10,CombBLAS-profile,wall,lookup_build,5.4434000000000001e-05,0
cant.mtx,16,10,CombBLAS-profile,wall,thread_setup,8.4570000000000005e-06,0
cant.mtx,16,10,CombBLAS-profile,wall,work_bound,0.0020888059999999999,0
cant.mtx,16,10,CombBLAS-profile,wall,work_prefix,2.4105999999999999e-05,0
cant.mtx,16,10,CombBLAS-profile,wall,symbolic,0.02317056,0
cant.mtx,16,10,CombBLAS-profile,wall,output_prefix,1.6832000000000001e-05,0
cant.mtx,16,10,CombBLAS-profile,wall,output_allocate,0.025783792999999999,0
cant.mtx,16,10,CombBLAS-profile,wall,numeric_scratch_setup,0.0023065540000000002,0
cant.mtx,16,10,CombBLAS-profile,wall,numeric,0.082688612999999994,0
cant.mtx,16,10,CombBLAS-profile,wall,internal_cleanup,2.514e-06,0
cant.mtx,16,10,CombBLAS-profile,wall,return_cleanup,2.565e-06,0
cant.mtx,16,10,CombBLAS-profile,wall,output_free,6.92e-07,0
cant.mtx,16,10,DCSC-sampled,wall,total,0.140906262,0
cant.mtx,16,10,DCSC-sampled,wall,validate,6.0200000000000002e-07,0
cant.mtx,16,10,DCSC-sampled,wall,lookup_build,0.00081519299999999997,0
cant.mtx,16,10,DCSC-sampled,wall,scratch_setup,8.3350000000000007e-05,0
cant.mtx,16,10,DCSC-sampled,wall,work_bound,0.0018082980000000001,0
cant.mtx,16,10,DCSC-sampled,wall,symbolic_capacity,0.00032194800000000001,0
cant.mtx,16,10,DCSC-sampled,wall,symbolic,0.034901227999999999,0
cant.mtx,16,10,DCSC-sampled,wall,prefix_numeric_capacity,0.00083290800000000004,0
cant.mtx,16,10,DCSC-sampled,wall,output_allocate,0.016487752000000001,0
cant.mtx,16,10,DCSC-sampled,wall,numeric,0.085652869000000006,0
cant.mtx,16,10,DCSC-sampled,wall,return_cleanup,1.082e-06,0
cant.mtx,16,10,DCSC-sampled,wall,output_free,9.7100000000000011e-07,0
cant.mtx,16,10,DCSC-sampled,sampled_worker,lookup,0,8922
cant.mtx,16,10,DCSC-sampled,sampled_worker,alloc_init,0.002696598999999997,8922
cant.mtx,16,10,DCSC-sampled,sampled_worker,lookup_multiply_hash,0.13857618899999999,8922
cant.mtx,16,10,DCSC-sampled,sampled_worker,compact,0.0047820689999999999,8922
cant.mtx,16,10,DCSC-sampled,sampled_worker,sort,0.046426364000000005,8922
cant.mtx,16,10,DCSC-sampled,sampled_worker,write,0.0025580459999999992,8922
cant.mtx,16,10,DCSC-sampled,sampled_worker,scratch_free,0.00054246700000000231,8922
cant.mtx,16,10,CombBLAS-sampled,wall,total,0.13635966199999999,0
cant.mtx,16,10,CombBLAS-sampled,wall,lookup_build,5.2349999999999999e-05,0
cant.mtx,16,10,CombBLAS-sampled,wall,thread_setup,6.1319999999999999e-06,0
cant.mtx,16,10,CombBLAS-sampled,wall,work_bound,0.002074719,0
cant.mtx,16,10,CombBLAS-sampled,wall,work_prefix,2.1651999999999999e-05,0
cant.mtx,16,10,CombBLAS-sampled,wall,symbolic,0.023429747000000001,0
cant.mtx,16,10,CombBLAS-sampled,wall,output_prefix,1.6342e-05,0
cant.mtx,16,10,CombBLAS-sampled,wall,output_allocate,0.025700912999999999,0
cant.mtx,16,10,CombBLAS-sampled,wall,numeric_scratch_setup,0.0021243540000000002,0
cant.mtx,16,10,CombBLAS-sampled,wall,numeric,0.08292679,0
cant.mtx,16,10,CombBLAS-sampled,wall,internal_cleanup,3.4359999999999998e-06,0
cant.mtx,16,10,CombBLAS-sampled,wall,return_cleanup,2.5359999999999999e-06,0
cant.mtx,16,10,CombBLAS-sampled,wall,output_free,6.2099999999999996e-07,0
cant.mtx,16,10,CombBLAS-sampled,sampled_worker,lookup,0.0053163630000000019,8922
cant.mtx,16,10,CombBLAS-sampled,sampled_worker,alloc_init,0.003901068000000008,8922
cant.mtx,16,10,CombBLAS-sampled,sampled_worker,lookup_multiply_hash,0.121658224,8922
cant.mtx,16,10,CombBLAS-sampled,sampled_worker,compact,0.0057408159999999958,8922
cant.mtx,16,10,CombBLAS-sampled,sampled_worker,sort,0.04782070699999999,8922
cant.mtx,16,10,CombBLAS-sampled,sampled_worker,write,0.003906386999999999,8922
cant.mtx,16,10,CombBLAS-sampled,sampled_worker,scratch_free,0.00051223500000000194,8922
cant.mtx,16,10,CombBLAS-conversion,wall,total,0.20739841000000001,0
cant.mtx,16,10,CombBLAS-conversion,wall,native_call,0.132394136,0
cant.mtx,16,10,CombBLAS-conversion,wall,tuple_to_dcsc,0.074999865999999998,0
cant.mtx,16,10,CombBLAS-conversion,wall,dcsc_free,3.4570000000000001e-06,0
cant.mtx,16,10,CombBLAS-conversion,wall,output_free,8.9100000000000002e-07,0
cant.mtx,16,10,DCSC-dense-lookup,wall,total,0.12882191500000001,0
cant.mtx,16,10,DCSC-dense-lookup,wall,native_call_and_free,0.128821202,0
cant.mtx,16,11,DCSC-static,wall,total,0.12806005300000001,0
cant.mtx,16,11,DCSC-static,wall,native_call_and_free,0.12805935199999999,0
cant.mtx,16,11,DCSC-dense-lookup,wall,total,0.12936811100000001,0
cant.mtx,16,11,DCSC-dense-lookup,wall,native_call_and_free,0.129367381,0
cant.mtx,16,11,CombBLAS-conversion,wall,total,0.205807769,0
cant.mtx,16,11,CombBLAS-conversion,wall,native_call,0.13267478399999999,0
cant.mtx,16,11,CombBLAS-conversion,wall,tuple_to_dcsc,0.073129167999999994,0
cant.mtx,16,11,CombBLAS-conversion,wall,dcsc_free,2.9660000000000001e-06,0
cant.mtx,16,11,CombBLAS-conversion,wall,output_free,7.8100000000000002e-07,0
cant.mtx,16,11,CombBLAS-sampled,wall,total,0.135302274,0
cant.mtx,16,11,CombBLAS-sampled,wall,lookup_build,6.5455000000000003e-05,0
cant.mtx,16,11,CombBLAS-sampled,wall,thread_setup,1.0740999999999999e-05,0
cant.mtx,16,11,CombBLAS-sampled,wall,work_bound,0.002063708,0
cant.mtx,16,11,CombBLAS-sampled,wall,work_prefix,1.5730999999999999e-05,0
cant.mtx,16,11,CombBLAS-sampled,wall,symbolic,0.022853821999999999,0
cant.mtx,16,11,CombBLAS-sampled,wall,output_prefix,1.3074999999999999e-05,0
cant.mtx,16,11,CombBLAS-sampled,wall,output_allocate,0.02489094,0
cant.mtx,16,11,CombBLAS-sampled,wall,numeric_scratch_setup,0.0021356159999999999,0
cant.mtx,16,11,CombBLAS-sampled,wall,numeric,0.083246764000000001,0
cant.mtx,16,11,CombBLAS-sampled,wall,internal_cleanup,3.0149999999999999e-06,0
cant.mtx,16,11,CombBLAS-sampled,wall,return_cleanup,2.7360000000000001e-06,0
cant.mtx,16,11,CombBLAS-sampled,wall,output_free,5.8999999999999996e-07,0
cant.mtx,16,11,CombBLAS-sampled,sampled_worker,lookup,0.0053144639999999996,8922
cant.mtx,16,11,CombBLAS-sampled,sampled_worker,alloc_init,0.0039537900000000074,8922
cant.mtx,16,11,CombBLAS-sampled,sampled_worker,lookup_multiply_hash,0.121901118,8922
cant.mtx,16,11,CombBLAS-sampled,sampled_worker,compact,0.0057119259999999991,8922
cant.mtx,16,11,CombBLAS-sampled,sampled_worker,sort,0.047786330999999994,8922
cant.mtx,16,11,CombBLAS-sampled,sampled_worker,write,0.004374399999999997,8922
cant.mtx,16,11,CombBLAS-sampled,sampled_worker,scratch_free,0.00051756200000000212,8922
cant.mtx,16,11,DCSC-sampled,wall,total,0.14090480899999999,0
cant.mtx,16,11,DCSC-sampled,wall,validate,4.4999999999999998e-07,0
cant.mtx,16,11,DCSC-sampled,wall,lookup_build,0.00080228899999999998,0
cant.mtx,16,11,DCSC-sampled,wall,scratch_setup,8.3720999999999993e-05,0
cant.mtx,16,11,DCSC-sampled,wall,work_bound,0.0018081169999999999,0
cant.mtx,16,11,DCSC-sampled,wall,symbolic_capacity,0.000320064,0
cant.mtx,16,11,DCSC-sampled,wall,symbolic,0.034863677000000003,0
cant.mtx,16,11,DCSC-sampled,wall,prefix_numeric_capacity,0.00081965200000000003,0
cant.mtx,16,11,DCSC-sampled,wall,output_allocate,0.016322847000000001,0
cant.mtx,16,11,DCSC-sampled,wall,numeric,0.085881486000000007,0
cant.mtx,16,11,DCSC-sampled,wall,return_cleanup,1.232e-06,0
cant.mtx,16,11,DCSC-sampled,wall,output_free,1.2130000000000001e-06,0
cant.mtx,16,11,DCSC-sampled,sampled_worker,lookup,0,8922
cant.mtx,16,11,DCSC-sampled,sampled_worker,alloc_init,0.0026999139999999973,8922
cant.mtx,16,11,DCSC-sampled,sampled_worker,lookup_multiply_hash,0.13856044199999995,8922
cant.mtx,16,11,DCSC-sampled,sampled_worker,compact,0.0047772040000000002,8922
cant.mtx,16,11,DCSC-sampled,sampled_worker,sort,0.046575568999999997,8922
cant.mtx,16,11,DCSC-sampled,sampled_worker,write,0.0029694959999999977,8922
cant.mtx,16,11,DCSC-sampled,sampled_worker,scratch_free,0.00054878000000000218,8922
cant.mtx,16,11,CombBLAS-profile,wall,total,0.13594112899999999,0
cant.mtx,16,11,CombBLAS-profile,wall,lookup_build,5.2840999999999998e-05,0
cant.mtx,16,11,CombBLAS-profile,wall,thread_setup,7.9149999999999996e-06,0
cant.mtx,16,11,CombBLAS-profile,wall,work_bound,0.0020754010000000002,0
cant.mtx,16,11,CombBLAS-profile,wall,work_prefix,2.3133999999999999e-05,0
cant.mtx,16,11,CombBLAS-profile,wall,symbolic,0.02323828,0
cant.mtx,16,11,CombBLAS-profile,wall,output_prefix,1.5971e-05,0
cant.mtx,16,11,CombBLAS-profile,wall,output_allocate,0.025733826000000001,0
cant.mtx,16,11,CombBLAS-profile,wall,numeric_scratch_setup,0.002102994,0
cant.mtx,16,11,CombBLAS-profile,wall,numeric,0.082684474999999993,0
cant.mtx,16,11,CombBLAS-profile,wall,internal_cleanup,2.9960000000000002e-06,0
cant.mtx,16,11,CombBLAS-profile,wall,return_cleanup,2.6139999999999999e-06,0
cant.mtx,16,11,CombBLAS-profile,wall,output_free,6.1200000000000003e-07,0
cant.mtx,16,11,DCSC-profile,wall,total,0.14063487999999999,0
cant.mtx,16,11,DCSC-profile,wall,validate,4.3099999999999998e-07,0
cant.mtx,16,11,DCSC-profile,wall,lookup_build,0.00079426300000000002,0
cant.mtx,16,11,DCSC-profile,wall,scratch_setup,8.3689999999999993e-05,0
cant.mtx,16,11,DCSC-profile,wall,work_bound,0.00180408,0
cant.mtx,16,11,DCSC-profile,wall,symbolic_capacity,0.00036149400000000002,0
cant.mtx,16,11,DCSC-profile,wall,symbolic,0.034767312000000002,0
cant.mtx,16,11,DCSC-profile,wall,prefix_numeric_capacity,0.00081494300000000005,0
cant.mtx,16,11,DCSC-profile,wall,output_allocate,0.016572916,0
cant.mtx,16,11,DCSC-profile,wall,numeric,0.085433487000000002,0
cant.mtx,16,11,DCSC-profile,wall,return_cleanup,1.3120000000000001e-06,0
cant.mtx,16,11,DCSC-profile,wall,output_free,8.9199999999999999e-07,0
cant.mtx,16,11,CSC-profile,wall,total,0.131985773,0
cant.mtx,16,11,CSC-profile,wall,validate,4.6100000000000001e-07,0
cant.mtx,16,11,CSC-profile,wall,lookup_build,4.0000000000000001e-08,0
cant.mtx,16,11,CSC-profile,wall,scratch_setup,8.3469999999999999e-05,0
cant.mtx,16,11,CSC-profile,wall,work_bound,0.00068536499999999995,0
cant.mtx,16,11,CSC-profile,wall,symbolic_capacity,0.00035215499999999999,0
cant.mtx,16,11,CSC-profile,wall,symbolic,0.029068903,0
cant.mtx,16,11,CSC-profile,wall,prefix_numeric_capacity,0.00070797799999999995,0
cant.mtx,16,11,CSC-profile,wall,output_allocate,0.016473686000000001,0
cant.mtx,16,11,CSC-profile,wall,numeric,0.084611320000000004,0
cant.mtx,16,11,CSC-profile,wall,return_cleanup,1.3030000000000001e-06,0
cant.mtx,16,11,CSC-profile,wall,output_free,1.0219999999999999e-06,0
cant.mtx,16,11,CombBLAS-control,wall,total,0.13388517599999999,0
cant.mtx,16,11,CombBLAS-control,wall,native_call_and_free,0.13388465499999999,0
cant.mtx,16,11,DCSC-control,wall,total,0.12755925300000001,0
cant.mtx,16,11,DCSC-control,wall,native_call_and_free,0.12755898299999999,0
cant.mtx,16,11,CSC-control,wall,total,0.13404890999999999,0
cant.mtx,16,11,CSC-control,wall,native_call_and_free,0.13404860900000001,0
cant.mtx,16,11,DCSC-dense-static,wall,total,0.13177562900000001,0
cant.mtx,16,11,DCSC-dense-static,wall,native_call_and_free,0.13177514900000001,0
cant.mtx,128,0,CSC-control,wall,total,0.058300326999999999,0
cant.mtx,128,0,CSC-control,wall,native_call_and_free,0.058300007000000001,0
cant.mtx,128,0,DCSC-control,wall,total,0.058371132999999999,0
cant.mtx,128,0,DCSC-control,wall,native_call_and_free,0.058370621999999997,0
cant.mtx,128,0,CombBLAS-control,wall,total,0.054010338999999997,0
cant.mtx,128,0,CombBLAS-control,wall,native_call_and_free,0.054009847999999999,0
cant.mtx,128,0,CSC-profile,wall,total,0.059763814999999998,0
cant.mtx,128,0,CSC-profile,wall,validate,4.51e-07,0
cant.mtx,128,0,CSC-profile,wall,lookup_build,2.9999999999999997e-08,0
cant.mtx,128,0,CSC-profile,wall,scratch_setup,0.00023197499999999999,0
cant.mtx,128,0,CSC-profile,wall,work_bound,0.00099684199999999995,0
cant.mtx,128,0,CSC-profile,wall,symbolic_capacity,0.00035219500000000003,0
cant.mtx,128,0,CSC-profile,wall,symbolic,0.0083358789999999992,0
cant.mtx,128,0,CSC-profile,wall,prefix_numeric_capacity,0.0010248049999999999,0
cant.mtx,128,0,CSC-profile,wall,output_allocate,0.022025514,0
cant.mtx,128,0,CSC-profile,wall,numeric,0.026793428000000001,0
cant.mtx,128,0,CSC-profile,wall,return_cleanup,1.5629999999999999e-06,0
cant.mtx,128,0,CSC-profile,wall,output_free,1.0729999999999999e-06,0
cant.mtx,128,0,DCSC-profile,wall,total,0.059596042000000002,0
cant.mtx,128,0,DCSC-profile,wall,validate,6.3099999999999997e-07,0
cant.mtx,128,0,DCSC-profile,wall,lookup_build,0.00095112400000000002,0
cant.mtx,128,0,DCSC-profile,wall,scratch_setup,0.00018632800000000001,0
cant.mtx,128,0,DCSC-profile,wall,work_bound,0.001422027,0
cant.mtx,128,0,DCSC-profile,wall,symbolic_capacity,0.00032104600000000002,0
cant.mtx,128,0,DCSC-profile,wall,symbolic,0.0080198209999999999,0
cant.mtx,128,0,DCSC-profile,wall,prefix_numeric_capacity,0.0016414579999999999,0
cant.mtx,128,0,DCSC-profile,wall,output_allocate,0.020946254000000001,0
cant.mtx,128,0,DCSC-profile,wall,numeric,0.026104808,0
cant.mtx,128,0,DCSC-profile,wall,return_cleanup,9.9199999999999999e-07,0
cant.mtx,128,0,DCSC-profile,wall,output_free,1.483e-06,0
cant.mtx,128,0,CombBLAS-profile,wall,total,0.055216302000000002,0
cant.mtx,128,0,CombBLAS-profile,wall,lookup_build,6.8962999999999997e-05,0
cant.mtx,128,0,CombBLAS-profile,wall,thread_setup,4.6078000000000002e-05,0
cant.mtx,128,0,CombBLAS-profile,wall,work_bound,0.00099606999999999994,0
cant.mtx,128,0,CombBLAS-profile,wall,work_prefix,8.6545999999999994e-05,0
cant.mtx,128,0,CombBLAS-profile,wall,symbolic,0.003648077,0
cant.mtx,128,0,CombBLAS-profile,wall,output_prefix,8.3891e-05,0
cant.mtx,128,0,CombBLAS-profile,wall,output_allocate,0.032313145000000001,0
cant.mtx,128,0,CombBLAS-profile,wall,numeric_scratch_setup,0.0023587840000000001,0
cant.mtx,128,0,CombBLAS-profile,wall,numeric,0.015589199,0
cant.mtx,128,0,CombBLAS-profile,wall,internal_cleanup,2.2249999999999999e-06,0
cant.mtx,128,0,CombBLAS-profile,wall,return_cleanup,2.2753000000000001e-05,0
cant.mtx,128,0,CombBLAS-profile,wall,output_free,5.1099999999999996e-07,0
cant.mtx,128,0,DCSC-sampled,wall,total,0.062630461999999998,0
cant.mtx,128,0,DCSC-sampled,wall,validate,2.2999999999999999e-07,0
cant.mtx,128,0,DCSC-sampled,wall,lookup_build,0.00084435000000000001,0
cant.mtx,128,0,DCSC-sampled,wall,scratch_setup,0.000179665,0
cant.mtx,128,0,DCSC-sampled,wall,work_bound,0.0015003270000000001,0
cant.mtx,128,0,DCSC-sampled,wall,symbolic_capacity,0.00032326000000000002,0
cant.mtx,128,0,DCSC-sampled,wall,symbolic,0.0086485569999999994,0
cant.mtx,128,0,DCSC-sampled,wall,prefix_numeric_capacity,0.001633694,0
cant.mtx,128,0,DCSC-sampled,wall,output_allocate,0.022458974999999999,0
cant.mtx,128,0,DCSC-sampled,wall,numeric,0.027038428,0
cant.mtx,128,0,DCSC-sampled,wall,return_cleanup,1.533e-06,0
cant.mtx,128,0,DCSC-sampled,wall,output_free,1.373e-06,0
cant.mtx,128,0,DCSC-sampled,sampled_worker,lookup,0,8922
cant.mtx,128,0,DCSC-sampled,sampled_worker,alloc_init,0.0060179899999999982,8922
cant.mtx,128,0,DCSC-sampled,sampled_worker,lookup_multiply_hash,0.34894020100000001,8922
cant.mtx,128,0,DCSC-sampled,sampled_worker,compact,0.0071644050000000004,8922
cant.mtx,128,0,DCSC-sampled,sampled_worker,sort,0.048599807999999967,8922
cant.mtx,128,0,DCSC-sampled,sampled_worker,write,0.049366527999999993,8922
cant.mtx,128,0,DCSC-sampled,sampled_worker,scratch_free,0.012350788000000003,8922
cant.mtx,128,0,CombBLAS-sampled,wall,total,0.056890534,0
cant.mtx,128,0,CombBLAS-sampled,wall,lookup_build,0.00011438900000000001,0
cant.mtx,128,0,CombBLAS-sampled,wall,thread_setup,5.0908000000000001e-05,0
cant.mtx,128,0,CombBLAS-sampled,wall,work_bound,0.00096135299999999997,0
cant.mtx,128,0,CombBLAS-sampled,wall,work_prefix,8.7417999999999995e-05,0
cant.mtx,128,0,CombBLAS-sampled,wall,symbolic,0.003595797,0
cant.mtx,128,0,CombBLAS-sampled,wall,output_prefix,8.4080999999999997e-05,0
cant.mtx,128,0,CombBLAS-sampled,wall,output_allocate,0.034282251999999999,0
cant.mtx,128,0,CombBLAS-sampled,wall,numeric_scratch_setup,0.0023613380000000002,0
cant.mtx,128,0,CombBLAS-sampled,wall,numeric,0.015326426000000001,0
cant.mtx,128,0,CombBLAS-sampled,wall,internal_cleanup,2.8949999999999998e-06,0
cant.mtx,128,0,CombBLAS-sampled,wall,return_cleanup,2.3315e-05,0
cant.mtx,128,0,CombBLAS-sampled,wall,output_free,2.8999999999999998e-07,0
cant.mtx,128,0,CombBLAS-sampled,sampled_worker,lookup,0.0081259150000000009,8922
cant.mtx,128,0,CombBLAS-sampled,sampled_worker,alloc_init,0.0043183340000000001,8922
cant.mtx,128,0,CombBLAS-sampled,sampled_worker,lookup_multiply_hash,0.13494192799999993,8922
cant.mtx,128,0,CombBLAS-sampled,sampled_worker,compact,0.0061763990000000008,8922
cant.mtx,128,0,CombBLAS-sampled,sampled_worker,sort,0.052382384999999997,8922
cant.mtx,128,0,CombBLAS-sampled,sampled_worker,write,0.019112842000000008,8922
cant.mtx,128,0,CombBLAS-sampled,sampled_worker,scratch_free,0.002511810000000001,8922
cant.mtx,128,0,CombBLAS-conversion,wall,total,0.130445749,0
cant.mtx,128,0,CombBLAS-conversion,wall,native_call,0.051279392,0
cant.mtx,128,0,CombBLAS-conversion,wall,tuple_to_dcsc,0.079162389,0
cant.mtx,128,0,CombBLAS-conversion,wall,dcsc_free,2.8959999999999999e-06,0
cant.mtx,128,0,CombBLAS-conversion,wall,output_free,1.012e-06,0
cant.mtx,128,0,DCSC-dense-lookup,wall,total,0.050458547999999999,0
cant.mtx,128,0,DCSC-dense-lookup,wall,native_call_and_free,0.050458075999999998,0
cant.mtx,128,0,DCSC-static,wall,total,0.044704019999999997,0
cant.mtx,128,0,DCSC-static,wall,native_call_and_free,0.044703549000000002,0
cant.mtx,128,0,DCSC-dense-static,wall,total,0.043654226999999997,0
cant.mtx,128,0,DCSC-dense-static,wall,native_call_and_free,0.043653564999999998,0
cant.mtx,128,1,CSC-control,wall,total,0.058438271999999999,0
cant.mtx,128,1,CSC-control,wall,native_call_and_free,0.058437971999999998,0
cant.mtx,128,1,DCSC-dense-static,wall,total,0.044169875999999997,0
cant.mtx,128,1,DCSC-dense-static,wall,native_call_and_free,0.044169374999999997,0
cant.mtx,128,1,DCSC-static,wall,total,0.042454605999999999,0
cant.mtx,128,1,DCSC-static,wall,native_call_and_free,0.042453955000000002,0
cant.mtx,128,1,DCSC-dense-lookup,wall,total,0.058776730999999999,0
cant.mtx,128,1,DCSC-dense-lookup,wall,native_call_and_free,0.058776281,0
cant.mtx,128,1,CombBLAS-conversion,wall,total,0.13418992900000001,0
cant.mtx,128,1,CombBLAS-conversion,wall,native_call,0.055028642000000003,0
cant.mtx,128,1,CombBLAS-conversion,wall,tuple_to_dcsc,0.079158131000000007,0
cant.mtx,128,1,CombBLAS-conversion,wall,dcsc_free,1.984e-06,0
cant.mtx,128,1,CombBLAS-conversion,wall,output_free,1.113e-06,0
cant.mtx,128,1,CombBLAS-sampled,wall,total,0.047141265000000002,0
cant.mtx,128,1,CombBLAS-sampled,wall,lookup_build,0.00019337099999999999,0
cant.mtx,128,1,CombBLAS-sampled,wall,thread_setup,7.3881000000000006e-05,0
cant.mtx,128,1,CombBLAS-sampled,wall,work_bound,0.00058628499999999997,0
cant.mtx,128,1,CombBLAS-sampled,wall,work_prefix,7.3411000000000006e-05,0
cant.mtx,128,1,CombBLAS-sampled,wall,symbolic,0.0033710150000000002,0
cant.mtx,128,1,CombBLAS-sampled,wall,output_prefix,9.1827e-05,0
cant.mtx,128,1,CombBLAS-sampled,wall,output_allocate,0.025701162999999999,0
cant.mtx,128,1,CombBLAS-sampled,wall,numeric_scratch_setup,0.00223142,0
cant.mtx,128,1,CombBLAS-sampled,wall,numeric,0.014791769999999999,0
cant.mtx,128,1,CombBLAS-sampled,wall,internal_cleanup,3.196e-06,0
cant.mtx,128,1,CombBLAS-sampled,wall,return_cleanup,2.2934000000000001e-05,0
cant.mtx,128,1,CombBLAS-sampled,wall,output_free,9.3200000000000003e-07,0
cant.mtx,128,1,CombBLAS-sampled,sampled_worker,lookup,0.0081438050000000005,8922
cant.mtx,128,1,CombBLAS-sampled,sampled_worker,alloc_init,0.0042218290000000007,8922
cant.mtx,128,1,CombBLAS-sampled,sampled_worker,lookup_multiply_hash,0.13106255299999997,8922
cant.mtx,128,1,CombBLAS-sampled,sampled_worker,compact,0.0061795290000000013,8922
cant.mtx,128,1,CombBLAS-sampled,sampled_worker,sort,0.051630668000000005,8922
cant.mtx,128,1,CombBLAS-sampled,sampled_worker,write,0.019544975999999988,8922
cant.mtx,128,1,CombBLAS-sampled,sampled_worker,scratch_free,0.0023714519999999992,8922
cant.mtx,128,1,DCSC-sampled,wall,total,0.062586127000000005,0
cant.mtx,128,1,DCSC-sampled,wall,validate,2.7099999999999998e-07,0
cant.mtx,128,1,DCSC-sampled,wall,lookup_build,0.00085316600000000004,0
cant.mtx,128,1,DCSC-sampled,wall,scratch_setup,0.00021632500000000001,0
cant.mtx,128,1,DCSC-sampled,wall,work_bound,0.0015471269999999999,0
cant.mtx,128,1,DCSC-sampled,wall,symbolic_capacity,0.000338549,0
cant.mtx,128,1,DCSC-sampled,wall,symbolic,0.0086655710000000004,0
cant.mtx,128,1,DCSC-sampled,wall,prefix_numeric_capacity,0.0016869350000000001,0
cant.mtx,128,1,DCSC-sampled,wall,output_allocate,0.021899623,0
cant.mtx,128,1,DCSC-sampled,wall,numeric,0.027375463999999999,0
cant.mtx,128,1,DCSC-sampled,wall,return_cleanup,1.7239999999999999e-06,0
cant.mtx,128,1,DCSC-sampled,wall,output_free,1.3120000000000001e-06,0
cant.mtx,128,1,DCSC-sampled,sampled_worker,lookup,0,8922
cant.mtx,128,1,DCSC-sampled,sampled_worker,alloc_init,0.0060405099999999972,8922
cant.mtx,128,1,DCSC-sampled,sampled_worker,lookup_multiply_hash,0.35503708599999978,8922
cant.mtx,128,1,DCSC-sampled,sampled_worker,compact,0.0072670320000000031,8922
cant.mtx,128,1,DCSC-sampled,sampled_worker,sort,0.049108823000000044,8922
cant.mtx,128,1,DCSC-sampled,sampled_worker,write,0.050617690000000021,8922
cant.mtx,128,1,DCSC-sampled,sampled_worker,scratch_free,0.011977355000000002,8922
cant.mtx,128,1,CombBLAS-profile,wall,total,0.056119243999999999,0
cant.mtx,128,1,CombBLAS-profile,wall,lookup_build,0.00010942000000000001,0
cant.mtx,128,1,CombBLAS-profile,wall,thread_setup,5.0275999999999998e-05,0
cant.mtx,128,1,CombBLAS-profile,wall,work_bound,0.00095370999999999997,0
cant.mtx,128,1,CombBLAS-profile,wall,work_prefix,8.3869999999999995e-05,0
cant.mtx,128,1,CombBLAS-profile,wall,symbolic,0.0036081910000000002,0
cant.mtx,128,1,CombBLAS-profile,wall,output_prefix,8.6055000000000002e-05,0
cant.mtx,128,1,CombBLAS-profile,wall,output_allocate,0.033638095999999999,0
cant.mtx,128,1,CombBLAS-profile,wall,numeric_scratch_setup,0.0023393870000000001,0
cant.mtx,128,1,CombBLAS-profile,wall,numeric,0.015224128999999999,0
cant.mtx,128,1,CombBLAS-profile,wall,internal_cleanup,2.3549999999999999e-06,0
cant.mtx,128,1,CombBLAS-profile,wall,return_cleanup,2.3044000000000002e-05,0
cant.mtx,128,1,CombBLAS-profile,wall,output_free,6.5099999999999999e-07,0
cant.mtx,128,1,DCSC-profile,wall,total,0.062859791999999998,0
cant.mtx,128,1,DCSC-profile,wall,validate,7.0200000000000001e-07,0
cant.mtx,128,1,DCSC-profile,wall,lookup_build,0.00084531099999999996,0
cant.mtx,128,1,DCSC-profile,wall,scratch_setup,0.000179975,0
cant.mtx,128,1,DCSC-profile,wall,work_bound,0.0015916529999999999,0
cant.mtx,128,1,DCSC-profile,wall,symbolic_capacity,0.000336194,0
cant.mtx,128,1,DCSC-profile,wall,symbolic,0.0086888950000000003,0
cant.mtx,128,1,DCSC-profile,wall,prefix_numeric_capacity,0.0016327010000000001,0
cant.mtx,128,1,DCSC-profile,wall,output_allocate,0.022247850999999999,0
cant.mtx,128,1,DCSC-profile,wall,numeric,0.027333314000000001,0
cant.mtx,128,1,DCSC-profile,wall,return_cleanup,1.333e-06,0
cant.mtx,128,1,DCSC-profile,wall,output_free,1.793e-06,0
cant.mtx,128,1,CSC-profile,wall,total,0.057033927999999998,0
cant.mtx,128,1,CSC-profile,wall,validate,4.7100000000000002e-07,0
cant.mtx,128,1,CSC-profile,wall,lookup_build,4.0000000000000001e-08,0
cant.mtx,128,1,CSC-profile,wall,scratch_setup,0.000302219,0
cant.mtx,128,1,CSC-profile,wall,work_bound,0.001024926,0
cant.mtx,128,1,CSC-profile,wall,symbolic_capacity,0.00040547800000000002,0
cant.mtx,128,1,CSC-profile,wall,symbolic,0.0076085119999999996,0
cant.mtx,128,1,CSC-profile,wall,prefix_numeric_capacity,0.00094688699999999999,0
cant.mtx,128,1,CSC-profile,wall,output_allocate,0.021166837000000001,0
cant.mtx,128,1,CSC-profile,wall,numeric,0.025575402000000001,0
cant.mtx,128,1,CSC-profile,wall,return_cleanup,1.4729999999999999e-06,0
cant.mtx,128,1,CSC-profile,wall,output_free,1.623e-06,0
cant.mtx,128,1,CombBLAS-control,wall,total,0.054924041999999999,0
cant.mtx,128,1,CombBLAS-control,wall,native_call_and_free,0.054923761000000001,0
cant.mtx,128,1,DCSC-control,wall,total,0.061844134000000002,0
cant.mtx,128,1,DCSC-control,wall,native_call_and_free,0.061843812999999997,0
cant.mtx,128,2,CombBLAS-control,wall,total,0.055609867,0
cant.mtx,128,2,CombBLAS-control,wall,native_call_and_free,0.055609366,0
cant.mtx,128,2,CSC-profile,wall,total,0.059946725999999999,0
cant.mtx,128,2,CSC-profile,wall,validate,4.6100000000000001e-07,0
cant.mtx,128,2,CSC-profile,wall,lookup_build,2.9999999999999997e-08,0
cant.mtx,128,2,CSC-profile,wall,scratch_setup,0.00022990099999999999,0
cant.mtx,128,2,CSC-profile,wall,work_bound,0.0010028839999999999,0
cant.mtx,128,2,CSC-profile,wall,symbolic_capacity,0.00034906899999999997,0
cant.mtx,128,2,CSC-profile,wall,symbolic,0.0084822189999999992,0
cant.mtx,128,2,CSC-profile,wall,prefix_numeric_capacity,0.00094646499999999996,0
cant.mtx,128,2,CSC-profile,wall,output_allocate,0.021954798000000001,0
cant.mtx,128,2,CSC-profile,wall,numeric,0.026977302000000002,0
cant.mtx,128,2,CSC-profile,wall,return_cleanup,1.9530000000000002e-06,0
cant.mtx,128,2,CSC-profile,wall,output_free,1.573e-06,0
cant.mtx,128,2,DCSC-profile,wall,total,0.059944691000000001,0
cant.mtx,128,2,DCSC-profile,wall,validate,4.4000000000000002e-07,0
cant.mtx,128,2,DCSC-profile,wall,lookup_build,0.00092278,0
cant.mtx,128,2,DCSC-profile,wall,scratch_setup,0.000186257,0
cant.mtx,128,2,DCSC-profile,wall,work_bound,0.001507832,0
cant.mtx,128,2,DCSC-profile,wall,symbolic_capacity,0.000325545,0
cant.mtx,128,2,DCSC-profile,wall,symbolic,0.0080523839999999992,0
cant.mtx,128,2,DCSC-profile,wall,prefix_numeric_capacity,0.001636949,0
cant.mtx,128,2,DCSC-profile,wall,output_allocate,0.021103856000000001,0
cant.mtx,128,2,DCSC-profile,wall,numeric,0.026205501999999999,0
cant.mtx,128,2,DCSC-profile,wall,return_cleanup,1.3519999999999999e-06,0
cant.mtx,128,2,DCSC-profile,wall,output_free,1.683e-06,0
cant.mtx,128,2,CombBLAS-profile,wall,total,0.055029464,0
cant.mtx,128,2,CombBLAS-profile,wall,lookup_build,8.4252000000000006e-05,0
cant.mtx,128,2,CombBLAS-profile,wall,thread_setup,5.0707000000000001e-05,0
cant.mtx,128,2,CombBLAS-profile,wall,work_bound,0.001011089,0
cant.mtx,128,2,CombBLAS-profile,wall,work_prefix,8.5975000000000003e-05,0
cant.mtx,128,2,CombBLAS-profile,wall,symbolic,0.0037809110000000001,0
cant.mtx,128,2,CombBLAS-profile,wall,output_prefix,8.6515999999999996e-05,0
cant.mtx,128,2,CombBLAS-profile,wall,output_allocate,0.031737051000000002,0
cant.mtx,128,2,CombBLAS-profile,wall,numeric_scratch_setup,0.0023611079999999998,0
cant.mtx,128,2,CombBLAS-profile,wall,numeric,0.015805594999999999,0
cant.mtx,128,2,CombBLAS-profile,wall,internal_cleanup,2.7250000000000002e-06,0
cant.mtx,128,2,CombBLAS-profile,wall,return_cleanup,2.2793e-05,0
cant.mtx,128,2,CombBLAS-profile,wall,output_free,6.6199999999999997e-07,0
cant.mtx,128,2,DCSC-sampled,wall,total,0.063166529999999999,0
cant.mtx,128,2,DCSC-sampled,wall,validate,2.4999999999999999e-07,0
cant.mtx,128,2,DCSC-sampled,wall,lookup_build,0.00084533199999999996,0
cant.mtx,128,2,DCSC-sampled,wall,scratch_setup,0.00017757999999999999,0
cant.mtx,128,2,DCSC-sampled,wall,work_bound,0.001549592,0
cant.mtx,128,2,DCSC-sampled,wall,symbolic_capacity,0.00044843999999999998,0
cant.mtx,128,2,DCSC-sampled,wall,symbolic,0.0086627549999999994,0
cant.mtx,128,2,DCSC-sampled,wall,prefix_numeric_capacity,0.001637781,0
cant.mtx,128,2,DCSC-sampled,wall,output_allocate,0.022155634,0
cant.mtx,128,2,DCSC-sampled,wall,numeric,0.02768613,0
cant.mtx,128,2,DCSC-sampled,wall,return_cleanup,1.7540000000000001e-06,0
cant.mtx,128,2,DCSC-sampled,wall,output_free,1.232e-06,0
cant.mtx,128,2,DCSC-sampled,sampled_worker,lookup,0,8922
cant.mtx,128,2,DCSC-sampled,sampled_worker,alloc_init,0.0059904450000000014,8922
cant.mtx,128,2,DCSC-sampled,sampled_worker,lookup_multiply_hash,0.36064559199999996,8922
cant.mtx,128,2,DCSC-sampled,sampled_worker,compact,0.0072418940000000013,8922
cant.mtx,128,2,DCSC-sampled,sampled_worker,sort,0.048828311000000013,8922
cant.mtx,128,2,DCSC-sampled,sampled_worker,write,0.05230363200000001,8922
cant.mtx,128,2,DCSC-sampled,sampled_worker,scratch_free,0.012033473000000001,8922
cant.mtx,128,2,CombBLAS-sampled,wall,total,0.057157054999999998,0
cant.mtx,128,2,CombBLAS-sampled,wall,lookup_build,0.00014164200000000001,0
cant.mtx,128,2,CombBLAS-sampled,wall,thread_setup,5.3372000000000003e-05,0
cant.mtx,128,2,CombBLAS-sampled,wall,work_bound,0.00096533199999999995,0
cant.mtx,128,2,CombBLAS-sampled,wall,work_prefix,8.7508000000000003e-05,0
cant.mtx,128,2,CombBLAS-sampled,wall,symbolic,0.0036085100000000001,0
cant.mtx,128,2,CombBLAS-sampled,wall,output_prefix,8.2949999999999997e-05,0
cant.mtx,128,2,CombBLAS-sampled,wall,output_allocate,0.034506270999999998,0
cant.mtx,128,2,CombBLAS-sampled,wall,numeric_scratch_setup,0.0023939719999999999,0
cant.mtx,128,2,CombBLAS-sampled,wall,numeric,0.015290576,0
cant.mtx,128,2,CombBLAS-sampled,wall,internal_cleanup,2.796e-06,0
cant.mtx,128,2,CombBLAS-sampled,wall,return_cleanup,2.3283999999999999e-05,0
cant.mtx,128,2,CombBLAS-sampled,wall,output_free,7.92e-07,0
cant.mtx,128,2,CombBLAS-sampled,sampled_worker,lookup,0.0097496400000000073,8922
cant.mtx,128,2,CombBLAS-sampled,sampled_worker,alloc_init,0.0042902739999999984,8922
cant.mtx,128,2,CombBLAS-sampled,sampled_worker,lookup_multiply_hash,0.13563436499999998,8922
cant.mtx,128,2,CombBLAS-sampled,sampled_worker,compact,0.0063104700000000012,8922
cant.mtx,128,2,CombBLAS-sampled,sampled_worker,sort,0.051664004999999992,8922
cant.mtx,128,2,CombBLAS-sampled,sampled_worker,write,0.027710976000000002,8922
cant.mtx,128,2,CombBLAS-sampled,sampled_worker,scratch_free,0.0030998189999999993,8922
cant.mtx,128,2,CombBLAS-conversion,wall,total,0.12917714599999999,0
cant.mtx,128,2,CombBLAS-conversion,wall,native_call,0.05048594,0
cant.mtx,128,2,CombBLAS-conversion,wall,tuple_to_dcsc,0.078687648999999998,0
cant.mtx,128,2,CombBLAS-conversion,wall,dcsc_free,2.464e-06,0
cant.mtx,128,2,CombBLAS-conversion,wall,output_free,1.032e-06,0
cant.mtx,128,2,DCSC-dense-lookup,wall,total,0.051263179999999998,0
cant.mtx,128,2,DCSC-dense-lookup,wall,native_call_and_free,0.051262579000000003,0
cant.mtx,128,2,DCSC-static,wall,total,0.044555085000000001,0
cant.mtx,128,2,DCSC-static,wall,native_call_and_free,0.044554714000000002,0
cant.mtx,128,2,DCSC-dense-static,wall,total,0.043488648999999997,0
cant.mtx,128,2,DCSC-dense-static,wall,native_call_and_free,0.043487958,0
cant.mtx,128,2,CSC-control,wall,total,0.058726354000000001,0
cant.mtx,128,2,CSC-control,wall,native_call_and_free,0.058725883999999999,0
cant.mtx,128,2,DCSC-control,wall,total,0.059284193999999998,0
cant.mtx,128,2,DCSC-control,wall,native_call_and_free,0.059283873000000001,0
cant.mtx,128,3,CombBLAS-control,wall,total,0.055146699,0
cant.mtx,128,3,CombBLAS-control,wall,native_call_and_free,0.055146217999999997,0
cant.mtx,128,3,DCSC-control,wall,total,0.061995014000000001,0
cant.mtx,128,3,DCSC-control,wall,native_call_and_free,0.061994542999999999,0
cant.mtx,128,3,CSC-control,wall,total,0.057859733000000003,0
cant.mtx,128,3,CSC-control,wall,native_call_and_free,0.057859451999999999,0
cant.mtx,128,3,DCSC-dense-static,wall,total,0.045265497000000002,0
cant.mtx,128,3,DCSC-dense-static,wall,native_call_and_free,0.045264815999999999,0
cant.mtx,128,3,DCSC-static,wall,total,0.042296884,0
cant.mtx,128,3,DCSC-static,wall,native_call_and_free,0.042296202999999997,0
cant.mtx,128,3,DCSC-dense-lookup,wall,total,0.059049334000000002,0
cant.mtx,128,3,DCSC-dense-lookup,wall,native_call_and_free,0.059048863,0
cant.mtx,128,3,CombBLAS-conversion,wall,total,0.134050162,0
cant.mtx,128,3,CombBLAS-conversion,wall,native_call,0.055096302,0
cant.mtx,128,3,CombBLAS-conversion,wall,tuple_to_dcsc,0.078950012999999999,0
cant.mtx,128,3,CombBLAS-conversion,wall,dcsc_free,2.7149999999999998e-06,0
cant.mtx,128,3,CombBLAS-conversion,wall,output_free,1.062e-06,0
cant.mtx,128,3,CombBLAS-sampled,wall,total,0.046118774000000001,0
cant.mtx,128,3,CombBLAS-sampled,wall,lookup_build,0.00018477500000000001,0
cant.mtx,128,3,CombBLAS-sampled,wall,thread_setup,5.2200000000000002e-05,0
cant.mtx,128,3,CombBLAS-sampled,wall,work_bound,0.00049614099999999996,0
cant.mtx,128,3,CombBLAS-sampled,wall,work_prefix,7.3320999999999998e-05,0
cant.mtx,128,3,CombBLAS-sampled,wall,symbolic,0.0033457970000000002,0
cant.mtx,128,3,CombBLAS-sampled,wall,output_prefix,6.1728000000000003e-05,0
cant.mtx,128,3,CombBLAS-sampled,wall,output_allocate,0.025140308,0
cant.mtx,128,3,CombBLAS-sampled,wall,numeric_scratch_setup,0.0022021639999999999,0
cant.mtx,128,3,CombBLAS-sampled,wall,numeric,0.014535919,0
cant.mtx,128,3,CombBLAS-sampled,wall,internal_cleanup,2.305e-06,0
cant.mtx,128,3,CombBLAS-sampled,wall,return_cleanup,2.3455000000000002e-05,0
cant.mtx,128,3,CombBLAS-sampled,wall,output_free,5.9100000000000004e-07,0
cant.mtx,128,3,CombBLAS-sampled,sampled_worker,lookup,0.0096020299999999958,8922
cant.mtx,128,3,CombBLAS-sampled,sampled_worker,alloc_init,0.0043023150000000019,8922
cant.mtx,128,3,CombBLAS-sampled,sampled_worker,lookup_multiply_hash,0.13065285600000001,8922
cant.mtx,128,3,CombBLAS-sampled,sampled_worker,compact,0.0061612869999999988,8922
cant.mtx,128,3,CombBLAS-sampled,sampled_worker,sort,0.051347780000000003,8922
cant.mtx,128,3,CombBLAS-sampled,sampled_worker,write,0.027122005000000012,8922
cant.mtx,128,3,CombBLAS-sampled,sampled_worker,scratch_free,0.0029378600000000005,8922
cant.mtx,128,3,DCSC-sampled,wall,total,0.063199894000000006,0
cant.mtx,128,3,DCSC-sampled,wall,validate,6.1099999999999995e-07,0
cant.mtx,128,3,DCSC-sampled,wall,lookup_build,0.00084661399999999998,0
cant.mtx,128,3,DCSC-sampled,wall,scratch_setup,0.00017847199999999999,0
cant.mtx,128,3,DCSC-sampled,wall,work_bound,0.0015925449999999999,0
cant.mtx,128,3,DCSC-sampled,wall,symbolic_capacity,0.00034716499999999997,0
cant.mtx,128,3,DCSC-sampled,wall,symbolic,0.0087809419999999999,0
cant.mtx,128,3,DCSC-sampled,wall,prefix_numeric_capacity,0.0016465379999999999,0
cant.mtx,128,3,DCSC-sampled,wall,output_allocate,0.022146275999999999,0
cant.mtx,128,3,DCSC-sampled,wall,numeric,0.027657755999999999,0
cant.mtx,128,3,DCSC-sampled,wall,return_cleanup,1.1620000000000001e-06,0
cant.mtx,128,3,DCSC-sampled,wall,output_free,1.7430000000000001e-06,0
cant.mtx,128,3,DCSC-sampled,sampled_worker,lookup,0,8922
cant.mtx,128,3,DCSC-sampled,sampled_worker,alloc_init,0.0060137089999999999,8922
cant.mtx,128,3,DCSC-sampled,sampled_worker,lookup_multiply_hash,0.36486526599999997,8922
cant.mtx,128,3,DCSC-sampled,sampled_worker,compact,0.0069845409999999952,8922
cant.mtx,128,3,DCSC-sampled,sampled_worker,sort,0.049068776000000036,8922
cant.mtx,128,3,DCSC-sampled,sampled_worker,write,0.052484986000000011,8922
cant.mtx,128,3,DCSC-sampled,sampled_worker,scratch_free,0.012041699000000003,8922
cant.mtx,128,3,CombBLAS-profile,wall,total,0.056290952999999998,0
cant.mtx,128,3,CombBLAS-profile,wall,lookup_build,0.000101374,0
cant.mtx,128,3,CombBLAS-profile,wall,thread_setup,4.9184000000000002e-05,0
cant.mtx,128,3,CombBLAS-profile,wall,work_bound,0.00095813799999999998,0
cant.mtx,128,3,CombBLAS-profile,wall,work_prefix,8.7007000000000002e-05,0
cant.mtx,128,3,CombBLAS-profile,wall,symbolic,0.003712,0
cant.mtx,128,3,CombBLAS-profile,wall,output_prefix,8.5583999999999999e-05,0
cant.mtx,128,3,CombBLAS-profile,wall,output_allocate,0.033806047999999998,0
cant.mtx,128,3,CombBLAS-profile,wall,numeric_scratch_setup,0.0023099209999999999,0
cant.mtx,128,3,CombBLAS-profile,wall,numeric,0.015155386999999999,0
cant.mtx,128,3,CombBLAS-profile,wall,internal_cleanup,2.655e-06,0
cant.mtx,128,3,CombBLAS-profile,wall,return_cleanup,2.2713000000000001e-05,0
cant.mtx,128,3,CombBLAS-profile,wall,output_free,8.8199999999999998e-07,0
cant.mtx,128,3,DCSC-profile,wall,total,0.063019659000000006,0
cant.mtx,128,3,DCSC-profile,wall,validate,8.0100000000000004e-07,0
cant.mtx,128,3,DCSC-profile,wall,lookup_build,0.00084240599999999997,0
cant.mtx,128,3,DCSC-profile,wall,scratch_setup,0.00017863199999999999,0
cant.mtx,128,3,DCSC-profile,wall,work_bound,0.0015609039999999999,0
cant.mtx,128,3,DCSC-profile,wall,symbolic_capacity,0.000335223,0
cant.mtx,128,3,DCSC-profile,wall,symbolic,0.0087342730000000007,0
cant.mtx,128,3,DCSC-profile,wall,prefix_numeric_capacity,0.001634985,0
cant.mtx,128,3,DCSC-profile,wall,output_allocate,0.022202883999999999,0
cant.mtx,128,3,DCSC-profile,wall,numeric,0.027527105999999999,0
cant.mtx,128,3,DCSC-profile,wall,return_cleanup,1.1319999999999999e-06,0
cant.mtx,128,3,DCSC-profile,wall,output_free,1.243e-06,0
cant.mtx,128,3,CSC-profile,wall,total,0.057714522999999997,0
cant.mtx,128,3,CSC-profile,wall,validate,4.51e-07,0
cant.mtx,128,3,CSC-profile,wall,lookup_build,4.0000000000000001e-08,0
cant.mtx,128,3,CSC-profile,wall,scratch_setup,0.00026460699999999998,0
cant.mtx,128,3,CSC-profile,wall,work_bound,0.001051387,0
cant.mtx,128,3,CSC-profile,wall,symbolic_capacity,0.00043523500000000002,0
cant.mtx,128,3,CSC-profile,wall,symbolic,0.007730827,0
cant.mtx,128,3,CSC-profile,wall,prefix_numeric_capacity,0.00094294799999999998,0
cant.mtx,128,3,CSC-profile,wall,output_allocate,0.021446542999999998,0
cant.mtx,128,3,CSC-profile,wall,numeric,0.025840181,0
cant.mtx,128,3,CSC-profile,wall,return_cleanup,1.443e-06,0
cant.mtx,128,3,CSC-profile,wall,output_free,8.0100000000000004e-07,0
cant.mtx,128,4,DCSC-profile,wall,total,0.060260266,0
cant.mtx,128,4,DCSC-profile,wall,validate,2.2999999999999999e-07,0
cant.mtx,128,4,DCSC-profile,wall,lookup_build,0.00087719299999999996,0
cant.mtx,128,4,DCSC-profile,wall,scratch_setup,0.00020081499999999999,0
cant.mtx,128,4,DCSC-profile,wall,work_bound,0.001477674,0
cant.mtx,128,4,DCSC-profile,wall,symbolic_capacity,0.00032002400000000002,0
cant.mtx,128,4,DCSC-profile,wall,symbolic,0.0080209040000000006,0
cant.mtx,128,4,DCSC-profile,wall,prefix_numeric_capacity,0.001642199,0
cant.mtx,128,4,DCSC-profile,wall,output_allocate,0.021410744999999998,0
cant.mtx,128,4,DCSC-profile,wall,numeric,0.026307717000000001,0
cant.mtx,128,4,DCSC-profile,wall,return_cleanup,1.302e-06,0
cant.mtx,128,4,DCSC-profile,wall,output_free,1.393e-06,0
cant.mtx,128,4,CombBLAS-profile,wall,total,0.056133691999999999,0
cant.mtx,128,4,CombBLAS-profile,wall,lookup_build,7.3660999999999998e-05,0
cant.mtx,128,4,CombBLAS-profile,wall,thread_setup,4.7932000000000001e-05,0
cant.mtx,128,4,CombBLAS-profile,wall,work_bound,0.001075653,0
cant.mtx,128,4,CombBLAS-profile,wall,work_prefix,0.000109801,0
cant.mtx,128,4,CombBLAS-profile,wall,symbolic,0.003804226,0
cant.mtx,128,4,CombBLAS-profile,wall,output_prefix,0.00010463000000000001,0
cant.mtx,128,4,CombBLAS-profile,wall,output_allocate,0.033172554,0
cant.mtx,128,4,CombBLAS-profile,wall,numeric_scratch_setup,0.0022588930000000001,0
cant.mtx,128,4,CombBLAS-profile,wall,numeric,0.015460241,0
cant.mtx,128,4,CombBLAS-profile,wall,internal_cleanup,2.305e-06,0
cant.mtx,128,4,CombBLAS-profile,wall,return_cleanup,2.3264e-05,0
cant.mtx,128,4,CombBLAS-profile,wall,output_free,4.7199999999999999e-07,0
cant.mtx,128,4,DCSC-sampled,wall,total,0.063076437999999999,0
cant.mtx,128,4,DCSC-sampled,wall,validate,2.2999999999999999e-07,0
cant.mtx,128,4,DCSC-sampled,wall,lookup_build,0.00085211499999999997,0
cant.mtx,128,4,DCSC-sampled,wall,scratch_setup,0.000210664,0
cant.mtx,128,4,DCSC-sampled,wall,work_bound,0.0015801000000000001,0
cant.mtx,128,4,DCSC-sampled,wall,symbolic_capacity,0.00037091199999999999,0
cant.mtx,128,4,DCSC-sampled,wall,symbolic,0.0087908599999999993,0
cant.mtx,128,4,DCSC-sampled,wall,prefix_numeric_capacity,0.001705802,0
cant.mtx,128,4,DCSC-sampled,wall,output_allocate,0.022166083,0
cant.mtx,128,4,DCSC-sampled,wall,numeric,0.027397127,0
cant.mtx,128,4,DCSC-sampled,wall,return_cleanup,1.423e-06,0
cant.mtx,128,4,DCSC-sampled,wall,output_free,1.051e-06,0
cant.mtx,128,4,DCSC-sampled,sampled_worker,lookup,0,8922
cant.mtx,128,4,DCSC-sampled,sampled_worker,alloc_init,0.0060117170000000006,8922
cant.mtx,128,4,DCSC-sampled,sampled_worker,lookup_multiply_hash,0.35860559900000022,8922
cant.mtx,128,4,DCSC-sampled,sampled_worker,compact,0.0071921129999999974,8922
cant.mtx,128,4,DCSC-sampled,sampled_worker,sort,0.048797809999999983,8922
cant.mtx,128,4,DCSC-sampled,sampled_worker,write,0.050828541999999997,8922
cant.mtx,128,4,DCSC-sampled,sampled_worker,scratch_free,0.011902726000000002,8922
cant.mtx,128,4,CombBLAS-sampled,wall,total,0.056691813000000001,0
cant.mtx,128,4,CombBLAS-sampled,wall,lookup_build,9.7005999999999999e-05,0
cant.mtx,128,4,CombBLAS-sampled,wall,thread_setup,4.6629999999999999e-05,0
cant.mtx,128,4,CombBLAS-sampled,wall,work_bound,0.00093717699999999998,0
cant.mtx,128,4,CombBLAS-sampled,wall,work_prefix,8.6275999999999999e-05,0
cant.mtx,128,4,CombBLAS-sampled,wall,symbolic,0.0036162049999999999,0
cant.mtx,128,4,CombBLAS-sampled,wall,output_prefix,8.7738999999999995e-05,0
cant.mtx,128,4,CombBLAS-sampled,wall,output_allocate,0.034253256000000003,0
cant.mtx,128,4,CombBLAS-sampled,wall,numeric_scratch_setup,0.0022870759999999999,0
cant.mtx,128,4,CombBLAS-sampled,wall,numeric,0.015254478,0
cant.mtx,128,4,CombBLAS-sampled,wall,internal_cleanup,2.4150000000000002e-06,0
cant.mtx,128,4,CombBLAS-sampled,wall,return_cleanup,2.3204e-05,0
cant.mtx,128,4,CombBLAS-sampled,wall,output_free,2.8099999999999999e-07,0
cant.mtx,128,4,CombBLAS-sampled,sampled_worker,lookup,0.0096772279999999995,8922
cant.mtx,128,4,CombBLAS-sampled,sampled_worker,alloc_init,0.0043361879999999978,8922
cant.mtx,128,4,CombBLAS-sampled,sampled_worker,lookup_multiply_hash,0.13478246700000004,8922
cant.mtx,128,4,CombBLAS-sampled,sampled_worker,compact,0.0061470289999999992,8922
cant.mtx,128,4,CombBLAS-sampled,sampled_worker,sort,0.051527445999999998,8922
cant.mtx,128,4,CombBLAS-sampled,sampled_worker,write,0.027097589999999991,8922
cant.mtx,128,4,CombBLAS-sampled,sampled_worker,scratch_free,0.0029920669999999997,8922
cant.mtx,128,4,CombBLAS-conversion,wall,total,0.12916135500000001,0
cant.mtx,128,4,CombBLAS-conversion,wall,native_call,0.050535625000000001,0
cant.mtx,128,4,CombBLAS-conversion,wall,tuple_to_dcsc,0.078621391999999998,0
cant.mtx,128,4,CombBLAS-conversion,wall,dcsc_free,3.4259999999999999e-06,0
cant.mtx,128,4,CombBLAS-conversion,wall,output_free,8.4200000000000005e-07,0
cant.mtx,128,4,DCSC-dense-lookup,wall,total,0.050786666000000001,0
cant.mtx,128,4,DCSC-dense-lookup,wall,native_call_and_free,0.050786376000000001,0
cant.mtx,128,4,DCSC-static,wall,total,0.044735701000000003,0
cant.mtx,128,4,DCSC-static,wall,native_call_and_free,0.044735200000000003,0
cant.mtx,128,4,DCSC-dense-static,wall,total,0.043752975999999999,0
cant.mtx,128,4,DCSC-dense-static,wall,native_call_and_free,0.043752495000000002,0
cant.mtx,128,4,CSC-control,wall,total,0.058548464000000001,0
cant.mtx,128,4,CSC-control,wall,native_call_and_free,0.058547993,0
cant.mtx,128,4,DCSC-control,wall,total,0.059056428000000001,0
cant.mtx,128,4,DCSC-control,wall,native_call_and_free,0.059056147000000003,0
cant.mtx,128,4,CombBLAS-control,wall,total,0.055253653,0
cant.mtx,128,4,CombBLAS-control,wall,native_call_and_free,0.055253192999999999,0
cant.mtx,128,4,CSC-profile,wall,total,0.060447906000000003,0
cant.mtx,128,4,CSC-profile,wall,validate,5.51e-07,0
cant.mtx,128,4,CSC-profile,wall,lookup_build,4.0000000000000001e-08,0
cant.mtx,128,4,CSC-profile,wall,scratch_setup,0.000232215,0
cant.mtx,128,4,CSC-profile,wall,work_bound,0.0010299860000000001,0
cant.mtx,128,4,CSC-profile,wall,symbolic_capacity,0.00035388900000000003,0
cant.mtx,128,4,CSC-profile,wall,symbolic,0.0084901730000000002,0
cant.mtx,128,4,CSC-profile,wall,prefix_numeric_capacity,0.00094716699999999995,0
cant.mtx,128,4,CSC-profile,wall,output_allocate,0.022128601000000001,0
cant.mtx,128,4,CSC-profile,wall,numeric,0.027262469000000001,0
cant.mtx,128,4,CSC-profile,wall,return_cleanup,1.432e-06,0
cant.mtx,128,4,CSC-profile,wall,output_free,1.3030000000000001e-06,0
cant.mtx,128,5,DCSC-profile,wall,total,0.060456221999999997,0
cant.mtx,128,5,DCSC-profile,wall,validate,4.51e-07,0
cant.mtx,128,5,DCSC-profile,wall,lookup_build,0.00096447000000000004,0
cant.mtx,128,5,DCSC-profile,wall,scratch_setup,0.000249538,0
cant.mtx,128,5,DCSC-profile,wall,work_bound,0.0014238510000000001,0
cant.mtx,128,5,DCSC-profile,wall,symbolic_capacity,0.00038304499999999999,0
cant.mtx,128,5,DCSC-profile,wall,symbolic,0.0081656019999999992,0
cant.mtx,128,5,DCSC-profile,wall,prefix_numeric_capacity,0.001655545,0
cant.mtx,128,5,DCSC-profile,wall,output_allocate,0.021240398000000001,0
cant.mtx,128,5,DCSC-profile,wall,numeric,0.026370767999999999,0
cant.mtx,128,5,DCSC-profile,wall,return_cleanup,1.1519999999999999e-06,0
cant.mtx,128,5,DCSC-profile,wall,output_free,1.3319999999999999e-06,0
cant.mtx,128,5,CSC-profile,wall,total,0.057463201999999998,0
cant.mtx,128,5,CSC-profile,wall,validate,4.51e-07,0
cant.mtx,128,5,CSC-profile,wall,lookup_build,4.0000000000000001e-08,0
cant.mtx,128,5,CSC-profile,wall,scratch_setup,0.00040694,0
cant.mtx,128,5,CSC-profile,wall,work_bound,0.0011227539999999999,0
cant.mtx,128,5,CSC-profile,wall,symbolic_capacity,0.00034776700000000002,0
cant.mtx,128,5,CSC-profile,wall,symbolic,0.0075704700000000002,0
cant.mtx,128,5,CSC-profile,wall,prefix_numeric_capacity,0.00094871899999999999,0
cant.mtx,128,5,CSC-profile,wall,output_allocate,0.021231882000000001,0
cant.mtx,128,5,CSC-profile,wall,numeric,0.025830582000000001,0
cant.mtx,128,5,CSC-profile,wall,return_cleanup,2.074e-06,0
cant.mtx,128,5,CSC-profile,wall,output_free,1.4529999999999999e-06,0
cant.mtx,128,5,CombBLAS-control,wall,total,0.055161166999999997,0
cant.mtx,128,5,CombBLAS-control,wall,native_call_and_free,0.055160605000000001,0
cant.mtx,128,5,DCSC-control,wall,total,0.061985936999999998,0
cant.mtx,128,5,DCSC-control,wall,native_call_and_free,0.061985644999999999,0
cant.mtx,128,5,CSC-control,wall,total,0.057935898999999999,0
cant.mtx,128,5,CSC-control,wall,native_call_and_free,0.057935617000000002,0
cant.mtx,128,5,DCSC-dense-static,wall,total,0.045289162000000001,0
cant.mtx,128,5,DCSC-dense-static,wall,native_call_and_free,0.045288480999999998,0
cant.mtx,128,5,DCSC-static,wall,total,0.042253279999999997,0
cant.mtx,128,5,DCSC-static,wall,native_call_and_free,0.042252589,0
cant.mtx,128,5,DCSC-dense-lookup,wall,total,0.059066066,0
cant.mtx,128,5,DCSC-dense-lookup,wall,native_call_and_free,0.059065543999999998,0
cant.mtx,128,5,CombBLAS-conversion,wall,total,0.13421169099999999,0
cant.mtx,128,5,CombBLAS-conversion,wall,native_call,0.055727130999999999,0
cant.mtx,128,5,CombBLAS-conversion,wall,tuple_to_dcsc,0.078480562000000004,0
cant.mtx,128,5,CombBLAS-conversion,wall,dcsc_free,2.615e-06,0
cant.mtx,128,5,CombBLAS-conversion,wall,output_free,1.243e-06,0
cant.mtx,128,5,CombBLAS-sampled,wall,total,0.046146026,0
cant.mtx,128,5,CombBLAS-sampled,wall,lookup_build,0.00013139200000000001,0
cant.mtx,128,5,CombBLAS-sampled,wall,thread_setup,5.2611999999999997e-05,0
cant.mtx,128,5,CombBLAS-sampled,wall,work_bound,0.00049543999999999999,0
cant.mtx,128,5,CombBLAS-sampled,wall,work_prefix,6.8842000000000003e-05,0
cant.mtx,128,5,CombBLAS-sampled,wall,symbolic,0.0036396509999999998,0
cant.mtx,128,5,CombBLAS-sampled,wall,output_prefix,7.2138000000000006e-05,0
cant.mtx,128,5,CombBLAS-sampled,wall,output_allocate,0.02489618,0
cant.mtx,128,5,CombBLAS-sampled,wall,numeric_scratch_setup,0.0022193960000000002,0
cant.mtx,128,5,CombBLAS-sampled,wall,numeric,0.014543805,0
cant.mtx,128,5,CombBLAS-sampled,wall,internal_cleanup,2.7549999999999999e-06,0
cant.mtx,128,5,CombBLAS-sampled,wall,return_cleanup,2.2603e-05,0
cant.mtx,128,5,CombBLAS-sampled,wall,output_free,1.1519999999999999e-06,0
cant.mtx,128,5,CombBLAS-sampled,sampled_worker,lookup,0.0096039789999999951,8922
cant.mtx,128,5,CombBLAS-sampled,sampled_worker,alloc_init,0.004257206999999999,8922
cant.mtx,128,5,CombBLAS-sampled,sampled_worker,lookup_multiply_hash,0.12982623000000004,8922
cant.mtx,128,5,CombBLAS-sampled,sampled_worker,compact,0.0061196639999999951,8922
cant.mtx,128,5,CombBLAS-sampled,sampled_worker,sort,0.051098578000000013,8922
cant.mtx,128,5,CombBLAS-sampled,sampled_worker,write,0.027904213000000004,8922
cant.mtx,128,5,CombBLAS-sampled,sampled_worker,scratch_free,0.0029225870000000008,8922
cant.mtx,128,5,DCSC-sampled,wall,total,0.063328079999999995,0
cant.mtx,128,5,DCSC-sampled,wall,validate,2.5100000000000001e-07,0
cant.mtx,128,5,DCSC-sampled,wall,lookup_build,0.00088349399999999997,0
cant.mtx,128,5,DCSC-sampled,wall,scratch_setup,0.00017813200000000001,0
cant.mtx,128,5,DCSC-sampled,wall,work_bound,0.001652239,0
cant.mtx,128,5,DCSC-sampled,wall,symbolic_capacity,0.00040478600000000002,0
cant.mtx,128,5,DCSC-sampled,wall,symbolic,0.0087912210000000001,0
cant.mtx,128,5,DCSC-sampled,wall,prefix_numeric_capacity,0.0016500149999999999,0
cant.mtx,128,5,DCSC-sampled,wall,output_allocate,0.02203948,0
cant.mtx,128,5,DCSC-sampled,wall,numeric,0.027725567,0
cant.mtx,128,5,DCSC-sampled,wall,return_cleanup,1.443e-06,0
cant.mtx,128,5,DCSC-sampled,wall,output_free,1.3820000000000001e-06,0
cant.mtx,128,5,DCSC-sampled,sampled_worker,lookup,0,8922
cant.mtx,128,5,DCSC-sampled,sampled_worker,alloc_init,0.0060557770000000009,8922
cant.mtx,128,5,DCSC-sampled,sampled_worker,lookup_multiply_hash,0.35593829399999999,8922
cant.mtx,128,5,DCSC-sampled,sampled_worker,compact,0.0069679330000000025,8922
cant.mtx,128,5,DCSC-sampled,sampled_worker,sort,0.048835936999999982,8922
cant.mtx,128,5,DCSC-sampled,sampled_worker,write,0.05210062599999999,8922
cant.mtx,128,5,DCSC-sampled,sampled_worker,scratch_free,0.011369752,8922
cant.mtx,128,5,CombBLAS-profile,wall,total,0.055701483000000003,0
cant.mtx,128,5,CombBLAS-profile,wall,lookup_build,0.00013666199999999999,0
cant.mtx,128,5,CombBLAS-profile,wall,thread_setup,5.4595000000000002e-05,0
cant.mtx,128,5,CombBLAS-profile,wall,work_bound,0.00096159399999999997,0
cant.mtx,128,5,CombBLAS-profile,wall,work_prefix,8.3219000000000004e-05,0
cant.mtx,128,5,CombBLAS-profile,wall,symbolic,0.0036775940000000002,0
cant.mtx,128,5,CombBLAS-profile,wall,output_prefix,9.0574000000000004e-05,0
cant.mtx,128,5,CombBLAS-profile,wall,output_allocate,0.033118991,0
cant.mtx,128,5,CombBLAS-profile,wall,numeric_scratch_setup,0.0023531329999999999,0
cant.mtx,128,5,CombBLAS-profile,wall,numeric,0.015198710000000001,0
cant.mtx,128,5,CombBLAS-profile,wall,internal_cleanup,2.5550000000000001e-06,0
cant.mtx,128,5,CombBLAS-profile,wall,return_cleanup,2.3305000000000001e-05,0
cant.mtx,128,5,CombBLAS-profile,wall,output_free,4.9100000000000004e-07,0
cant.mtx,128,6,DCSC-sampled,wall,total,0.063335916000000006,0
cant.mtx,128,6,DCSC-sampled,wall,validate,2.3099999999999999e-07,0
cant.mtx,128,6,DCSC-sampled,wall,lookup_build,0.000848688,0
cant.mtx,128,6,DCSC-sampled,wall,scratch_setup,0.00017754000000000001,0
cant.mtx,128,6,DCSC-sampled,wall,work_bound,0.0015865930000000001,0
cant.mtx,128,6,DCSC-sampled,wall,symbolic_capacity,0.00033437099999999997,0
cant.mtx,128,6,DCSC-sampled,wall,symbolic,0.0088192649999999997,0
cant.mtx,128,6,DCSC-sampled,wall,prefix_numeric_capacity,0.001658912,0
cant.mtx,128,6,DCSC-sampled,wall,output_allocate,0.022430249999999999,0
cant.mtx,128,6,DCSC-sampled,wall,numeric,0.027476349000000001,0
cant.mtx,128,6,DCSC-sampled,wall,return_cleanup,2.204e-06,0
cant.mtx,128,6,DCSC-sampled,wall,output_free,1.443e-06,0
cant.mtx,128,6,DCSC-sampled,sampled_worker,lookup,0,8922
cant.mtx,128,6,DCSC-sampled,sampled_worker,alloc_init,0.0059514060000000011,8922
cant.mtx,128,6,DCSC-sampled,sampled_worker,lookup_multiply_hash,0.35727583499999982,8922
cant.mtx,128,6,DCSC-sampled,sampled_worker,compact,0.0070725590000000017,8922
cant.mtx,128,6,DCSC-sampled,sampled_worker,sort,0.048738807000000016,8922
cant.mtx,128,6,DCSC-sampled,sampled_worker,write,0.051415745999999984,8922
cant.mtx,128,6,DCSC-sampled,sampled_worker,scratch_free,0.011903683000000002,8922
cant.mtx,128,6,CombBLAS-sampled,wall,total,0.057193865000000003,0
cant.mtx,128,6,CombBLAS-sampled,wall,lookup_build,0.000147813,0
cant.mtx,128,6,CombBLAS-sampled,wall,thread_setup,0.000120932,0
cant.mtx,128,6,CombBLAS-sampled,wall,work_bound,0.0010131630000000001,0
cant.mtx,128,6,CombBLAS-sampled,wall,work_prefix,9.0964999999999994e-05,0
cant.mtx,128,6,CombBLAS-sampled,wall,symbolic,0.003677423,0
cant.mtx,128,6,CombBLAS-sampled,wall,output_prefix,9.1556000000000002e-05,0
cant.mtx,128,6,CombBLAS-sampled,wall,output_allocate,0.034464190999999998,0
cant.mtx,128,6,CombBLAS-sampled,wall,numeric_scratch_setup,0.0023623300000000002,0
cant.mtx,128,6,CombBLAS-sampled,wall,numeric,0.015199422000000001,0
cant.mtx,128,6,CombBLAS-sampled,wall,internal_cleanup,2.2840000000000001e-06,0
cant.mtx,128,6,CombBLAS-sampled,wall,return_cleanup,2.3014999999999999e-05,0
cant.mtx,128,6,CombBLAS-sampled,wall,output_free,7.0100000000000004e-07,0
cant.mtx,128,6,CombBLAS-sampled,sampled_worker,lookup,0.0098355160000000059,8922
cant.mtx,128,6,CombBLAS-sampled,sampled_worker,alloc_init,0.0043395460000000005,8922
cant.mtx,128,6,CombBLAS-sampled,sampled_worker,lookup_multiply_hash,0.13459066900000005,8922
cant.mtx,128,6,CombBLAS-sampled,sampled_worker,compact,0.0061973939999999984,8922
cant.mtx,128,6,CombBLAS-sampled,sampled_worker,sort,0.051439222999999978,8922
cant.mtx,128,6,CombBLAS-sampled,sampled_worker,write,0.028278810999999997,8922
cant.mtx,128,6,CombBLAS-sampled,sampled_worker,scratch_free,0.0030839830000000019,8922
cant.mtx,128,6,CombBLAS-conversion,wall,total,0.12972716000000001,0
cant.mtx,128,6,CombBLAS-conversion,wall,native_call,0.050526887999999999,0
cant.mtx,128,6,CombBLAS-conversion,wall,tuple_to_dcsc,0.079196514999999995,0
cant.mtx,128,6,CombBLAS-conversion,wall,dcsc_free,2.6749999999999998e-06,0
cant.mtx,128,6,CombBLAS-conversion,wall,output_free,1.0219999999999999e-06,0
cant.mtx,128,6,DCSC-dense-lookup,wall,total,0.051046043999999999,0
cant.mtx,128,6,DCSC-dense-lookup,wall,native_call_and_free,0.051045252999999999,0
cant.mtx,128,6,DCSC-static,wall,total,0.045136039000000003,0
cant.mtx,128,6,DCSC-static,wall,native_call_and_free,0.045135587999999997,0
cant.mtx,128,6,DCSC-dense-static,wall,total,0.043418383999999997,0
cant.mtx,128,6,DCSC-dense-static,wall,native_call_and_free,0.043417672999999997,0
cant.mtx,128,6,CSC-control,wall,total,0.058779366,0
cant.mtx,128,6,CSC-control,wall,native_call_and_free,0.058779075,0
cant.mtx,128,6,DCSC-control,wall,total,0.059334540999999998,0
cant.mtx,128,6,DCSC-control,wall,native_call_and_free,0.059334260999999999,0
cant.mtx,128,6,CombBLAS-control,wall,total,0.054977463999999997,0
cant.mtx,128,6,CombBLAS-control,wall,native_call_and_free,0.054977004000000003,0
cant.mtx,128,6,CSC-profile,wall,total,0.060521297000000002,0
cant.mtx,128,6,CSC-profile,wall,validate,6.4099999999999998e-07,0
cant.mtx,128,6,CSC-profile,wall,lookup_build,4.0000000000000001e-08,0
cant.mtx,128,6,CSC-profile,wall,scratch_setup,0.000232136,0
cant.mtx,128,6,CSC-profile,wall,work_bound,0.001030867,0
cant.mtx,128,6,CSC-profile,wall,symbolic_capacity,0.00035800600000000001,0
cant.mtx,128,6,CSC-profile,wall,symbolic,0.0084954939999999993,0
cant.mtx,128,6,CSC-profile,wall,prefix_numeric_capacity,0.00094219799999999999,0
cant.mtx,128,6,CSC-profile,wall,output_allocate,0.022220017000000002,0
cant.mtx,128,6,CSC-profile,wall,numeric,0.027238522000000001,0
cant.mtx,128,6,CSC-profile,wall,return_cleanup,1.7430000000000001e-06,0
cant.mtx,128,6,CSC-profile,wall,output_free,1.5629999999999999e-06,0
cant.mtx,128,6,DCSC-profile,wall,total,0.060428838999999998,0
cant.mtx,128,6,DCSC-profile,wall,validate,4.2100000000000002e-07,0
cant.mtx,128,6,DCSC-profile,wall,lookup_build,0.0010259869999999999,0
cant.mtx,128,6,DCSC-profile,wall,scratch_setup,0.00027031899999999998,0
cant.mtx,128,6,DCSC-profile,wall,work_bound,0.001420054,0
cant.mtx,128,6,DCSC-profile,wall,symbolic_capacity,0.000335994,0
cant.mtx,128,6,DCSC-profile,wall,symbolic,0.0080696880000000002,0
cant.mtx,128,6,DCSC-profile,wall,prefix_numeric_capacity,0.0016972549999999999,0
cant.mtx,128,6,DCSC-profile,wall,output_allocate,0.021223535000000002,0
cant.mtx,128,6,DCSC-profile,wall,numeric,0.026382571,0
cant.mtx,128,6,DCSC-profile,wall,return_cleanup,1.3319999999999999e-06,0
cant.mtx,128,6,DCSC-profile,wall,output_free,1.533e-06,0
cant.mtx,128,6,CombBLAS-profile,wall,total,0.056411094000000002,0
cant.mtx,128,6,CombBLAS-profile,wall,lookup_build,6.7008000000000006e-05,0
cant.mtx,128,6,CombBLAS-profile,wall,thread_setup,4.8223000000000002e-05,0
cant.mtx,128,6,CombBLAS-profile,wall,work_bound,0.00099288400000000008,0
cant.mtx,128,6,CombBLAS-profile,wall,work_prefix,9.2597999999999997e-05,0
cant.mtx,128,6,CombBLAS-profile,wall,symbolic,0.0038082939999999998,0
cant.mtx,128,6,CombBLAS-profile,wall,output_prefix,8.5112999999999996e-05,0
cant.mtx,128,6,CombBLAS-profile,wall,output_allocate,0.033385122000000003,0
cant.mtx,128,6,CombBLAS-profile,wall,numeric_scratch_setup,0.0023568,0
cant.mtx,128,6,CombBLAS-profile,wall,numeric,0.015548842,0
cant.mtx,128,6,CombBLAS-profile,wall,internal_cleanup,2.5450000000000002e-06,0
cant.mtx,128,6,CombBLAS-profile,wall,return_cleanup,2.2853e-05,0
cant.mtx,128,6,CombBLAS-profile,wall,output_free,7.6199999999999997e-07,0
cant.mtx,128,7,DCSC-sampled,wall,total,0.063256273000000002,0
cant.mtx,128,7,DCSC-sampled,wall,validate,6.7100000000000001e-07,0
cant.mtx,128,7,DCSC-sampled,wall,lookup_build,0.00084549199999999999,0
cant.mtx,128,7,DCSC-sampled,wall,scratch_setup,0.000179674,0
cant.mtx,128,7,DCSC-sampled,wall,work_bound,0.0015766140000000001,0
cant.mtx,128,7,DCSC-sampled,wall,symbolic_capacity,0.00041936399999999998,0
cant.mtx,128,7,DCSC-sampled,wall,symbolic,0.0087633079999999992,0
cant.mtx,128,7,DCSC-sampled,wall,prefix_numeric_capacity,0.00163714,0
cant.mtx,128,7,DCSC-sampled,wall,output_allocate,0.022210247999999998,0
cant.mtx,128,7,DCSC-sampled,wall,numeric,0.027621376,0
cant.mtx,128,7,DCSC-sampled,wall,return_cleanup,1.353e-06,0
cant.mtx,128,7,DCSC-sampled,wall,output_free,9.7199999999999997e-07,0
cant.mtx,128,7,DCSC-sampled,sampled_worker,lookup,0,8922
cant.mtx,128,7,DCSC-sampled,sampled_worker,alloc_init,0.0058528450000000015,8922
cant.mtx,128,7,DCSC-sampled,sampled_worker,lookup_multiply_hash,0.35422843600000004,8922
cant.mtx,128,7,DCSC-sampled,sampled_worker,compact,0.0071142009999999988,8922
cant.mtx,128,7,DCSC-sampled,sampled_worker,sort,0.048497456999999994,8922
cant.mtx,128,7,DCSC-sampled,sampled_worker,write,0.050757830000000004,8922
cant.mtx,128,7,DCSC-sampled,sampled_worker,scratch_free,0.011651753000000003,8922
cant.mtx,128,7,CombBLAS-profile,wall,total,0.057323332999999997,0
cant.mtx,128,7,CombBLAS-profile,wall,lookup_build,9.5673000000000004e-05,0
cant.mtx,128,7,CombBLAS-profile,wall,thread_setup,4.689e-05,0
cant.mtx,128,7,CombBLAS-profile,wall,work_bound,0.00093913099999999995,0
cant.mtx,128,7,CombBLAS-profile,wall,work_prefix,8.8759999999999997e-05,0
cant.mtx,128,7,CombBLAS-profile,wall,symbolic,0.0036793870000000001,0
cant.mtx,128,7,CombBLAS-profile,wall,output_prefix,9.2879000000000003e-05,0
cant.mtx,128,7,CombBLAS-profile,wall,output_allocate,0.034835282000000002,0
cant.mtx,128,7,CombBLAS-profile,wall,numeric_scratch_setup,0.0023478729999999999,0
cant.mtx,128,7,CombBLAS-profile,wall,numeric,0.015171278,0
cant.mtx,128,7,CombBLAS-profile,wall,internal_cleanup,2.4449999999999999e-06,0
cant.mtx,128,7,CombBLAS-profile,wall,return_cleanup,2.3164e-05,0
cant.mtx,128,7,CombBLAS-profile,wall,output_free,5.1099999999999996e-07,0
cant.mtx,128,7,DCSC-profile,wall,total,0.063025971,0
cant.mtx,128,7,DCSC-profile,wall,validate,2.6100000000000002e-07,0
cant.mtx,128,7,DCSC-profile,wall,lookup_build,0.00084321699999999995,0
cant.mtx,128,7,DCSC-profile,wall,scratch_setup,0.000175847,0
cant.mtx,128,7,DCSC-profile,wall,work_bound,0.0015494420000000001,0
cant.mtx,128,7,DCSC-profile,wall,symbolic_capacity,0.00036760500000000002,0
cant.mtx,128,7,DCSC-profile,wall,symbolic,0.0087474879999999994,0
cant.mtx,128,7,DCSC-profile,wall,prefix_numeric_capacity,0.0016410070000000001,0
cant.mtx,128,7,DCSC-profile,wall,output_allocate,0.022264201000000001,0
cant.mtx,128,7,DCSC-profile,wall,numeric,0.027433938000000001,0
cant.mtx,128,7,DCSC-profile,wall,return_cleanup,1.4020000000000001e-06,0
cant.mtx,128,7,DCSC-profile,wall,output_free,1.5030000000000001e-06,0
cant.mtx,128,7,CSC-profile,wall,total,0.05772302,0
cant.mtx,128,7,CSC-profile,wall,validate,4.6100000000000001e-07,0
cant.mtx,128,7,CSC-profile,wall,lookup_build,4.0000000000000001e-08,0
cant.mtx,128,7,CSC-profile,wall,scratch_setup,0.00039628999999999999,0
cant.mtx,128,7,CSC-profile,wall,work_bound,0.00104308,0
cant.mtx,128,7,CSC-profile,wall,symbolic_capacity,0.000353388,0
cant.mtx,128,7,CSC-profile,wall,symbolic,0.0077023830000000001,0
cant.mtx,128,7,CSC-profile,wall,prefix_numeric_capacity,0.00094628500000000005,0
cant.mtx,128,7,CSC-profile,wall,output_allocate,0.021363864999999999,0
cant.mtx,128,7,CSC-profile,wall,numeric,0.025914392000000001,0
cant.mtx,128,7,CSC-profile,wall,return_cleanup,1.8339999999999999e-06,0
cant.mtx,128,7,CSC-profile,wall,output_free,8.71e-07,0
cant.mtx,128,7,CombBLAS-control,wall,total,0.055995888000000001,0
cant.mtx,128,7,CombBLAS-control,wall,native_call_and_free,0.055995397000000002,0
cant.mtx,128,7,DCSC-control,wall,total,0.061932242999999998,0
cant.mtx,128,7,DCSC-control,wall,native_call_and_free,0.061931741999999998,0
cant.mtx,128,7,CSC-control,wall,total,0.057621885999999997,0
cant.mtx,128,7,CSC-control,wall,native_call_and_free,0.057621594999999998,0
cant.mtx,128,7,DCSC-dense-static,wall,total,0.045459979999999997,0
cant.mtx,128,7,DCSC-dense-static,wall,native_call_and_free,0.045459310000000003,0
cant.mtx,128,7,DCSC-static,wall,total,0.042130173999999999,0
cant.mtx,128,7,DCSC-static,wall,native_call_and_free,0.042129792999999999,0
cant.mtx,128,7,DCSC-dense-lookup,wall,total,0.059044253999999997,0
cant.mtx,128,7,DCSC-dense-lookup,wall,native_call_and_free,0.059043882999999998,0
cant.mtx,128,7,CombBLAS-conversion,wall,total,0.134882318,0
cant.mtx,128,7,CombBLAS-conversion,wall,native_call,0.056120235999999997,0
cant.mtx,128,7,CombBLAS-conversion,wall,tuple_to_dcsc,0.078757503000000006,0
cant.mtx,128,7,CombBLAS-conversion,wall,dcsc_free,3.1659999999999998e-06,0
cant.mtx,128,7,CombBLAS-conversion,wall,output_free,1.353e-06,0
cant.mtx,128,7,CombBLAS-sampled,wall,total,0.046659671,0
cant.mtx,128,7,CombBLAS-sampled,wall,lookup_build,0.000137143,0
cant.mtx,128,7,CombBLAS-sampled,wall,thread_setup,9.1846000000000001e-05,0
cant.mtx,128,7,CombBLAS-sampled,wall,work_bound,0.00059590299999999995,0
cant.mtx,128,7,CombBLAS-sampled,wall,work_prefix,7.1357000000000001e-05,0
cant.mtx,128,7,CombBLAS-sampled,wall,symbolic,0.0032745999999999999,0
cant.mtx,128,7,CombBLAS-sampled,wall,output_prefix,8.6966999999999996e-05,0
cant.mtx,128,7,CombBLAS-sampled,wall,output_allocate,0.025615038999999999,0
cant.mtx,128,7,CombBLAS-sampled,wall,numeric_scratch_setup,0.0021941780000000002,0
cant.mtx,128,7,CombBLAS-sampled,wall,numeric,0.014566668,0
cant.mtx,128,7,CombBLAS-sampled,wall,internal_cleanup,2.074e-06,0
cant.mtx,128,7,CombBLAS-sampled,wall,return_cleanup,2.2864e-05,0
cant.mtx,128,7,CombBLAS-sampled,wall,output_free,9.6200000000000006e-07,0
cant.mtx,128,7,CombBLAS-sampled,sampled_worker,lookup,0.0095002310000000048,8922
cant.mtx,128,7,CombBLAS-sampled,sampled_worker,alloc_init,0.0042779869999999996,8922
cant.mtx,128,7,CombBLAS-sampled,sampled_worker,lookup_multiply_hash,0.13036225600000007,8922
cant.mtx,128,7,CombBLAS-sampled,sampled_worker,compact,0.0061380599999999981,8922
cant.mtx,128,7,CombBLAS-sampled,sampled_worker,sort,0.051310278999999993,8922
cant.mtx,128,7,CombBLAS-sampled,sampled_worker,write,0.026878744000000003,8922
cant.mtx,128,7,CombBLAS-sampled,sampled_worker,scratch_free,0.002967677000000001,8922
cant.mtx,128,8,CombBLAS-conversion,wall,total,0.130521674,0
cant.mtx,128,8,CombBLAS-conversion,wall,native_call,0.051597090999999998,0
cant.mtx,128,8,CombBLAS-conversion,wall,tuple_to_dcsc,0.078921016999999996,0
cant.mtx,128,8,CombBLAS-conversion,wall,dcsc_free,2.694e-06,0
cant.mtx,128,8,CombBLAS-conversion,wall,output_free,8.1200000000000002e-07,0
cant.mtx,128,8,DCSC-dense-lookup,wall,total,0.051178257999999997,0
cant.mtx,128,8,DCSC-dense-lookup,wall,native_call_and_free,0.051177777000000001,0
cant.mtx,128,8,DCSC-static,wall,total,0.044773153000000003,0
cant.mtx,128,8,DCSC-static,wall,native_call_and_free,0.044772351000000002,0
cant.mtx,128,8,DCSC-dense-static,wall,total,0.042983570999999998,0
cant.mtx,128,8,DCSC-dense-static,wall,native_call_and_free,0.042983239999999999,0
cant.mtx,128,8,CSC-control,wall,total,0.058948769999999998,0
cant.mtx,128,8,CSC-control,wall,native_call_and_free,0.058948430000000003,0
cant.mtx,128,8,DCSC-control,wall,total,0.059697396999999999,0
cant.mtx,128,8,DCSC-control,wall,native_call_and_free,0.059696856,0
cant.mtx,128,8,CombBLAS-control,wall,total,0.055486109999999998,0
cant.mtx,128,8,CombBLAS-control,wall,native_call_and_free,0.055485648999999998,0
cant.mtx,128,8,CSC-profile,wall,total,0.060616079000000003,0
cant.mtx,128,8,CSC-profile,wall,validate,6.5099999999999999e-07,0
cant.mtx,128,8,CSC-profile,wall,lookup_build,4.0000000000000001e-08,0
cant.mtx,128,8,CSC-profile,wall,scratch_setup,0.00023347799999999999,0
cant.mtx,128,8,CSC-profile,wall,work_bound,0.0010321,0
cant.mtx,128,8,CSC-profile,wall,symbolic_capacity,0.00035191500000000001,0
cant.mtx,128,8,CSC-profile,wall,symbolic,0.0085887729999999992,0
cant.mtx,128,8,CSC-profile,wall,prefix_numeric_capacity,0.00095450000000000005,0
cant.mtx,128,8,CSC-profile,wall,output_allocate,0.022133842000000001,0
cant.mtx,128,8,CSC-profile,wall,numeric,0.027318325000000001,0
cant.mtx,128,8,CSC-profile,wall,return_cleanup,1.1930000000000001e-06,0
cant.mtx,128,8,CSC-profile,wall,output_free,1.172e-06,0
cant.mtx,128,8,DCSC-profile,wall,total,0.060346180999999999,0
cant.mtx,128,8,DCSC-profile,wall,validate,2.3999999999999998e-07,0
cant.mtx,128,8,DCSC-profile,wall,lookup_build,0.00093679699999999996,0
cant.mtx,128,8,DCSC-profile,wall,scratch_setup,0.00024269600000000001,0
cant.mtx,128,8,DCSC-profile,wall,work_bound,0.001416406,0
cant.mtx,128,8,DCSC-profile,wall,symbolic_capacity,0.00032183800000000002,0
cant.mtx,128,8,DCSC-profile,wall,symbolic,0.0081199329999999993,0
cant.mtx,128,8,DCSC-profile,wall,prefix_numeric_capacity,0.001638633,0
cant.mtx,128,8,DCSC-profile,wall,output_allocate,0.021424281,0
cant.mtx,128,8,DCSC-profile,wall,numeric,0.026242141,0
cant.mtx,128,8,DCSC-profile,wall,return_cleanup,1.5430000000000001e-06,0
cant.mtx,128,8,DCSC-profile,wall,output_free,1.5230000000000001e-06,0
cant.mtx,128,8,CombBLAS-profile,wall,total,0.055498253999999997,0
cant.mtx,128,8,CombBLAS-profile,wall,lookup_build,6.3181000000000004e-05,0
cant.mtx,128,8,CombBLAS-profile,wall,thread_setup,4.689e-05,0
cant.mtx,128,8,CombBLAS-profile,wall,work_bound,0.001055875,0
cant.mtx,128,8,CombBLAS-profile,wall,work_prefix,9.0543000000000004e-05,0
cant.mtx,128,8,CombBLAS-profile,wall,symbolic,0.0038104889999999998,0
cant.mtx,128,8,CombBLAS-profile,wall,output_prefix,0.000107125,0
cant.mtx,128,8,CombBLAS-profile,wall,output_allocate,0.032549869000000002,0
cant.mtx,128,8,CombBLAS-profile,wall,numeric_scratch_setup,0.002267589,0
cant.mtx,128,8,CombBLAS-profile,wall,numeric,0.015479049,0
cant.mtx,128,8,CombBLAS-profile,wall,internal_cleanup,2.554e-06,0
cant.mtx,128,8,CombBLAS-profile,wall,return_cleanup,2.4518000000000001e-05,0
cant.mtx,128,8,CombBLAS-profile,wall,output_free,5.0100000000000005e-07,0
cant.mtx,128,8,DCSC-sampled,wall,total,0.063058373000000001,0
cant.mtx,128,8,DCSC-sampled,wall,validate,2.6e-07,0
cant.mtx,128,8,DCSC-sampled,wall,lookup_build,0.00084309700000000001,0
cant.mtx,128,8,DCSC-sampled,wall,scratch_setup,0.00018225000000000001,0
cant.mtx,128,8,DCSC-sampled,wall,work_bound,0.0015456039999999999,0
cant.mtx,128,8,DCSC-sampled,wall,symbolic_capacity,0.00034265700000000001,0
cant.mtx,128,8,DCSC-sampled,wall,symbolic,0.0087499220000000003,0
cant.mtx,128,8,DCSC-sampled,wall,prefix_numeric_capacity,0.0016885489999999999,0
cant.mtx,128,8,DCSC-sampled,wall,output_allocate,0.022222832000000001,0
cant.mtx,128,8,DCSC-sampled,wall,numeric,0.027480146,0
cant.mtx,128,8,DCSC-sampled,wall,return_cleanup,1.5829999999999999e-06,0
cant.mtx,128,8,DCSC-sampled,wall,output_free,1.393e-06,0
cant.mtx,128,8,DCSC-sampled,sampled_worker,lookup,0,8922
cant.mtx,128,8,DCSC-sampled,sampled_worker,alloc_init,0.0061208369999999988,8922
cant.mtx,128,8,DCSC-sampled,sampled_worker,lookup_multiply_hash,0.35567467800000002,8922
cant.mtx,128,8,DCSC-sampled,sampled_worker,compact,0.006879334,8922
cant.mtx,128,8,DCSC-sampled,sampled_worker,sort,0.048566011999999999,8922
cant.mtx,128,8,DCSC-sampled,sampled_worker,write,0.051078704000000009,8922
cant.mtx,128,8,DCSC-sampled,sampled_worker,scratch_free,0.011970011999999999,8922
cant.mtx,128,8,CombBLAS-sampled,wall,total,0.060067527000000003,0
cant.mtx,128,8,CombBLAS-sampled,wall,lookup_build,0.00011359800000000001,0
cant.mtx,128,8,CombBLAS-sampled,wall,thread_setup,5.0707000000000001e-05,0
cant.mtx,128,8,CombBLAS-sampled,wall,work_bound,0.00093772899999999999,0
cant.mtx,128,8,CombBLAS-sampled,wall,work_prefix,8.7828e-05,0
cant.mtx,128,8,CombBLAS-sampled,wall,symbolic,0.0040226960000000001,0
cant.mtx,128,8,CombBLAS-sampled,wall,output_prefix,8.5082999999999998e-05,0
cant.mtx,128,8,CombBLAS-sampled,wall,output_allocate,0.035083548999999999,0
cant.mtx,128,8,CombBLAS-sampled,wall,numeric_scratch_setup,0.0023424029999999998,0
cant.mtx,128,8,CombBLAS-sampled,wall,numeric,0.017318105,0
cant.mtx,128,8,CombBLAS-sampled,wall,internal_cleanup,2.464e-06,0
cant.mtx,128,8,CombBLAS-sampled,wall,return_cleanup,2.3003999999999999e-05,0
cant.mtx,128,8,CombBLAS-sampled,wall,output_free,3.0100000000000001e-07,0
cant.mtx,128,8,CombBLAS-sampled,sampled_worker,lookup,0.0098432480000000041,8922
cant.mtx,128,8,CombBLAS-sampled,sampled_worker,alloc_init,0.0043105499999999998,8922
cant.mtx,128,8,CombBLAS-sampled,sampled_worker,lookup_multiply_hash,0.13495966699999998,8922
cant.mtx,128,8,CombBLAS-sampled,sampled_worker,compact,0.0061384470000000017,8922
cant.mtx,128,8,CombBLAS-sampled,sampled_worker,sort,0.051373495999999984,8922
cant.mtx,128,8,CombBLAS-sampled,sampled_worker,write,0.027903328000000008,8922
cant.mtx,128,8,CombBLAS-sampled,sampled_worker,scratch_free,0.003057600000000001,8922
cant.mtx,128,9,CombBLAS-conversion,wall,total,0.13012996299999999,0
cant.mtx,128,9,CombBLAS-conversion,wall,native_call,0.051353253000000001,0
cant.mtx,128,9,CombBLAS-conversion,wall,tuple_to_dcsc,0.078772471999999996,0
cant.mtx,128,9,CombBLAS-conversion,wall,dcsc_free,2.9560000000000002e-06,0
cant.mtx,128,9,CombBLAS-conversion,wall,output_free,1.232e-06,0
cant.mtx,128,9,CombBLAS-sampled,wall,total,0.046519761999999999,0
cant.mtx,128,9,CombBLAS-sampled,wall,lookup_build,0.00020918099999999999,0
cant.mtx,128,9,CombBLAS-sampled,wall,thread_setup,7.4954000000000001e-05,0
cant.mtx,128,9,CombBLAS-sampled,wall,work_bound,0.00049756400000000004,0
cant.mtx,128,9,CombBLAS-sampled,wall,work_prefix,6.6458000000000006e-05,0
cant.mtx,128,9,CombBLAS-sampled,wall,symbolic,0.0033370000000000001,0
cant.mtx,128,9,CombBLAS-sampled,wall,output_prefix,5.9815000000000002e-05,0
cant.mtx,128,9,CombBLAS-sampled,wall,output_allocate,0.025393051999999999,0
cant.mtx,128,9,CombBLAS-sampled,wall,numeric_scratch_setup,0.002219356,0
cant.mtx,128,9,CombBLAS-sampled,wall,numeric,0.014635942000000001,0
cant.mtx,128,9,CombBLAS-sampled,wall,internal_cleanup,2.6850000000000001e-06,0
cant.mtx,128,9,CombBLAS-sampled,wall,return_cleanup,2.2864e-05,0
cant.mtx,128,9,CombBLAS-sampled,wall,output_free,8.4099999999999997e-07,0
cant.mtx,128,9,CombBLAS-sampled,sampled_worker,lookup,0.009413079000000003,8922
cant.mtx,128,9,CombBLAS-sampled,sampled_worker,alloc_init,0.0042814669999999989,8922
cant.mtx,128,9,CombBLAS-sampled,sampled_worker,lookup_multiply_hash,0.1302837299999999,8922
cant.mtx,128,9,CombBLAS-sampled,sampled_worker,compact,0.0061341700000000013,8922
cant.mtx,128,9,CombBLAS-sampled,sampled_worker,sort,0.051042545000000029,8922
cant.mtx,128,9,CombBLAS-sampled,sampled_worker,write,0.026126266000000009,8922
cant.mtx,128,9,CombBLAS-sampled,sampled_worker,scratch_free,0.002886089000000001,8922
cant.mtx,128,9,DCSC-sampled,wall,total,0.062796641,0
cant.mtx,128,9,DCSC-sampled,wall,validate,3.3999999999999997e-07,0
cant.mtx,128,9,DCSC-sampled,wall,lookup_build,0.00085019100000000003,0
cant.mtx,128,9,DCSC-sampled,wall,scratch_setup,0.000178672,0
cant.mtx,128,9,DCSC-sampled,wall,work_bound,0.001550194,0
cant.mtx,128,9,DCSC-sampled,wall,symbolic_capacity,0.00034776700000000002,0
cant.mtx,128,9,DCSC-sampled,wall,symbolic,0.0087760819999999993,0
cant.mtx,128,9,DCSC-sampled,wall,prefix_numeric_capacity,0.001708317,0
cant.mtx,128,9,DCSC-sampled,wall,output_allocate,0.021951041000000001,0
cant.mtx,128,9,DCSC-sampled,wall,numeric,0.027430941,0
cant.mtx,128,9,DCSC-sampled,wall,return_cleanup,1.553e-06,0
cant.mtx,128,9,DCSC-sampled,wall,output_free,1.403e-06,0
cant.mtx,128,9,DCSC-sampled,sampled_worker,lookup,0,8922
cant.mtx,128,9,DCSC-sampled,sampled_worker,alloc_init,0.0059252259999999961,8922
cant.mtx,128,9,DCSC-sampled,sampled_worker,lookup_multiply_hash,0.35528347699999996,8922
cant.mtx,128,9,DCSC-sampled,sampled_worker,compact,0.0068134989999999989,8922
cant.mtx,128,9,DCSC-sampled,sampled_worker,sort,0.048595473000000021,8922
cant.mtx,128,9,DCSC-sampled,sampled_worker,write,0.051941449000000008,8922
cant.mtx,128,9,DCSC-sampled,sampled_worker,scratch_free,0.011647048000000005,8922
cant.mtx,128,9,CombBLAS-profile,wall,total,0.059412820999999998,0
cant.mtx,128,9,CombBLAS-profile,wall,lookup_build,8.8490000000000001e-05,0
cant.mtx,128,9,CombBLAS-profile,wall,thread_setup,4.7089999999999998e-05,0
cant.mtx,128,9,CombBLAS-profile,wall,work_bound,0.00092569500000000003,0
cant.mtx,128,9,CombBLAS-profile,wall,work_prefix,8.6966999999999996e-05,0
cant.mtx,128,9,CombBLAS-profile,wall,symbolic,0.0064675540000000004,0
cant.mtx,128,9,CombBLAS-profile,wall,output_prefix,8.6075999999999994e-05,0
cant.mtx,128,9,CombBLAS-profile,wall,output_allocate,0.034099240000000003,0
cant.mtx,128,9,CombBLAS-profile,wall,numeric_scratch_setup,0.0023632229999999998,0
cant.mtx,128,9,CombBLAS-profile,wall,numeric,0.015222436000000001,0
cant.mtx,128,9,CombBLAS-profile,wall,internal_cleanup,2.7750000000000001e-06,0
cant.mtx,128,9,CombBLAS-profile,wall,return_cleanup,2.2532999999999999e-05,0
cant.mtx,128,9,CombBLAS-profile,wall,output_free,6.8100000000000002e-07,0
cant.mtx,128,9,DCSC-profile,wall,total,0.063027153000000002,0
cant.mtx,128,9,DCSC-profile,wall,validate,4.51e-07,0
cant.mtx,128,9,DCSC-profile,wall,lookup_build,0.00084457,0
cant.mtx,128,9,DCSC-profile,wall,scratch_setup,0.000180717,0
cant.mtx,128,9,DCSC-profile,wall,work_bound,0.0015781359999999999,0
cant.mtx,128,9,DCSC-profile,wall,symbolic_capacity,0.00036517100000000002,0
cant.mtx,128,9,DCSC-profile,wall,symbolic,0.0087318269999999993,0
cant.mtx,128,9,DCSC-profile,wall,prefix_numeric_capacity,0.001637601,0
cant.mtx,128,9,DCSC-profile,wall,output_allocate,0.022226638999999999,0
cant.mtx,128,9,DCSC-profile,wall,numeric,0.027458745,0
cant.mtx,128,9,DCSC-profile,wall,return_cleanup,1.533e-06,0
cant.mtx,128,9,DCSC-profile,wall,output_free,1.6929999999999999e-06,0
cant.mtx,128,9,CSC-profile,wall,total,0.057456800000000002,0
cant.mtx,128,9,CSC-profile,wall,validate,6.5099999999999999e-07,0
cant.mtx,128,9,CSC-profile,wall,lookup_build,4.9999999999999998e-08,0
cant.mtx,128,9,CSC-profile,wall,scratch_setup,0.00030132800000000001,0
cant.mtx,128,9,CSC-profile,wall,work_bound,0.0010336329999999999,0
cant.mtx,128,9,CSC-profile,wall,symbolic_capacity,0.00035770600000000001,0
cant.mtx,128,9,CSC-profile,wall,symbolic,0.0077371990000000002,0
cant.mtx,128,9,CSC-profile,wall,prefix_numeric_capacity,0.00094485299999999995,0
cant.mtx,128,9,CSC-profile,wall,output_allocate,0.021274593000000001,0
cant.mtx,128,9,CSC-profile,wall,numeric,0.025804120999999999,0
cant.mtx,128,9,CSC-profile,wall,return_cleanup,1.283e-06,0
cant.mtx,128,9,CSC-profile,wall,output_free,1.322e-06,0
cant.mtx,128,9,CombBLAS-control,wall,total,0.054698628999999999,0
cant.mtx,128,9,CombBLAS-control,wall,native_call_and_free,0.054698047999999999,0
cant.mtx,128,9,DCSC-control,wall,total,0.062054337000000001,0
cant.mtx,128,9,DCSC-control,wall,native_call_and_free,0.062054066999999997,0
cant.mtx,128,9,CSC-control,wall,total,0.057991485000000002,0
cant.mtx,128,9,CSC-control,wall,native_call_and_free,0.057991104000000002,0
cant.mtx,128,9,DCSC-dense-static,wall,total,0.045103226000000003,0
cant.mtx,128,9,DCSC-dense-static,wall,native_call_and_free,0.045102725000000003,0
cant.mtx,128,9,DCSC-static,wall,total,0.042588422000000001,0
cant.mtx,128,9,DCSC-static,wall,native_call_and_free,0.042588152999999997,0
cant.mtx,128,9,DCSC-dense-lookup,wall,total,0.059129727999999999,0
cant.mtx,128,9,DCSC-dense-lookup,wall,native_call_and_free,0.059129266999999999,0
cant.mtx,128,10,DCSC-static,wall,total,0.043748528000000002,0
cant.mtx,128,10,DCSC-static,wall,native_call_and_free,0.043747655000000003,0
cant.mtx,128,10,DCSC-dense-static,wall,total,0.043284027000000003,0
cant.mtx,128,10,DCSC-dense-static,wall,native_call_and_free,0.043283545999999999,0
cant.mtx,128,10,CSC-control,wall,total,0.058731684999999999,0
cant.mtx,128,10,CSC-control,wall,native_call_and_free,0.058731204000000002,0
cant.mtx,128,10,DCSC-control,wall,total,0.059547950000000002,0
cant.mtx,128,10,DCSC-control,wall,native_call_and_free,0.059546868000000003,0
cant.mtx,128,10,CombBLAS-control,wall,total,0.054283842999999998,0
cant.mtx,128,10,CombBLAS-control,wall,native_call_and_free,0.054283181999999999,0
cant.mtx,128,10,CSC-profile,wall,total,0.060523501,0
cant.mtx,128,10,CSC-profile,wall,validate,6.5099999999999999e-07,0
cant.mtx,128,10,CSC-profile,wall,lookup_build,2.9999999999999997e-08,0
cant.mtx,128,10,CSC-profile,wall,scratch_setup,0.00022831800000000001,0
cant.mtx,128,10,CSC-profile,wall,work_bound,0.00103754,0
cant.mtx,128,10,CSC-profile,wall,symbolic_capacity,0.000392352,0
cant.mtx,128,10,CSC-profile,wall,symbolic,0.0084275440000000004,0
cant.mtx,128,10,CSC-profile,wall,prefix_numeric_capacity,0.00095303800000000002,0
cant.mtx,128,10,CSC-profile,wall,output_allocate,0.022254291999999998,0
cant.mtx,128,10,CSC-profile,wall,numeric,0.027227761999999999,0
cant.mtx,128,10,CSC-profile,wall,return_cleanup,9.5199999999999995e-07,0
cant.mtx,128,10,CSC-profile,wall,output_free,9.5099999999999998e-07,0
cant.mtx,128,10,DCSC-profile,wall,total,0.060231490999999998,0
cant.mtx,128,10,DCSC-profile,wall,validate,4.3099999999999998e-07,0
cant.mtx,128,10,DCSC-profile,wall,lookup_build,0.00096811599999999999,0
cant.mtx,128,10,DCSC-profile,wall,scratch_setup,0.00025194399999999999,0
cant.mtx,128,10,DCSC-profile,wall,work_bound,0.0014273879999999999,0
cant.mtx,128,10,DCSC-profile,wall,symbolic_capacity,0.00041177899999999998,0
cant.mtx,128,10,DCSC-profile,wall,symbolic,0.0081366960000000006,0
cant.mtx,128,10,DCSC-profile,wall,prefix_numeric_capacity,0.0016937180000000001,0
cant.mtx,128,10,DCSC-profile,wall,output_allocate,0.021221251999999999,0
cant.mtx,128,10,DCSC-profile,wall,numeric,0.026117932999999999,0
cant.mtx,128,10,DCSC-profile,wall,return_cleanup,1.102e-06,0
cant.mtx,128,10,DCSC-profile,wall,output_free,1.082e-06,0
cant.mtx,128,10,CombBLAS-profile,wall,total,0.056031365,0
cant.mtx,128,10,CombBLAS-profile,wall,lookup_build,7.4382999999999996e-05,0
cant.mtx,128,10,CombBLAS-profile,wall,thread_setup,0.000121272,0
cant.mtx,128,10,CombBLAS-profile,wall,work_bound,0.001070954,0
cant.mtx,128,10,CombBLAS-profile,wall,work_prefix,8.9711999999999998e-05,0
cant.mtx,128,10,CombBLAS-profile,wall,symbolic,0.0038146159999999998,0
cant.mtx,128,10,CombBLAS-profile,wall,output_prefix,8.7016999999999997e-05,0
cant.mtx,128,10,CombBLAS-profile,wall,output_allocate,0.033067642000000001,0
cant.mtx,128,10,CombBLAS-profile,wall,numeric_scratch_setup,0.002318016,0
cant.mtx,128,10,CombBLAS-profile,wall,numeric,0.015362153999999999,0
cant.mtx,128,10,CombBLAS-profile,wall,internal_cleanup,2.114e-06,0
cant.mtx,128,10,CombBLAS-profile,wall,return_cleanup,2.3105e-05,0
cant.mtx,128,10,CombBLAS-profile,wall,output_free,3.1e-07,0
cant.mtx,128,10,DCSC-sampled,wall,total,0.063350803999999997,0
cant.mtx,128,10,DCSC-sampled,wall,validate,2.2999999999999999e-07,0
cant.mtx,128,10,DCSC-sampled,wall,lookup_build,0.00087018900000000005,0
cant.mtx,128,10,DCSC-sampled,wall,scratch_setup,0.00017720999999999999,0
cant.mtx,128,10,DCSC-sampled,wall,work_bound,0.0015840279999999999,0
cant.mtx,128,10,DCSC-sampled,wall,symbolic_capacity,0.000327969,0
cant.mtx,128,10,DCSC-sampled,wall,symbolic,0.0087813720000000008,0
cant.mtx,128,10,DCSC-sampled,wall,prefix_numeric_capacity,0.0017165119999999999,0
cant.mtx,128,10,DCSC-sampled,wall,output_allocate,0.022191082000000001,0
cant.mtx,128,10,DCSC-sampled,wall,numeric,0.027699346,0
cant.mtx,128,10,DCSC-sampled,wall,return_cleanup,1.192e-06,0
cant.mtx,128,10,DCSC-sampled,wall,output_free,1.604e-06,0
cant.mtx,128,10,DCSC-sampled,sampled_worker,lookup,0,8922
cant.mtx,128,10,DCSC-sampled,sampled_worker,alloc_init,0.0063130370000000014,8922
cant.mtx,128,10,DCSC-sampled,sampled_worker,lookup_multiply_hash,0.36342170399999979,8922
cant.mtx,128,10,DCSC-sampled,sampled_worker,compact,0.006933898,8922
cant.mtx,128,10,DCSC-sampled,sampled_worker,sort,0.048483062999999972,8922
cant.mtx,128,10,DCSC-sampled,sampled_worker,write,0.052351794999999993,8922
cant.mtx,128,10,DCSC-sampled,sampled_worker,scratch_free,0.011794619000000004,8922
cant.mtx,128,10,CombBLAS-sampled,wall,total,0.056752487999999997,0
cant.mtx,128,10,CombBLAS-sampled,wall,lookup_build,0.00010574299999999999,0
cant.mtx,128,10,CombBLAS-sampled,wall,thread_setup,4.7191000000000003e-05,0
cant.mtx,128,10,CombBLAS-sampled,wall,work_bound,0.0010273700000000001,0
cant.mtx,128,10,CombBLAS-sampled,wall,work_prefix,8.9763000000000001e-05,0
cant.mtx,128,10,CombBLAS-sampled,wall,symbolic,0.0036543280000000001,0
cant.mtx,128,10,CombBLAS-sampled,wall,output_prefix,8.9201000000000002e-05,0
cant.mtx,128,10,CombBLAS-sampled,wall,output_allocate,0.034159647000000001,0
cant.mtx,128,10,CombBLAS-sampled,wall,numeric_scratch_setup,0.0023431839999999999,0
cant.mtx,128,10,CombBLAS-sampled,wall,numeric,0.015208319,0
cant.mtx,128,10,CombBLAS-sampled,wall,internal_cleanup,2.1339999999999998e-06,0
cant.mtx,128,10,CombBLAS-sampled,wall,return_cleanup,2.4987999999999999e-05,0
cant.mtx,128,10,CombBLAS-sampled,wall,output_free,5.51e-07,0
cant.mtx,128,10,CombBLAS-sampled,sampled_worker,lookup,0.010115838999999996,8922
cant.mtx,128,10,CombBLAS-sampled,sampled_worker,alloc_init,0.004358169000000002,8922
cant.mtx,128,10,CombBLAS-sampled,sampled_worker,lookup_multiply_hash,0.13532559000000002,8922
cant.mtx,128,10,CombBLAS-sampled,sampled_worker,compact,0.0061747890000000017,8922
cant.mtx,128,10,CombBLAS-sampled,sampled_worker,sort,0.051239410999999985,8922
cant.mtx,128,10,CombBLAS-sampled,sampled_worker,write,0.029079282999999997,8922
cant.mtx,128,10,CombBLAS-sampled,sampled_worker,scratch_free,0.0030951489999999997,8922
cant.mtx,128,10,CombBLAS-conversion,wall,total,0.12905438,0
cant.mtx,128,10,CombBLAS-conversion,wall,native_call,0.049997171999999999,0
cant.mtx,128,10,CombBLAS-conversion,wall,tuple_to_dcsc,0.079053120000000004,0
cant.mtx,128,10,CombBLAS-conversion,wall,dcsc_free,2.9960000000000002e-06,0
cant.mtx,128,10,CombBLAS-conversion,wall,output_free,1.0219999999999999e-06,0
cant.mtx,128,10,DCSC-dense-lookup,wall,total,0.051145214000000001,0
cant.mtx,128,10,DCSC-dense-lookup,wall,native_call_and_free,0.051144753000000001,0
cant.mtx,128,11,DCSC-static,wall,total,0.045059230999999998,0
cant.mtx,128,11,DCSC-static,wall,native_call_and_free,0.045058559999999998,0
cant.mtx,128,11,DCSC-dense-lookup,wall,total,0.059135068999999998,0
cant.mtx,128,11,DCSC-dense-lookup,wall,native_call_and_free,0.059134606999999999,0
cant.mtx,128,11,CombBLAS-conversion,wall,total,0.13419445899999999,0
cant.mtx,128,11,CombBLAS-conversion,wall,native_call,0.055565481999999999,0
cant.mtx,128,11,CombBLAS-conversion,wall,tuple_to_dcsc,0.078625570000000006,0
cant.mtx,128,11,CombBLAS-conversion,wall,dcsc_free,2.2840000000000001e-06,0
cant.mtx,128,11,CombBLAS-conversion,wall,output_free,1.0529999999999999e-06,0
cant.mtx,128,11,CombBLAS-sampled,wall,total,0.046436403000000001,0
cant.mtx,128,11,CombBLAS-sampled,wall,lookup_build,0.000137012,0
cant.mtx,128,11,CombBLAS-sampled,wall,thread_setup,5.5075999999999999e-05,0
cant.mtx,128,11,CombBLAS-sampled,wall,work_bound,0.00050462800000000002,0
cant.mtx,128,11,CombBLAS-sampled,wall,work_prefix,7.2688999999999995e-05,0
cant.mtx,128,11,CombBLAS-sampled,wall,symbolic,0.0033022440000000002,0
cant.mtx,128,11,CombBLAS-sampled,wall,output_prefix,6.5215000000000005e-05,0
cant.mtx,128,11,CombBLAS-sampled,wall,output_allocate,0.025496672000000001,0
cant.mtx,128,11,CombBLAS-sampled,wall,numeric_scratch_setup,0.0021958210000000001,0
cant.mtx,128,11,CombBLAS-sampled,wall,numeric,0.014580424999999999,0
cant.mtx,128,11,CombBLAS-sampled,wall,internal_cleanup,3.016e-06,0
cant.mtx,128,11,CombBLAS-sampled,wall,return_cleanup,2.3234000000000002e-05,0
cant.mtx,128,11,CombBLAS-sampled,wall,output_free,3.0100000000000001e-07,0
cant.mtx,128,11,CombBLAS-sampled,sampled_worker,lookup,0.0091345570000000015,8922
cant.mtx,128,11,CombBLAS-sampled,sampled_worker,alloc_init,0.0042715019999999991,8922
cant.mtx,128,11,CombBLAS-sampled,sampled_worker,lookup_multiply_hash,0.13024128000000004,8922
cant.mtx,128,11,CombBLAS-sampled,sampled_worker,compact,0.006152895999999998,8922
cant.mtx,128,11,CombBLAS-sampled,sampled_worker,sort,0.051153161000000003,8922
cant.mtx,128,11,CombBLAS-sampled,sampled_worker,write,0.025101692000000005,8922
cant.mtx,128,11,CombBLAS-sampled,sampled_worker,scratch_free,0.0027282099999999987,8922
cant.mtx,128,11,DCSC-sampled,wall,total,0.063118137000000005,0
cant.mtx,128,11,DCSC-sampled,wall,validate,2.6100000000000002e-07,0
cant.mtx,128,11,DCSC-sampled,wall,lookup_build,0.00085490900000000005,0
cant.mtx,128,11,DCSC-sampled,wall,scratch_setup,0.00017967499999999999,0
cant.mtx,128,11,DCSC-sampled,wall,work_bound,0.001583136,0
cant.mtx,128,11,DCSC-sampled,wall,symbolic_capacity,0.00042147799999999998,0
cant.mtx,128,11,DCSC-sampled,wall,symbolic,0.0087471570000000002,0
cant.mtx,128,11,DCSC-sampled,wall,prefix_numeric_capacity,0.001647199,0
cant.mtx,128,11,DCSC-sampled,wall,output_allocate,0.022063817999999999,0
cant.mtx,128,11,DCSC-sampled,wall,numeric,0.027617118,0
cant.mtx,128,11,DCSC-sampled,wall,return_cleanup,1.8929999999999999e-06,0
cant.mtx,128,11,DCSC-sampled,wall,output_free,1.333e-06,0
cant.mtx,128,11,DCSC-sampled,sampled_worker,lookup,0,8922
cant.mtx,128,11,DCSC-sampled,sampled_worker,alloc_init,0.0061428469999999973,8922
cant.mtx,128,11,DCSC-sampled,sampled_worker,lookup_multiply_hash,0.353195602,8922
cant.mtx,128,11,DCSC-sampled,sampled_worker,compact,0.006952016000000001,8922
cant.mtx,128,11,DCSC-sampled,sampled_worker,sort,0.048848276999999996,8922
cant.mtx,128,11,DCSC-sampled,sampled_worker,write,0.050944605000000018,8922
cant.mtx,128,11,DCSC-sampled,sampled_worker,scratch_free,0.011581952999999997,8922
cant.mtx,128,11,CombBLAS-profile,wall,total,0.056667074999999997,0
cant.mtx,128,11,CombBLAS-profile,wall,lookup_build,9.3147999999999997e-05,0
cant.mtx,128,11,CombBLAS-profile,wall,thread_setup,4.8282999999999998e-05,0
cant.mtx,128,11,CombBLAS-profile,wall,work_bound,0.00094618399999999998,0
cant.mtx,128,11,CombBLAS-profile,wall,work_prefix,8.4031999999999998e-05,0
cant.mtx,128,11,CombBLAS-profile,wall,symbolic,0.0036837749999999998,0
cant.mtx,128,11,CombBLAS-profile,wall,output_prefix,8.4451999999999997e-05,0
cant.mtx,128,11,CombBLAS-profile,wall,output_allocate,0.034075254999999999,0
cant.mtx,128,11,CombBLAS-profile,wall,numeric_scratch_setup,0.0023649959999999999,0
cant.mtx,128,11,CombBLAS-profile,wall,numeric,0.015261821,0
cant.mtx,128,11,CombBLAS-profile,wall,internal_cleanup,2.1040000000000001e-06,0
cant.mtx,128,11,CombBLAS-profile,wall,return_cleanup,2.2532999999999999e-05,0
cant.mtx,128,11,CombBLAS-profile,wall,output_free,4.3099999999999998e-07,0
cant.mtx,128,11,DCSC-profile,wall,total,0.062951828000000001,0
cant.mtx,128,11,DCSC-profile,wall,validate,2.6e-07,0
cant.mtx,128,11,DCSC-profile,wall,lookup_build,0.00084829700000000003,0
cant.mtx,128,11,DCSC-profile,wall,scratch_setup,0.00017715,0
cant.mtx,128,11,DCSC-profile,wall,work_bound,0.001555924,0
cant.mtx,128,11,DCSC-profile,wall,symbolic_capacity,0.000423001,0
cant.mtx,128,11,DCSC-profile,wall,symbolic,0.0086885350000000007,0
cant.mtx,128,11,DCSC-profile,wall,prefix_numeric_capacity,0.0016397549999999999,0
cant.mtx,128,11,DCSC-profile,wall,output_allocate,0.022148890000000001,0
cant.mtx,128,11,DCSC-profile,wall,numeric,0.027466941000000002,0
cant.mtx,128,11,DCSC-profile,wall,return_cleanup,1.7829999999999999e-06,0
cant.mtx,128,11,DCSC-profile,wall,output_free,1.2219999999999999e-06,0
cant.mtx,128,11,CSC-profile,wall,total,0.057793916000000001,0
cant.mtx,128,11,CSC-profile,wall,validate,6.1099999999999995e-07,0
cant.mtx,128,11,CSC-profile,wall,lookup_build,4.0000000000000001e-08,0
cant.mtx,128,11,CSC-profile,wall,scratch_setup,0.00038250399999999998,0
cant.mtx,128,11,CSC-profile,wall,work_bound,0.001056516,0
cant.mtx,128,11,CSC-profile,wall,symbolic_capacity,0.000375561,0
cant.mtx,128,11,CSC-profile,wall,symbolic,0.0077658839999999998,0
cant.mtx,128,11,CSC-profile,wall,prefix_numeric_capacity,0.00094421100000000003,0
cant.mtx,128,11,CSC-profile,wall,output_allocate,0.021299281,0
cant.mtx,128,11,CSC-profile,wall,numeric,0.025967034,0
cant.mtx,128,11,CSC-profile,wall,return_cleanup,1.0920000000000001e-06,0
cant.mtx,128,11,CSC-profile,wall,output_free,1.1119999999999999e-06,0
cant.mtx,128,11,CombBLAS-control,wall,total,0.054958588000000003,0
cant.mtx,128,11,CombBLAS-control,wall,native_call_and_free,0.054958015999999998,0
cant.mtx,128,11,DCSC-control,wall,total,0.061632828000000001,0
cant.mtx,128,11,DCSC-control,wall,native_call_and_free,0.061632007000000003,0
cant.mtx,128,11,CSC-control,wall,total,0.057834123000000001,0
cant.mtx,128,11,CSC-control,wall,native_call_and_free,0.057833390999999998,0
cant.mtx,128,11,DCSC-dense-static,wall,total,0.045299022000000001,0
cant.mtx,128,11,DCSC-dense-static,wall,native_call_and_free,0.045298350000000001,0
