dataset,threads,iteration,backend,kind,phase,seconds,sampled_columns
ecology1.mtx,1,0,CSC-control,wall,total,0.24902882600000001,0
ecology1.mtx,1,0,CSC-control,wall,native_call_and_free,0.24902828499999999,0
ecology1.mtx,1,0,DCSC-control,wall,total,0.37175513500000001,0
ecology1.mtx,1,0,DCSC-control,wall,native_call_and_free,0.37175482399999998,0
ecology1.mtx,1,0,CombBLAS-control,wall,total,0.368822078,0
ecology1.mtx,1,0,CombBLAS-control,wall,native_call_and_free,0.368821548,0
ecology1.mtx,1,0,CSC-profile,wall,total,0.25251259799999998,0
ecology1.mtx,1,0,CSC-profile,wall,validate,5.0100000000000005e-07,0
ecology1.mtx,1,0,CSC-profile,wall,lookup_build,2.9000000000000002e-08,0
ecology1.mtx,1,0,CSC-profile,wall,scratch_setup,0.001391359,0
ecology1.mtx,1,0,CSC-profile,wall,work_bound,0.0075252339999999996,0
ecology1.mtx,1,0,CSC-profile,wall,symbolic_capacity,0.002370306,0
ecology1.mtx,1,0,CSC-profile,wall,symbolic,0.057544790999999998,0
ecology1.mtx,1,0,CSC-profile,wall,prefix_numeric_capacity,0.0023880099999999999,0
ecology1.mtx,1,0,CSC-profile,wall,output_allocate,0.010826575,0
ecology1.mtx,1,0,CSC-profile,wall,numeric,0.17046341800000001,0
ecology1.mtx,1,0,CSC-profile,wall,return_cleanup,1.5230000000000001e-06,0
ecology1.mtx,1,0,CSC-profile,wall,output_free,7.92e-07,0
ecology1.mtx,1,0,DCSC-profile,wall,total,0.36644130200000002,0
ecology1.mtx,1,0,DCSC-profile,wall,validate,5.4099999999999999e-07,0
ecology1.mtx,1,0,DCSC-profile,wall,lookup_build,0.013865875,0
ecology1.mtx,1,0,DCSC-profile,wall,scratch_setup,0.001436695,0
ecology1.mtx,1,0,DCSC-profile,wall,work_bound,0.037350688,0
ecology1.mtx,1,0,DCSC-profile,wall,symbolic_capacity,0.0021715660000000002,0
ecology1.mtx,1,0,DCSC-profile,wall,symbolic,0.094324474000000005,0
ecology1.mtx,1,0,DCSC-profile,wall,prefix_numeric_capacity,0.0023811169999999999,0
ecology1.mtx,1,0,DCSC-profile,wall,output_allocate,0.012067514999999999,0
ecology1.mtx,1,0,DCSC-profile,wall,numeric,0.20284017600000001,0
ecology1.mtx,1,0,DCSC-profile,wall,return_cleanup,1.9039999999999999e-06,0
ecology1.mtx,1,0,DCSC-profile,wall,output_free,6.9100000000000003e-07,0
ecology1.mtx,1,0,CombBLAS-profile,wall,total,0.38276163499999999,0
ecology1.mtx,1,0,CombBLAS-profile,wall,lookup_build,0.00077165999999999997,0
ecology1.mtx,1,0,CombBLAS-profile,wall,thread_setup,3.9570000000000004e-06,0
ecology1.mtx,1,0,CombBLAS-profile,wall,work_bound,0.045746492,0
ecology1.mtx,1,0,CombBLAS-profile,wall,work_prefix,0.00053394399999999996,0
ecology1.mtx,1,0,CombBLAS-profile,wall,symbolic,0.091243946000000006,0
ecology1.mtx,1,0,CombBLAS-profile,wall,output_prefix,0.00051102000000000005,0
ecology1.mtx,1,0,CombBLAS-profile,wall,output_allocate,0.015784083000000001,0
ecology1.mtx,1,0,CombBLAS-profile,wall,numeric_scratch_setup,0.0024695469999999999,0
ecology1.mtx,1,0,CombBLAS-profile,wall,numeric,0.225692638,0
ecology1.mtx,1,0,CombBLAS-profile,wall,internal_cleanup,3.1949999999999999e-06,0
ecology1.mtx,1,0,CombBLAS-profile,wall,return_cleanup,5.5199999999999997e-07,0
ecology1.mtx,1,0,CombBLAS-profile,wall,output_free,5.4099999999999999e-07,0
ecology1.mtx,1,0,DCSC-sampled,wall,total,0.36772804999999997,0
ecology1.mtx,1,0,DCSC-sampled,wall,validate,2.6e-07,0
ecology1.mtx,1,0,DCSC-sampled,wall,lookup_build,0.013888938999999999,0
ecology1.mtx,1,0,DCSC-sampled,wall,scratch_setup,0.0013040409999999999,0
ecology1.mtx,1,0,DCSC-sampled,wall,work_bound,0.037441061999999997,0
ecology1.mtx,1,0,DCSC-sampled,wall,symbolic_capacity,0.0021908119999999999,0
ecology1.mtx,1,0,DCSC-sampled,wall,symbolic,0.094047151999999995,0
ecology1.mtx,1,0,DCSC-sampled,wall,prefix_numeric_capacity,0.002390966,0
ecology1.mtx,1,0,DCSC-sampled,wall,output_allocate,0.012056153,0
ecology1.mtx,1,0,DCSC-sampled,wall,numeric,0.20440576999999999,0
ecology1.mtx,1,0,DCSC-sampled,wall,return_cleanup,2.0839999999999999e-06,0
ecology1.mtx,1,0,DCSC-sampled,wall,output_free,7.4099999999999998e-07,0
ecology1.mtx,1,0,DCSC-sampled,sampled_worker,lookup,0,8197
ecology1.mtx,1,0,DCSC-sampled,sampled_worker,alloc_init,0.00031812999999999102,8197
ecology1.mtx,1,0,DCSC-sampled,sampled_worker,lookup_multiply_hash,0.0010423600000000256,8197
ecology1.mtx,1,0,DCSC-sampled,sampled_worker,compact,0.00039293499999995269,8197
ecology1.mtx,1,0,DCSC-sampled,sampled_worker,sort,0.00058727200000003449,8197
ecology1.mtx,1,0,DCSC-sampled,sampled_worker,write,0.00035846599999996833,8197
ecology1.mtx,1,0,DCSC-sampled,sampled_worker,scratch_free,0.00031592699999999227,8197
ecology1.mtx,1,0,CombBLAS-sampled,wall,total,0.39127730799999999,0
ecology1.mtx,1,0,CombBLAS-sampled,wall,lookup_build,0.000772502,0
ecology1.mtx,1,0,CombBLAS-sampled,wall,thread_setup,3.636e-06,0
ecology1.mtx,1,0,CombBLAS-sampled,wall,work_bound,0.046019576,0
ecology1.mtx,1,0,CombBLAS-sampled,wall,work_prefix,0.000534615,0
ecology1.mtx,1,0,CombBLAS-sampled,wall,symbolic,0.090168612999999995,0
ecology1.mtx,1,0,CombBLAS-sampled,wall,output_prefix,0.00051551899999999998,0
ecology1.mtx,1,0,CombBLAS-sampled,wall,output_allocate,0.015791207000000002,0
ecology1.mtx,1,0,CombBLAS-sampled,wall,numeric_scratch_setup,0.0024923509999999999,0
ecology1.mtx,1,0,CombBLAS-sampled,wall,numeric,0.23497532099999999,0
ecology1.mtx,1,0,CombBLAS-sampled,wall,internal_cleanup,2.8949999999999998e-06,0
ecology1.mtx,1,0,CombBLAS-sampled,wall,return_cleanup,5.2099999999999997e-07,0
ecology1.mtx,1,0,CombBLAS-sampled,wall,output_free,4.9200000000000001e-07,0
ecology1.mtx,1,0,CombBLAS-sampled,sampled_worker,lookup,0.00071349200000003863,8197
ecology1.mtx,1,0,CombBLAS-sampled,sampled_worker,alloc_init,0.00040987499999993574,8197
ecology1.mtx,1,0,CombBLAS-sampled,sampled_worker,lookup_multiply_hash,0.00079329899999996793,8197
ecology1.mtx,1,0,CombBLAS-sampled,sampled_worker,compact,0.00039263199999995481,8197
ecology1.mtx,1,0,CombBLAS-sampled,sampled_worker,sort,0.00060306600000001873,8197
ecology1.mtx,1,0,CombBLAS-sampled,sampled_worker,write,0.00032985199999998406,8197
ecology1.mtx,1,0,CombBLAS-sampled,sampled_worker,scratch_free,0.00031943199999998978,8197
ecology1.mtx,1,0,CombBLAS-conversion,wall,total,0.41729735400000001,0
ecology1.mtx,1,0,CombBLAS-conversion,wall,native_call,0.37076889299999999,0
ecology1.mtx,1,0,CombBLAS-conversion,wall,tuple_to_dcsc,0.046524192999999998,0
ecology1.mtx,1,0,CombBLAS-conversion,wall,dcsc_free,3.5769999999999998e-06,0
ecology1.mtx,1,0,CombBLAS-conversion,wall,output_free,6.2099999999999996e-07,0
ecology1.mtx,1,0,DCSC-dense-lookup,wall,total,0.25703646499999999,0
ecology1.mtx,1,0,DCSC-dense-lookup,wall,native_call_and_free,0.25703616299999998,0
ecology1.mtx,1,0,DCSC-static,wall,total,0.36977327399999999,0
ecology1.mtx,1,0,DCSC-static,wall,native_call_and_free,0.369772983,0
ecology1.mtx,1,0,DCSC-dense-static,wall,total,0.25481070500000003,0
ecology1.mtx,1,0,DCSC-dense-static,wall,native_call_and_free,0.25481041500000001,0
ecology1.mtx,1,1,CSC-control,wall,total,0.24809170899999999,0
ecology1.mtx,1,1,CSC-control,wall,native_call_and_free,0.24809140800000001,0
ecology1.mtx,1,1,DCSC-dense-static,wall,total,0.25582827699999999,0
ecology1.mtx,1,1,DCSC-dense-static,wall,native_call_and_free,0.25582798699999998,0
ecology1.mtx,1,1,DCSC-static,wall,total,0.36802067199999999,0
ecology1.mtx,1,1,DCSC-static,wall,native_call_and_free,0.368020342,0
ecology1.mtx,1,1,DCSC-dense-lookup,wall,total,0.25590295000000002,0
ecology1.mtx,1,1,DCSC-dense-lookup,wall,native_call_and_free,0.25590268900000002,0
ecology1.mtx,1,1,CombBLAS-conversion,wall,total,0.41458093499999998,0
ecology1.mtx,1,1,CombBLAS-conversion,wall,native_call,0.36801449000000003,0
ecology1.mtx,1,1,CombBLAS-conversion,wall,tuple_to_dcsc,0.046563186999999999,0
ecology1.mtx,1,1,CombBLAS-conversion,wall,dcsc_free,2.5450000000000002e-06,0
ecology1.mtx,1,1,CombBLAS-conversion,wall,output_free,6.5099999999999999e-07,0
ecology1.mtx,1,1,CombBLAS-sampled,wall,total,0.38728859799999998,0
ecology1.mtx,1,1,CombBLAS-sampled,wall,lookup_build,0.00076712199999999996,0
ecology1.mtx,1,1,CombBLAS-sampled,wall,thread_setup,6.7519999999999999e-06,0
ecology1.mtx,1,1,CombBLAS-sampled,wall,work_bound,0.045713719,0
ecology1.mtx,1,1,CombBLAS-sampled,wall,work_prefix,0.00053249199999999997,0
ecology1.mtx,1,1,CombBLAS-sampled,wall,symbolic,0.089919374999999996,0
ecology1.mtx,1,1,CombBLAS-sampled,wall,output_prefix,0.00052389500000000002,0
ecology1.mtx,1,1,CombBLAS-sampled,wall,output_allocate,0.015989957999999999,0
ecology1.mtx,1,1,CombBLAS-sampled,wall,numeric_scratch_setup,0.002480047,0
ecology1.mtx,1,1,CombBLAS-sampled,wall,numeric,0.23135141100000001,0
ecology1.mtx,1,1,CombBLAS-sampled,wall,internal_cleanup,2.7350000000000001e-06,0
ecology1.mtx,1,1,CombBLAS-sampled,wall,return_cleanup,5.4099999999999999e-07,0
ecology1.mtx,1,1,CombBLAS-sampled,wall,output_free,4.8100000000000003e-07,0
ecology1.mtx,1,1,CombBLAS-sampled,sampled_worker,lookup,0.00060609400000004191,8197
ecology1.mtx,1,1,CombBLAS-sampled,sampled_worker,alloc_init,0.00040983399999993558,8197
ecology1.mtx,1,1,CombBLAS-sampled,sampled_worker,lookup_multiply_hash,0.00079069799999996471,8197
ecology1.mtx,1,1,CombBLAS-sampled,sampled_worker,compact,0.00037809999999995883,8197
ecology1.mtx,1,1,CombBLAS-sampled,sampled_worker,sort,0.00057639300000003363,8197
ecology1.mtx,1,1,CombBLAS-sampled,sampled_worker,write,0.00033170299999998334,8197
ecology1.mtx,1,1,CombBLAS-sampled,sampled_worker,scratch_free,0.00031915699999998936,8197
ecology1.mtx,1,1,DCSC-sampled,wall,total,0.36755677199999998,0
ecology1.mtx,1,1,DCSC-sampled,wall,validate,5.1099999999999996e-07,0
ecology1.mtx,1,1,DCSC-sampled,wall,lookup_build,0.013992928,0
ecology1.mtx,1,1,DCSC-sampled,wall,scratch_setup,0.0012986709999999999,0
ecology1.mtx,1,1,DCSC-sampled,wall,work_bound,0.037224567,0
ecology1.mtx,1,1,DCSC-sampled,wall,symbolic_capacity,0.0021853210000000001,0
ecology1.mtx,1,1,DCSC-sampled,wall,symbolic,0.094534587000000003,0
ecology1.mtx,1,1,DCSC-sampled,wall,prefix_numeric_capacity,0.0023822589999999999,0
ecology1.mtx,1,1,DCSC-sampled,wall,output_allocate,0.012068898,0
ecology1.mtx,1,1,DCSC-sampled,wall,numeric,0.203866345,0
ecology1.mtx,1,1,DCSC-sampled,wall,return_cleanup,1.863e-06,0
ecology1.mtx,1,1,DCSC-sampled,wall,output_free,7.6199999999999997e-07,0
ecology1.mtx,1,1,DCSC-sampled,sampled_worker,lookup,0,8197
ecology1.mtx,1,1,DCSC-sampled,sampled_worker,alloc_init,0.00031991199999999024,8197
ecology1.mtx,1,1,DCSC-sampled,sampled_worker,lookup_multiply_hash,0.0010435870000000274,8197
ecology1.mtx,1,1,DCSC-sampled,sampled_worker,compact,0.00040700199999995013,8197
ecology1.mtx,1,1,DCSC-sampled,sampled_worker,sort,0.0005970240000000305,8197
ecology1.mtx,1,1,DCSC-sampled,sampled_worker,write,0.00034112699999997717,8197
ecology1.mtx,1,1,DCSC-sampled,sampled_worker,scratch_free,0.00031537399999999224,8197
ecology1.mtx,1,1,CombBLAS-profile,wall,total,0.383729451,0
ecology1.mtx,1,1,CombBLAS-profile,wall,lookup_build,0.00077147000000000001,0
ecology1.mtx,1,1,CombBLAS-profile,wall,thread_setup,3.5769999999999998e-06,0
ecology1.mtx,1,1,CombBLAS-profile,wall,work_bound,0.045838218,0
ecology1.mtx,1,1,CombBLAS-profile,wall,work_prefix,0.00054047600000000002,0
ecology1.mtx,1,1,CombBLAS-profile,wall,symbolic,0.089491625000000005,0
ecology1.mtx,1,1,CombBLAS-profile,wall,output_prefix,0.00050963699999999996,0
ecology1.mtx,1,1,CombBLAS-profile,wall,output_allocate,0.016116571,0
ecology1.mtx,1,1,CombBLAS-profile,wall,numeric_scratch_setup,0.0024716109999999999,0
ecology1.mtx,1,1,CombBLAS-profile,wall,numeric,0.22798194799999999,0
ecology1.mtx,1,1,CombBLAS-profile,wall,internal_cleanup,3.1159999999999999e-06,0
ecology1.mtx,1,1,CombBLAS-profile,wall,return_cleanup,6.7100000000000001e-07,0
ecology1.mtx,1,1,CombBLAS-profile,wall,output_free,4.8100000000000003e-07,0
ecology1.mtx,1,1,DCSC-profile,wall,total,0.36453592800000001,0
ecology1.mtx,1,1,DCSC-profile,wall,validate,2.3999999999999998e-07,0
ecology1.mtx,1,1,DCSC-profile,wall,lookup_build,0.014044908,0
ecology1.mtx,1,1,DCSC-profile,wall,scratch_setup,0.001309913,0
ecology1.mtx,1,1,DCSC-profile,wall,work_bound,0.037226540000000002,0
ecology1.mtx,1,1,DCSC-profile,wall,symbolic_capacity,0.002184741,0
ecology1.mtx,1,1,DCSC-profile,wall,symbolic,0.094157041999999996,0
ecology1.mtx,1,1,DCSC-profile,wall,prefix_numeric_capacity,0.0023973079999999999,0
ecology1.mtx,1,1,DCSC-profile,wall,output_allocate,0.012153911,0
ecology1.mtx,1,1,DCSC-profile,wall,numeric,0.20105831900000001,0
ecology1.mtx,1,1,DCSC-profile,wall,return_cleanup,2.255e-06,0
ecology1.mtx,1,1,DCSC-profile,wall,output_free,6.9100000000000003e-07,0
ecology1.mtx,1,1,CSC-profile,wall,total,0.25428978699999999,0
ecology1.mtx,1,1,CSC-profile,wall,validate,5.1099999999999996e-07,0
ecology1.mtx,1,1,CSC-profile,wall,lookup_build,4.0000000000000001e-08,0
ecology1.mtx,1,1,CSC-profile,wall,scratch_setup,0.0012516910000000001,0
ecology1.mtx,1,1,CSC-profile,wall,work_bound,0.0075215259999999997,0
ecology1.mtx,1,1,CSC-profile,wall,symbolic_capacity,0.003569787,0
ecology1.mtx,1,1,CSC-profile,wall,symbolic,0.058122218000000003,0
ecology1.mtx,1,1,CSC-profile,wall,prefix_numeric_capacity,0.0023823199999999998,0
ecology1.mtx,1,1,CSC-profile,wall,output_allocate,0.010804421999999999,0
ecology1.mtx,1,1,CSC-profile,wall,numeric,0.17063510700000001,0
ecology1.mtx,1,1,CSC-profile,wall,return_cleanup,1.313e-06,0
ecology1.mtx,1,1,CSC-profile,wall,output_free,7.8199999999999999e-07,0
ecology1.mtx,1,1,CombBLAS-control,wall,total,0.36785429400000003,0
ecology1.mtx,1,1,CombBLAS-control,wall,native_call_and_free,0.36785376199999997,0
ecology1.mtx,1,1,DCSC-control,wall,total,0.37180075099999998,0
ecology1.mtx,1,1,DCSC-control,wall,native_call_and_free,0.37180044099999998,0
ecology1.mtx,1,2,CombBLAS-control,wall,total,0.368771923,0
ecology1.mtx,1,2,CombBLAS-control,wall,native_call_and_free,0.36877139199999998,0
ecology1.mtx,1,2,CSC-profile,wall,total,0.25120046099999999,0
ecology1.mtx,1,2,CSC-profile,wall,validate,8.0200000000000001e-07,0
ecology1.mtx,1,2,CSC-profile,wall,lookup_build,4.0000000000000001e-08,0
ecology1.mtx,1,2,CSC-profile,wall,scratch_setup,0.001277771,0
ecology1.mtx,1,2,CSC-profile,wall,work_bound,0.0075793270000000003,0
ecology1.mtx,1,2,CSC-profile,wall,symbolic_capacity,0.002374784,0
ecology1.mtx,1,2,CSC-profile,wall,symbolic,0.057748101000000003,0
ecology1.mtx,1,2,CSC-profile,wall,prefix_numeric_capacity,0.0023766690000000001,0
ecology1.mtx,1,2,CSC-profile,wall,output_allocate,0.010823008,0
ecology1.mtx,1,2,CSC-profile,wall,numeric,0.16901766500000001,0
ecology1.mtx,1,2,CSC-profile,wall,return_cleanup,1.4729999999999999e-06,0
ecology1.mtx,1,2,CSC-profile,wall,output_free,7.61e-07,0
ecology1.mtx,1,2,DCSC-profile,wall,total,0.36620862700000001,0
ecology1.mtx,1,2,DCSC-profile,wall,validate,2.6100000000000002e-07,0
ecology1.mtx,1,2,DCSC-profile,wall,lookup_build,0.013884570000000001,0
ecology1.mtx,1,2,DCSC-profile,wall,scratch_setup,0.0012751570000000001,0
ecology1.mtx,1,2,DCSC-profile,wall,work_bound,0.037249994000000002,0
ecology1.mtx,1,2,DCSC-profile,wall,symbolic_capacity,0.0022159409999999999,0
ecology1.mtx,1,2,DCSC-profile,wall,symbolic,0.094092308,0
ecology1.mtx,1,2,DCSC-profile,wall,prefix_numeric_capacity,0.0023749359999999998,0
ecology1.mtx,1,2,DCSC-profile,wall,output_allocate,0.012036876,0
ecology1.mtx,1,2,DCSC-profile,wall,numeric,0.20307562800000001,0
ecology1.mtx,1,2,DCSC-profile,wall,return_cleanup,2.2050000000000001e-06,0
ecology1.mtx,1,2,DCSC-profile,wall,output_free,7.0100000000000004e-07,0
ecology1.mtx,1,2,CombBLAS-profile,wall,total,0.38413594000000001,0
ecology1.mtx,1,2,CombBLAS-profile,wall,lookup_build,0.00077312300000000002,0
ecology1.mtx,1,2,CombBLAS-profile,wall,thread_setup,3.6559999999999998e-06,0
ecology1.mtx,1,2,CombBLAS-profile,wall,work_bound,0.046010058,0
ecology1.mtx,1,2,CombBLAS-profile,wall,work_prefix,0.00053401399999999997,0
ecology1.mtx,1,2,CombBLAS-profile,wall,symbolic,0.090861642000000006,0
ecology1.mtx,1,2,CombBLAS-profile,wall,output_prefix,0.00052346399999999996,0
ecology1.mtx,1,2,CombBLAS-profile,wall,output_allocate,0.015846923999999998,0
ecology1.mtx,1,2,CombBLAS-profile,wall,numeric_scratch_setup,0.0024569330000000001,0
ecology1.mtx,1,2,CombBLAS-profile,wall,numeric,0.22712179800000001,0
ecology1.mtx,1,2,CombBLAS-profile,wall,internal_cleanup,3.2160000000000002e-06,0
ecology1.mtx,1,2,CombBLAS-profile,wall,return_cleanup,5.6100000000000001e-07,0
ecology1.mtx,1,2,CombBLAS-profile,wall,output_free,4.9100000000000004e-07,0
ecology1.mtx,1,2,DCSC-sampled,wall,total,0.36871656600000002,0
ecology1.mtx,1,2,DCSC-sampled,wall,validate,2.8000000000000002e-07,0
ecology1.mtx,1,2,DCSC-sampled,wall,lookup_build,0.013903947999999999,0
ecology1.mtx,1,2,DCSC-sampled,wall,scratch_setup,0.001321675,0
ecology1.mtx,1,2,DCSC-sampled,wall,work_bound,0.037296374,0
ecology1.mtx,1,2,DCSC-sampled,wall,symbolic_capacity,0.0021876059999999999,0
ecology1.mtx,1,2,DCSC-sampled,wall,symbolic,0.094112246999999996,0
ecology1.mtx,1,2,DCSC-sampled,wall,prefix_numeric_capacity,0.0023825700000000001,0
ecology1.mtx,1,2,DCSC-sampled,wall,output_allocate,0.01211694,0
ecology1.mtx,1,2,DCSC-sampled,wall,numeric,0.20539187,0
ecology1.mtx,1,2,DCSC-sampled,wall,return_cleanup,2.2249999999999999e-06,0
ecology1.mtx,1,2,DCSC-sampled,wall,output_free,7.8100000000000002e-07,0
ecology1.mtx,1,2,DCSC-sampled,sampled_worker,lookup,0,8197
ecology1.mtx,1,2,DCSC-sampled,sampled_worker,alloc_init,0.00031873999999999032,8197
ecology1.mtx,1,2,DCSC-sampled,sampled_worker,lookup_multiply_hash,0.0010440250000000328,8197
ecology1.mtx,1,2,DCSC-sampled,sampled_worker,compact,0.00039203899999995832,8197
ecology1.mtx,1,2,DCSC-sampled,sampled_worker,sort,0.00059524900000003139,8197
ecology1.mtx,1,2,DCSC-sampled,sampled_worker,write,0.00034099299999997679,8197
ecology1.mtx,1,2,DCSC-sampled,sampled_worker,scratch_free,0.00031596599999999262,8197
ecology1.mtx,1,2,CombBLAS-sampled,wall,total,0.38844684899999998,0
ecology1.mtx,1,2,CombBLAS-sampled,wall,lookup_build,0.00077200000000000001,0
ecology1.mtx,1,2,CombBLAS-sampled,wall,thread_setup,5.1800000000000004e-06,0
ecology1.mtx,1,2,CombBLAS-sampled,wall,work_bound,0.045707046000000001,0
ecology1.mtx,1,2,CombBLAS-sampled,wall,work_prefix,0.00053127899999999995,0
ecology1.mtx,1,2,CombBLAS-sampled,wall,symbolic,0.090011872000000007,0
ecology1.mtx,1,2,CombBLAS-sampled,wall,output_prefix,0.00051873499999999999,0
ecology1.mtx,1,2,CombBLAS-sampled,wall,output_allocate,0.015852445999999999,0
ecology1.mtx,1,2,CombBLAS-sampled,wall,numeric_scratch_setup,0.0024890440000000002,0
ecology1.mtx,1,2,CombBLAS-sampled,wall,numeric,0.23255484800000001,0
ecology1.mtx,1,2,CombBLAS-sampled,wall,internal_cleanup,2.8559999999999998e-06,0
ecology1.mtx,1,2,CombBLAS-sampled,wall,return_cleanup,7.7100000000000001e-07,0
ecology1.mtx,1,2,CombBLAS-sampled,wall,output_free,7.0200000000000001e-07,0
ecology1.mtx,1,2,CombBLAS-sampled,sampled_worker,lookup,0.00060209100000004165,8197
ecology1.mtx,1,2,CombBLAS-sampled,sampled_worker,alloc_init,0.00041006199999993787,8197
ecology1.mtx,1,2,CombBLAS-sampled,sampled_worker,lookup_multiply_hash,0.0007853149999999849,8197
ecology1.mtx,1,2,CombBLAS-sampled,sampled_worker,compact,0.00037566299999995672,8197
ecology1.mtx,1,2,CombBLAS-sampled,sampled_worker,sort,0.00058834900000002814,8197
ecology1.mtx,1,2,CombBLAS-sampled,sampled_worker,write,0.00033006999999998478,8197
ecology1.mtx,1,2,CombBLAS-sampled,sampled_worker,scratch_free,0.00031928299999998966,8197
ecology1.mtx,1,2,CombBLAS-conversion,wall,total,0.41692443899999998,0
ecology1.mtx,1,2,CombBLAS-conversion,wall,native_call,0.37031134599999999,0
ecology1.mtx,1,2,CombBLAS-conversion,wall,tuple_to_dcsc,0.046608264000000003,0
ecology1.mtx,1,2,CombBLAS-conversion,wall,dcsc_free,4.0380000000000001e-06,0
ecology1.mtx,1,2,CombBLAS-conversion,wall,output_free,7.3099999999999997e-07,0
ecology1.mtx,1,2,DCSC-dense-lookup,wall,total,0.25519595499999997,0
ecology1.mtx,1,2,DCSC-dense-lookup,wall,native_call_and_free,0.25519568399999998,0
ecology1.mtx,1,2,DCSC-static,wall,total,0.36870550600000002,0
ecology1.mtx,1,2,DCSC-static,wall,native_call_and_free,0.36870494500000001,0
ecology1.mtx,1,2,DCSC-dense-static,wall,total,0.25364650300000002,0
ecology1.mtx,1,2,DCSC-dense-static,wall,native_call_and_free,0.25364620199999999,0
ecology1.mtx,1,2,CSC-control,wall,total,0.248107789,0
ecology1.mtx,1,2,CSC-control,wall,native_call_and_free,0.24810747899999999,0
ecology1.mtx,1,2,DCSC-control,wall,total,0.37217887700000002,0
ecology1.mtx,1,2,DCSC-control,wall,native_call_and_free,0.37217856700000002,0
ecology1.mtx,1,3,CombBLAS-control,wall,total,0.36907937200000002,0
ecology1.mtx,1,3,CombBLAS-control,wall,native_call_and_free,0.369078831,0
ecology1.mtx,1,3,DCSC-control,wall,total,0.37277548199999999,0
ecology1.mtx,1,3,DCSC-control,wall,native_call_and_free,0.372775201,0
ecology1.mtx,1,3,CSC-control,wall,total,0.24642910000000001,0
ecology1.mtx,1,3,CSC-control,wall,native_call_and_free,0.24642881,0
ecology1.mtx,1,3,DCSC-dense-static,wall,total,0.25486775499999997,0
ecology1.mtx,1,3,DCSC-dense-static,wall,native_call_and_free,0.25486749400000003,0
ecology1.mtx,1,3,DCSC-static,wall,total,0.36901487900000002,0
ecology1.mtx,1,3,DCSC-static,wall,native_call_and_free,0.36901456799999999,0
ecology1.mtx,1,3,DCSC-dense-lookup,wall,total,0.25623832400000002,0
ecology1.mtx,1,3,DCSC-dense-lookup,wall,native_call_and_free,0.25623803299999998,0
ecology1.mtx,1,3,CombBLAS-conversion,wall,total,0.41582346799999997,0
ecology1.mtx,1,3,CombBLAS-conversion,wall,native_call,0.369268765,0
ecology1.mtx,1,3,CombBLAS-conversion,wall,tuple_to_dcsc,0.046550954999999998,0
ecology1.mtx,1,3,CombBLAS-conversion,wall,dcsc_free,3.056e-06,0
ecology1.mtx,1,3,CombBLAS-conversion,wall,output_free,6.2099999999999996e-07,0
ecology1.mtx,1,3,CombBLAS-sampled,wall,total,0.38833264099999998,0
ecology1.mtx,1,3,CombBLAS-sampled,wall,lookup_build,0.00076376500000000002,0
ecology1.mtx,1,3,CombBLAS-sampled,wall,thread_setup,7.6249999999999998e-06,0
ecology1.mtx,1,3,CombBLAS-sampled,wall,work_bound,0.045783021,0
ecology1.mtx,1,3,CombBLAS-sampled,wall,work_prefix,0.000531089,0
ecology1.mtx,1,3,CombBLAS-sampled,wall,symbolic,0.090350572000000004,0
ecology1.mtx,1,3,CombBLAS-sampled,wall,output_prefix,0.00052658000000000002,0
ecology1.mtx,1,3,CombBLAS-sampled,wall,output_allocate,0.016258944000000001,0
ecology1.mtx,1,3,CombBLAS-sampled,wall,numeric_scratch_setup,0.002635535,0
ecology1.mtx,1,3,CombBLAS-sampled,wall,numeric,0.23147093099999999,0
ecology1.mtx,1,3,CombBLAS-sampled,wall,internal_cleanup,3.106e-06,0
ecology1.mtx,1,3,CombBLAS-sampled,wall,return_cleanup,6.0100000000000005e-07,0
ecology1.mtx,1,3,CombBLAS-sampled,wall,output_free,8.0200000000000001e-07,0
ecology1.mtx,1,3,CombBLAS-sampled,sampled_worker,lookup,0.00060539200000004115,8197
ecology1.mtx,1,3,CombBLAS-sampled,sampled_worker,alloc_init,0.00041603499999993385,8197
ecology1.mtx,1,3,CombBLAS-sampled,sampled_worker,lookup_multiply_hash,0.00077810099999999448,8197
ecology1.mtx,1,3,CombBLAS-sampled,sampled_worker,compact,0.00038267699999995733,8197
ecology1.mtx,1,3,CombBLAS-sampled,sampled_worker,sort,0.00059024200000002802,8197
ecology1.mtx,1,3,CombBLAS-sampled,sampled_worker,write,0.00033110899999998401,8197
ecology1.mtx,1,3,CombBLAS-sampled,sampled_worker,scratch_free,0.00031970499999998882,8197
ecology1.mtx,1,3,DCSC-sampled,wall,total,0.36749923099999998,0
ecology1.mtx,1,3,DCSC-sampled,wall,validate,5.3099999999999998e-07,0
ecology1.mtx,1,3,DCSC-sampled,wall,lookup_build,0.013888899,0
ecology1.mtx,1,3,DCSC-sampled,wall,scratch_setup,0.001290575,0
ecology1.mtx,1,3,DCSC-sampled,wall,work_bound,0.037245396,0
ecology1.mtx,1,3,DCSC-sampled,wall,symbolic_capacity,0.0021989179999999998,0
ecology1.mtx,1,3,DCSC-sampled,wall,symbolic,0.094158755999999996,0
ecology1.mtx,1,3,DCSC-sampled,wall,prefix_numeric_capacity,0.0023929099999999998,0
ecology1.mtx,1,3,DCSC-sampled,wall,output_allocate,0.012036806000000001,0
ecology1.mtx,1,3,DCSC-sampled,wall,numeric,0.20428355500000001,0
ecology1.mtx,1,3,DCSC-sampled,wall,return_cleanup,1.8640000000000001e-06,0
ecology1.mtx,1,3,DCSC-sampled,wall,output_free,9.5099999999999998e-07,0
ecology1.mtx,1,3,DCSC-sampled,sampled_worker,lookup,0,8197
ecology1.mtx,1,3,DCSC-sampled,sampled_worker,alloc_init,0.00031817299999998975,8197
ecology1.mtx,1,3,DCSC-sampled,sampled_worker,lookup_multiply_hash,0.0010425110000000259,8197
ecology1.mtx,1,3,DCSC-sampled,sampled_worker,compact,0.0003921839999999522,8197
ecology1.mtx,1,3,DCSC-sampled,sampled_worker,sort,0.00058824900000003491,8197
ecology1.mtx,1,3,DCSC-sampled,sampled_worker,write,0.00034069399999997799,8197
ecology1.mtx,1,3,DCSC-sampled,sampled_worker,scratch_free,0.00031671099999999215,8197
ecology1.mtx,1,3,CombBLAS-profile,wall,total,0.38278662299999999,0
ecology1.mtx,1,3,CombBLAS-profile,wall,lookup_build,0.00077236099999999995,0
ecology1.mtx,1,3,CombBLAS-profile,wall,thread_setup,3.3670000000000001e-06,0
ecology1.mtx,1,3,CombBLAS-profile,wall,work_bound,0.046018141999999998,0
ecology1.mtx,1,3,CombBLAS-profile,wall,work_prefix,0.00055012500000000005,0
ecology1.mtx,1,3,CombBLAS-profile,wall,symbolic,0.089510300000000001,0
ecology1.mtx,1,3,CombBLAS-profile,wall,output_prefix,0.00052076900000000003,0
ecology1.mtx,1,3,CombBLAS-profile,wall,output_allocate,0.016016911000000002,0
ecology1.mtx,1,3,CombBLAS-profile,wall,numeric_scratch_setup,0.0024892339999999999,0
ecology1.mtx,1,3,CombBLAS-profile,wall,numeric,0.22690143600000001,0
ecology1.mtx,1,3,CombBLAS-profile,wall,internal_cleanup,3.016e-06,0
ecology1.mtx,1,3,CombBLAS-profile,wall,return_cleanup,5.2099999999999997e-07,0
ecology1.mtx,1,3,CombBLAS-profile,wall,output_free,3.8099999999999998e-07,0
ecology1.mtx,1,3,DCSC-profile,wall,total,0.36409110500000003,0
ecology1.mtx,1,3,DCSC-profile,wall,validate,2.8000000000000002e-07,0
ecology1.mtx,1,3,DCSC-profile,wall,lookup_build,0.013895562,0
ecology1.mtx,1,3,DCSC-profile,wall,scratch_setup,0.0013136199999999999,0
ecology1.mtx,1,3,DCSC-profile,wall,work_bound,0.037451420999999999,0
ecology1.mtx,1,3,DCSC-profile,wall,symbolic_capacity,0.0021817550000000001,0
ecology1.mtx,1,3,DCSC-profile,wall,symbolic,0.094324513999999998,0
ecology1.mtx,1,3,DCSC-profile,wall,prefix_numeric_capacity,0.0023913960000000001,0
ecology1.mtx,1,3,DCSC-profile,wall,output_allocate,0.012050953999999999,0
ecology1.mtx,1,3,DCSC-profile,wall,numeric,0.200478296,0
ecology1.mtx,1,3,DCSC-profile,wall,return_cleanup,2.4449999999999999e-06,0
ecology1.mtx,1,3,DCSC-profile,wall,output_free,8.0200000000000001e-07,0
ecology1.mtx,1,3,CSC-profile,wall,total,0.254237877,0
ecology1.mtx,1,3,CSC-profile,wall,validate,5.0100000000000005e-07,0
ecology1.mtx,1,3,CSC-profile,wall,lookup_build,4.0000000000000001e-08,0
ecology1.mtx,1,3,CSC-profile,wall,scratch_setup,0.0012451680000000001,0
ecology1.mtx,1,3,CSC-profile,wall,work_bound,0.0075186910000000001,0
ecology1.mtx,1,3,CSC-profile,wall,symbolic_capacity,0.0023985399999999998,0
ecology1.mtx,1,3,CSC-profile,wall,symbolic,0.058219986000000001,0
ecology1.mtx,1,3,CSC-profile,wall,prefix_numeric_capacity,0.0024956570000000001,0
ecology1.mtx,1,3,CSC-profile,wall,output_allocate,0.010781809,0
ecology1.mtx,1,3,CSC-profile,wall,numeric,0.17157513999999999,0
ecology1.mtx,1,3,CSC-profile,wall,return_cleanup,1.203e-06,0
ecology1.mtx,1,3,CSC-profile,wall,output_free,1.0720000000000001e-06,0
ecology1.mtx,1,4,DCSC-profile,wall,total,0.36547552999999999,0
ecology1.mtx,1,4,DCSC-profile,wall,validate,2.7000000000000001e-07,0
ecology1.mtx,1,4,DCSC-profile,wall,lookup_build,0.013866926999999999,0
ecology1.mtx,1,4,DCSC-profile,wall,scratch_setup,0.0012806359999999999,0
ecology1.mtx,1,4,DCSC-profile,wall,work_bound,0.037486819999999997,0
ecology1.mtx,1,4,DCSC-profile,wall,symbolic_capacity,0.0022099289999999998,0
ecology1.mtx,1,4,DCSC-profile,wall,symbolic,0.094086466999999993,0
ecology1.mtx,1,4,DCSC-profile,wall,prefix_numeric_capacity,0.0023801849999999999,0
ecology1.mtx,1,4,DCSC-profile,wall,output_allocate,0.012069740000000001,0
ecology1.mtx,1,4,DCSC-profile,wall,numeric,0.20209136999999999,0
ecology1.mtx,1,4,DCSC-profile,wall,return_cleanup,2.024e-06,0
ecology1.mtx,1,4,DCSC-profile,wall,output_free,1.0920000000000001e-06,0
ecology1.mtx,1,4,CombBLAS-profile,wall,total,0.384135069,0
ecology1.mtx,1,4,CombBLAS-profile,wall,lookup_build,0.00077251100000000003,0
ecology1.mtx,1,4,CombBLAS-profile,wall,thread_setup,3.9779999999999999e-06,0
ecology1.mtx,1,4,CombBLAS-profile,wall,work_bound,0.045757241999999997,0
ecology1.mtx,1,4,CombBLAS-profile,wall,work_prefix,0.00053471499999999995,0
ecology1.mtx,1,4,CombBLAS-profile,wall,symbolic,0.090788181999999995,0
ecology1.mtx,1,4,CombBLAS-profile,wall,output_prefix,0.00052454599999999997,0
ecology1.mtx,1,4,CombBLAS-profile,wall,output_allocate,0.015978827000000001,0
ecology1.mtx,1,4,CombBLAS-profile,wall,numeric_scratch_setup,0.0024922799999999999,0
ecology1.mtx,1,4,CombBLAS-profile,wall,numeric,0.22727881,0
ecology1.mtx,1,4,CombBLAS-profile,wall,internal_cleanup,2.8760000000000001e-06,0
ecology1.mtx,1,4,CombBLAS-profile,wall,return_cleanup,5.3000000000000001e-07,0
ecology1.mtx,1,4,CombBLAS-profile,wall,output_free,5.0100000000000005e-07,0
ecology1.mtx,1,4,DCSC-sampled,wall,total,0.36794654999999998,0
ecology1.mtx,1,4,DCSC-sampled,wall,validate,2.8000000000000002e-07,0
ecology1.mtx,1,4,DCSC-sampled,wall,lookup_build,0.013891252999999999,0
ecology1.mtx,1,4,DCSC-sampled,wall,scratch_setup,0.0013086809999999999,0
ecology1.mtx,1,4,DCSC-sampled,wall,work_bound,0.037241449000000003,0
ecology1.mtx,1,4,DCSC-sampled,wall,symbolic_capacity,0.0021822450000000002,0
ecology1.mtx,1,4,DCSC-sampled,wall,symbolic,0.094058803999999996,0
ecology1.mtx,1,4,DCSC-sampled,wall,prefix_numeric_capacity,0.0023939220000000002,0
ecology1.mtx,1,4,DCSC-sampled,wall,output_allocate,0.012046184,0
ecology1.mtx,1,4,DCSC-sampled,wall,numeric,0.20482114600000001,0
ecology1.mtx,1,4,DCSC-sampled,wall,return_cleanup,1.714e-06,0
ecology1.mtx,1,4,DCSC-sampled,wall,output_free,8.1100000000000005e-07,0
ecology1.mtx,1,4,DCSC-sampled,sampled_worker,lookup,0,8197
ecology1.mtx,1,4,DCSC-sampled,sampled_worker,alloc_init,0.00031849299999999045,8197
ecology1.mtx,1,4,DCSC-sampled,sampled_worker,lookup_multiply_hash,0.0010435780000000248,8197
ecology1.mtx,1,4,DCSC-sampled,sampled_worker,compact,0.00039018499999995433,8197
ecology1.mtx,1,4,DCSC-sampled,sampled_worker,sort,0.0005880740000000327,8197
ecology1.mtx,1,4,DCSC-sampled,sampled_worker,write,0.00034040399999997652,8197
ecology1.mtx,1,4,DCSC-sampled,sampled_worker,scratch_free,0.00032108799999999027,8197
ecology1.mtx,1,4,CombBLAS-sampled,wall,total,0.38638366200000002,0
ecology1.mtx,1,4,CombBLAS-sampled,wall,lookup_build,0.00077060799999999999,0
ecology1.mtx,1,4,CombBLAS-sampled,wall,thread_setup,3.9179999999999996e-06,0
ecology1.mtx,1,4,CombBLAS-sampled,wall,work_bound,0.045715652000000002,0
ecology1.mtx,1,4,CombBLAS-sampled,wall,work_prefix,0.00053648900000000002,0
ecology1.mtx,1,4,CombBLAS-sampled,wall,symbolic,0.089690936999999998,0
ecology1.mtx,1,4,CombBLAS-sampled,wall,output_prefix,0.00051813399999999996,0
ecology1.mtx,1,4,CombBLAS-sampled,wall,output_allocate,0.015787781000000001,0
ecology1.mtx,1,4,CombBLAS-sampled,wall,numeric_scratch_setup,0.0024711490000000002,0
ecology1.mtx,1,4,CombBLAS-sampled,wall,numeric,0.230885708,0
ecology1.mtx,1,4,CombBLAS-sampled,wall,internal_cleanup,2.4549999999999998e-06,0
ecology1.mtx,1,4,CombBLAS-sampled,wall,return_cleanup,4.8100000000000003e-07,0
ecology1.mtx,1,4,CombBLAS-sampled,wall,output_free,2.9999999999999999e-07,0
ecology1.mtx,1,4,CombBLAS-sampled,sampled_worker,lookup,0.00060829600000004058,8197
ecology1.mtx,1,4,CombBLAS-sampled,sampled_worker,alloc_init,0.00041064999999993677,8197
ecology1.mtx,1,4,CombBLAS-sampled,sampled_worker,lookup_multiply_hash,0.0007721270000000212,8197
ecology1.mtx,1,4,CombBLAS-sampled,sampled_worker,compact,0.00038753099999996123,8197
ecology1.mtx,1,4,CombBLAS-sampled,sampled_worker,sort,0.00059160800000002838,8197
ecology1.mtx,1,4,CombBLAS-sampled,sampled_worker,write,0.00033153499999998346,8197
ecology1.mtx,1,4,CombBLAS-sampled,sampled_worker,scratch_free,0.0003193399999999898,8197
ecology1.mtx,1,4,CombBLAS-conversion,wall,total,0.41493806999999999,0
ecology1.mtx,1,4,CombBLAS-conversion,wall,native_call,0.36838172499999999,0
ecology1.mtx,1,4,CombBLAS-conversion,wall,tuple_to_dcsc,0.046552557000000001,0
ecology1.mtx,1,4,CombBLAS-conversion,wall,dcsc_free,3.2569999999999999e-06,0
ecology1.mtx,1,4,CombBLAS-conversion,wall,output_free,4.8100000000000003e-07,0
ecology1.mtx,1,4,DCSC-dense-lookup,wall,total,0.25451810499999999,0
ecology1.mtx,1,4,DCSC-dense-lookup,wall,native_call_and_free,0.25451780400000001,0
ecology1.mtx,1,4,DCSC-static,wall,total,0.37005886100000002,0
ecology1.mtx,1,4,DCSC-static,wall,native_call_and_free,0.37005833999999999,0
ecology1.mtx,1,4,DCSC-dense-static,wall,total,0.25464082999999998,0
ecology1.mtx,1,4,DCSC-dense-static,wall,native_call_and_free,0.25464055899999999,0
ecology1.mtx,1,4,CSC-control,wall,total,0.248088743,0
ecology1.mtx,1,4,CSC-control,wall,native_call_and_free,0.24808846200000001,0
ecology1.mtx,1,4,DCSC-control,wall,total,0.37267861600000002,0
ecology1.mtx,1,4,DCSC-control,wall,native_call_and_free,0.37267830499999999,0
ecology1.mtx,1,4,CombBLAS-control,wall,total,0.368492657,0
ecology1.mtx,1,4,CombBLAS-control,wall,native_call_and_free,0.368491915,0
ecology1.mtx,1,4,CSC-profile,wall,total,0.25431973299999999,0
ecology1.mtx,1,4,CSC-profile,wall,validate,7.3200000000000004e-07,0
ecology1.mtx,1,4,CSC-profile,wall,lookup_build,4.0000000000000001e-08,0
ecology1.mtx,1,4,CSC-profile,wall,scratch_setup,0.0012918680000000001,0
ecology1.mtx,1,4,CSC-profile,wall,work_bound,0.0074764189999999998,0
ecology1.mtx,1,4,CSC-profile,wall,symbolic_capacity,0.002399062,0
ecology1.mtx,1,4,CSC-profile,wall,symbolic,0.057439578999999998,0
ecology1.mtx,1,4,CSC-profile,wall,prefix_numeric_capacity,0.002401355,0
ecology1.mtx,1,4,CSC-profile,wall,output_allocate,0.010819591999999999,0
ecology1.mtx,1,4,CSC-profile,wall,numeric,0.172489174,0
ecology1.mtx,1,4,CSC-profile,wall,return_cleanup,1.0920000000000001e-06,0
ecology1.mtx,1,4,CSC-profile,wall,output_free,7.6199999999999997e-07,0
ecology1.mtx,1,5,DCSC-profile,wall,total,0.36673626799999998,0
ecology1.mtx,1,5,DCSC-profile,wall,validate,2.5100000000000001e-07,0
ecology1.mtx,1,5,DCSC-profile,wall,lookup_build,0.013887716,0
ecology1.mtx,1,5,DCSC-profile,wall,scratch_setup,0.0013093009999999999,0
ecology1.mtx,1,5,DCSC-profile,wall,work_bound,0.037189729999999997,0
ecology1.mtx,1,5,DCSC-profile,wall,symbolic_capacity,0.0021722569999999999,0
ecology1.mtx,1,5,DCSC-profile,wall,symbolic,0.094292511999999995,0
ecology1.mtx,1,5,DCSC-profile,wall,prefix_numeric_capacity,0.0023834609999999999,0
ecology1.mtx,1,5,DCSC-profile,wall,output_allocate,0.012084038,0
ecology1.mtx,1,5,DCSC-profile,wall,numeric,0.203414177,0
ecology1.mtx,1,5,DCSC-profile,wall,return_cleanup,1.9640000000000002e-06,0
ecology1.mtx,1,5,DCSC-profile,wall,output_free,7.9100000000000003e-07,0
ecology1.mtx,1,5,CSC-profile,wall,total,0.25171102099999998,0
ecology1.mtx,1,5,CSC-profile,wall,validate,4.9100000000000004e-07,0
ecology1.mtx,1,5,CSC-profile,wall,lookup_build,2.9999999999999997e-08,0
ecology1.mtx,1,5,CSC-profile,wall,scratch_setup,0.0012485249999999999,0
ecology1.mtx,1,5,CSC-profile,wall,work_bound,0.0076985450000000002,0
ecology1.mtx,1,5,CSC-profile,wall,symbolic_capacity,0.0023684629999999999,0
ecology1.mtx,1,5,CSC-profile,wall,symbolic,0.057504532999999997,0
ecology1.mtx,1,5,CSC-profile,wall,prefix_numeric_capacity,0.0023765790000000002,0
ecology1.mtx,1,5,CSC-profile,wall,output_allocate,0.010827186000000001,0
ecology1.mtx,1,5,CSC-profile,wall,numeric,0.169684164,0
ecology1.mtx,1,5,CSC-profile,wall,return_cleanup,1.663e-06,0
ecology1.mtx,1,5,CSC-profile,wall,output_free,7.7100000000000001e-07,0
ecology1.mtx,1,5,CombBLAS-control,wall,total,0.37098441599999998,0
ecology1.mtx,1,5,CombBLAS-control,wall,native_call_and_free,0.37098389500000001,0
ecology1.mtx,1,5,DCSC-control,wall,total,0.37223889199999999,0
ecology1.mtx,1,5,DCSC-control,wall,native_call_and_free,0.37223817100000001,0
ecology1.mtx,1,5,CSC-control,wall,total,0.247244824,0
ecology1.mtx,1,5,CSC-control,wall,native_call_and_free,0.24724454300000001,0
ecology1.mtx,1,5,DCSC-dense-static,wall,total,0.254937158,0
ecology1.mtx,1,5,DCSC-dense-static,wall,native_call_and_free,0.25493708799999998,0
ecology1.mtx,1,5,DCSC-static,wall,total,0.369680385,0
ecology1.mtx,1,5,DCSC-static,wall,native_call_and_free,0.36967982399999999,0
ecology1.mtx,1,5,DCSC-dense-lookup,wall,total,0.25545727600000001,0
ecology1.mtx,1,5,DCSC-dense-lookup,wall,native_call_and_free,0.25545699500000002,0
ecology1.mtx,1,5,CombBLAS-conversion,wall,total,0.41508835700000002,0
ecology1.mtx,1,5,CombBLAS-conversion,wall,native_call,0.36855069899999998,0
ecology1.mtx,1,5,CombBLAS-conversion,wall,tuple_to_dcsc,0.046534012,0
ecology1.mtx,1,5,CombBLAS-conversion,wall,dcsc_free,2.965e-06,0
ecology1.mtx,1,5,CombBLAS-conversion,wall,output_free,6.2200000000000004e-07,0
ecology1.mtx,1,5,CombBLAS-sampled,wall,total,0.38900227399999998,0
ecology1.mtx,1,5,CombBLAS-sampled,wall,lookup_build,0.00076626999999999999,0
ecology1.mtx,1,5,CombBLAS-sampled,wall,thread_setup,6.7220000000000002e-06,0
ecology1.mtx,1,5,CombBLAS-sampled,wall,work_bound,0.045709621999999998,0
ecology1.mtx,1,5,CombBLAS-sampled,wall,work_prefix,0.00053281100000000001,0
ecology1.mtx,1,5,CombBLAS-sampled,wall,symbolic,0.089761892999999995,0
ecology1.mtx,1,5,CombBLAS-sampled,wall,output_prefix,0.00051407600000000003,0
ecology1.mtx,1,5,CombBLAS-sampled,wall,output_allocate,0.016440583000000002,0
ecology1.mtx,1,5,CombBLAS-sampled,wall,numeric_scratch_setup,0.002651596,0
ecology1.mtx,1,5,CombBLAS-sampled,wall,numeric,0.23261446299999999,0
ecology1.mtx,1,5,CombBLAS-sampled,wall,internal_cleanup,2.9660000000000001e-06,0
ecology1.mtx,1,5,CombBLAS-sampled,wall,return_cleanup,5.4099999999999999e-07,0
ecology1.mtx,1,5,CombBLAS-sampled,wall,output_free,6.7100000000000001e-07,0
ecology1.mtx,1,5,CombBLAS-sampled,sampled_worker,lookup,0.00060556400000004093,8197
ecology1.mtx,1,5,CombBLAS-sampled,sampled_worker,alloc_init,0.00041072899999993536,8197
ecology1.mtx,1,5,CombBLAS-sampled,sampled_worker,lookup_multiply_hash,0.0008936529999999575,8197
ecology1.mtx,1,5,CombBLAS-sampled,sampled_worker,compact,0.00037922399999995734,8197
ecology1.mtx,1,5,CombBLAS-sampled,sampled_worker,sort,0.00058483100000002826,8197
ecology1.mtx,1,5,CombBLAS-sampled,sampled_worker,write,0.00033132999999998364,8197
ecology1.mtx,1,5,CombBLAS-sampled,sampled_worker,scratch_free,0.00031945899999998929,8197
ecology1.mtx,1,5,DCSC-sampled,wall,total,0.36901547000000001,0
ecology1.mtx,1,5,DCSC-sampled,wall,validate,2.7000000000000001e-07,0
ecology1.mtx,1,5,DCSC-sampled,wall,lookup_build,0.013909988999999999,0
ecology1.mtx,1,5,DCSC-sampled,wall,scratch_setup,0.0012876599999999999,0
ecology1.mtx,1,5,DCSC-sampled,wall,work_bound,0.037211992999999999,0
ecology1.mtx,1,5,DCSC-sampled,wall,symbolic_capacity,0.0022071930000000001,0
ecology1.mtx,1,5,DCSC-sampled,wall,symbolic,0.094059055000000003,0
ecology1.mtx,1,5,DCSC-sampled,wall,prefix_numeric_capacity,0.0024468329999999998,0
ecology1.mtx,1,5,DCSC-sampled,wall,output_allocate,0.012044010000000001,0
ecology1.mtx,1,5,DCSC-sampled,wall,numeric,0.20584546100000001,0
ecology1.mtx,1,5,DCSC-sampled,wall,return_cleanup,2.2840000000000001e-06,0
ecology1.mtx,1,5,DCSC-sampled,wall,output_free,6.61e-07,0
ecology1.mtx,1,5,DCSC-sampled,sampled_worker,lookup,0,8197
ecology1.mtx,1,5,DCSC-sampled,sampled_worker,alloc_init,0.00031958799999999191,8197
ecology1.mtx,1,5,DCSC-sampled,sampled_worker,lookup_multiply_hash,0.0010445490000000259,8197
ecology1.mtx,1,5,DCSC-sampled,sampled_worker,compact,0.00038898499999995615,8197
ecology1.mtx,1,5,DCSC-sampled,sampled_worker,sort,0.00070464900000001606,8197
ecology1.mtx,1,5,DCSC-sampled,sampled_worker,write,0.0003410849999999777,8197
ecology1.mtx,1,5,DCSC-sampled,sampled_worker,scratch_free,0.00031687899999999198,8197
ecology1.mtx,1,5,CombBLAS-profile,wall,total,0.38478090799999998,0
ecology1.mtx,1,5,CombBLAS-profile,wall,lookup_build,0.00077746100000000002,0
ecology1.mtx,1,5,CombBLAS-profile,wall,thread_setup,2.9560000000000002e-06,0
ecology1.mtx,1,5,CombBLAS-profile,wall,work_bound,0.045984878,0
ecology1.mtx,1,5,CombBLAS-profile,wall,work_prefix,0.00053243099999999999,0
ecology1.mtx,1,5,CombBLAS-profile,wall,symbolic,0.092126679000000003,0
ecology1.mtx,1,5,CombBLAS-profile,wall,output_prefix,0.00052056900000000002,0
ecology1.mtx,1,5,CombBLAS-profile,wall,output_allocate,0.015810494000000001,0
ecology1.mtx,1,5,CombBLAS-profile,wall,numeric_scratch_setup,0.002495766,0
ecology1.mtx,1,5,CombBLAS-profile,wall,numeric,0.226525175,0
ecology1.mtx,1,5,CombBLAS-profile,wall,internal_cleanup,3.2059999999999999e-06,0
ecology1.mtx,1,5,CombBLAS-profile,wall,return_cleanup,5.6100000000000001e-07,0
ecology1.mtx,1,5,CombBLAS-profile,wall,output_free,6.61e-07,0
ecology1.mtx,1,6,DCSC-sampled,wall,total,0.37042267899999998,0
ecology1.mtx,1,6,DCSC-sampled,wall,validate,2.7099999999999998e-07,0
ecology1.mtx,1,6,DCSC-sampled,wall,lookup_build,0.013893958,0
ecology1.mtx,1,6,DCSC-sampled,wall,scratch_setup,0.0012889819999999999,0
ecology1.mtx,1,6,DCSC-sampled,wall,work_bound,0.037519552999999997,0
ecology1.mtx,1,6,DCSC-sampled,wall,symbolic_capacity,0.0021779569999999999,0
ecology1.mtx,1,6,DCSC-sampled,wall,symbolic,0.094225745,0
ecology1.mtx,1,6,DCSC-sampled,wall,prefix_numeric_capacity,0.0023938409999999999,0
ecology1.mtx,1,6,DCSC-sampled,wall,output_allocate,0.012070470999999999,0
ecology1.mtx,1,6,DCSC-sampled,wall,numeric,0.206849066,0
ecology1.mtx,1,6,DCSC-sampled,wall,return_cleanup,1.9530000000000002e-06,0
ecology1.mtx,1,6,DCSC-sampled,wall,output_free,8.1200000000000002e-07,0
ecology1.mtx,1,6,DCSC-sampled,sampled_worker,lookup,0,8197
ecology1.mtx,1,6,DCSC-sampled,sampled_worker,alloc_init,0.00031851899999999075,8197
ecology1.mtx,1,6,DCSC-sampled,sampled_worker,lookup_multiply_hash,0.0010501600000000319,8197
ecology1.mtx,1,6,DCSC-sampled,sampled_worker,compact,0.00038887999999995753,8197
ecology1.mtx,1,6,DCSC-sampled,sampled_worker,sort,0.00058716600000003607,8197
ecology1.mtx,1,6,DCSC-sampled,sampled_worker,write,0.00034172499999997682,8197
ecology1.mtx,1,6,DCSC-sampled,sampled_worker,scratch_free,0.00031705999999999206,8197
ecology1.mtx,1,6,CombBLAS-sampled,wall,total,0.38942927399999999,0
ecology1.mtx,1,6,CombBLAS-sampled,wall,lookup_build,0.00077548799999999996,0
ecology1.mtx,1,6,CombBLAS-sampled,wall,thread_setup,3.196e-06,0
ecology1.mtx,1,6,CombBLAS-sampled,wall,work_bound,0.045724619000000001,0
ecology1.mtx,1,6,CombBLAS-sampled,wall,work_prefix,0.00053190099999999999,0
ecology1.mtx,1,6,CombBLAS-sampled,wall,symbolic,0.090417279000000003,0
ecology1.mtx,1,6,CombBLAS-sampled,wall,output_prefix,0.00051568000000000002,0
ecology1.mtx,1,6,CombBLAS-sampled,wall,output_allocate,0.016066504999999998,0
ecology1.mtx,1,6,CombBLAS-sampled,wall,numeric_scratch_setup,0.002454768,0
ecology1.mtx,1,6,CombBLAS-sampled,wall,numeric,0.23293562000000001,0
ecology1.mtx,1,6,CombBLAS-sampled,wall,internal_cleanup,3.1259999999999998e-06,0
ecology1.mtx,1,6,CombBLAS-sampled,wall,return_cleanup,5.4099999999999999e-07,0
ecology1.mtx,1,6,CombBLAS-sampled,wall,output_free,4.9100000000000004e-07,0
ecology1.mtx,1,6,CombBLAS-sampled,sampled_worker,lookup,0.00060374700000004008,8197
ecology1.mtx,1,6,CombBLAS-sampled,sampled_worker,alloc_init,0.00040983599999993453,8197
ecology1.mtx,1,6,CombBLAS-sampled,sampled_worker,lookup_multiply_hash,0.0007765600000000099,8197
ecology1.mtx,1,6,CombBLAS-sampled,sampled_worker,compact,0.00039044799999995858,8197
ecology1.mtx,1,6,CombBLAS-sampled,sampled_worker,sort,0.00059201400000003022,8197
ecology1.mtx,1,6,CombBLAS-sampled,sampled_worker,write,0.00033196999999998358,8197
ecology1.mtx,1,6,CombBLAS-sampled,sampled_worker,scratch_free,0.00031968399999998936,8197
ecology1.mtx,1,6,CombBLAS-conversion,wall,total,0.41688721699999998,0
ecology1.mtx,1,6,CombBLAS-conversion,wall,native_call,0.37042565399999999,0
ecology1.mtx,1,6,CombBLAS-conversion,wall,tuple_to_dcsc,0.046457765999999998,0
ecology1.mtx,1,6,CombBLAS-conversion,wall,dcsc_free,2.6450000000000001e-06,0
ecology1.mtx,1,6,CombBLAS-conversion,wall,output_free,1.082e-06,0
ecology1.mtx,1,6,DCSC-dense-lookup,wall,total,0.25728429000000003,0
ecology1.mtx,1,6,DCSC-dense-lookup,wall,native_call_and_free,0.25728401000000001,0
ecology1.mtx,1,6,DCSC-static,wall,total,0.36970260799999999,0
ecology1.mtx,1,6,DCSC-static,wall,native_call_and_free,0.36970230799999998,0
ecology1.mtx,1,6,DCSC-dense-static,wall,total,0.25305919599999999,0
ecology1.mtx,1,6,DCSC-dense-static,wall,native_call_and_free,0.253058905,0
ecology1.mtx,1,6,CSC-control,wall,total,0.24960095400000001,0
ecology1.mtx,1,6,CSC-control,wall,native_call_and_free,0.24960068299999999,0
ecology1.mtx,1,6,DCSC-control,wall,total,0.37326962899999999,0
ecology1.mtx,1,6,DCSC-control,wall,native_call_and_free,0.37326931899999999,0
ecology1.mtx,1,6,CombBLAS-control,wall,total,0.37006359100000003,0
ecology1.mtx,1,6,CombBLAS-control,wall,native_call_and_free,0.37006300800000003,0
ecology1.mtx,1,6,CSC-profile,wall,total,0.25157477900000003,0
ecology1.mtx,1,6,CSC-profile,wall,validate,7.2099999999999996e-07,0
ecology1.mtx,1,6,CSC-profile,wall,lookup_build,4.1000000000000003e-08,0
ecology1.mtx,1,6,CSC-profile,wall,scratch_setup,0.0012751360000000001,0
ecology1.mtx,1,6,CSC-profile,wall,work_bound,0.0075125490000000003,0
ecology1.mtx,1,6,CSC-profile,wall,symbolic_capacity,0.002392188,0
ecology1.mtx,1,6,CSC-profile,wall,symbolic,0.056973824999999999,0
ecology1.mtx,1,6,CSC-profile,wall,prefix_numeric_capacity,0.0023849240000000001,0
ecology1.mtx,1,6,CSC-profile,wall,output_allocate,0.010890939000000001,0
ecology1.mtx,1,6,CSC-profile,wall,numeric,0.17014209199999999,0
ecology1.mtx,1,6,CSC-profile,wall,return_cleanup,1.4619999999999999e-06,0
ecology1.mtx,1,6,CSC-profile,wall,output_free,8.5199999999999995e-07,0
ecology1.mtx,1,6,DCSC-profile,wall,total,0.36686933399999999,0
ecology1.mtx,1,6,DCSC-profile,wall,validate,3.5100000000000001e-07,0
ecology1.mtx,1,6,DCSC-profile,wall,lookup_build,0.013874722000000001,0
ecology1.mtx,1,6,DCSC-profile,wall,scratch_setup,0.001290144,0
ecology1.mtx,1,6,DCSC-profile,wall,work_bound,0.037320551,0
ecology1.mtx,1,6,DCSC-profile,wall,symbolic_capacity,0.0021893289999999998,0
ecology1.mtx,1,6,DCSC-profile,wall,symbolic,0.094210164999999998,0
ecology1.mtx,1,6,DCSC-profile,wall,prefix_numeric_capacity,0.0023817980000000001,0
ecology1.mtx,1,6,DCSC-profile,wall,output_allocate,0.012051124,0
ecology1.mtx,1,6,DCSC-profile,wall,numeric,0.203547904,0
ecology1.mtx,1,6,DCSC-profile,wall,return_cleanup,2.4140000000000001e-06,0
ecology1.mtx,1,6,DCSC-profile,wall,output_free,7.6199999999999997e-07,0
ecology1.mtx,1,6,CombBLAS-profile,wall,total,0.38106375799999997,0
ecology1.mtx,1,6,CombBLAS-profile,wall,lookup_build,0.000771359,0
ecology1.mtx,1,6,CombBLAS-profile,wall,thread_setup,3.8279999999999996e-06,0
ecology1.mtx,1,6,CombBLAS-profile,wall,work_bound,0.045737354000000001,0
ecology1.mtx,1,6,CombBLAS-profile,wall,work_prefix,0.00054111700000000003,0
ecology1.mtx,1,6,CombBLAS-profile,wall,symbolic,0.090739698999999993,0
ecology1.mtx,1,6,CombBLAS-profile,wall,output_prefix,0.00052038799999999999,0
ecology1.mtx,1,6,CombBLAS-profile,wall,output_allocate,0.015882903,0
ecology1.mtx,1,6,CombBLAS-profile,wall,numeric_scratch_setup,0.0024895849999999999,0
ecology1.mtx,1,6,CombBLAS-profile,wall,numeric,0.22437352799999999,0
ecology1.mtx,1,6,CombBLAS-profile,wall,internal_cleanup,2.7549999999999999e-06,0
ecology1.mtx,1,6,CombBLAS-profile,wall,return_cleanup,7.7100000000000001e-07,0
ecology1.mtx,1,6,CombBLAS-profile,wall,output_free,3.8099999999999998e-07,0
ecology1.mtx,1,7,DCSC-sampled,wall,total,0.36826478000000001,0
ecology1.mtx,1,7,DCSC-sampled,wall,validate,2.91e-07,0
ecology1.mtx,1,7,DCSC-sampled,wall,lookup_build,0.01390547,0
ecology1.mtx,1,7,DCSC-sampled,wall,scratch_setup,0.0012842039999999999,0
ecology1.mtx,1,7,DCSC-sampled,wall,work_bound,0.037223874999999997,0
ecology1.mtx,1,7,DCSC-sampled,wall,symbolic_capacity,0.002197194,0
ecology1.mtx,1,7,DCSC-sampled,wall,symbolic,0.094003517999999994,0
ecology1.mtx,1,7,DCSC-sampled,wall,prefix_numeric_capacity,0.0023834120000000001,0
ecology1.mtx,1,7,DCSC-sampled,wall,output_allocate,0.012054199999999999,0
ecology1.mtx,1,7,DCSC-sampled,wall,numeric,0.20520978100000001,0
ecology1.mtx,1,7,DCSC-sampled,wall,return_cleanup,2.024e-06,0
ecology1.mtx,1,7,DCSC-sampled,wall,output_free,7.5099999999999999e-07,0
ecology1.mtx,1,7,DCSC-sampled,sampled_worker,lookup,0,8197
ecology1.mtx,1,7,DCSC-sampled,sampled_worker,alloc_init,0.00031878999999999073,8197
ecology1.mtx,1,7,DCSC-sampled,sampled_worker,lookup_multiply_hash,0.0010483270000000273,8197
ecology1.mtx,1,7,DCSC-sampled,sampled_worker,compact,0.00039386599999995927,8197
ecology1.mtx,1,7,DCSC-sampled,sampled_worker,sort,0.00058801100000003203,8197
ecology1.mtx,1,7,DCSC-sampled,sampled_worker,write,0.00034092799999997761,8197
ecology1.mtx,1,7,DCSC-sampled,sampled_worker,scratch_free,0.00032126399999998892,8197
ecology1.mtx,1,7,CombBLAS-profile,wall,total,0.38328372599999999,0
ecology1.mtx,1,7,CombBLAS-profile,wall,lookup_build,0.00077039800000000005,0
ecology1.mtx,1,7,CombBLAS-profile,wall,thread_setup,4.3080000000000001e-06,0
ecology1.mtx,1,7,CombBLAS-profile,wall,work_bound,0.045811927000000002,0
ecology1.mtx,1,7,CombBLAS-profile,wall,work_prefix,0.00053281200000000002,0
ecology1.mtx,1,7,CombBLAS-profile,wall,symbolic,0.090132504000000002,0
ecology1.mtx,1,7,CombBLAS-profile,wall,output_prefix,0.00055435300000000005,0
ecology1.mtx,1,7,CombBLAS-profile,wall,output_allocate,0.015850862,0
ecology1.mtx,1,7,CombBLAS-profile,wall,numeric_scratch_setup,0.0024581849999999999,0
ecology1.mtx,1,7,CombBLAS-profile,wall,numeric,0.227162957,0
ecology1.mtx,1,7,CombBLAS-profile,wall,internal_cleanup,3.9979999999999997e-06,0
ecology1.mtx,1,7,CombBLAS-profile,wall,return_cleanup,7.8100000000000002e-07,0
ecology1.mtx,1,7,CombBLAS-profile,wall,output_free,5.9100000000000004e-07,0
ecology1.mtx,1,7,DCSC-profile,wall,total,0.365914823,0
ecology1.mtx,1,7,DCSC-profile,wall,validate,3.0100000000000001e-07,0
ecology1.mtx,1,7,DCSC-profile,wall,lookup_build,0.013889771,0
ecology1.mtx,1,7,DCSC-profile,wall,scratch_setup,0.0012884109999999999,0
ecology1.mtx,1,7,DCSC-profile,wall,work_bound,0.037309199000000001,0
ecology1.mtx,1,7,DCSC-profile,wall,symbolic_capacity,0.0021953599999999999,0
ecology1.mtx,1,7,DCSC-profile,wall,symbolic,0.094189344999999994,0
ecology1.mtx,1,7,DCSC-profile,wall,prefix_numeric_capacity,0.0023846539999999999,0
ecology1.mtx,1,7,DCSC-profile,wall,output_allocate,0.012043099,0
ecology1.mtx,1,7,DCSC-profile,wall,numeric,0.202611718,0
ecology1.mtx,1,7,DCSC-profile,wall,return_cleanup,2.1339999999999998e-06,0
ecology1.mtx,1,7,DCSC-profile,wall,output_free,7.7100000000000001e-07,0
ecology1.mtx,1,7,CSC-profile,wall,total,0.25079708699999997,0
ecology1.mtx,1,7,CSC-profile,wall,validate,5.4099999999999999e-07,0
ecology1.mtx,1,7,CSC-profile,wall,lookup_build,4.0000000000000001e-08,0
ecology1.mtx,1,7,CSC-profile,wall,scratch_setup,0.001258564,0
ecology1.mtx,1,7,CSC-profile,wall,work_bound,0.0075154949999999996,0
ecology1.mtx,1,7,CSC-profile,wall,symbolic_capacity,0.0023760669999999999,0
ecology1.mtx,1,7,CSC-profile,wall,symbolic,0.058386775000000002,0
ecology1.mtx,1,7,CSC-profile,wall,prefix_numeric_capacity,0.0023790030000000002,0
ecology1.mtx,1,7,CSC-profile,wall,output_allocate,0.010804203,0
ecology1.mtx,1,7,CSC-profile,wall,numeric,0.16807430500000001,0
ecology1.mtx,1,7,CSC-profile,wall,return_cleanup,1.313e-06,0
ecology1.mtx,1,7,CSC-profile,wall,output_free,7.2099999999999996e-07,0
ecology1.mtx,1,7,CombBLAS-control,wall,total,0.36809634800000002,0
ecology1.mtx,1,7,CombBLAS-control,wall,native_call_and_free,0.36809581600000002,0
ecology1.mtx,1,7,DCSC-control,wall,total,0.373536441,0
ecology1.mtx,1,7,DCSC-control,wall,native_call_and_free,0.37353615000000001,0
ecology1.mtx,1,7,CSC-control,wall,total,0.248903767,0
ecology1.mtx,1,7,CSC-control,wall,native_call_and_free,0.24890324599999999,0
ecology1.mtx,1,7,DCSC-dense-static,wall,total,0.25646839500000002,0
ecology1.mtx,1,7,DCSC-dense-static,wall,native_call_and_free,0.256468105,0
ecology1.mtx,1,7,DCSC-static,wall,total,0.36979188000000002,0
ecology1.mtx,1,7,DCSC-static,wall,native_call_and_free,0.36979159900000003,0
ecology1.mtx,1,7,DCSC-dense-lookup,wall,total,0.25767447799999998,0
ecology1.mtx,1,7,DCSC-dense-lookup,wall,native_call_and_free,0.25767418800000003,0
ecology1.mtx,1,7,CombBLAS-conversion,wall,total,0.41478745099999997,0
ecology1.mtx,1,7,CombBLAS-conversion,wall,native_call,0.36837055299999999,0
ecology1.mtx,1,7,CombBLAS-conversion,wall,tuple_to_dcsc,0.046412679999999998,0
ecology1.mtx,1,7,CombBLAS-conversion,wall,dcsc_free,3.557e-06,0
ecology1.mtx,1,7,CombBLAS-conversion,wall,output_free,5.9100000000000004e-07,0
ecology1.mtx,1,7,CombBLAS-sampled,wall,total,0.38837458000000002,0
ecology1.mtx,1,7,CombBLAS-sampled,wall,lookup_build,0.00080258900000000004,0
ecology1.mtx,1,7,CombBLAS-sampled,wall,thread_setup,6.1519999999999997e-06,0
ecology1.mtx,1,7,CombBLAS-sampled,wall,work_bound,0.045784023,0
ecology1.mtx,1,7,CombBLAS-sampled,wall,work_prefix,0.00053032800000000005,0
ecology1.mtx,1,7,CombBLAS-sampled,wall,symbolic,0.090094890999999996,0
ecology1.mtx,1,7,CombBLAS-sampled,wall,output_prefix,0.00051710199999999997,0
ecology1.mtx,1,7,CombBLAS-sampled,wall,output_allocate,0.016077866999999999,0
ecology1.mtx,1,7,CombBLAS-sampled,wall,numeric_scratch_setup,0.0024757479999999998,0
ecology1.mtx,1,7,CombBLAS-sampled,wall,numeric,0.23208187199999999,0
ecology1.mtx,1,7,CombBLAS-sampled,wall,internal_cleanup,2.886e-06,0
ecology1.mtx,1,7,CombBLAS-sampled,wall,return_cleanup,5.6100000000000001e-07,0
ecology1.mtx,1,7,CombBLAS-sampled,wall,output_free,5.0100000000000005e-07,0
ecology1.mtx,1,7,CombBLAS-sampled,sampled_worker,lookup,0.00075385400000003923,8197
ecology1.mtx,1,7,CombBLAS-sampled,sampled_worker,alloc_init,0.00041006299999993599,8197
ecology1.mtx,1,7,CombBLAS-sampled,sampled_worker,lookup_multiply_hash,0.00077987199999998312,8197
ecology1.mtx,1,7,CombBLAS-sampled,sampled_worker,compact,0.00038266599999996263,8197
ecology1.mtx,1,7,CombBLAS-sampled,sampled_worker,sort,0.0006042000000000213,8197
ecology1.mtx,1,7,CombBLAS-sampled,sampled_worker,write,0.00032969599999998421,8197
ecology1.mtx,1,7,CombBLAS-sampled,sampled_worker,scratch_free,0.00031973299999998959,8197
ecology1.mtx,1,8,CombBLAS-conversion,wall,total,0.41611609900000002,0
ecology1.mtx,1,8,CombBLAS-conversion,wall,native_call,0.36945917099999998,0
ecology1.mtx,1,8,CombBLAS-conversion,wall,tuple_to_dcsc,0.046653730999999997,0
ecology1.mtx,1,8,CombBLAS-conversion,wall,dcsc_free,2.666e-06,0
ecology1.mtx,1,8,CombBLAS-conversion,wall,output_free,4.5999999999999999e-07,0
ecology1.mtx,1,8,DCSC-dense-lookup,wall,total,0.25547799599999998,0
ecology1.mtx,1,8,DCSC-dense-lookup,wall,native_call_and_free,0.255477705,0
ecology1.mtx,1,8,DCSC-static,wall,total,0.37008987100000001,0
ecology1.mtx,1,8,DCSC-static,wall,native_call_and_free,0.37008957999999997,0
ecology1.mtx,1,8,DCSC-dense-static,wall,total,0.25331062900000001,0
ecology1.mtx,1,8,DCSC-dense-static,wall,native_call_and_free,0.25331032799999997,0
ecology1.mtx,1,8,CSC-control,wall,total,0.24727503200000001,0
ecology1.mtx,1,8,CSC-control,wall,native_call_and_free,0.24727450100000001,0
ecology1.mtx,1,8,DCSC-control,wall,total,0.37046396799999998,0
ecology1.mtx,1,8,DCSC-control,wall,native_call_and_free,0.370463667,0
ecology1.mtx,1,8,CombBLAS-control,wall,total,0.36944613599999998,0
ecology1.mtx,1,8,CombBLAS-control,wall,native_call_and_free,0.369445574,0
ecology1.mtx,1,8,CSC-profile,wall,total,0.25438018000000001,0
ecology1.mtx,1,8,CSC-profile,wall,validate,5.7100000000000002e-07,0
ecology1.mtx,1,8,CSC-profile,wall,lookup_build,3.1e-08,0
ecology1.mtx,1,8,CSC-profile,wall,scratch_setup,0.0012719890000000001,0
ecology1.mtx,1,8,CSC-profile,wall,work_bound,0.007517068,0
ecology1.mtx,1,8,CSC-profile,wall,symbolic_capacity,0.0023892919999999999,0
ecology1.mtx,1,8,CSC-profile,wall,symbolic,0.057796583999999998,0
ecology1.mtx,1,8,CSC-profile,wall,prefix_numeric_capacity,0.00239296,0
ecology1.mtx,1,8,CSC-profile,wall,output_allocate,0.010803190000000001,0
ecology1.mtx,1,8,CSC-profile,wall,numeric,0.17220605999999999,0
ecology1.mtx,1,8,CSC-profile,wall,return_cleanup,1.5939999999999999e-06,0
ecology1.mtx,1,8,CSC-profile,wall,output_free,7.8100000000000002e-07,0
ecology1.mtx,1,8,DCSC-profile,wall,total,0.366187135,0
ecology1.mtx,1,8,DCSC-profile,wall,validate,2.7000000000000001e-07,0
ecology1.mtx,1,8,DCSC-profile,wall,lookup_build,0.013873039,0
ecology1.mtx,1,8,DCSC-profile,wall,scratch_setup,0.0012983300000000001,0
ecology1.mtx,1,8,DCSC-profile,wall,work_bound,0.037207624000000002,0
ecology1.mtx,1,8,DCSC-profile,wall,symbolic_capacity,0.0021765949999999999,0
ecology1.mtx,1,8,DCSC-profile,wall,symbolic,0.094046841000000006,0
ecology1.mtx,1,8,DCSC-profile,wall,prefix_numeric_capacity,0.0023857959999999999,0
ecology1.mtx,1,8,DCSC-profile,wall,output_allocate,0.012261117,0
ecology1.mtx,1,8,DCSC-profile,wall,numeric,0.20293446700000001,0
ecology1.mtx,1,8,DCSC-profile,wall,return_cleanup,2.3250000000000002e-06,0
ecology1.mtx,1,8,DCSC-profile,wall,output_free,6.61e-07,0
ecology1.mtx,1,8,CombBLAS-profile,wall,total,0.383804916,0
ecology1.mtx,1,8,CombBLAS-profile,wall,lookup_build,0.00078023600000000002,0
ecology1.mtx,1,8,CombBLAS-profile,wall,thread_setup,3.0359999999999998e-06,0
ecology1.mtx,1,8,CombBLAS-profile,wall,work_bound,0.045945903000000003,0
ecology1.mtx,1,8,CombBLAS-profile,wall,work_prefix,0.00053175100000000001,0
ecology1.mtx,1,8,CombBLAS-profile,wall,symbolic,0.091880225999999995,0
ecology1.mtx,1,8,CombBLAS-profile,wall,output_prefix,0.00051984600000000002,0
ecology1.mtx,1,8,CombBLAS-profile,wall,output_allocate,0.015973728,0
ecology1.mtx,1,8,CombBLAS-profile,wall,numeric_scratch_setup,0.002484595,0
ecology1.mtx,1,8,CombBLAS-profile,wall,numeric,0.22568154600000001,0
ecology1.mtx,1,8,CombBLAS-profile,wall,internal_cleanup,3.016e-06,0
ecology1.mtx,1,8,CombBLAS-profile,wall,return_cleanup,5.1099999999999996e-07,0
ecology1.mtx,1,8,CombBLAS-profile,wall,output_free,4.6100000000000001e-07,0
ecology1.mtx,1,8,DCSC-sampled,wall,total,0.36762511399999998,0
ecology1.mtx,1,8,DCSC-sampled,wall,validate,2.7099999999999998e-07,0
ecology1.mtx,1,8,DCSC-sampled,wall,lookup_build,0.013898997999999999,0
ecology1.mtx,1,8,DCSC-sampled,wall,scratch_setup,0.0012840429999999999,0
ecology1.mtx,1,8,DCSC-sampled,wall,work_bound,0.037483602999999997,0
ecology1.mtx,1,8,DCSC-sampled,wall,symbolic_capacity,0.0022116620000000001,0
ecology1.mtx,1,8,DCSC-sampled,wall,symbolic,0.094063032000000005,0
ecology1.mtx,1,8,DCSC-sampled,wall,prefix_numeric_capacity,0.0023807170000000001,0
ecology1.mtx,1,8,DCSC-sampled,wall,output_allocate,0.012078306,0
ecology1.mtx,1,8,DCSC-sampled,wall,numeric,0.20422184700000001,0
ecology1.mtx,1,8,DCSC-sampled,wall,return_cleanup,1.7829999999999999e-06,0
ecology1.mtx,1,8,DCSC-sampled,wall,output_free,7.92e-07,0
ecology1.mtx,1,8,DCSC-sampled,sampled_worker,lookup,0,8197
ecology1.mtx,1,8,DCSC-sampled,sampled_worker,alloc_init,0.00031847299999999008,8197
ecology1.mtx,1,8,DCSC-sampled,sampled_worker,lookup_multiply_hash,0.0010443580000000265,8197
ecology1.mtx,1,8,DCSC-sampled,sampled_worker,compact,0.0003990469999999584,8197
ecology1.mtx,1,8,DCSC-sampled,sampled_worker,sort,0.00059014600000002954,8197
ecology1.mtx,1,8,DCSC-sampled,sampled_worker,write,0.00034134699999997597,8197
ecology1.mtx,1,8,DCSC-sampled,sampled_worker,scratch_free,0.000316416999999993,8197
ecology1.mtx,1,8,CombBLAS-sampled,wall,total,0.386172617,0
ecology1.mtx,1,8,CombBLAS-sampled,wall,lookup_build,0.00077224100000000001,0
ecology1.mtx,1,8,CombBLAS-sampled,wall,thread_setup,3.8670000000000004e-06,0
ecology1.mtx,1,8,CombBLAS-sampled,wall,work_bound,0.045760838999999998,0
ecology1.mtx,1,8,CombBLAS-sampled,wall,work_prefix,0.00054866300000000002,0
ecology1.mtx,1,8,CombBLAS-sampled,wall,symbolic,0.090861592000000005,0
ecology1.mtx,1,8,CombBLAS-sampled,wall,output_prefix,0.00052620900000000003,0
ecology1.mtx,1,8,CombBLAS-sampled,wall,output_allocate,0.015821996000000001,0
ecology1.mtx,1,8,CombBLAS-sampled,wall,numeric_scratch_setup,0.0024508609999999999,0
ecology1.mtx,1,8,CombBLAS-sampled,wall,numeric,0.229422181,0
ecology1.mtx,1,8,CombBLAS-sampled,wall,internal_cleanup,2.875e-06,0
ecology1.mtx,1,8,CombBLAS-sampled,wall,return_cleanup,6.7199999999999998e-07,0
ecology1.mtx,1,8,CombBLAS-sampled,wall,output_free,5.7000000000000005e-07,0
ecology1.mtx,1,8,CombBLAS-sampled,sampled_worker,lookup,0.00060528200000004094,8197
ecology1.mtx,1,8,CombBLAS-sampled,sampled_worker,alloc_init,0.00040991199999993502,8197
ecology1.mtx,1,8,CombBLAS-sampled,sampled_worker,lookup_multiply_hash,0.00077263600000000959,8197
ecology1.mtx,1,8,CombBLAS-sampled,sampled_worker,compact,0.00038122699999996128,8197
ecology1.mtx,1,8,CombBLAS-sampled,sampled_worker,sort,0.00060374600000001567,8197
ecology1.mtx,1,8,CombBLAS-sampled,sampled_worker,write,0.00033179599999998372,8197
ecology1.mtx,1,8,CombBLAS-sampled,sampled_worker,scratch_free,0.00031870399999999025,8197
ecology1.mtx,1,9,CombBLAS-conversion,wall,total,0.41673494500000002,0
ecology1.mtx,1,9,CombBLAS-conversion,wall,native_call,0.37019646499999997,0
ecology1.mtx,1,9,CombBLAS-conversion,wall,tuple_to_dcsc,0.046534483000000001,0
ecology1.mtx,1,9,CombBLAS-conversion,wall,dcsc_free,2.785e-06,0
ecology1.mtx,1,9,CombBLAS-conversion,wall,output_free,1.142e-06,0
ecology1.mtx,1,9,CombBLAS-sampled,wall,total,0.38694721300000001,0
ecology1.mtx,1,9,CombBLAS-sampled,wall,lookup_build,0.00077322299999999997,0
ecology1.mtx,1,9,CombBLAS-sampled,wall,thread_setup,7.0430000000000002e-06,0
ecology1.mtx,1,9,CombBLAS-sampled,wall,work_bound,0.045783112000000001,0
ecology1.mtx,1,9,CombBLAS-sampled,wall,work_prefix,0.00053086799999999999,0
ecology1.mtx,1,9,CombBLAS-sampled,wall,symbolic,0.090214862000000007,0
ecology1.mtx,1,9,CombBLAS-sampled,wall,output_prefix,0.00051483699999999998,0
ecology1.mtx,1,9,CombBLAS-sampled,wall,output_allocate,0.016185214,0
ecology1.mtx,1,9,CombBLAS-sampled,wall,numeric_scratch_setup,0.002486729,0
ecology1.mtx,1,9,CombBLAS-sampled,wall,numeric,0.23044666599999999,0
ecology1.mtx,1,9,CombBLAS-sampled,wall,internal_cleanup,3.6169999999999998e-06,0
ecology1.mtx,1,9,CombBLAS-sampled,wall,return_cleanup,5.2099999999999997e-07,0
ecology1.mtx,1,9,CombBLAS-sampled,wall,output_free,4.7100000000000002e-07,0
ecology1.mtx,1,9,CombBLAS-sampled,sampled_worker,lookup,0.00060391700000004135,8197
ecology1.mtx,1,9,CombBLAS-sampled,sampled_worker,alloc_init,0.00040979599999993558,8197
ecology1.mtx,1,9,CombBLAS-sampled,sampled_worker,lookup_multiply_hash,0.00077294100000000897,8197
ecology1.mtx,1,9,CombBLAS-sampled,sampled_worker,compact,0.00038756599999996281,8197
ecology1.mtx,1,9,CombBLAS-sampled,sampled_worker,sort,0.0005898860000000248,8197
ecology1.mtx,1,9,CombBLAS-sampled,sampled_worker,write,0.00033144499999998345,8197
ecology1.mtx,1,9,CombBLAS-sampled,sampled_worker,scratch_free,0.00031917499999998996,8197
ecology1.mtx,1,9,DCSC-sampled,wall,total,0.36721030700000001,0
ecology1.mtx,1,9,DCSC-sampled,wall,validate,2.91e-07,0
ecology1.mtx,1,9,DCSC-sampled,wall,lookup_build,0.013897405,0
ecology1.mtx,1,9,DCSC-sampled,wall,scratch_setup,0.0012924189999999999,0
ecology1.mtx,1,9,DCSC-sampled,wall,work_bound,0.037240236000000003,0
ecology1.mtx,1,9,DCSC-sampled,wall,symbolic_capacity,0.0021802620000000001,0
ecology1.mtx,1,9,DCSC-sampled,wall,symbolic,0.094172953000000004,0
ecology1.mtx,1,9,DCSC-sampled,wall,prefix_numeric_capacity,0.0023830209999999999,0
ecology1.mtx,1,9,DCSC-sampled,wall,output_allocate,0.012020205000000001,0
ecology1.mtx,1,9,DCSC-sampled,wall,numeric,0.20402010900000001,0
ecology1.mtx,1,9,DCSC-sampled,wall,return_cleanup,2.5450000000000002e-06,0
ecology1.mtx,1,9,DCSC-sampled,wall,output_free,7.0100000000000004e-07,0
ecology1.mtx,1,9,DCSC-sampled,sampled_worker,lookup,0,8197
ecology1.mtx,1,9,DCSC-sampled,sampled_worker,alloc_init,0.00031993199999999012,8197
ecology1.mtx,1,9,DCSC-sampled,sampled_worker,lookup_multiply_hash,0.0010475470000000245,8197
ecology1.mtx,1,9,DCSC-sampled,sampled_worker,compact,0.00039386199999995384,8197
ecology1.mtx,1,9,DCSC-sampled,sampled_worker,sort,0.0005884760000000322,8197
ecology1.mtx,1,9,DCSC-sampled,sampled_worker,write,0.00034017099999997724,8197
ecology1.mtx,1,9,DCSC-sampled,sampled_worker,scratch_free,0.00031682199999999113,8197
ecology1.mtx,1,9,CombBLAS-profile,wall,total,0.38361254700000003,0
ecology1.mtx,1,9,CombBLAS-profile,wall,lookup_build,0.00077634899999999996,0
ecology1.mtx,1,9,CombBLAS-profile,wall,thread_setup,4.0679999999999998e-06,0
ecology1.mtx,1,9,CombBLAS-profile,wall,work_bound,0.045964639000000002,0
ecology1.mtx,1,9,CombBLAS-profile,wall,work_prefix,0.00053421499999999999,0
ecology1.mtx,1,9,CombBLAS-profile,wall,symbolic,0.090559292999999999,0
ecology1.mtx,1,9,CombBLAS-profile,wall,output_prefix,0.00051905500000000004,0
ecology1.mtx,1,9,CombBLAS-profile,wall,output_allocate,0.015904234,0
ecology1.mtx,1,9,CombBLAS-profile,wall,numeric_scratch_setup,0.0024930519999999999,0
ecology1.mtx,1,9,CombBLAS-profile,wall,numeric,0.22685372400000001,0
ecology1.mtx,1,9,CombBLAS-profile,wall,internal_cleanup,3.1760000000000002e-06,0
ecology1.mtx,1,9,CombBLAS-profile,wall,return_cleanup,5.0100000000000005e-07,0
ecology1.mtx,1,9,CombBLAS-profile,wall,output_free,1.7100000000000001e-07,0
ecology1.mtx,1,9,DCSC-profile,wall,total,0.36514276200000001,0
ecology1.mtx,1,9,DCSC-profile,wall,validate,2.7099999999999998e-07,0
ecology1.mtx,1,9,DCSC-profile,wall,lookup_build,0.013895471,0
ecology1.mtx,1,9,DCSC-profile,wall,scratch_setup,0.0012878799999999999,0
ecology1.mtx,1,9,DCSC-profile,wall,work_bound,0.037347653000000001,0
ecology1.mtx,1,9,DCSC-profile,wall,symbolic_capacity,0.0021853720000000001,0
ecology1.mtx,1,9,DCSC-profile,wall,symbolic,0.094034928000000004,0
ecology1.mtx,1,9,DCSC-profile,wall,prefix_numeric_capacity,0.0023807160000000002,0
ecology1.mtx,1,9,DCSC-profile,wall,output_allocate,0.012118644,0
ecology1.mtx,1,9,DCSC-profile,wall,numeric,0.201888862,0
ecology1.mtx,1,9,DCSC-profile,wall,return_cleanup,2.1339999999999998e-06,0
ecology1.mtx,1,9,DCSC-profile,wall,output_free,7.7100000000000001e-07,0
ecology1.mtx,1,9,CSC-profile,wall,total,0.25063091900000001,0
ecology1.mtx,1,9,CSC-profile,wall,validate,4.9100000000000004e-07,0
ecology1.mtx,1,9,CSC-profile,wall,lookup_build,4.0000000000000001e-08,0
ecology1.mtx,1,9,CSC-profile,wall,scratch_setup,0.0012492060000000001,0
ecology1.mtx,1,9,CSC-profile,wall,work_bound,0.0075120580000000003,0
ecology1.mtx,1,9,CSC-profile,wall,symbolic_capacity,0.0023673209999999999,0
ecology1.mtx,1,9,CSC-profile,wall,symbolic,0.057066393,0
ecology1.mtx,1,9,CSC-profile,wall,prefix_numeric_capacity,0.0023788020000000002,0
ecology1.mtx,1,9,CSC-profile,wall,output_allocate,0.010982064,0
ecology1.mtx,1,9,CSC-profile,wall,numeric,0.16907155800000001,0
ecology1.mtx,1,9,CSC-profile,wall,return_cleanup,1.5430000000000001e-06,0
ecology1.mtx,1,9,CSC-profile,wall,output_free,1.393e-06,0
ecology1.mtx,1,9,CombBLAS-control,wall,total,0.37280295400000002,0
ecology1.mtx,1,9,CombBLAS-control,wall,native_call_and_free,0.372802413,0
ecology1.mtx,1,9,DCSC-control,wall,total,0.37149694900000002,0
ecology1.mtx,1,9,DCSC-control,wall,native_call_and_free,0.37149639800000001,0
ecology1.mtx,1,9,CSC-control,wall,total,0.248452751,0
ecology1.mtx,1,9,CSC-control,wall,native_call_and_free,0.24845245099999999,0
ecology1.mtx,1,9,DCSC-dense-static,wall,total,0.25565678800000002,0
ecology1.mtx,1,9,DCSC-dense-static,wall,native_call_and_free,0.25565650899999998,0
ecology1.mtx,1,9,DCSC-static,wall,total,0.36843656000000002,0
ecology1.mtx,1,9,DCSC-static,wall,native_call_and_free,0.36843624899999999,0
ecology1.mtx,1,9,DCSC-dense-lookup,wall,total,0.25585066000000001,0
ecology1.mtx,1,9,DCSC-dense-lookup,wall,native_call_and_free,0.25585035,0
ecology1.mtx,1,10,DCSC-static,wall,total,0.36981762800000001,0
ecology1.mtx,1,10,DCSC-static,wall,native_call_and_free,0.36981734799999999,0
ecology1.mtx,1,10,DCSC-dense-static,wall,total,0.25345101799999997,0
ecology1.mtx,1,10,DCSC-dense-static,wall,native_call_and_free,0.25345072800000001,0
ecology1.mtx,1,10,CSC-control,wall,total,0.24761402199999999,0
ecology1.mtx,1,10,CSC-control,wall,native_call_and_free,0.247613732,0
ecology1.mtx,1,10,DCSC-control,wall,total,0.37080195700000002,0
ecology1.mtx,1,10,DCSC-control,wall,native_call_and_free,0.37080167600000002,0
ecology1.mtx,1,10,CombBLAS-control,wall,total,0.368205907,0
ecology1.mtx,1,10,CombBLAS-control,wall,native_call_and_free,0.36820538600000002,0
ecology1.mtx,1,10,CSC-profile,wall,total,0.25479911300000002,0
ecology1.mtx,1,10,CSC-profile,wall,validate,8.3099999999999996e-07,0
ecology1.mtx,1,10,CSC-profile,wall,lookup_build,2.9999999999999997e-08,0
ecology1.mtx,1,10,CSC-profile,wall,scratch_setup,0.0012769700000000001,0
ecology1.mtx,1,10,CSC-profile,wall,work_bound,0.0075015969999999996,0
ecology1.mtx,1,10,CSC-profile,wall,symbolic_capacity,0.0024062860000000001,0
ecology1.mtx,1,10,CSC-profile,wall,symbolic,0.060817648000000002,0
ecology1.mtx,1,10,CSC-profile,wall,prefix_numeric_capacity,0.0023939209999999998,0
ecology1.mtx,1,10,CSC-profile,wall,output_allocate,0.01078205,0
ecology1.mtx,1,10,CSC-profile,wall,numeric,0.169617516,0
ecology1.mtx,1,10,CSC-profile,wall,return_cleanup,1.4130000000000001e-06,0
ecology1.mtx,1,10,CSC-profile,wall,output_free,8.0100000000000004e-07,0
ecology1.mtx,1,10,DCSC-profile,wall,total,0.36716838699999998,0
ecology1.mtx,1,10,DCSC-profile,wall,validate,2.8099999999999999e-07,0
ecology1.mtx,1,10,DCSC-profile,wall,lookup_build,0.014029768999999999,0
ecology1.mtx,1,10,DCSC-profile,wall,scratch_setup,0.0012959650000000001,0
ecology1.mtx,1,10,DCSC-profile,wall,work_bound,0.037222863000000002,0
ecology1.mtx,1,10,DCSC-profile,wall,symbolic_capacity,0.0021736390000000002,0
ecology1.mtx,1,10,DCSC-profile,wall,symbolic,0.094033806999999997,0
ecology1.mtx,1,10,DCSC-profile,wall,prefix_numeric_capacity,0.0023881699999999998,0
ecology1.mtx,1,10,DCSC-profile,wall,output_allocate,0.012035634,0
ecology1.mtx,1,10,DCSC-profile,wall,numeric,0.20398493300000001,0
ecology1.mtx,1,10,DCSC-profile,wall,return_cleanup,2.384e-06,0
ecology1.mtx,1,10,DCSC-profile,wall,output_free,8.7199999999999997e-07,0
ecology1.mtx,1,10,CombBLAS-profile,wall,total,0.38308780999999997,0
ecology1.mtx,1,10,CombBLAS-profile,wall,lookup_build,0.00077259200000000001,0
ecology1.mtx,1,10,CombBLAS-profile,wall,thread_setup,3.2160000000000002e-06,0
ecology1.mtx,1,10,CombBLAS-profile,wall,work_bound,0.045823298999999998,0
ecology1.mtx,1,10,CombBLAS-profile,wall,work_prefix,0.00053503600000000002,0
ecology1.mtx,1,10,CombBLAS-profile,wall,symbolic,0.090140869999999998,0
ecology1.mtx,1,10,CombBLAS-profile,wall,output_prefix,0.00052112899999999995,0
ecology1.mtx,1,10,CombBLAS-profile,wall,output_allocate,0.015826555999999999,0
ecology1.mtx,1,10,CombBLAS-profile,wall,numeric_scratch_setup,0.0026387009999999998,0
ecology1.mtx,1,10,CombBLAS-profile,wall,numeric,0.22682170199999999,0
ecology1.mtx,1,10,CombBLAS-profile,wall,internal_cleanup,3.5470000000000001e-06,0
ecology1.mtx,1,10,CombBLAS-profile,wall,return_cleanup,5.4099999999999999e-07,0
ecology1.mtx,1,10,CombBLAS-profile,wall,output_free,5.6100000000000001e-07,0
ecology1.mtx,1,10,DCSC-sampled,wall,total,0.36832214000000002,0
ecology1.mtx,1,10,DCSC-sampled,wall,validate,2.6100000000000002e-07,0
ecology1.mtx,1,10,DCSC-sampled,wall,lookup_build,0.013900221000000001,0
ecology1.mtx,1,10,DCSC-sampled,wall,scratch_setup,0.001296085,0
ecology1.mtx,1,10,DCSC-sampled,wall,work_bound,0.037356159999999999,0
ecology1.mtx,1,10,DCSC-sampled,wall,symbolic_capacity,0.0021829470000000002,0
ecology1.mtx,1,10,DCSC-sampled,wall,symbolic,0.094235321999999996,0
ecology1.mtx,1,10,DCSC-sampled,wall,prefix_numeric_capacity,0.0023807260000000001,0
ecology1.mtx,1,10,DCSC-sampled,wall,output_allocate,0.012056575,0
ecology1.mtx,1,10,DCSC-sampled,wall,numeric,0.20491126900000001,0
ecology1.mtx,1,10,DCSC-sampled,wall,return_cleanup,1.8330000000000001e-06,0
ecology1.mtx,1,10,DCSC-sampled,wall,output_free,6.7100000000000001e-07,0
ecology1.mtx,1,10,DCSC-sampled,sampled_worker,lookup,0,8197
ecology1.mtx,1,10,DCSC-sampled,sampled_worker,alloc_init,0.00031797599999999109,8197
ecology1.mtx,1,10,DCSC-sampled,sampled_worker,lookup_multiply_hash,0.0010419870000000239,8197
ecology1.mtx,1,10,DCSC-sampled,sampled_worker,compact,0.00038876099999995723,8197
ecology1.mtx,1,10,DCSC-sampled,sampled_worker,sort,0.00058812000000003418,8197
ecology1.mtx,1,10,DCSC-sampled,sampled_worker,write,0.00034039899999997812,8197
ecology1.mtx,1,10,DCSC-sampled,sampled_worker,scratch_free,0.0003157189999999929,8197
ecology1.mtx,1,10,CombBLAS-sampled,wall,total,0.38648396499999998,0
ecology1.mtx,1,10,CombBLAS-sampled,wall,lookup_build,0.00077807199999999999,0
ecology1.mtx,1,10,CombBLAS-sampled,wall,thread_setup,3.5470000000000001e-06,0
ecology1.mtx,1,10,CombBLAS-sampled,wall,work_bound,0.045714731000000002,0
ecology1.mtx,1,10,CombBLAS-sampled,wall,work_prefix,0.00053143999999999999,0
ecology1.mtx,1,10,CombBLAS-sampled,wall,symbolic,0.090407972000000003,0
ecology1.mtx,1,10,CombBLAS-sampled,wall,output_prefix,0.00051295400000000004,0
ecology1.mtx,1,10,CombBLAS-sampled,wall,output_allocate,0.015916777999999999,0
ecology1.mtx,1,10,CombBLAS-sampled,wall,numeric_scratch_setup,0.0024833530000000002,0
ecology1.mtx,1,10,CombBLAS-sampled,wall,numeric,0.23013140000000001,0
ecology1.mtx,1,10,CombBLAS-sampled,wall,internal_cleanup,2.9560000000000002e-06,0
ecology1.mtx,1,10,CombBLAS-sampled,wall,return_cleanup,4.51e-07,0
ecology1.mtx,1,10,CombBLAS-sampled,wall,output_free,2.5100000000000001e-07,0
ecology1.mtx,1,10,CombBLAS-sampled,sampled_worker,lookup,0.00060558800000003849,8197
ecology1.mtx,1,10,CombBLAS-sampled,sampled_worker,alloc_init,0.00040919599999993491,8197
ecology1.mtx,1,10,CombBLAS-sampled,sampled_worker,lookup_multiply_hash,0.00077721299999999308,8197
ecology1.mtx,1,10,CombBLAS-sampled,sampled_worker,compact,0.0003805539999999535,8197
ecology1.mtx,1,10,CombBLAS-sampled,sampled_worker,sort,0.00058678900000002667,8197
ecology1.mtx,1,10,CombBLAS-sampled,sampled_worker,write,0.00033207399999998354,8197
ecology1.mtx,1,10,CombBLAS-sampled,sampled_worker,scratch_free,0.00031995399999998906,8197
ecology1.mtx,1,10,CombBLAS-conversion,wall,total,0.41596365600000001,0
ecology1.mtx,1,10,CombBLAS-conversion,wall,native_call,0.36942710000000001,0
ecology1.mtx,1,10,CombBLAS-conversion,wall,tuple_to_dcsc,0.046532057000000002,0
ecology1.mtx,1,10,CombBLAS-conversion,wall,dcsc_free,3.6169999999999998e-06,0
ecology1.mtx,1,10,CombBLAS-conversion,wall,output_free,8.2200000000000003e-07,0
ecology1.mtx,1,10,DCSC-dense-lookup,wall,total,0.25593147599999999,0
ecology1.mtx,1,10,DCSC-dense-lookup,wall,native_call_and_free,0.25593119399999997,0
ecology1.mtx,1,11,DCSC-static,wall,total,0.36982193699999999,0
ecology1.mtx,1,11,DCSC-static,wall,native_call_and_free,0.36982164499999998,0
ecology1.mtx,1,11,DCSC-dense-lookup,wall,total,0.25727180599999999,0
ecology1.mtx,1,11,DCSC-dense-lookup,wall,native_call_and_free,0.25727149500000002,0
ecology1.mtx,1,11,CombBLAS-conversion,wall,total,0.41539835200000003,0
ecology1.mtx,1,11,CombBLAS-conversion,wall,native_call,0.36878334499999998,0
ecology1.mtx,1,11,CombBLAS-conversion,wall,tuple_to_dcsc,0.046611601000000003,0
ecology1.mtx,1,11,CombBLAS-conversion,wall,dcsc_free,2.605e-06,0
ecology1.mtx,1,11,CombBLAS-conversion,wall,output_free,7.3099999999999997e-07,0
ecology1.mtx,1,11,CombBLAS-sampled,wall,total,0.39053491400000001,0
ecology1.mtx,1,11,CombBLAS-sampled,wall,lookup_build,0.00076790199999999999,0
ecology1.mtx,1,11,CombBLAS-sampled,wall,thread_setup,7.6350000000000006e-06,0
ecology1.mtx,1,11,CombBLAS-sampled,wall,work_bound,0.045742955000000002,0
ecology1.mtx,1,11,CombBLAS-sampled,wall,work_prefix,0.00053138999999999997,0
ecology1.mtx,1,11,CombBLAS-sampled,wall,symbolic,0.090254426999999998,0
ecology1.mtx,1,11,CombBLAS-sampled,wall,output_prefix,0.00051999700000000002,0
ecology1.mtx,1,11,CombBLAS-sampled,wall,output_allocate,0.016118976,0
ecology1.mtx,1,11,CombBLAS-sampled,wall,numeric_scratch_setup,0.0024918200000000001,0
ecology1.mtx,1,11,CombBLAS-sampled,wall,numeric,0.23409580399999999,0
ecology1.mtx,1,11,CombBLAS-sampled,wall,internal_cleanup,2.8660000000000002e-06,0
ecology1.mtx,1,11,CombBLAS-sampled,wall,return_cleanup,5.7100000000000002e-07,0
ecology1.mtx,1,11,CombBLAS-sampled,wall,output_free,5.1099999999999996e-07,0
ecology1.mtx,1,11,CombBLAS-sampled,sampled_worker,lookup,0.00060502800000003716,8197
ecology1.mtx,1,11,CombBLAS-sampled,sampled_worker,alloc_init,0.00041004799999993602,8197
ecology1.mtx,1,11,CombBLAS-sampled,sampled_worker,lookup_multiply_hash,0.0009169309999998847,8197
ecology1.mtx,1,11,CombBLAS-sampled,sampled_worker,compact,0.00039220799999995111,8197
ecology1.mtx,1,11,CombBLAS-sampled,sampled_worker,sort,0.00058652300000002996,8197
ecology1.mtx,1,11,CombBLAS-sampled,sampled_worker,write,0.00033192799999998341,8197
ecology1.mtx,1,11,CombBLAS-sampled,sampled_worker,scratch_free,0.00031916899999999009,8197
ecology1.mtx,1,11,DCSC-sampled,wall,total,0.36841786300000001,0
ecology1.mtx,1,11,DCSC-sampled,wall,validate,2.7000000000000001e-07,0
ecology1.mtx,1,11,DCSC-sampled,wall,lookup_build,0.013895220999999999,0
ecology1.mtx,1,11,DCSC-sampled,wall,scratch_setup,0.0012913569999999999,0
ecology1.mtx,1,11,DCSC-sampled,wall,work_bound,0.037260766000000001,0
ecology1.mtx,1,11,DCSC-sampled,wall,symbolic_capacity,0.0022119919999999999,0
ecology1.mtx,1,11,DCSC-sampled,wall,symbolic,0.094463360999999996,0
ecology1.mtx,1,11,DCSC-sampled,wall,prefix_numeric_capacity,0.002384784,0
ecology1.mtx,1,11,DCSC-sampled,wall,output_allocate,0.012025515000000001,0
ecology1.mtx,1,11,DCSC-sampled,wall,numeric,0.204881972,0
ecology1.mtx,1,11,DCSC-sampled,wall,return_cleanup,1.8339999999999999e-06,0
ecology1.mtx,1,11,DCSC-sampled,wall,output_free,7.3099999999999997e-07,0
ecology1.mtx,1,11,DCSC-sampled,sampled_worker,lookup,0,8197
ecology1.mtx,1,11,DCSC-sampled,sampled_worker,alloc_init,0.00031883499999999057,8197
ecology1.mtx,1,11,DCSC-sampled,sampled_worker,lookup_multiply_hash,0.0010442560000000279,8197
ecology1.mtx,1,11,DCSC-sampled,sampled_worker,compact,0.00038958799999995746,8197
ecology1.mtx,1,11,DCSC-sampled,sampled_worker,sort,0.00058821300000003304,8197
ecology1.mtx,1,11,DCSC-sampled,sampled_worker,write,0.00034086199999997733,8197
ecology1.mtx,1,11,DCSC-sampled,sampled_worker,scratch_free,0.00031613699999999244,8197
ecology1.mtx,1,11,CombBLAS-profile,wall,total,0.38292680099999998,0
ecology1.mtx,1,11,CombBLAS-profile,wall,lookup_build,0.00082753700000000004,0
ecology1.mtx,1,11,CombBLAS-profile,wall,thread_setup,3.146e-06,0
ecology1.mtx,1,11,CombBLAS-profile,wall,work_bound,0.045822698000000002,0
ecology1.mtx,1,11,CombBLAS-profile,wall,work_prefix,0.00053346299999999997,0
ecology1.mtx,1,11,CombBLAS-profile,wall,symbolic,0.090864898,0
ecology1.mtx,1,11,CombBLAS-profile,wall,output_prefix,0.00051890599999999997,0
ecology1.mtx,1,11,CombBLAS-profile,wall,output_allocate,0.015813399999999998,0
ecology1.mtx,1,11,CombBLAS-profile,wall,numeric_scratch_setup,0.0025002850000000001,0
ecology1.mtx,1,11,CombBLAS-profile,wall,numeric,0.226038661,0
ecology1.mtx,1,11,CombBLAS-profile,wall,internal_cleanup,2.9660000000000001e-06,0
ecology1.mtx,1,11,CombBLAS-profile,wall,return_cleanup,5.1099999999999996e-07,0
ecology1.mtx,1,11,CombBLAS-profile,wall,output_free,2.6e-07,0
ecology1.mtx,1,11,DCSC-profile,wall,total,0.364907641,0
ecology1.mtx,1,11,DCSC-profile,wall,validate,2.4999999999999999e-07,0
ecology1.mtx,1,11,DCSC-profile,wall,lookup_build,0.01405083,0
ecology1.mtx,1,11,DCSC-profile,wall,scratch_setup,0.0012910459999999999,0
ecology1.mtx,1,11,DCSC-profile,wall,work_bound,0.037328576000000002,0
ecology1.mtx,1,11,DCSC-profile,wall,symbolic_capacity,0.0022121829999999999,0
ecology1.mtx,1,11,DCSC-profile,wall,symbolic,0.094178974999999998,0
ecology1.mtx,1,11,DCSC-profile,wall,prefix_numeric_capacity,0.002383011,0
ecology1.mtx,1,11,DCSC-profile,wall,output_allocate,0.012053016999999999,0
ecology1.mtx,1,11,DCSC-profile,wall,numeric,0.20140650700000001,0
ecology1.mtx,1,11,DCSC-profile,wall,return_cleanup,2.3439999999999999e-06,0
ecology1.mtx,1,11,DCSC-profile,wall,output_free,7.4199999999999995e-07,0
ecology1.mtx,1,11,CSC-profile,wall,total,0.25304097199999998,0
ecology1.mtx,1,11,CSC-profile,wall,validate,5.1099999999999996e-07,0
ecology1.mtx,1,11,CSC-profile,wall,lookup_build,2.9999999999999997e-08,0
ecology1.mtx,1,11,CSC-profile,wall,scratch_setup,0.0012459000000000001,0
ecology1.mtx,1,11,CSC-profile,wall,work_bound,0.0075306929999999998,0
ecology1.mtx,1,11,CSC-profile,wall,symbolic_capacity,0.0035602089999999999,0
ecology1.mtx,1,11,CSC-profile,wall,symbolic,0.058161243000000001,0
ecology1.mtx,1,11,CSC-profile,wall,prefix_numeric_capacity,0.0023854449999999999,0
ecology1.mtx,1,11,CSC-profile,wall,output_allocate,0.010783312999999999,0
ecology1.mtx,1,11,CSC-profile,wall,numeric,0.16937126299999999,0
ecology1.mtx,1,11,CSC-profile,wall,return_cleanup,1.0720000000000001e-06,0
ecology1.mtx,1,11,CSC-profile,wall,output_free,1.232e-06,0
ecology1.mtx,1,11,CombBLAS-control,wall,total,0.369246723,0
ecology1.mtx,1,11,CombBLAS-control,wall,native_call_and_free,0.36924623200000001,0
ecology1.mtx,1,11,DCSC-control,wall,total,0.372745204,0
ecology1.mtx,1,11,DCSC-control,wall,native_call_and_free,0.37274492300000001,0
ecology1.mtx,1,11,CSC-control,wall,total,0.24796791200000001,0
ecology1.mtx,1,11,CSC-control,wall,native_call_and_free,0.247967621,0
ecology1.mtx,1,11,DCSC-dense-static,wall,total,0.25584699300000002,0
ecology1.mtx,1,11,DCSC-dense-static,wall,native_call_and_free,0.255846713,0
ecology1.mtx,16,0,CSC-control,wall,total,0.042680170000000003,0
ecology1.mtx,16,0,CSC-control,wall,native_call_and_free,0.042680089999999997,0
ecology1.mtx,16,0,DCSC-control,wall,total,0.062025796000000001,0
ecology1.mtx,16,0,DCSC-control,wall,native_call_and_free,0.062025734999999999,0
ecology1.mtx,16,0,CombBLAS-control,wall,total,0.048377768000000002,0
ecology1.mtx,16,0,CombBLAS-control,wall,native_call_and_free,0.048377446999999997,0
ecology1.mtx,16,0,CSC-profile,wall,total,0.042460890000000001,0
ecology1.mtx,16,0,CSC-profile,wall,validate,5.1099999999999996e-07,0
ecology1.mtx,16,0,CSC-profile,wall,lookup_build,2.9999999999999997e-08,0
ecology1.mtx,16,0,CSC-profile,wall,scratch_setup,0.001306787,0
ecology1.mtx,16,0,CSC-profile,wall,work_bound,0.0026497220000000002,0
ecology1.mtx,16,0,CSC-profile,wall,symbolic_capacity,0.0025029610000000002,0
ecology1.mtx,16,0,CSC-profile,wall,symbolic,0.0045729999999999998,0
ecology1.mtx,16,0,CSC-profile,wall,prefix_numeric_capacity,0.0051850960000000001,0
ecology1.mtx,16,0,CSC-profile,wall,output_allocate,0.011031688,0
ecology1.mtx,16,0,CSC-profile,wall,numeric,0.015207118,0
ecology1.mtx,16,0,CSC-profile,wall,return_cleanup,2.6539999999999999e-06,0
ecology1.mtx,16,0,CSC-profile,wall,output_free,1.2729999999999999e-06,0
ecology1.mtx,16,0,DCSC-profile,wall,total,0.061706461999999997,0
ecology1.mtx,16,0,DCSC-profile,wall,validate,6.3099999999999997e-07,0
ecology1.mtx,16,0,DCSC-profile,wall,lookup_build,0.013969502999999999,0
ecology1.mtx,16,0,DCSC-profile,wall,scratch_setup,0.0014367659999999999,0
ecology1.mtx,16,0,DCSC-profile,wall,work_bound,0.0035699070000000002,0
ecology1.mtx,16,0,DCSC-profile,wall,symbolic_capacity,0.0023744949999999999,0
ecology1.mtx,16,0,DCSC-profile,wall,symbolic,0.0070356239999999999,0
ecology1.mtx,16,0,DCSC-profile,wall,prefix_numeric_capacity,0.0047300220000000004,0
ecology1.mtx,16,0,DCSC-profile,wall,output_allocate,0.01234617,0
ecology1.mtx,16,0,DCSC-profile,wall,numeric,0.016239908000000001,0
ecology1.mtx,16,0,DCSC-profile,wall,return_cleanup,2.4849999999999999e-06,0
ecology1.mtx,16,0,DCSC-profile,wall,output_free,8.8100000000000001e-07,0
ecology1.mtx,16,0,CombBLAS-profile,wall,total,0.047952844000000001,0
ecology1.mtx,16,0,CombBLAS-profile,wall,lookup_build,0.00077041800000000004,0
ecology1.mtx,16,0,CombBLAS-profile,wall,thread_setup,8.2160000000000006e-06,0
ecology1.mtx,16,0,CombBLAS-profile,wall,work_bound,0.0038136139999999999,0
ecology1.mtx,16,0,CombBLAS-profile,wall,work_prefix,0.000222036,0
ecology1.mtx,16,0,CombBLAS-profile,wall,symbolic,0.0070992160000000002,0
ecology1.mtx,16,0,CombBLAS-profile,wall,output_prefix,0.00015059900000000001,0
ecology1.mtx,16,0,CombBLAS-profile,wall,output_allocate,0.016739385999999998,0
ecology1.mtx,16,0,CombBLAS-profile,wall,numeric_scratch_setup,0.0030466040000000001,0
ecology1.mtx,16,0,CombBLAS-profile,wall,numeric,0.016096122000000001,0
ecology1.mtx,16,0,CombBLAS-profile,wall,internal_cleanup,2.8260000000000001e-06,0
ecology1.mtx,16,0,CombBLAS-profile,wall,return_cleanup,2.9849999999999998e-06,0
ecology1.mtx,16,0,CombBLAS-profile,wall,output_free,7.6199999999999997e-07,0
ecology1.mtx,16,0,DCSC-sampled,wall,total,0.061697636,0
ecology1.mtx,16,0,DCSC-sampled,wall,validate,2.8099999999999999e-07,0
ecology1.mtx,16,0,DCSC-sampled,wall,lookup_build,0.013890240999999999,0
ecology1.mtx,16,0,DCSC-sampled,wall,scratch_setup,0.0013820309999999999,0
ecology1.mtx,16,0,DCSC-sampled,wall,work_bound,0.0038455450000000001,0
ecology1.mtx,16,0,DCSC-sampled,wall,symbolic_capacity,0.0022134960000000001,0
ecology1.mtx,16,0,DCSC-sampled,wall,symbolic,0.0070355840000000001,0
ecology1.mtx,16,0,DCSC-sampled,wall,prefix_numeric_capacity,0.004646893,0
ecology1.mtx,16,0,DCSC-sampled,wall,output_allocate,0.012402117000000001,0
ecology1.mtx,16,0,DCSC-sampled,wall,numeric,0.016276919000000001,0
ecology1.mtx,16,0,DCSC-sampled,wall,return_cleanup,3.517e-06,0
ecology1.mtx,16,0,DCSC-sampled,wall,output_free,9.4200000000000004e-07,0
ecology1.mtx,16,0,DCSC-sampled,sampled_worker,lookup,0,8197
ecology1.mtx,16,0,DCSC-sampled,sampled_worker,alloc_init,0.00034356599999999838,8197
ecology1.mtx,16,0,DCSC-sampled,sampled_worker,lookup_multiply_hash,0.0013799580000000038,8197
ecology1.mtx,16,0,DCSC-sampled,sampled_worker,compact,0.00042119200000000035,8197
ecology1.mtx,16,0,DCSC-sampled,sampled_worker,sort,0.00060916799999999913,8197
ecology1.mtx,16,0,DCSC-sampled,sampled_worker,write,0.00036466299999999777,8197
ecology1.mtx,16,0,DCSC-sampled,sampled_worker,scratch_free,0.00035015199999999832,8197
ecology1.mtx,16,0,CombBLAS-sampled,wall,total,0.047682144000000003,0
ecology1.mtx,16,0,CombBLAS-sampled,wall,lookup_build,0.00090722000000000003,0
ecology1.mtx,16,0,CombBLAS-sampled,wall,thread_setup,1.0139000000000001e-05,0
ecology1.mtx,16,0,CombBLAS-sampled,wall,work_bound,0.0037323790000000001,0
ecology1.mtx,16,0,CombBLAS-sampled,wall,work_prefix,0.000219951,0
ecology1.mtx,16,0,CombBLAS-sampled,wall,symbolic,0.0070890370000000003,0
ecology1.mtx,16,0,CombBLAS-sampled,wall,output_prefix,0.000151951,0
ecology1.mtx,16,0,CombBLAS-sampled,wall,output_allocate,0.016436967,0
ecology1.mtx,16,0,CombBLAS-sampled,wall,numeric_scratch_setup,0.0029862669999999999,0
ecology1.mtx,16,0,CombBLAS-sampled,wall,numeric,0.016140888999999999,0
ecology1.mtx,16,0,CombBLAS-sampled,wall,internal_cleanup,3.236e-06,0
ecology1.mtx,16,0,CombBLAS-sampled,wall,return_cleanup,2.8049999999999998e-06,0
ecology1.mtx,16,0,CombBLAS-sampled,wall,output_free,1.2419999999999999e-06,0
ecology1.mtx,16,0,CombBLAS-sampled,sampled_worker,lookup,0.00066697599999999795,8197
ecology1.mtx,16,0,CombBLAS-sampled,sampled_worker,alloc_init,0.00042015700000000216,8197
ecology1.mtx,16,0,CombBLAS-sampled,sampled_worker,lookup_multiply_hash,0.00082830600000000402,8197
ecology1.mtx,16,0,CombBLAS-sampled,sampled_worker,compact,0.00038670399999999981,8197
ecology1.mtx,16,0,CombBLAS-sampled,sampled_worker,sort,0.00059985999999999948,8197
ecology1.mtx,16,0,CombBLAS-sampled,sampled_worker,write,0.00034916299999999777,8197
ecology1.mtx,16,0,CombBLAS-sampled,sampled_worker,scratch_free,0.00032900699999999797,8197
ecology1.mtx,16,0,CombBLAS-conversion,wall,total,0.096745117000000005,0
ecology1.mtx,16,0,CombBLAS-conversion,wall,native_call,0.047906544000000002,0
ecology1.mtx,16,0,CombBLAS-conversion,wall,tuple_to_dcsc,0.048833111999999998,0
ecology1.mtx,16,0,CombBLAS-conversion,wall,dcsc_free,4.639e-06,0
ecology1.mtx,16,0,CombBLAS-conversion,wall,output_free,7.61e-07,0
ecology1.mtx,16,0,DCSC-dense-lookup,wall,total,0.042979955,0
ecology1.mtx,16,0,DCSC-dense-lookup,wall,native_call_and_free,0.042979894999999997,0
ecology1.mtx,16,0,DCSC-static,wall,total,0.058849012999999999,0
ecology1.mtx,16,0,DCSC-static,wall,native_call_and_free,0.058848710999999998,0
ecology1.mtx,16,0,DCSC-dense-static,wall,total,0.041540213999999999,0
ecology1.mtx,16,0,DCSC-dense-static,wall,native_call_and_free,0.041539912999999998,0
ecology1.mtx,16,1,CSC-control,wall,total,0.042378170999999999,0
ecology1.mtx,16,1,CSC-control,wall,native_call_and_free,0.042378120999999998,0
ecology1.mtx,16,1,DCSC-dense-static,wall,total,0.041411438000000002,0
ecology1.mtx,16,1,DCSC-dense-static,wall,native_call_and_free,0.041411376999999999,0
ecology1.mtx,16,1,DCSC-static,wall,total,0.058674928000000001,0
ecology1.mtx,16,1,DCSC-static,wall,native_call_and_free,0.058674637000000002,0
ecology1.mtx,16,1,DCSC-dense-lookup,wall,total,0.044126123000000003,0
ecology1.mtx,16,1,DCSC-dense-lookup,wall,native_call_and_free,0.044126053999999998,0
ecology1.mtx,16,1,CombBLAS-conversion,wall,total,0.096638733000000004,0
ecology1.mtx,16,1,CombBLAS-conversion,wall,native_call,0.047881396,0
ecology1.mtx,16,1,CombBLAS-conversion,wall,tuple_to_dcsc,0.04875401,0
ecology1.mtx,16,1,CombBLAS-conversion,wall,dcsc_free,2.7350000000000001e-06,0
ecology1.mtx,16,1,CombBLAS-conversion,wall,output_free,5.2099999999999997e-07,0
ecology1.mtx,16,1,CombBLAS-sampled,wall,total,0.048040401000000003,0
ecology1.mtx,16,1,CombBLAS-sampled,wall,lookup_build,0.000860821,0
ecology1.mtx,16,1,CombBLAS-sampled,wall,thread_setup,1.3215e-05,0
ecology1.mtx,16,1,CombBLAS-sampled,wall,work_bound,0.0038466379999999999,0
ecology1.mtx,16,1,CombBLAS-sampled,wall,work_prefix,0.00011914899999999999,0
ecology1.mtx,16,1,CombBLAS-sampled,wall,symbolic,0.0071993079999999997,0
ecology1.mtx,16,1,CombBLAS-sampled,wall,output_prefix,0.000139257,0
ecology1.mtx,16,1,CombBLAS-sampled,wall,output_allocate,0.016691414000000002,0
ecology1.mtx,16,1,CombBLAS-sampled,wall,numeric_scratch_setup,0.0030779639999999999,0
ecology1.mtx,16,1,CombBLAS-sampled,wall,numeric,0.016085832000000001,0
ecology1.mtx,16,1,CombBLAS-sampled,wall,internal_cleanup,3.3569999999999998e-06,0
ecology1.mtx,16,1,CombBLAS-sampled,wall,return_cleanup,2.7650000000000002e-06,0
ecology1.mtx,16,1,CombBLAS-sampled,wall,output_free,6.2099999999999996e-07,0
ecology1.mtx,16,1,CombBLAS-sampled,sampled_worker,lookup,0.00067221899999999799,8197
ecology1.mtx,16,1,CombBLAS-sampled,sampled_worker,alloc_init,0.00042223700000000217,8197
ecology1.mtx,16,1,CombBLAS-sampled,sampled_worker,lookup_multiply_hash,0.00082021000000000437,8197
ecology1.mtx,16,1,CombBLAS-sampled,sampled_worker,compact,0.00038308599999999977,8197
ecology1.mtx,16,1,CombBLAS-sampled,sampled_worker,sort,0.00060466299999999953,8197
ecology1.mtx,16,1,CombBLAS-sampled,sampled_worker,write,0.00035039699999999784,8197
ecology1.mtx,16,1,CombBLAS-sampled,sampled_worker,scratch_free,0.00032811999999999799,8197
ecology1.mtx,16,1,DCSC-sampled,wall,total,0.062239225000000002,0
ecology1.mtx,16,1,DCSC-sampled,wall,validate,2.8099999999999999e-07,0
ecology1.mtx,16,1,DCSC-sampled,wall,lookup_build,0.013911421,0
ecology1.mtx,16,1,DCSC-sampled,wall,scratch_setup,0.0013445989999999999,0
ecology1.mtx,16,1,DCSC-sampled,wall,work_bound,0.0038603940000000001,0
ecology1.mtx,16,1,DCSC-sampled,wall,symbolic_capacity,0.0023733029999999998,0
ecology1.mtx,16,1,DCSC-sampled,wall,symbolic,0.0069976609999999996,0
ecology1.mtx,16,1,DCSC-sampled,wall,prefix_numeric_capacity,0.0048495819999999999,0
ecology1.mtx,16,1,DCSC-sampled,wall,output_allocate,0.01257578,0
ecology1.mtx,16,1,DCSC-sampled,wall,numeric,0.016321032999999999,0
ecology1.mtx,16,1,DCSC-sampled,wall,return_cleanup,4.2989999999999998e-06,0
ecology1.mtx,16,1,DCSC-sampled,wall,output_free,8.1100000000000005e-07,0
ecology1.mtx,16,1,DCSC-sampled,sampled_worker,lookup,0,8197
ecology1.mtx,16,1,DCSC-sampled,sampled_worker,alloc_init,0.00034281099999999831,8197
ecology1.mtx,16,1,DCSC-sampled,sampled_worker,lookup_multiply_hash,0.0014051970000000041,8197
ecology1.mtx,16,1,DCSC-sampled,sampled_worker,compact,0.00039603600000000016,8197
ecology1.mtx,16,1,DCSC-sampled,sampled_worker,sort,0.00060507399999999917,8197
ecology1.mtx,16,1,DCSC-sampled,sampled_worker,write,0.00036603699999999777,8197
ecology1.mtx,16,1,DCSC-sampled,sampled_worker,scratch_free,0.00034672499999999825,8197
ecology1.mtx,16,1,CombBLAS-profile,wall,total,0.047842982999999999,0
ecology1.mtx,16,1,CombBLAS-profile,wall,lookup_build,0.00077226200000000001,0
ecology1.mtx,16,1,CombBLAS-profile,wall,thread_setup,9.6080000000000002e-06,0
ecology1.mtx,16,1,CombBLAS-profile,wall,work_bound,0.0037389609999999998,0
ecology1.mtx,16,1,CombBLAS-profile,wall,work_prefix,0.00022291800000000001,0
ecology1.mtx,16,1,CombBLAS-profile,wall,symbolic,0.0071208770000000003,0
ecology1.mtx,16,1,CombBLAS-profile,wall,output_prefix,0.00015111000000000001,0
ecology1.mtx,16,1,CombBLAS-profile,wall,output_allocate,0.016758884000000002,0
ecology1.mtx,16,1,CombBLAS-profile,wall,numeric_scratch_setup,0.0030742159999999998,0
ecology1.mtx,16,1,CombBLAS-profile,wall,numeric,0.015987233999999999,0
ecology1.mtx,16,1,CombBLAS-profile,wall,internal_cleanup,3.456e-06,0
ecology1.mtx,16,1,CombBLAS-profile,wall,return_cleanup,2.796e-06,0
ecology1.mtx,16,1,CombBLAS-profile,wall,output_free,6.1099999999999995e-07,0
ecology1.mtx,16,1,DCSC-profile,wall,total,0.061590660999999998,0
ecology1.mtx,16,1,DCSC-profile,wall,validate,5.3200000000000005e-07,0
ecology1.mtx,16,1,DCSC-profile,wall,lookup_build,0.013890582,0
ecology1.mtx,16,1,DCSC-profile,wall,scratch_setup,0.001380608,0
ecology1.mtx,16,1,DCSC-profile,wall,work_bound,0.0038258580000000001,0
ecology1.mtx,16,1,DCSC-profile,wall,symbolic_capacity,0.0022444740000000002,0
ecology1.mtx,16,1,DCSC-profile,wall,symbolic,0.0070019399999999999,0
ecology1.mtx,16,1,DCSC-profile,wall,prefix_numeric_capacity,0.0047820320000000003,0
ecology1.mtx,16,1,DCSC-profile,wall,output_allocate,0.012258020999999999,0
ecology1.mtx,16,1,DCSC-profile,wall,numeric,0.016203578,0
ecology1.mtx,16,1,DCSC-profile,wall,return_cleanup,2.1239999999999999e-06,0
ecology1.mtx,16,1,DCSC-profile,wall,output_free,8.5199999999999995e-07,0
ecology1.mtx,16,1,CSC-profile,wall,total,0.042434448999999999,0
ecology1.mtx,16,1,CSC-profile,wall,validate,7.3200000000000004e-07,0
ecology1.mtx,16,1,CSC-profile,wall,lookup_build,4.0000000000000001e-08,0
ecology1.mtx,16,1,CSC-profile,wall,scratch_setup,0.0014697079999999999,0
ecology1.mtx,16,1,CSC-profile,wall,work_bound,0.0023224650000000001,0
ecology1.mtx,16,1,CSC-profile,wall,symbolic_capacity,0.0025503409999999998,0
ecology1.mtx,16,1,CSC-profile,wall,symbolic,0.0045861670000000004,0
ecology1.mtx,16,1,CSC-profile,wall,prefix_numeric_capacity,0.0052030690000000003,0
ecology1.mtx,16,1,CSC-profile,wall,output_allocate,0.011065182999999999,0
ecology1.mtx,16,1,CSC-profile,wall,numeric,0.015233899,0
ecology1.mtx,16,1,CSC-profile,wall,return_cleanup,1.903e-06,0
ecology1.mtx,16,1,CSC-profile,wall,output_free,8.9199999999999999e-07,0
ecology1.mtx,16,1,CombBLAS-control,wall,total,0.047861248000000002,0
ecology1.mtx,16,1,CombBLAS-control,wall,native_call_and_free,0.047860055999999998,0
ecology1.mtx,16,1,DCSC-control,wall,total,0.061842062000000003,0
ecology1.mtx,16,1,DCSC-control,wall,native_call_and_free,0.061842003,0
ecology1.mtx,16,2,CombBLAS-control,wall,total,0.047863593000000003,0
ecology1.mtx,16,2,CombBLAS-control,wall,native_call_and_free,0.047863092000000003,0
ecology1.mtx,16,2,CSC-profile,wall,total,0.042599885999999997,0
ecology1.mtx,16,2,CSC-profile,wall,validate,5.0100000000000005e-07,0
ecology1.mtx,16,2,CSC-profile,wall,lookup_build,4.0000000000000001e-08,0
ecology1.mtx,16,2,CSC-profile,wall,scratch_setup,0.0013832029999999999,0
ecology1.mtx,16,2,CSC-profile,wall,work_bound,0.0026241329999999998,0
ecology1.mtx,16,2,CSC-profile,wall,symbolic_capacity,0.0025891759999999999,0
ecology1.mtx,16,2,CSC-profile,wall,symbolic,0.0045939309999999999,0
ecology1.mtx,16,2,CSC-profile,wall,prefix_numeric_capacity,0.0051983610000000003,0
ecology1.mtx,16,2,CSC-profile,wall,output_allocate,0.011014586,0
ecology1.mtx,16,2,CSC-profile,wall,numeric,0.015192669000000001,0
ecology1.mtx,16,2,CSC-profile,wall,return_cleanup,2.2139999999999999e-06,0
ecology1.mtx,16,2,CSC-profile,wall,output_free,1.0219999999999999e-06,0
ecology1.mtx,16,2,DCSC-profile,wall,total,0.061509904999999997,0
ecology1.mtx,16,2,DCSC-profile,wall,validate,3.41e-07,0
ecology1.mtx,16,2,DCSC-profile,wall,lookup_build,0.013908676999999999,0
ecology1.mtx,16,2,DCSC-profile,wall,scratch_setup,0.0015131319999999999,0
ecology1.mtx,16,2,DCSC-profile,wall,work_bound,0.003530942,0
ecology1.mtx,16,2,DCSC-profile,wall,symbolic_capacity,0.0022935989999999999,0
ecology1.mtx,16,2,DCSC-profile,wall,symbolic,0.0069958080000000001,0
ecology1.mtx,16,2,DCSC-profile,wall,prefix_numeric_capacity,0.0047940250000000004,0
ecology1.mtx,16,2,DCSC-profile,wall,output_allocate,0.012218355,0
ecology1.mtx,16,2,DCSC-profile,wall,numeric,0.016251911000000001,0
ecology1.mtx,16,2,DCSC-profile,wall,return_cleanup,2.204e-06,0
ecology1.mtx,16,2,DCSC-profile,wall,output_free,8.6199999999999996e-07,0
ecology1.mtx,16,2,CombBLAS-profile,wall,total,0.048191701000000003,0
ecology1.mtx,16,2,CombBLAS-profile,wall,lookup_build,0.00080493299999999997,0
ecology1.mtx,16,2,CombBLAS-profile,wall,thread_setup,9.3579999999999992e-06,0
ecology1.mtx,16,2,CombBLAS-profile,wall,work_bound,0.0038433320000000001,0
ecology1.mtx,16,2,CombBLAS-profile,wall,work_prefix,0.00023152399999999999,0
ecology1.mtx,16,2,CombBLAS-profile,wall,symbolic,0.0073308310000000003,0
ecology1.mtx,16,2,CombBLAS-profile,wall,output_prefix,0.00015201099999999999,0
ecology1.mtx,16,2,CombBLAS-profile,wall,output_allocate,0.016883723,0
ecology1.mtx,16,2,CombBLAS-profile,wall,numeric_scratch_setup,0.0029683840000000001,0
ecology1.mtx,16,2,CombBLAS-profile,wall,numeric,0.015960711999999998,0
ecology1.mtx,16,2,CombBLAS-profile,wall,internal_cleanup,3.1860000000000001e-06,0
ecology1.mtx,16,2,CombBLAS-profile,wall,return_cleanup,2.836e-06,0
ecology1.mtx,16,2,CombBLAS-profile,wall,output_free,8.2099999999999995e-07,0
ecology1.mtx,16,2,DCSC-sampled,wall,total,0.061971310000000002,0
ecology1.mtx,16,2,DCSC-sampled,wall,validate,2.8099999999999999e-07,0
ecology1.mtx,16,2,DCSC-sampled,wall,lookup_build,0.013904428,0
ecology1.mtx,16,2,DCSC-sampled,wall,scratch_setup,0.001343187,0
ecology1.mtx,16,2,DCSC-sampled,wall,work_bound,0.003855425,0
ecology1.mtx,16,2,DCSC-sampled,wall,symbolic_capacity,0.002340749,0
ecology1.mtx,16,2,DCSC-sampled,wall,symbolic,0.0069330479999999998,0
ecology1.mtx,16,2,DCSC-sampled,wall,prefix_numeric_capacity,0.0049570270000000001,0
ecology1.mtx,16,2,DCSC-sampled,wall,output_allocate,0.01237183,0
ecology1.mtx,16,2,DCSC-sampled,wall,numeric,0.016261679000000001,0
ecology1.mtx,16,2,DCSC-sampled,wall,return_cleanup,2.7149999999999998e-06,0
ecology1.mtx,16,2,DCSC-sampled,wall,output_free,8.8199999999999998e-07,0
ecology1.mtx,16,2,DCSC-sampled,sampled_worker,lookup,0,8197
ecology1.mtx,16,2,DCSC-sampled,sampled_worker,alloc_init,0.0003413939999999985,8197
ecology1.mtx,16,2,DCSC-sampled,sampled_worker,lookup_multiply_hash,0.0013866220000000036,8197
ecology1.mtx,16,2,DCSC-sampled,sampled_worker,compact,0.00039533800000000007,8197
ecology1.mtx,16,2,DCSC-sampled,sampled_worker,sort,0.00060615599999999897,8197
ecology1.mtx,16,2,DCSC-sampled,sampled_worker,write,0.00036305899999999788,8197
ecology1.mtx,16,2,DCSC-sampled,sampled_worker,scratch_free,0.00034571199999999835,8197
ecology1.mtx,16,2,CombBLAS-sampled,wall,total,0.048122698999999998,0
ecology1.mtx,16,2,CombBLAS-sampled,wall,lookup_build,0.00077044799999999997,0
ecology1.mtx,16,2,CombBLAS-sampled,wall,thread_setup,8.4659999999999999e-06,0
ecology1.mtx,16,2,CombBLAS-sampled,wall,work_bound,0.0038068720000000002,0
ecology1.mtx,16,2,CombBLAS-sampled,wall,work_prefix,0.00022381899999999999,0
ecology1.mtx,16,2,CombBLAS-sampled,wall,symbolic,0.0073349779999999998,0
ecology1.mtx,16,2,CombBLAS-sampled,wall,output_prefix,0.00015023799999999999,0
ecology1.mtx,16,2,CombBLAS-sampled,wall,output_allocate,0.016803529000000001,0
ecology1.mtx,16,2,CombBLAS-sampled,wall,numeric_scratch_setup,0.0030463539999999998,0
ecology1.mtx,16,2,CombBLAS-sampled,wall,numeric,0.015971441999999999,0
ecology1.mtx,16,2,CombBLAS-sampled,wall,internal_cleanup,3.117e-06,0
ecology1.mtx,16,2,CombBLAS-sampled,wall,return_cleanup,2.6450000000000001e-06,0
ecology1.mtx,16,2,CombBLAS-sampled,wall,output_free,7.3099999999999997e-07,0
ecology1.mtx,16,2,CombBLAS-sampled,sampled_worker,lookup,0.00067040399999999782,8197
ecology1.mtx,16,2,CombBLAS-sampled,sampled_worker,alloc_init,0.00042112900000000207,8197
ecology1.mtx,16,2,CombBLAS-sampled,sampled_worker,lookup_multiply_hash,0.00081463300000000417,8197
ecology1.mtx,16,2,CombBLAS-sampled,sampled_worker,compact,0.00038440999999999985,8197
ecology1.mtx,16,2,CombBLAS-sampled,sampled_worker,sort,0.00060022699999999962,8197
ecology1.mtx,16,2,CombBLAS-sampled,sampled_worker,write,0.00035174299999999779,8197
ecology1.mtx,16,2,CombBLAS-sampled,sampled_worker,scratch_free,0.00032816699999999792,8197
ecology1.mtx,16,2,CombBLAS-conversion,wall,total,0.096474027000000004,0
ecology1.mtx,16,2,CombBLAS-conversion,wall,native_call,0.047957552000000001,0
ecology1.mtx,16,2,CombBLAS-conversion,wall,tuple_to_dcsc,0.048512966999999997,0
ecology1.mtx,16,2,CombBLAS-conversion,wall,dcsc_free,2.8459999999999999e-06,0
ecology1.mtx,16,2,CombBLAS-conversion,wall,output_free,6.0100000000000005e-07,0
ecology1.mtx,16,2,DCSC-dense-lookup,wall,total,0.043129902999999997,0
ecology1.mtx,16,2,DCSC-dense-lookup,wall,native_call_and_free,0.043129612999999997,0
ecology1.mtx,16,2,DCSC-static,wall,total,0.059088861999999999,0
ecology1.mtx,16,2,DCSC-static,wall,native_call_and_free,0.059088592000000002,0
ecology1.mtx,16,2,DCSC-dense-static,wall,total,0.041976802000000001,0
ecology1.mtx,16,2,DCSC-dense-static,wall,native_call_and_free,0.041976751,0
ecology1.mtx,16,2,CSC-control,wall,total,0.042364423999999998,0
ecology1.mtx,16,2,CSC-control,wall,native_call_and_free,0.042364143999999999,0
ecology1.mtx,16,2,DCSC-control,wall,total,0.061836993,0
ecology1.mtx,16,2,DCSC-control,wall,native_call_and_free,0.061836691999999999,0
ecology1.mtx,16,3,CombBLAS-control,wall,total,0.048007637999999998,0
ecology1.mtx,16,3,CombBLAS-control,wall,native_call_and_free,0.048006897,0
ecology1.mtx,16,3,DCSC-control,wall,total,0.061700361000000002,0
ecology1.mtx,16,3,DCSC-control,wall,native_call_and_free,0.061700060000000001,0
ecology1.mtx,16,3,CSC-control,wall,total,0.042258792000000003,0
ecology1.mtx,16,3,CSC-control,wall,native_call_and_free,0.042258542000000003,0
ecology1.mtx,16,3,DCSC-dense-static,wall,total,0.041421787000000002,0
ecology1.mtx,16,3,DCSC-dense-static,wall,native_call_and_free,0.041421527,0
ecology1.mtx,16,3,DCSC-static,wall,total,0.058939474999999998,0
ecology1.mtx,16,3,DCSC-static,wall,native_call_and_free,0.058939094999999997,0
ecology1.mtx,16,3,DCSC-dense-lookup,wall,total,0.044253538000000002,0
ecology1.mtx,16,3,DCSC-dense-lookup,wall,native_call_and_free,0.044253467999999997,0
ecology1.mtx,16,3,CombBLAS-conversion,wall,total,0.096051065000000005,0
ecology1.mtx,16,3,CombBLAS-conversion,wall,native_call,0.047410732999999997,0
ecology1.mtx,16,3,CombBLAS-conversion,wall,tuple_to_dcsc,0.048637105999999999,0
ecology1.mtx,16,3,CombBLAS-conversion,wall,dcsc_free,2.5450000000000002e-06,0
ecology1.mtx,16,3,CombBLAS-conversion,wall,output_free,6.3099999999999997e-07,0
ecology1.mtx,16,3,CombBLAS-sampled,wall,total,0.047569387999999997,0
ecology1.mtx,16,3,CombBLAS-sampled,wall,lookup_build,0.001005358,0
ecology1.mtx,16,3,CombBLAS-sampled,wall,thread_setup,1.3035e-05,0
ecology1.mtx,16,3,CombBLAS-sampled,wall,work_bound,0.0037359260000000001,0
ecology1.mtx,16,3,CombBLAS-sampled,wall,work_prefix,0.00012482899999999999,0
ecology1.mtx,16,3,CombBLAS-sampled,wall,symbolic,0.0070821340000000003,0
ecology1.mtx,16,3,CombBLAS-sampled,wall,output_prefix,0.00013616100000000001,0
ecology1.mtx,16,3,CombBLAS-sampled,wall,output_allocate,0.016323728999999999,0
ecology1.mtx,16,3,CombBLAS-sampled,wall,numeric_scratch_setup,0.0030713210000000001,0
ecology1.mtx,16,3,CombBLAS-sampled,wall,numeric,0.016069360000000001,0
ecology1.mtx,16,3,CombBLAS-sampled,wall,internal_cleanup,3.5769999999999998e-06,0
ecology1.mtx,16,3,CombBLAS-sampled,wall,return_cleanup,3.247e-06,0
ecology1.mtx,16,3,CombBLAS-sampled,wall,output_free,6.4099999999999998e-07,0
ecology1.mtx,16,3,CombBLAS-sampled,sampled_worker,lookup,0.00065883699999999784,8197
ecology1.mtx,16,3,CombBLAS-sampled,sampled_worker,alloc_init,0.00042056500000000214,8197
ecology1.mtx,16,3,CombBLAS-sampled,sampled_worker,lookup_multiply_hash,0.00082663700000000441,8197
ecology1.mtx,16,3,CombBLAS-sampled,sampled_worker,compact,0.00038441499999999971,8197
ecology1.mtx,16,3,CombBLAS-sampled,sampled_worker,sort,0.00060486799999999962,8197
ecology1.mtx,16,3,CombBLAS-sampled,sampled_worker,write,0.00035271299999999772,8197
ecology1.mtx,16,3,CombBLAS-sampled,sampled_worker,scratch_free,0.00032882099999999802,8197
ecology1.mtx,16,3,DCSC-sampled,wall,total,0.061803139,0
ecology1.mtx,16,3,DCSC-sampled,wall,validate,2.8000000000000002e-07,0
ecology1.mtx,16,3,DCSC-sampled,wall,lookup_build,0.013919307000000001,0
ecology1.mtx,16,3,DCSC-sampled,wall,scratch_setup,0.0013409019999999999,0
ecology1.mtx,16,3,DCSC-sampled,wall,work_bound,0.003859272,0
ecology1.mtx,16,3,DCSC-sampled,wall,symbolic_capacity,0.0023255910000000001,0
ecology1.mtx,16,3,DCSC-sampled,wall,symbolic,0.0070210359999999996,0
ecology1.mtx,16,3,DCSC-sampled,wall,prefix_numeric_capacity,0.0047297420000000003,0
ecology1.mtx,16,3,DCSC-sampled,wall,output_allocate,0.012330379000000001,0
ecology1.mtx,16,3,DCSC-sampled,wall,numeric,0.016273072,0
ecology1.mtx,16,3,DCSC-sampled,wall,return_cleanup,2.525e-06,0
ecology1.mtx,16,3,DCSC-sampled,wall,output_free,9.6099999999999999e-07,0
ecology1.mtx,16,3,DCSC-sampled,sampled_worker,lookup,0,8197
ecology1.mtx,16,3,DCSC-sampled,sampled_worker,alloc_init,0.00034761099999999843,8197
ecology1.mtx,16,3,DCSC-sampled,sampled_worker,lookup_multiply_hash,0.0013864230000000036,8197
ecology1.mtx,16,3,DCSC-sampled,sampled_worker,compact,0.00042251900000000027,8197
ecology1.mtx,16,3,DCSC-sampled,sampled_worker,sort,0.00060962799999999921,8197
ecology1.mtx,16,3,DCSC-sampled,sampled_worker,write,0.00036484199999999771,8197
ecology1.mtx,16,3,DCSC-sampled,sampled_worker,scratch_free,0.00035189199999999834,8197
ecology1.mtx,16,3,CombBLAS-profile,wall,total,0.047883389999999998,0
ecology1.mtx,16,3,CombBLAS-profile,wall,lookup_build,0.00077223099999999996,0
ecology1.mtx,16,3,CombBLAS-profile,wall,thread_setup,8.6060000000000003e-06,0
ecology1.mtx,16,3,CombBLAS-profile,wall,work_bound,0.0037534389999999999,0
ecology1.mtx,16,3,CombBLAS-profile,wall,work_prefix,0.00022385999999999999,0
ecology1.mtx,16,3,CombBLAS-profile,wall,symbolic,0.0070475370000000004,0
ecology1.mtx,16,3,CombBLAS-profile,wall,output_prefix,0.00015123,0
ecology1.mtx,16,3,CombBLAS-profile,wall,output_allocate,0.016756699,0
ecology1.mtx,16,3,CombBLAS-profile,wall,numeric_scratch_setup,0.0030454010000000001,0
ecology1.mtx,16,3,CombBLAS-profile,wall,numeric,0.016116852000000001,0
ecology1.mtx,16,3,CombBLAS-profile,wall,internal_cleanup,3.698e-06,0
ecology1.mtx,16,3,CombBLAS-profile,wall,return_cleanup,2.9950000000000001e-06,0
ecology1.mtx,16,3,CombBLAS-profile,wall,output_free,7.8199999999999999e-07,0
ecology1.mtx,16,3,DCSC-profile,wall,total,0.061961953,0
ecology1.mtx,16,3,DCSC-profile,wall,validate,2.7000000000000001e-07,0
ecology1.mtx,16,3,DCSC-profile,wall,lookup_build,0.013886064,0
ecology1.mtx,16,3,DCSC-profile,wall,scratch_setup,0.0013577039999999999,0
ecology1.mtx,16,3,DCSC-profile,wall,work_bound,0.0038125020000000002,0
ecology1.mtx,16,3,DCSC-profile,wall,symbolic_capacity,0.0024107640000000001,0
ecology1.mtx,16,3,DCSC-profile,wall,symbolic,0.0069923010000000002,0
ecology1.mtx,16,3,DCSC-profile,wall,prefix_numeric_capacity,0.0047778739999999997,0
ecology1.mtx,16,3,DCSC-profile,wall,output_allocate,0.012267559000000001,0
ecology1.mtx,16,3,DCSC-profile,wall,numeric,0.016453879000000001,0
ecology1.mtx,16,3,DCSC-profile,wall,return_cleanup,2.2139999999999999e-06,0
ecology1.mtx,16,3,DCSC-profile,wall,output_free,7.61e-07,0
ecology1.mtx,16,3,CSC-profile,wall,total,0.042323516999999998,0
ecology1.mtx,16,3,CSC-profile,wall,validate,4.7100000000000002e-07,0
ecology1.mtx,16,3,CSC-profile,wall,lookup_build,2.3999999999999998e-07,0
ecology1.mtx,16,3,CSC-profile,wall,scratch_setup,0.0014609919999999999,0
ecology1.mtx,16,3,CSC-profile,wall,work_bound,0.0022971659999999998,0
ecology1.mtx,16,3,CSC-profile,wall,symbolic_capacity,0.002594847,0
ecology1.mtx,16,3,CSC-profile,wall,symbolic,0.0045717179999999998,0
ecology1.mtx,16,3,CSC-profile,wall,prefix_numeric_capacity,0.0051565810000000004,0
ecology1.mtx,16,3,CSC-profile,wall,output_allocate,0.01103755,0
ecology1.mtx,16,3,CSC-profile,wall,numeric,0.015200244,0
ecology1.mtx,16,3,CSC-profile,wall,return_cleanup,2.7650000000000002e-06,0
ecology1.mtx,16,3,CSC-profile,wall,output_free,8.9199999999999999e-07,0
ecology1.mtx,16,4,DCSC-profile,wall,total,0.061641037000000003,0
ecology1.mtx,16,4,DCSC-profile,wall,validate,2.3999999999999998e-07,0
ecology1.mtx,16,4,DCSC-profile,wall,lookup_build,0.01391039,0
ecology1.mtx,16,4,DCSC-profile,wall,scratch_setup,0.0015020809999999999,0
ecology1.mtx,16,4,DCSC-profile,wall,work_bound,0.0035296899999999998,0
ecology1.mtx,16,4,DCSC-profile,wall,symbolic_capacity,0.002316182,0
ecology1.mtx,16,4,DCSC-profile,wall,symbolic,0.0069878730000000003,0
ecology1.mtx,16,4,DCSC-profile,wall,prefix_numeric_capacity,0.0047206239999999997,0
ecology1.mtx,16,4,DCSC-profile,wall,output_allocate,0.012277929,0
ecology1.mtx,16,4,DCSC-profile,wall,numeric,0.016391339000000001,0
ecology1.mtx,16,4,DCSC-profile,wall,return_cleanup,3.7170000000000002e-06,0
ecology1.mtx,16,4,DCSC-profile,wall,output_free,9.1200000000000001e-07,0
ecology1.mtx,16,4,CombBLAS-profile,wall,total,0.048189888,0
ecology1.mtx,16,4,CombBLAS-profile,wall,lookup_build,0.00077176000000000002,0
ecology1.mtx,16,4,CombBLAS-profile,wall,thread_setup,9.7489999999999993e-06,0
ecology1.mtx,16,4,CombBLAS-profile,wall,work_bound,0.003816149,0
ecology1.mtx,16,4,CombBLAS-profile,wall,work_prefix,0.000219862,0
ecology1.mtx,16,4,CombBLAS-profile,wall,symbolic,0.0073655170000000002,0
ecology1.mtx,16,4,CombBLAS-profile,wall,output_prefix,0.000153564,0
ecology1.mtx,16,4,CombBLAS-profile,wall,output_allocate,0.016614447000000001,0
ecology1.mtx,16,4,CombBLAS-profile,wall,numeric_scratch_setup,0.003088393,0
ecology1.mtx,16,4,CombBLAS-profile,wall,numeric,0.016144044,0
ecology1.mtx,16,4,CombBLAS-profile,wall,internal_cleanup,3.0960000000000001e-06,0
ecology1.mtx,16,4,CombBLAS-profile,wall,return_cleanup,2.6350000000000002e-06,0
ecology1.mtx,16,4,CombBLAS-profile,wall,output_free,6.1200000000000003e-07,0
ecology1.mtx,16,4,DCSC-sampled,wall,total,0.062733733999999999,0
ecology1.mtx,16,4,DCSC-sampled,wall,validate,2.8000000000000002e-07,0
ecology1.mtx,16,4,DCSC-sampled,wall,lookup_build,0.013911042,0
ecology1.mtx,16,4,DCSC-sampled,wall,scratch_setup,0.001340611,0
ecology1.mtx,16,4,DCSC-sampled,wall,work_bound,0.0038389029999999998,0
ecology1.mtx,16,4,DCSC-sampled,wall,symbolic_capacity,0.0032454039999999999,0
ecology1.mtx,16,4,DCSC-sampled,wall,symbolic,0.0069826330000000002,0
ecology1.mtx,16,4,DCSC-sampled,wall,prefix_numeric_capacity,0.0047458520000000001,0
ecology1.mtx,16,4,DCSC-sampled,wall,output_allocate,0.012383141,0
ecology1.mtx,16,4,DCSC-sampled,wall,numeric,0.01628278,0
ecology1.mtx,16,4,DCSC-sampled,wall,return_cleanup,2.2350000000000002e-06,0
ecology1.mtx,16,4,DCSC-sampled,wall,output_free,7.9100000000000003e-07,0
ecology1.mtx,16,4,DCSC-sampled,sampled_worker,lookup,0,8197
ecology1.mtx,16,4,DCSC-sampled,sampled_worker,alloc_init,0.00034411399999999845,8197
ecology1.mtx,16,4,DCSC-sampled,sampled_worker,lookup_multiply_hash,0.0014091030000000042,8197
ecology1.mtx,16,4,DCSC-sampled,sampled_worker,compact,0.00039607200000000019,8197
ecology1.mtx,16,4,DCSC-sampled,sampled_worker,sort,0.00060593399999999895,8197
ecology1.mtx,16,4,DCSC-sampled,sampled_worker,write,0.0003626949999999979,8197
ecology1.mtx,16,4,DCSC-sampled,sampled_worker,scratch_free,0.00035385499999999841,8197
ecology1.mtx,16,4,CombBLAS-sampled,wall,total,0.047918308,0
ecology1.mtx,16,4,CombBLAS-sampled,wall,lookup_build,0.00077368399999999996,0
ecology1.mtx,16,4,CombBLAS-sampled,wall,thread_setup,1.0711e-05,0
ecology1.mtx,16,4,CombBLAS-sampled,wall,work_bound,0.0037597110000000002,0
ecology1.mtx,16,4,CombBLAS-sampled,wall,work_prefix,0.00022072300000000001,0
ecology1.mtx,16,4,CombBLAS-sampled,wall,symbolic,0.0071382920000000001,0
ecology1.mtx,16,4,CombBLAS-sampled,wall,output_prefix,0.00015252199999999999,0
ecology1.mtx,16,4,CombBLAS-sampled,wall,output_allocate,0.016649463999999999,0
ecology1.mtx,16,4,CombBLAS-sampled,wall,numeric_scratch_setup,0.0030615320000000001,0
ecology1.mtx,16,4,CombBLAS-sampled,wall,numeric,0.016144845000000001,0
ecology1.mtx,16,4,CombBLAS-sampled,wall,internal_cleanup,3.2770000000000001e-06,0
ecology1.mtx,16,4,CombBLAS-sampled,wall,return_cleanup,2.875e-06,0
ecology1.mtx,16,4,CombBLAS-sampled,wall,output_free,6.0100000000000005e-07,0
ecology1.mtx,16,4,CombBLAS-sampled,sampled_worker,lookup,0.00068287799999999777,8197
ecology1.mtx,16,4,CombBLAS-sampled,sampled_worker,alloc_init,0.00041918600000000211,8197
ecology1.mtx,16,4,CombBLAS-sampled,sampled_worker,lookup_multiply_hash,0.00082896900000000416,8197
ecology1.mtx,16,4,CombBLAS-sampled,sampled_worker,compact,0.000399906,8197
ecology1.mtx,16,4,CombBLAS-sampled,sampled_worker,sort,0.00062326699999999972,8197
ecology1.mtx,16,4,CombBLAS-sampled,sampled_worker,write,0.00035277899999999778,8197
ecology1.mtx,16,4,CombBLAS-sampled,sampled_worker,scratch_free,0.00032769899999999792,8197
ecology1.mtx,16,4,CombBLAS-conversion,wall,total,0.096692244999999996,0
ecology1.mtx,16,4,CombBLAS-conversion,wall,native_call,0.048053395999999998,0
ecology1.mtx,16,4,CombBLAS-conversion,wall,tuple_to_dcsc,0.048635442000000001,0
ecology1.mtx,16,4,CombBLAS-conversion,wall,dcsc_free,2.7460000000000001e-06,0
ecology1.mtx,16,4,CombBLAS-conversion,wall,output_free,6.0100000000000005e-07,0
ecology1.mtx,16,4,DCSC-dense-lookup,wall,total,0.042916933999999997,0
ecology1.mtx,16,4,DCSC-dense-lookup,wall,native_call_and_free,0.042916643999999997,0
ecology1.mtx,16,4,DCSC-static,wall,total,0.059187060999999999,0
ecology1.mtx,16,4,DCSC-static,wall,native_call_and_free,0.05918677,0
ecology1.mtx,16,4,DCSC-dense-static,wall,total,0.041705961999999999,0
ecology1.mtx,16,4,DCSC-dense-static,wall,native_call_and_free,0.041705691000000003,0
ecology1.mtx,16,4,CSC-control,wall,total,0.042404301999999998,0
ecology1.mtx,16,4,CSC-control,wall,native_call_and_free,0.042404031000000002,0
ecology1.mtx,16,4,DCSC-control,wall,total,0.062006016999999997,0
ecology1.mtx,16,4,DCSC-control,wall,native_call_and_free,0.062005957,0
ecology1.mtx,16,4,CombBLAS-control,wall,total,0.04803959,0
ecology1.mtx,16,4,CombBLAS-control,wall,native_call_and_free,0.048039059000000002,0
ecology1.mtx,16,4,CSC-profile,wall,total,0.042593042999999997,0
ecology1.mtx,16,4,CSC-profile,wall,validate,7.9100000000000003e-07,0
ecology1.mtx,16,4,CSC-profile,wall,lookup_build,4.0000000000000001e-08,0
ecology1.mtx,16,4,CSC-profile,wall,scratch_setup,0.0013515129999999999,0
ecology1.mtx,16,4,CSC-profile,wall,work_bound,0.0025969500000000002,0
ecology1.mtx,16,4,CSC-profile,wall,symbolic_capacity,0.002589858,0
ecology1.mtx,16,4,CSC-profile,wall,symbolic,0.0045955739999999998,0
ecology1.mtx,16,4,CSC-profile,wall,prefix_numeric_capacity,0.0051975989999999998,0
ecology1.mtx,16,4,CSC-profile,wall,output_allocate,0.011057979000000001,0
ecology1.mtx,16,4,CSC-profile,wall,numeric,0.015198661,0
ecology1.mtx,16,4,CSC-profile,wall,return_cleanup,3.0060000000000001e-06,0
ecology1.mtx,16,4,CSC-profile,wall,output_free,1.012e-06,0
ecology1.mtx,16,5,DCSC-profile,wall,total,0.062451922,0
ecology1.mtx,16,5,DCSC-profile,wall,validate,3.9099999999999999e-07,0
ecology1.mtx,16,5,DCSC-profile,wall,lookup_build,0.013932062,0
ecology1.mtx,16,5,DCSC-profile,wall,scratch_setup,0.00150162,0
ecology1.mtx,16,5,DCSC-profile,wall,work_bound,0.0035405710000000002,0
ecology1.mtx,16,5,DCSC-profile,wall,symbolic_capacity,0.0032803009999999998,0
ecology1.mtx,16,5,DCSC-profile,wall,symbolic,0.0070269879999999996,0
ecology1.mtx,16,5,DCSC-profile,wall,prefix_numeric_capacity,0.0046276360000000001,0
ecology1.mtx,16,5,DCSC-profile,wall,output_allocate,0.012265915,0
ecology1.mtx,16,5,DCSC-profile,wall,numeric,0.016271959999999999,0
ecology1.mtx,16,5,DCSC-profile,wall,return_cleanup,3.3160000000000001e-06,0
ecology1.mtx,16,5,DCSC-profile,wall,output_free,1.0920000000000001e-06,0
ecology1.mtx,16,5,CSC-profile,wall,total,0.042493082000000001,0
ecology1.mtx,16,5,CSC-profile,wall,validate,5.6100000000000001e-07,0
ecology1.mtx,16,5,CSC-profile,wall,lookup_build,4.9999999999999998e-08,0
ecology1.mtx,16,5,CSC-profile,wall,scratch_setup,0.00149643,0
ecology1.mtx,16,5,CSC-profile,wall,work_bound,0.0023147300000000001,0
ecology1.mtx,16,5,CSC-profile,wall,symbolic_capacity,0.0026516059999999999,0
ecology1.mtx,16,5,CSC-profile,wall,symbolic,0.0045710769999999998,0
ecology1.mtx,16,5,CSC-profile,wall,prefix_numeric_capacity,0.0053106560000000004,0
ecology1.mtx,16,5,CSC-profile,wall,output_allocate,0.010949581,0
ecology1.mtx,16,5,CSC-profile,wall,numeric,0.015193752,0
ecology1.mtx,16,5,CSC-profile,wall,return_cleanup,3.6569999999999999e-06,0
ecology1.mtx,16,5,CSC-profile,wall,output_free,9.1100000000000004e-07,0
ecology1.mtx,16,5,CombBLAS-control,wall,total,0.047791884999999999,0
ecology1.mtx,16,5,CombBLAS-control,wall,native_call_and_free,0.047791354000000001,0
ecology1.mtx,16,5,DCSC-control,wall,total,0.061681123999999997,0
ecology1.mtx,16,5,DCSC-control,wall,native_call_and_free,0.061680413000000003,0
ecology1.mtx,16,5,CSC-control,wall,total,0.042468133999999998,0
ecology1.mtx,16,5,CSC-control,wall,native_call_and_free,0.042467842999999998,0
ecology1.mtx,16,5,DCSC-dense-static,wall,total,0.041575651999999998,0
ecology1.mtx,16,5,DCSC-dense-static,wall,native_call_and_free,0.041575391000000003,0
ecology1.mtx,16,5,DCSC-static,wall,total,0.058978350999999998,0
ecology1.mtx,16,5,DCSC-static,wall,native_call_and_free,0.058978029000000001,0
ecology1.mtx,16,5,DCSC-dense-lookup,wall,total,0.044251894999999999,0
ecology1.mtx,16,5,DCSC-dense-lookup,wall,native_call_and_free,0.044251835000000003,0
ecology1.mtx,16,5,CombBLAS-conversion,wall,total,0.096241802000000001,0
ecology1.mtx,16,5,CombBLAS-conversion,wall,native_call,0.047645192000000003,0
ecology1.mtx,16,5,CombBLAS-conversion,wall,tuple_to_dcsc,0.048593583000000003,0
ecology1.mtx,16,5,CombBLAS-conversion,wall,dcsc_free,2.3240000000000001e-06,0
ecology1.mtx,16,5,CombBLAS-conversion,wall,output_free,6.3200000000000005e-07,0
ecology1.mtx,16,5,CombBLAS-sampled,wall,total,0.047756787000000002,0
ecology1.mtx,16,5,CombBLAS-sampled,wall,lookup_build,0.0011046890000000001,0
ecology1.mtx,16,5,CombBLAS-sampled,wall,thread_setup,1.1071e-05,0
ecology1.mtx,16,5,CombBLAS-sampled,wall,work_bound,0.0036842860000000002,0
ecology1.mtx,16,5,CombBLAS-sampled,wall,work_prefix,0.00011687400000000001,0
ecology1.mtx,16,5,CombBLAS-sampled,wall,symbolic,0.006897289,0
ecology1.mtx,16,5,CombBLAS-sampled,wall,output_prefix,0.00013594099999999999,0
ecology1.mtx,16,5,CombBLAS-sampled,wall,output_allocate,0.016625727999999999,0
ecology1.mtx,16,5,CombBLAS-sampled,wall,numeric_scratch_setup,0.0029930809999999999,0
ecology1.mtx,16,5,CombBLAS-sampled,wall,numeric,0.016181826999999999,0
ecology1.mtx,16,5,CombBLAS-sampled,wall,internal_cleanup,2.605e-06,0
ecology1.mtx,16,5,CombBLAS-sampled,wall,return_cleanup,2.4839999999999998e-06,0
ecology1.mtx,16,5,CombBLAS-sampled,wall,output_free,8.5199999999999995e-07,0
ecology1.mtx,16,5,CombBLAS-sampled,sampled_worker,lookup,0.00067332099999999767,8197
ecology1.mtx,16,5,CombBLAS-sampled,sampled_worker,alloc_init,0.00041889200000000209,8197
ecology1.mtx,16,5,CombBLAS-sampled,sampled_worker,lookup_multiply_hash,0.00082224000000000468,8197
ecology1.mtx,16,5,CombBLAS-sampled,sampled_worker,compact,0.00038535199999999967,8197
ecology1.mtx,16,5,CombBLAS-sampled,sampled_worker,sort,0.00060861699999999956,8197
ecology1.mtx,16,5,CombBLAS-sampled,sampled_worker,write,0.00035146299999999782,8197
ecology1.mtx,16,5,CombBLAS-sampled,sampled_worker,scratch_free,0.00032780299999999809,8197
ecology1.mtx,16,5,DCSC-sampled,wall,total,0.062430100000000002,0
ecology1.mtx,16,5,DCSC-sampled,wall,validate,2.8999999999999998e-07,0
ecology1.mtx,16,5,DCSC-sampled,wall,lookup_build,0.013917544,0
ecology1.mtx,16,5,DCSC-sampled,wall,scratch_setup,0.001341673,0
ecology1.mtx,16,5,DCSC-sampled,wall,work_bound,0.003851578,0
ecology1.mtx,16,5,DCSC-sampled,wall,symbolic_capacity,0.002854695,0
ecology1.mtx,16,5,DCSC-sampled,wall,symbolic,0.0070105660000000002,0
ecology1.mtx,16,5,DCSC-sampled,wall,prefix_numeric_capacity,0.0048384500000000002,0
ecology1.mtx,16,5,DCSC-sampled,wall,output_allocate,0.012331442,0
ecology1.mtx,16,5,DCSC-sampled,wall,numeric,0.016278742999999998,0
ecology1.mtx,16,5,DCSC-sampled,wall,return_cleanup,4.1880000000000004e-06,0
ecology1.mtx,16,5,DCSC-sampled,wall,output_free,8.6099999999999999e-07,0
ecology1.mtx,16,5,DCSC-sampled,sampled_worker,lookup,0,8197
ecology1.mtx,16,5,DCSC-sampled,sampled_worker,alloc_init,0.00034507299999999842,8197
ecology1.mtx,16,5,DCSC-sampled,sampled_worker,lookup_multiply_hash,0.0014320280000000038,8197
ecology1.mtx,16,5,DCSC-sampled,sampled_worker,compact,0.00039589100000000005,8197
ecology1.mtx,16,5,DCSC-sampled,sampled_worker,sort,0.00060822999999999943,8197
ecology1.mtx,16,5,DCSC-sampled,sampled_worker,write,0.00036666199999999785,8197
ecology1.mtx,16,5,DCSC-sampled,sampled_worker,scratch_free,0.00037880199999999829,8197
ecology1.mtx,16,5,CombBLAS-profile,wall,total,0.047444808999999998,0
ecology1.mtx,16,5,CombBLAS-profile,wall,lookup_build,0.00077103899999999995,0
ecology1.mtx,16,5,CombBLAS-profile,wall,thread_setup,8.7069999999999998e-06,0
ecology1.mtx,16,5,CombBLAS-profile,wall,work_bound,0.0037676459999999999,0
ecology1.mtx,16,5,CombBLAS-profile,wall,work_prefix,0.00022031199999999999,0
ecology1.mtx,16,5,CombBLAS-profile,wall,symbolic,0.0070315170000000001,0
ecology1.mtx,16,5,CombBLAS-profile,wall,output_prefix,0.000149517,0
ecology1.mtx,16,5,CombBLAS-profile,wall,output_allocate,0.016436594999999998,0
ecology1.mtx,16,5,CombBLAS-profile,wall,numeric_scratch_setup,0.003063797,0
ecology1.mtx,16,5,CombBLAS-profile,wall,numeric,0.015989046,0
ecology1.mtx,16,5,CombBLAS-profile,wall,internal_cleanup,3.066e-06,0
ecology1.mtx,16,5,CombBLAS-profile,wall,return_cleanup,2.8660000000000002e-06,0
ecology1.mtx,16,5,CombBLAS-profile,wall,output_free,6.3099999999999997e-07,0
ecology1.mtx,16,6,DCSC-sampled,wall,total,0.061746308999999999,0
ecology1.mtx,16,6,DCSC-sampled,wall,validate,2.7000000000000001e-07,0
ecology1.mtx,16,6,DCSC-sampled,wall,lookup_build,0.013904468999999999,0
ecology1.mtx,16,6,DCSC-sampled,wall,scratch_setup,0.0013845960000000001,0
ecology1.mtx,16,6,DCSC-sampled,wall,work_bound,0.0038174910000000001,0
ecology1.mtx,16,6,DCSC-sampled,wall,symbolic_capacity,0.002253873,0
ecology1.mtx,16,6,DCSC-sampled,wall,symbolic,0.007013923,0
ecology1.mtx,16,6,DCSC-sampled,wall,prefix_numeric_capacity,0.0048253749999999998,0
ecology1.mtx,16,6,DCSC-sampled,wall,output_allocate,0.012275845000000001,0
ecology1.mtx,16,6,DCSC-sampled,wall,numeric,0.016264686,0
ecology1.mtx,16,6,DCSC-sampled,wall,return_cleanup,4.408e-06,0
ecology1.mtx,16,6,DCSC-sampled,wall,output_free,1.313e-06,0
ecology1.mtx,16,6,DCSC-sampled,sampled_worker,lookup,0,8197
ecology1.mtx,16,6,DCSC-sampled,sampled_worker,alloc_init,0.00033853299999999834,8197
ecology1.mtx,16,6,DCSC-sampled,sampled_worker,lookup_multiply_hash,0.0014001350000000035,8197
ecology1.mtx,16,6,DCSC-sampled,sampled_worker,compact,0.00039468100000000024,8197
ecology1.mtx,16,6,DCSC-sampled,sampled_worker,sort,0.00060256499999999924,8197
ecology1.mtx,16,6,DCSC-sampled,sampled_worker,write,0.00039405299999999783,8197
ecology1.mtx,16,6,DCSC-sampled,sampled_worker,scratch_free,0.00035058599999999833,8197
ecology1.mtx,16,6,CombBLAS-sampled,wall,total,0.048056382000000002,0
ecology1.mtx,16,6,CombBLAS-sampled,wall,lookup_build,0.00081630600000000004,0
ecology1.mtx,16,6,CombBLAS-sampled,wall,thread_setup,8.7970000000000006e-06,0
ecology1.mtx,16,6,CombBLAS-sampled,wall,work_bound,0.0038251769999999999,0
ecology1.mtx,16,6,CombBLAS-sampled,wall,work_prefix,0.000228228,0
ecology1.mtx,16,6,CombBLAS-sampled,wall,symbolic,0.0073588940000000004,0
ecology1.mtx,16,6,CombBLAS-sampled,wall,output_prefix,0.00015122000000000001,0
ecology1.mtx,16,6,CombBLAS-sampled,wall,output_allocate,0.016461712999999999,0
ecology1.mtx,16,6,CombBLAS-sampled,wall,numeric_scratch_setup,0.0030122679999999998,0
ecology1.mtx,16,6,CombBLAS-sampled,wall,numeric,0.016186915999999999,0
ecology1.mtx,16,6,CombBLAS-sampled,wall,internal_cleanup,3.016e-06,0
ecology1.mtx,16,6,CombBLAS-sampled,wall,return_cleanup,3.1760000000000002e-06,0
ecology1.mtx,16,6,CombBLAS-sampled,wall,output_free,6.0100000000000005e-07,0
ecology1.mtx,16,6,CombBLAS-sampled,sampled_worker,lookup,0.00066867699999999795,8197
ecology1.mtx,16,6,CombBLAS-sampled,sampled_worker,alloc_init,0.00041950000000000212,8197
ecology1.mtx,16,6,CombBLAS-sampled,sampled_worker,lookup_multiply_hash,0.00081352800000000433,8197
ecology1.mtx,16,6,CombBLAS-sampled,sampled_worker,compact,0.00038528799999999969,8197
ecology1.mtx,16,6,CombBLAS-sampled,sampled_worker,sort,0.00063648799999999972,8197
ecology1.mtx,16,6,CombBLAS-sampled,sampled_worker,write,0.00034959399999999778,8197
ecology1.mtx,16,6,CombBLAS-sampled,sampled_worker,scratch_free,0.000326839999999998,8197
ecology1.mtx,16,6,CombBLAS-conversion,wall,total,0.096793698999999997,0
ecology1.mtx,16,6,CombBLAS-conversion,wall,native_call,0.047969456000000001,0
ecology1.mtx,16,6,CombBLAS-conversion,wall,tuple_to_dcsc,0.048820807000000001,0
ecology1.mtx,16,6,CombBLAS-conversion,wall,dcsc_free,2.7360000000000001e-06,0
ecology1.mtx,16,6,CombBLAS-conversion,wall,output_free,6.3099999999999997e-07,0
ecology1.mtx,16,6,DCSC-dense-lookup,wall,total,0.043032665999999997,0
ecology1.mtx,16,6,DCSC-dense-lookup,wall,native_call_and_free,0.043032607,0
ecology1.mtx,16,6,DCSC-static,wall,total,0.058682993000000003,0
ecology1.mtx,16,6,DCSC-static,wall,native_call_and_free,0.058682703000000003,0
ecology1.mtx,16,6,DCSC-dense-static,wall,total,0.041774283000000002,0
ecology1.mtx,16,6,DCSC-dense-static,wall,native_call_and_free,0.041773992000000003,0
ecology1.mtx,16,6,CSC-control,wall,total,0.042457183000000003,0
ecology1.mtx,16,6,CSC-control,wall,native_call_and_free,0.042457122999999999,0
ecology1.mtx,16,6,DCSC-control,wall,total,0.061675143000000002,0
ecology1.mtx,16,6,DCSC-control,wall,native_call_and_free,0.061675082999999999,0
ecology1.mtx,16,6,CombBLAS-control,wall,total,0.047880945000000001,0
ecology1.mtx,16,6,CombBLAS-control,wall,native_call_and_free,0.047880204000000003,0
ecology1.mtx,16,6,CSC-profile,wall,total,0.042609655000000003,0
ecology1.mtx,16,6,CSC-profile,wall,validate,9.2200000000000002e-07,0
ecology1.mtx,16,6,CSC-profile,wall,lookup_build,4.0000000000000001e-08,0
ecology1.mtx,16,6,CSC-profile,wall,scratch_setup,0.0013893149999999999,0
ecology1.mtx,16,6,CSC-profile,wall,work_bound,0.0025978120000000001,0
ecology1.mtx,16,6,CSC-profile,wall,symbolic_capacity,0.0026197249999999998,0
ecology1.mtx,16,6,CSC-profile,wall,symbolic,0.004589582,0
ecology1.mtx,16,6,CSC-profile,wall,prefix_numeric_capacity,0.0051865080000000003,0
ecology1.mtx,16,6,CSC-profile,wall,output_allocate,0.010982976,0
ecology1.mtx,16,6,CSC-profile,wall,numeric,0.015238577,0
ecology1.mtx,16,6,CSC-profile,wall,return_cleanup,2.7350000000000001e-06,0
ecology1.mtx,16,6,CSC-profile,wall,output_free,1.4130000000000001e-06,0
ecology1.mtx,16,6,DCSC-profile,wall,total,0.061490098,0
ecology1.mtx,16,6,DCSC-profile,wall,validate,2.91e-07,0
ecology1.mtx,16,6,DCSC-profile,wall,lookup_build,0.014052122,0
ecology1.mtx,16,6,DCSC-profile,wall,scratch_setup,0.0014424959999999999,0
ecology1.mtx,16,6,DCSC-profile,wall,work_bound,0.003543647,0
ecology1.mtx,16,6,DCSC-profile,wall,symbolic_capacity,0.0021783079999999999,0
ecology1.mtx,16,6,DCSC-profile,wall,symbolic,0.0070047449999999997,0
ecology1.mtx,16,6,DCSC-profile,wall,prefix_numeric_capacity,0.0047867810000000004,0
ecology1.mtx,16,6,DCSC-profile,wall,output_allocate,0.012238594,0
ecology1.mtx,16,6,DCSC-profile,wall,numeric,0.016239988,0
ecology1.mtx,16,6,DCSC-profile,wall,return_cleanup,2.1739999999999999e-06,0
ecology1.mtx,16,6,DCSC-profile,wall,output_free,8.9199999999999999e-07,0
ecology1.mtx,16,6,CombBLAS-profile,wall,total,0.047795721999999999,0
ecology1.mtx,16,6,CombBLAS-profile,wall,lookup_build,0.0011420709999999999,0
ecology1.mtx,16,6,CombBLAS-profile,wall,thread_setup,9.8989999999999996e-06,0
ecology1.mtx,16,6,CombBLAS-profile,wall,work_bound,0.0037481889999999999,0
ecology1.mtx,16,6,CombBLAS-profile,wall,work_prefix,0.00022355899999999999,0
ecology1.mtx,16,6,CombBLAS-profile,wall,symbolic,0.0072466889999999997,0
ecology1.mtx,16,6,CombBLAS-profile,wall,output_prefix,0.00014768299999999999,0
ecology1.mtx,16,6,CombBLAS-profile,wall,output_allocate,0.016377982999999999,0
ecology1.mtx,16,6,CombBLAS-profile,wall,numeric_scratch_setup,0.0029387060000000001,0
ecology1.mtx,16,6,CombBLAS-profile,wall,numeric,0.015954461,0
ecology1.mtx,16,6,CombBLAS-profile,wall,internal_cleanup,3.005e-06,0
ecology1.mtx,16,6,CombBLAS-profile,wall,return_cleanup,2.7760000000000002e-06,0
ecology1.mtx,16,6,CombBLAS-profile,wall,output_free,6.4099999999999998e-07,0
ecology1.mtx,16,7,DCSC-sampled,wall,total,0.061891136999999999,0
ecology1.mtx,16,7,DCSC-sampled,wall,validate,2.7099999999999998e-07,0
ecology1.mtx,16,7,DCSC-sampled,wall,lookup_build,0.013945958,0
ecology1.mtx,16,7,DCSC-sampled,wall,scratch_setup,0.001343407,0
ecology1.mtx,16,7,DCSC-sampled,wall,work_bound,0.0038205679999999999,0
ecology1.mtx,16,7,DCSC-sampled,wall,symbolic_capacity,0.0023640240000000002,0
ecology1.mtx,16,7,DCSC-sampled,wall,symbolic,0.0070152649999999997,0
ecology1.mtx,16,7,DCSC-sampled,wall,prefix_numeric_capacity,0.004789326,0
ecology1.mtx,16,7,DCSC-sampled,wall,output_allocate,0.012333936,0
ecology1.mtx,16,7,DCSC-sampled,wall,numeric,0.016273421999999999,0
ecology1.mtx,16,7,DCSC-sampled,wall,return_cleanup,3.5370000000000002e-06,0
ecology1.mtx,16,7,DCSC-sampled,wall,output_free,1.353e-06,0
ecology1.mtx,16,7,DCSC-sampled,sampled_worker,lookup,0,8197
ecology1.mtx,16,7,DCSC-sampled,sampled_worker,alloc_init,0.00034498699999999837,8197
ecology1.mtx,16,7,DCSC-sampled,sampled_worker,lookup_multiply_hash,0.0013982640000000039,8197
ecology1.mtx,16,7,DCSC-sampled,sampled_worker,compact,0.00039701300000000021,8197
ecology1.mtx,16,7,DCSC-sampled,sampled_worker,sort,0.00060720899999999918,8197
ecology1.mtx,16,7,DCSC-sampled,sampled_worker,write,0.00036060699999999782,8197
ecology1.mtx,16,7,DCSC-sampled,sampled_worker,scratch_free,0.00035111199999999837,8197
ecology1.mtx,16,7,CombBLAS-profile,wall,total,0.047724215,0
ecology1.mtx,16,7,CombBLAS-profile,wall,lookup_build,0.00077884500000000001,0
ecology1.mtx,16,7,CombBLAS-profile,wall,thread_setup,9.7680000000000003e-06,0
ecology1.mtx,16,7,CombBLAS-profile,wall,work_bound,0.0038050890000000002,0
ecology1.mtx,16,7,CombBLAS-profile,wall,work_prefix,0.00022050300000000001,0
ecology1.mtx,16,7,CombBLAS-profile,wall,symbolic,0.0070660319999999999,0
ecology1.mtx,16,7,CombBLAS-profile,wall,output_prefix,0.000154797,0
ecology1.mtx,16,7,CombBLAS-profile,wall,output_allocate,0.016726912,0
ecology1.mtx,16,7,CombBLAS-profile,wall,numeric_scratch_setup,0.0030501999999999999,0
ecology1.mtx,16,7,CombBLAS-profile,wall,numeric,0.015905005999999999,0
ecology1.mtx,16,7,CombBLAS-profile,wall,internal_cleanup,3.2959999999999999e-06,0
ecology1.mtx,16,7,CombBLAS-profile,wall,return_cleanup,3.0460000000000001e-06,0
ecology1.mtx,16,7,CombBLAS-profile,wall,output_free,6.61e-07,0
ecology1.mtx,16,7,DCSC-profile,wall,total,0.061520895999999999,0
ecology1.mtx,16,7,DCSC-profile,wall,validate,2.8099999999999999e-07,0
ecology1.mtx,16,7,DCSC-profile,wall,lookup_build,0.01389482,0
ecology1.mtx,16,7,DCSC-profile,wall,scratch_setup,0.001385147,0
ecology1.mtx,16,7,DCSC-profile,wall,work_bound,0.003827942,0
ecology1.mtx,16,7,DCSC-profile,wall,symbolic_capacity,0.0022773170000000001,0
ecology1.mtx,16,7,DCSC-profile,wall,symbolic,0.006989276,0
ecology1.mtx,16,7,DCSC-profile,wall,prefix_numeric_capacity,0.0046502690000000003,0
ecology1.mtx,16,7,DCSC-profile,wall,output_allocate,0.012256367000000001,0
ecology1.mtx,16,7,DCSC-profile,wall,numeric,0.016236792999999999,0
ecology1.mtx,16,7,DCSC-profile,wall,return_cleanup,1.863e-06,0
ecology1.mtx,16,7,DCSC-profile,wall,output_free,7.5099999999999999e-07,0
ecology1.mtx,16,7,CSC-profile,wall,total,0.042469987000000001,0
ecology1.mtx,16,7,CSC-profile,wall,validate,7.61e-07,0
ecology1.mtx,16,7,CSC-profile,wall,lookup_build,4.0000000000000001e-08,0
ecology1.mtx,16,7,CSC-profile,wall,scratch_setup,0.001495138,0
ecology1.mtx,16,7,CSC-profile,wall,work_bound,0.0023455989999999999,0
ecology1.mtx,16,7,CSC-profile,wall,symbolic_capacity,0.0026230210000000001,0
ecology1.mtx,16,7,CSC-profile,wall,symbolic,0.0045544560000000001,0
ecology1.mtx,16,7,CSC-profile,wall,prefix_numeric_capacity,0.005190765,0
ecology1.mtx,16,7,CSC-profile,wall,output_allocate,0.011044083,0
ecology1.mtx,16,7,CSC-profile,wall,numeric,0.015211996,0
ecology1.mtx,16,7,CSC-profile,wall,return_cleanup,2.5349999999999999e-06,0
ecology1.mtx,16,7,CSC-profile,wall,output_free,1.533e-06,0
ecology1.mtx,16,7,CombBLAS-control,wall,total,0.047656364999999999,0
ecology1.mtx,16,7,CombBLAS-control,wall,native_call_and_free,0.047655392999999997,0
ecology1.mtx,16,7,DCSC-control,wall,total,0.061789331000000003,0
ecology1.mtx,16,7,DCSC-control,wall,native_call_and_free,0.061789081000000003,0
ecology1.mtx,16,7,CSC-control,wall,total,0.042477551000000002,0
ecology1.mtx,16,7,CSC-control,wall,native_call_and_free,0.042477261000000002,0
ecology1.mtx,16,7,DCSC-dense-static,wall,total,0.041615538000000001,0
ecology1.mtx,16,7,DCSC-dense-static,wall,native_call_and_free,0.041615478999999997,0
ecology1.mtx,16,7,DCSC-static,wall,total,0.058882337,0
ecology1.mtx,16,7,DCSC-static,wall,native_call_and_free,0.058882045000000001,0
ecology1.mtx,16,7,DCSC-dense-lookup,wall,total,0.044205225000000001,0
ecology1.mtx,16,7,DCSC-dense-lookup,wall,native_call_and_free,0.044205155000000003,0
ecology1.mtx,16,7,CombBLAS-conversion,wall,total,0.096745207,0
ecology1.mtx,16,7,CombBLAS-conversion,wall,native_call,0.048248561000000002,0
ecology1.mtx,16,7,CombBLAS-conversion,wall,tuple_to_dcsc,0.048493380000000003,0
ecology1.mtx,16,7,CombBLAS-conversion,wall,dcsc_free,2.565e-06,0
ecology1.mtx,16,7,CombBLAS-conversion,wall,output_free,6.3099999999999997e-07,0
ecology1.mtx,16,7,CombBLAS-sampled,wall,total,0.048145602000000003,0
ecology1.mtx,16,7,CombBLAS-sampled,wall,lookup_build,0.00089834300000000001,0
ecology1.mtx,16,7,CombBLAS-sampled,wall,thread_setup,1.1442e-05,0
ecology1.mtx,16,7,CombBLAS-sampled,wall,work_bound,0.0037474869999999999,0
ecology1.mtx,16,7,CombBLAS-sampled,wall,work_prefix,0.000118007,0
ecology1.mtx,16,7,CombBLAS-sampled,wall,symbolic,0.0073949829999999999,0
ecology1.mtx,16,7,CombBLAS-sampled,wall,output_prefix,0.000139297,0
ecology1.mtx,16,7,CombBLAS-sampled,wall,output_allocate,0.016810543000000001,0
ecology1.mtx,16,7,CombBLAS-sampled,wall,numeric_scratch_setup,0.003004222,0
ecology1.mtx,16,7,CombBLAS-sampled,wall,numeric,0.016014695999999998,0
ecology1.mtx,16,7,CombBLAS-sampled,wall,internal_cleanup,3.0359999999999998e-06,0
ecology1.mtx,16,7,CombBLAS-sampled,wall,return_cleanup,2.8650000000000001e-06,0
ecology1.mtx,16,7,CombBLAS-sampled,wall,output_free,6.2200000000000004e-07,0
ecology1.mtx,16,7,CombBLAS-sampled,sampled_worker,lookup,0.00068870099999999805,8197
ecology1.mtx,16,7,CombBLAS-sampled,sampled_worker,alloc_init,0.00042284400000000219,8197
ecology1.mtx,16,7,CombBLAS-sampled,sampled_worker,lookup_multiply_hash,0.00081995800000000409,8197
ecology1.mtx,16,7,CombBLAS-sampled,sampled_worker,compact,0.00038625099999999967,8197
ecology1.mtx,16,7,CombBLAS-sampled,sampled_worker,sort,0.00060827599999999961,8197
ecology1.mtx,16,7,CombBLAS-sampled,sampled_worker,write,0.00034839399999999775,8197
ecology1.mtx,16,7,CombBLAS-sampled,sampled_worker,scratch_free,0.00032649099999999798,8197
ecology1.mtx,16,8,CombBLAS-conversion,wall,total,0.096329810000000002,0
ecology1.mtx,16,8,CombBLAS-conversion,wall,native_call,0.047679419000000001,0
ecology1.mtx,16,8,CombBLAS-conversion,wall,tuple_to_dcsc,0.048647766000000002,0
ecology1.mtx,16,8,CombBLAS-conversion,wall,dcsc_free,1.9530000000000002e-06,0
ecology1.mtx,16,8,CombBLAS-conversion,wall,output_free,6.1200000000000003e-07,0
ecology1.mtx,16,8,DCSC-dense-lookup,wall,total,0.043027346000000001,0
ecology1.mtx,16,8,DCSC-dense-lookup,wall,native_call_and_free,0.043027285999999998,0
ecology1.mtx,16,8,DCSC-static,wall,total,0.058796451,0
ecology1.mtx,16,8,DCSC-static,wall,native_call_and_free,0.058796161,0
ecology1.mtx,16,8,DCSC-dense-static,wall,total,0.041682496999999999,0
ecology1.mtx,16,8,DCSC-dense-static,wall,native_call_and_free,0.041682426000000002,0
ecology1.mtx,16,8,CSC-control,wall,total,0.042676934,0
ecology1.mtx,16,8,CSC-control,wall,native_call_and_free,0.042676873999999997,0
ecology1.mtx,16,8,DCSC-control,wall,total,0.061827023000000002,0
ecology1.mtx,16,8,DCSC-control,wall,native_call_and_free,0.061826963999999998,0
ecology1.mtx,16,8,CombBLAS-control,wall,total,0.047974154999999997,0
ecology1.mtx,16,8,CombBLAS-control,wall,native_call_and_free,0.047973401999999998,0
ecology1.mtx,16,8,CSC-profile,wall,total,0.042929699000000002,0
ecology1.mtx,16,8,CSC-profile,wall,validate,5.1099999999999996e-07,0
ecology1.mtx,16,8,CSC-profile,wall,lookup_build,2.9999999999999997e-08,0
ecology1.mtx,16,8,CSC-profile,wall,scratch_setup,0.0013820099999999999,0
ecology1.mtx,16,8,CSC-profile,wall,work_bound,0.0026195939999999998,0
ecology1.mtx,16,8,CSC-profile,wall,symbolic_capacity,0.002899422,0
ecology1.mtx,16,8,CSC-profile,wall,symbolic,0.0045690030000000003,0
ecology1.mtx,16,8,CSC-profile,wall,prefix_numeric_capacity,0.0053005860000000004,0
ecology1.mtx,16,8,CSC-profile,wall,output_allocate,0.010958938999999999,0
ecology1.mtx,16,8,CSC-profile,wall,numeric,0.015195606,0
ecology1.mtx,16,8,CSC-profile,wall,return_cleanup,3.0359999999999998e-06,0
ecology1.mtx,16,8,CSC-profile,wall,output_free,8.9100000000000002e-07,0
ecology1.mtx,16,8,DCSC-profile,wall,total,0.061156007999999998,0
ecology1.mtx,16,8,DCSC-profile,wall,validate,2.6e-07,0
ecology1.mtx,16,8,DCSC-profile,wall,lookup_build,0.013929406,0
ecology1.mtx,16,8,DCSC-profile,wall,scratch_setup,0.0014468059999999999,0
ecology1.mtx,16,8,DCSC-profile,wall,work_bound,0.0035583440000000002,0
ecology1.mtx,16,8,DCSC-profile,wall,symbolic_capacity,0.0021766450000000001,0
ecology1.mtx,16,8,DCSC-profile,wall,symbolic,0.0069878730000000003,0
ecology1.mtx,16,8,DCSC-profile,wall,prefix_numeric_capacity,0.0045796839999999997,0
ecology1.mtx,16,8,DCSC-profile,wall,output_allocate,0.012242790999999999,0
ecology1.mtx,16,8,DCSC-profile,wall,numeric,0.016230880999999999,0
ecology1.mtx,16,8,DCSC-profile,wall,return_cleanup,2.074e-06,0
ecology1.mtx,16,8,DCSC-profile,wall,output_free,1.1820000000000001e-06,0
ecology1.mtx,16,8,CombBLAS-profile,wall,total,0.047942162000000003,0
ecology1.mtx,16,8,CombBLAS-profile,wall,lookup_build,0.0010341930000000001,0
ecology1.mtx,16,8,CombBLAS-profile,wall,thread_setup,1.0509999999999999e-05,0
ecology1.mtx,16,8,CombBLAS-profile,wall,work_bound,0.003752287,0
ecology1.mtx,16,8,CombBLAS-profile,wall,work_prefix,0.000220313,0
ecology1.mtx,16,8,CombBLAS-profile,wall,symbolic,0.0072291450000000002,0
ecology1.mtx,16,8,CombBLAS-profile,wall,output_prefix,0.00015690100000000001,0
ecology1.mtx,16,8,CombBLAS-profile,wall,output_allocate,0.016775385,0
ecology1.mtx,16,8,CombBLAS-profile,wall,numeric_scratch_setup,0.002975788,0
ecology1.mtx,16,8,CombBLAS-profile,wall,numeric,0.015780916999999998,0
ecology1.mtx,16,8,CombBLAS-profile,wall,internal_cleanup,3.0860000000000002e-06,0
ecology1.mtx,16,8,CombBLAS-profile,wall,return_cleanup,2.9560000000000002e-06,0
ecology1.mtx,16,8,CombBLAS-profile,wall,output_free,6.1099999999999995e-07,0
ecology1.mtx,16,8,DCSC-sampled,wall,total,0.062128071999999999,0
ecology1.mtx,16,8,DCSC-sampled,wall,validate,2.7099999999999998e-07,0
ecology1.mtx,16,8,DCSC-sampled,wall,lookup_build,0.013927261999999999,0
ecology1.mtx,16,8,DCSC-sampled,wall,scratch_setup,0.0013395289999999999,0
ecology1.mtx,16,8,DCSC-sampled,wall,work_bound,0.0038758339999999999,0
ecology1.mtx,16,8,DCSC-sampled,wall,symbolic_capacity,0.002456902,0
ecology1.mtx,16,8,DCSC-sampled,wall,symbolic,0.0069981430000000001,0
ecology1.mtx,16,8,DCSC-sampled,wall,prefix_numeric_capacity,0.0047612319999999998,0
ecology1.mtx,16,8,DCSC-sampled,wall,output_allocate,0.012468625000000001,0
ecology1.mtx,16,8,DCSC-sampled,wall,numeric,0.016297066999999998,0
ecology1.mtx,16,8,DCSC-sampled,wall,return_cleanup,2.2749999999999998e-06,0
ecology1.mtx,16,8,DCSC-sampled,wall,output_free,8.71e-07,0
ecology1.mtx,16,8,DCSC-sampled,sampled_worker,lookup,0,8197
ecology1.mtx,16,8,DCSC-sampled,sampled_worker,alloc_init,0.00034475699999999838,8197
ecology1.mtx,16,8,DCSC-sampled,sampled_worker,lookup_multiply_hash,0.0014756030000000039,8197
ecology1.mtx,16,8,DCSC-sampled,sampled_worker,compact,0.00039973100000000023,8197
ecology1.mtx,16,8,DCSC-sampled,sampled_worker,sort,0.00061028499999999915,8197
ecology1.mtx,16,8,DCSC-sampled,sampled_worker,write,0.0003607089999999978,8197
ecology1.mtx,16,8,DCSC-sampled,sampled_worker,scratch_free,0.00035359199999999833,8197
ecology1.mtx,16,8,CombBLAS-sampled,wall,total,0.047682064000000003,0
ecology1.mtx,16,8,CombBLAS-sampled,wall,lookup_build,0.00077251200000000005,0
ecology1.mtx,16,8,CombBLAS-sampled,wall,thread_setup,1.0849999999999999e-05,0
ecology1.mtx,16,8,CombBLAS-sampled,wall,work_bound,0.003795751,0
ecology1.mtx,16,8,CombBLAS-sampled,wall,work_prefix,0.000222105,0
ecology1.mtx,16,8,CombBLAS-sampled,wall,symbolic,0.007037448,0
ecology1.mtx,16,8,CombBLAS-sampled,wall,output_prefix,0.00015405599999999999,0
ecology1.mtx,16,8,CombBLAS-sampled,wall,output_allocate,0.016625406999999998,0
ecology1.mtx,16,8,CombBLAS-sampled,wall,numeric_scratch_setup,0.0030601999999999999,0
ecology1.mtx,16,8,CombBLAS-sampled,wall,numeric,0.015996541,0
ecology1.mtx,16,8,CombBLAS-sampled,wall,internal_cleanup,3.6569999999999999e-06,0
ecology1.mtx,16,8,CombBLAS-sampled,wall,return_cleanup,2.976e-06,0
ecology1.mtx,16,8,CombBLAS-sampled,wall,output_free,5.0999999999999999e-07,0
ecology1.mtx,16,8,CombBLAS-sampled,sampled_worker,lookup,0.00070382399999999808,8197
ecology1.mtx,16,8,CombBLAS-sampled,sampled_worker,alloc_init,0.00042190300000000212,8197
ecology1.mtx,16,8,CombBLAS-sampled,sampled_worker,lookup_multiply_hash,0.0008239040000000041,8197
ecology1.mtx,16,8,CombBLAS-sampled,sampled_worker,compact,0.00038955699999999979,8197
ecology1.mtx,16,8,CombBLAS-sampled,sampled_worker,sort,0.00059983199999999958,8197
ecology1.mtx,16,8,CombBLAS-sampled,sampled_worker,write,0.00035525899999999785,8197
ecology1.mtx,16,8,CombBLAS-sampled,sampled_worker,scratch_free,0.00032679199999999795,8197
ecology1.mtx,16,9,CombBLAS-conversion,wall,total,0.096163441000000002,0
ecology1.mtx,16,9,CombBLAS-conversion,wall,native_call,0.047651425999999997,0
ecology1.mtx,16,9,CombBLAS-conversion,wall,tuple_to_dcsc,0.048508588999999998,0
ecology1.mtx,16,9,CombBLAS-conversion,wall,dcsc_free,2.745e-06,0
ecology1.mtx,16,9,CombBLAS-conversion,wall,output_free,6.2099999999999996e-07,0
ecology1.mtx,16,9,CombBLAS-sampled,wall,total,0.047631305999999998,0
ecology1.mtx,16,9,CombBLAS-sampled,wall,lookup_build,0.00086061000000000004,0
ecology1.mtx,16,9,CombBLAS-sampled,wall,thread_setup,1.2214e-05,0
ecology1.mtx,16,9,CombBLAS-sampled,wall,work_bound,0.0037928150000000002,0
ecology1.mtx,16,9,CombBLAS-sampled,wall,work_prefix,0.00011729400000000001,0
ecology1.mtx,16,9,CombBLAS-sampled,wall,symbolic,0.0070444219999999998,0
ecology1.mtx,16,9,CombBLAS-sampled,wall,output_prefix,0.00013630099999999999,0
ecology1.mtx,16,9,CombBLAS-sampled,wall,output_allocate,0.016597554,0
ecology1.mtx,16,9,CombBLAS-sampled,wall,numeric_scratch_setup,0.0030447400000000002,0
ecology1.mtx,16,9,CombBLAS-sampled,wall,numeric,0.016018173,0
ecology1.mtx,16,9,CombBLAS-sampled,wall,internal_cleanup,3.4970000000000001e-06,0
ecology1.mtx,16,9,CombBLAS-sampled,wall,return_cleanup,3.0450000000000001e-06,0
ecology1.mtx,16,9,CombBLAS-sampled,wall,output_free,5.7100000000000002e-07,0
ecology1.mtx,16,9,CombBLAS-sampled,sampled_worker,lookup,0.00079049599999999676,8197
ecology1.mtx,16,9,CombBLAS-sampled,sampled_worker,alloc_init,0.00043477100000000236,8197
ecology1.mtx,16,9,CombBLAS-sampled,sampled_worker,lookup_multiply_hash,0.00081902900000000443,8197
ecology1.mtx,16,9,CombBLAS-sampled,sampled_worker,compact,0.00037976299999999954,8197
ecology1.mtx,16,9,CombBLAS-sampled,sampled_worker,sort,0.00062419499999999948,8197
ecology1.mtx,16,9,CombBLAS-sampled,sampled_worker,write,0.00035430399999999778,8197
ecology1.mtx,16,9,CombBLAS-sampled,sampled_worker,scratch_free,0.00032587299999999796,8197
ecology1.mtx,16,9,DCSC-sampled,wall,total,0.061740888000000001,0
ecology1.mtx,16,9,DCSC-sampled,wall,validate,2.4999999999999999e-07,0
ecology1.mtx,16,9,DCSC-sampled,wall,lookup_build,0.013898387,0
ecology1.mtx,16,9,DCSC-sampled,wall,scratch_setup,0.001396829,0
ecology1.mtx,16,9,DCSC-sampled,wall,work_bound,0.0038587209999999999,0
ecology1.mtx,16,9,DCSC-sampled,wall,symbolic_capacity,0.0022802640000000002,0
ecology1.mtx,16,9,DCSC-sampled,wall,symbolic,0.0070206349999999999,0
ecology1.mtx,16,9,DCSC-sampled,wall,prefix_numeric_capacity,0.004696268,0
ecology1.mtx,16,9,DCSC-sampled,wall,output_allocate,0.012278971,0
ecology1.mtx,16,9,DCSC-sampled,wall,numeric,0.016306925999999999,0
ecology1.mtx,16,9,DCSC-sampled,wall,return_cleanup,2.695e-06,0
ecology1.mtx,16,9,DCSC-sampled,wall,output_free,8.8199999999999998e-07,0
ecology1.mtx,16,9,DCSC-sampled,sampled_worker,lookup,0,8197
ecology1.mtx,16,9,DCSC-sampled,sampled_worker,alloc_init,0.00034282499999999832,8197
ecology1.mtx,16,9,DCSC-sampled,sampled_worker,lookup_multiply_hash,0.001454003000000003,8197
ecology1.mtx,16,9,DCSC-sampled,sampled_worker,compact,0.00042177100000000015,8197
ecology1.mtx,16,9,DCSC-sampled,sampled_worker,sort,0.00060282099999999926,8197
ecology1.mtx,16,9,DCSC-sampled,sampled_worker,write,0.0003652329999999978,8197
ecology1.mtx,16,9,DCSC-sampled,sampled_worker,scratch_free,0.00035105199999999829,8197
ecology1.mtx,16,9,CombBLAS-profile,wall,total,0.047769991999999997,0
ecology1.mtx,16,9,CombBLAS-profile,wall,lookup_build,0.00085108199999999997,0
ecology1.mtx,16,9,CombBLAS-profile,wall,thread_setup,1.057e-05,0
ecology1.mtx,16,9,CombBLAS-profile,wall,work_bound,0.003761595,0
ecology1.mtx,16,9,CombBLAS-profile,wall,work_prefix,0.000218469,0
ecology1.mtx,16,9,CombBLAS-profile,wall,symbolic,0.0073013640000000003,0
ecology1.mtx,16,9,CombBLAS-profile,wall,output_prefix,0.00015521799999999999,0
ecology1.mtx,16,9,CombBLAS-profile,wall,output_allocate,0.016527459000000001,0
ecology1.mtx,16,9,CombBLAS-profile,wall,numeric_scratch_setup,0.0029919090000000001,0
ecology1.mtx,16,9,CombBLAS-profile,wall,numeric,0.015946354999999999,0
ecology1.mtx,16,9,CombBLAS-profile,wall,internal_cleanup,2.565e-06,0
ecology1.mtx,16,9,CombBLAS-profile,wall,return_cleanup,2.7049999999999999e-06,0
ecology1.mtx,16,9,CombBLAS-profile,wall,output_free,6.4099999999999998e-07,0
ecology1.mtx,16,9,DCSC-profile,wall,total,0.061858705,0
ecology1.mtx,16,9,DCSC-profile,wall,validate,4.7e-07,0
ecology1.mtx,16,9,DCSC-profile,wall,lookup_build,0.013908837,0
ecology1.mtx,16,9,DCSC-profile,wall,scratch_setup,0.0013434969999999999,0
ecology1.mtx,16,9,DCSC-profile,wall,work_bound,0.00384243,0
ecology1.mtx,16,9,DCSC-profile,wall,symbolic_capacity,0.002401977,0
ecology1.mtx,16,9,DCSC-profile,wall,symbolic,0.0069473139999999996,0
ecology1.mtx,16,9,DCSC-profile,wall,prefix_numeric_capacity,0.0047959589999999998,0
ecology1.mtx,16,9,DCSC-profile,wall,output_allocate,0.012399482999999999,0
ecology1.mtx,16,9,DCSC-profile,wall,numeric,0.016214678999999999,0
ecology1.mtx,16,9,DCSC-profile,wall,return_cleanup,3.106e-06,0
ecology1.mtx,16,9,DCSC-profile,wall,output_free,8.8199999999999998e-07,0
ecology1.mtx,16,9,CSC-profile,wall,total,0.042196382999999997,0
ecology1.mtx,16,9,CSC-profile,wall,validate,9.1200000000000001e-07,0
ecology1.mtx,16,9,CSC-profile,wall,lookup_build,4.0000000000000001e-08,0
ecology1.mtx,16,9,CSC-profile,wall,scratch_setup,0.0013818000000000001,0
ecology1.mtx,16,9,CSC-profile,wall,work_bound,0.0023579629999999998,0
ecology1.mtx,16,9,CSC-profile,wall,symbolic_capacity,0.0024311329999999998,0
ecology1.mtx,16,9,CSC-profile,wall,symbolic,0.0046115449999999999,0
ecology1.mtx,16,9,CSC-profile,wall,prefix_numeric_capacity,0.0052467829999999997,0
ecology1.mtx,16,9,CSC-profile,wall,output_allocate,0.010957266,0
ecology1.mtx,16,9,CSC-profile,wall,numeric,0.015204553000000001,0
ecology1.mtx,16,9,CSC-profile,wall,return_cleanup,3.055e-06,0
ecology1.mtx,16,9,CSC-profile,wall,output_free,1.263e-06,0
ecology1.mtx,16,9,CombBLAS-control,wall,total,0.047457724,0
ecology1.mtx,16,9,CombBLAS-control,wall,native_call_and_free,0.047456961999999998,0
ecology1.mtx,16,9,DCSC-control,wall,total,0.062140835999999998,0
ecology1.mtx,16,9,DCSC-control,wall,native_call_and_free,0.062140556,0
ecology1.mtx,16,9,CSC-control,wall,total,0.042312595000000001,0
ecology1.mtx,16,9,CSC-control,wall,native_call_and_free,0.042312545,0
ecology1.mtx,16,9,DCSC-dense-static,wall,total,0.041679439999999998,0
ecology1.mtx,16,9,DCSC-dense-static,wall,native_call_and_free,0.041679170000000001,0
ecology1.mtx,16,9,DCSC-static,wall,total,0.059053453999999998,0
ecology1.mtx,16,9,DCSC-static,wall,native_call_and_free,0.059053152999999997,0
ecology1.mtx,16,9,DCSC-dense-lookup,wall,total,0.044457780000000002,0
ecology1.mtx,16,9,DCSC-dense-lookup,wall,native_call_and_free,0.044457498999999998,0
ecology1.mtx,16,10,DCSC-static,wall,total,0.059150479999999998,0
ecology1.mtx,16,10,DCSC-static,wall,native_call_and_free,0.059150189999999998,0
ecology1.mtx,16,10,DCSC-dense-static,wall,total,0.042127379999999999,0
ecology1.mtx,16,10,DCSC-dense-static,wall,native_call_and_free,0.042127100000000001,0
ecology1.mtx,16,10,CSC-control,wall,total,0.042350718000000002,0
ecology1.mtx,16,10,CSC-control,wall,native_call_and_free,0.042350428000000002,0
ecology1.mtx,16,10,DCSC-control,wall,total,0.061836542000000001,0
ecology1.mtx,16,10,DCSC-control,wall,native_call_and_free,0.061836473000000003,0
ecology1.mtx,16,10,CombBLAS-control,wall,total,0.047962993000000002,0
ecology1.mtx,16,10,CombBLAS-control,wall,native_call_and_free,0.047962242000000002,0
ecology1.mtx,16,10,CSC-profile,wall,total,0.042858321999999997,0
ecology1.mtx,16,10,CSC-profile,wall,validate,6.9100000000000003e-07,0
ecology1.mtx,16,10,CSC-profile,wall,lookup_build,4.0000000000000001e-08,0
ecology1.mtx,16,10,CSC-profile,wall,scratch_setup,0.001295916,0
ecology1.mtx,16,10,CSC-profile,wall,work_bound,0.002636677,0
ecology1.mtx,16,10,CSC-profile,wall,symbolic_capacity,0.0027328919999999998,0
ecology1.mtx,16,10,CSC-profile,wall,symbolic,0.0045844329999999997,0
ecology1.mtx,16,10,CSC-profile,wall,prefix_numeric_capacity,0.0051827100000000001,0
ecology1.mtx,16,10,CSC-profile,wall,output_allocate,0.011197887,0
ecology1.mtx,16,10,CSC-profile,wall,numeric,0.015223278999999999,0
ecology1.mtx,16,10,CSC-profile,wall,return_cleanup,2.4739999999999999e-06,0
ecology1.mtx,16,10,CSC-profile,wall,output_free,1.2729999999999999e-06,0
ecology1.mtx,16,10,DCSC-profile,wall,total,0.061420935000000003,0
ecology1.mtx,16,10,DCSC-profile,wall,validate,5.3099999999999998e-07,0
ecology1.mtx,16,10,DCSC-profile,wall,lookup_build,0.013899659,0
ecology1.mtx,16,10,DCSC-profile,wall,scratch_setup,0.001510878,0
ecology1.mtx,16,10,DCSC-profile,wall,work_bound,0.00354514,0
ecology1.mtx,16,10,DCSC-profile,wall,symbolic_capacity,0.0023151700000000001,0
ecology1.mtx,16,10,DCSC-profile,wall,symbolic,0.0070003569999999996,0
ecology1.mtx,16,10,DCSC-profile,wall,prefix_numeric_capacity,0.0046734339999999997,0
ecology1.mtx,16,10,DCSC-profile,wall,output_allocate,0.012251839,0
ecology1.mtx,16,10,DCSC-profile,wall,numeric,0.016219788999999998,0
ecology1.mtx,16,10,DCSC-profile,wall,return_cleanup,3.2959999999999999e-06,0
ecology1.mtx,16,10,DCSC-profile,wall,output_free,7.8199999999999999e-07,0
ecology1.mtx,16,10,CombBLAS-profile,wall,total,0.047953494999999999,0
ecology1.mtx,16,10,CombBLAS-profile,wall,lookup_build,0.00077819300000000005,0
ecology1.mtx,16,10,CombBLAS-profile,wall,thread_setup,9.3170000000000008e-06,0
ecology1.mtx,16,10,CombBLAS-profile,wall,work_bound,0.003784159,0
ecology1.mtx,16,10,CombBLAS-profile,wall,work_prefix,0.00021996200000000001,0
ecology1.mtx,16,10,CombBLAS-profile,wall,symbolic,0.0072348760000000003,0
ecology1.mtx,16,10,CombBLAS-profile,wall,output_prefix,0.00015177100000000001,0
ecology1.mtx,16,10,CombBLAS-profile,wall,output_allocate,0.016534763000000001,0
ecology1.mtx,16,10,CombBLAS-profile,wall,numeric_scratch_setup,0.0030848469999999999,0
ecology1.mtx,16,10,CombBLAS-profile,wall,numeric,0.016148603000000001,0
ecology1.mtx,16,10,CombBLAS-profile,wall,internal_cleanup,3.1860000000000001e-06,0
ecology1.mtx,16,10,CombBLAS-profile,wall,return_cleanup,2.9160000000000001e-06,0
ecology1.mtx,16,10,CombBLAS-profile,wall,output_free,8.5099999999999998e-07,0
ecology1.mtx,16,10,DCSC-sampled,wall,total,0.061550654000000003,0
ecology1.mtx,16,10,DCSC-sampled,wall,validate,2.41e-07,0
ecology1.mtx,16,10,DCSC-sampled,wall,lookup_build,0.013919196,0
ecology1.mtx,16,10,DCSC-sampled,wall,scratch_setup,0.0013499300000000001,0
ecology1.mtx,16,10,DCSC-sampled,wall,work_bound,0.0038338830000000002,0
ecology1.mtx,16,10,DCSC-sampled,wall,symbolic_capacity,0.0021774160000000002,0
ecology1.mtx,16,10,DCSC-sampled,wall,symbolic,0.0070202449999999996,0
ecology1.mtx,16,10,DCSC-sampled,wall,prefix_numeric_capacity,0.0047324669999999998,0
ecology1.mtx,16,10,DCSC-sampled,wall,output_allocate,0.012276396,0
ecology1.mtx,16,10,DCSC-sampled,wall,numeric,0.016237293,0
ecology1.mtx,16,10,DCSC-sampled,wall,return_cleanup,2.0839999999999999e-06,0
ecology1.mtx,16,10,DCSC-sampled,wall,output_free,1.4330000000000001e-06,0
ecology1.mtx,16,10,DCSC-sampled,sampled_worker,lookup,0,8197
ecology1.mtx,16,10,DCSC-sampled,sampled_worker,alloc_init,0.00034648399999999841,8197
ecology1.mtx,16,10,DCSC-sampled,sampled_worker,lookup_multiply_hash,0.0014076790000000041,8197
ecology1.mtx,16,10,DCSC-sampled,sampled_worker,compact,0.00039802800000000014,8197
ecology1.mtx,16,10,DCSC-sampled,sampled_worker,sort,0.00061217299999999939,8197
ecology1.mtx,16,10,DCSC-sampled,sampled_worker,write,0.00036292399999999781,8197
ecology1.mtx,16,10,DCSC-sampled,sampled_worker,scratch_free,0.00034946699999999827,8197
ecology1.mtx,16,10,CombBLAS-sampled,wall,total,0.047708354000000001,0
ecology1.mtx,16,10,CombBLAS-sampled,wall,lookup_build,0.00086688300000000004,0
ecology1.mtx,16,10,CombBLAS-sampled,wall,thread_setup,1.0900999999999999e-05,0
ecology1.mtx,16,10,CombBLAS-sampled,wall,work_bound,0.0037403139999999998,0
ecology1.mtx,16,10,CombBLAS-sampled,wall,work_prefix,0.00021900000000000001,0
ecology1.mtx,16,10,CombBLAS-sampled,wall,symbolic,0.0069611509999999996,0
ecology1.mtx,16,10,CombBLAS-sampled,wall,output_prefix,0.000164866,0
ecology1.mtx,16,10,CombBLAS-sampled,wall,output_allocate,0.016535977,0
ecology1.mtx,16,10,CombBLAS-sampled,wall,numeric_scratch_setup,0.0029587139999999999,0
ecology1.mtx,16,10,CombBLAS-sampled,wall,numeric,0.016243585000000001,0
ecology1.mtx,16,10,CombBLAS-sampled,wall,internal_cleanup,3.3170000000000002e-06,0
ecology1.mtx,16,10,CombBLAS-sampled,wall,return_cleanup,2.9550000000000001e-06,0
ecology1.mtx,16,10,CombBLAS-sampled,wall,output_free,6.3200000000000005e-07,0
ecology1.mtx,16,10,CombBLAS-sampled,sampled_worker,lookup,0.00067593599999999764,8197
ecology1.mtx,16,10,CombBLAS-sampled,sampled_worker,alloc_init,0.00042061000000000214,8197
ecology1.mtx,16,10,CombBLAS-sampled,sampled_worker,lookup_multiply_hash,0.00085166400000000436,8197
ecology1.mtx,16,10,CombBLAS-sampled,sampled_worker,compact,0.00038513599999999963,8197
ecology1.mtx,16,10,CombBLAS-sampled,sampled_worker,sort,0.00060496299999999949,8197
ecology1.mtx,16,10,CombBLAS-sampled,sampled_worker,write,0.00035255499999999772,8197
ecology1.mtx,16,10,CombBLAS-sampled,sampled_worker,scratch_free,0.00032818799999999803,8197
ecology1.mtx,16,10,CombBLAS-conversion,wall,total,0.096385637999999996,0
ecology1.mtx,16,10,CombBLAS-conversion,wall,native_call,0.047473975000000002,0
ecology1.mtx,16,10,CombBLAS-conversion,wall,tuple_to_dcsc,0.048907394999999999,0
ecology1.mtx,16,10,CombBLAS-conversion,wall,dcsc_free,3.506e-06,0
ecology1.mtx,16,10,CombBLAS-conversion,wall,output_free,6.9100000000000003e-07,0
ecology1.mtx,16,10,DCSC-dense-lookup,wall,total,0.043074898,0
ecology1.mtx,16,10,DCSC-dense-lookup,wall,native_call_and_free,0.043074836999999998,0
ecology1.mtx,16,11,DCSC-static,wall,total,0.058988739999999998,0
ecology1.mtx,16,11,DCSC-static,wall,native_call_and_free,0.058988459,0
ecology1.mtx,16,11,DCSC-dense-lookup,wall,total,0.044055407999999997,0
ecology1.mtx,16,11,DCSC-dense-lookup,wall,native_call_and_free,0.044055337999999999,0
ecology1.mtx,16,11,CombBLAS-conversion,wall,total,0.096528551000000004,0
ecology1.mtx,16,11,CombBLAS-conversion,wall,native_call,0.047970596999999997,0
ecology1.mtx,16,11,CombBLAS-conversion,wall,tuple_to_dcsc,0.048554167000000002,0
ecology1.mtx,16,11,CombBLAS-conversion,wall,dcsc_free,3.0960000000000001e-06,0
ecology1.mtx,16,11,CombBLAS-conversion,wall,output_free,6.3099999999999997e-07,0
ecology1.mtx,16,11,CombBLAS-sampled,wall,total,0.048003509999999999,0
ecology1.mtx,16,11,CombBLAS-sampled,wall,lookup_build,0.00086229399999999999,0
ecology1.mtx,16,11,CombBLAS-sampled,wall,thread_setup,1.2364000000000001e-05,0
ecology1.mtx,16,11,CombBLAS-sampled,wall,work_bound,0.0038378499999999999,0
ecology1.mtx,16,11,CombBLAS-sampled,wall,work_prefix,0.000117947,0
ecology1.mtx,16,11,CombBLAS-sampled,wall,symbolic,0.0073707369999999996,0
ecology1.mtx,16,11,CombBLAS-sampled,wall,output_prefix,0.00013776399999999999,0
ecology1.mtx,16,11,CombBLAS-sampled,wall,output_allocate,0.016410806,0
ecology1.mtx,16,11,CombBLAS-sampled,wall,numeric_scratch_setup,0.003088824,0
ecology1.mtx,16,11,CombBLAS-sampled,wall,numeric,0.01615726,0
ecology1.mtx,16,11,CombBLAS-sampled,wall,internal_cleanup,3.647e-06,0
ecology1.mtx,16,11,CombBLAS-sampled,wall,return_cleanup,3.1259999999999998e-06,0
ecology1.mtx,16,11,CombBLAS-sampled,wall,output_free,8.3200000000000004e-07,0
ecology1.mtx,16,11,CombBLAS-sampled,sampled_worker,lookup,0.00066778099999999761,8197
ecology1.mtx,16,11,CombBLAS-sampled,sampled_worker,alloc_init,0.0004210790000000021,8197
ecology1.mtx,16,11,CombBLAS-sampled,sampled_worker,lookup_multiply_hash,0.00082153700000000434,8197
ecology1.mtx,16,11,CombBLAS-sampled,sampled_worker,compact,0.0003817769999999997,8197
ecology1.mtx,16,11,CombBLAS-sampled,sampled_worker,sort,0.00060328999999999949,8197
ecology1.mtx,16,11,CombBLAS-sampled,sampled_worker,write,0.00034890399999999786,8197
ecology1.mtx,16,11,CombBLAS-sampled,sampled_worker,scratch_free,0.000328688999999998,8197
ecology1.mtx,16,11,DCSC-sampled,wall,total,0.061863653999999997,0
ecology1.mtx,16,11,DCSC-sampled,wall,validate,2.7099999999999998e-07,0
ecology1.mtx,16,11,DCSC-sampled,wall,lookup_build,0.013909298,0
ecology1.mtx,16,11,DCSC-sampled,wall,scratch_setup,0.0013419840000000001,0
ecology1.mtx,16,11,DCSC-sampled,wall,work_bound,0.0038552339999999999,0
ecology1.mtx,16,11,DCSC-sampled,wall,symbolic_capacity,0.0023294280000000001,0
ecology1.mtx,16,11,DCSC-sampled,wall,symbolic,0.0070227789999999998,0
ecology1.mtx,16,11,DCSC-sampled,wall,prefix_numeric_capacity,0.0047824230000000001,0
ecology1.mtx,16,11,DCSC-sampled,wall,output_allocate,0.012379293,0
ecology1.mtx,16,11,DCSC-sampled,wall,numeric,0.016239488,0
ecology1.mtx,16,11,DCSC-sampled,wall,return_cleanup,2.3539999999999998e-06,0
ecology1.mtx,16,11,DCSC-sampled,wall,output_free,1.032e-06,0
ecology1.mtx,16,11,DCSC-sampled,sampled_worker,lookup,0,8197
ecology1.mtx,16,11,DCSC-sampled,sampled_worker,alloc_init,0.00034232299999999833,8197
ecology1.mtx,16,11,DCSC-sampled,sampled_worker,lookup_multiply_hash,0.0013840950000000042,8197
ecology1.mtx,16,11,DCSC-sampled,sampled_worker,compact,0.00039665000000000007,8197
ecology1.mtx,16,11,DCSC-sampled,sampled_worker,sort,0.00060911399999999936,8197
ecology1.mtx,16,11,DCSC-sampled,sampled_worker,write,0.00036622299999999777,8197
ecology1.mtx,16,11,DCSC-sampled,sampled_worker,scratch_free,0.00035258499999999841,8197
ecology1.mtx,16,11,CombBLAS-profile,wall,total,0.047958533999999997,0
ecology1.mtx,16,11,CombBLAS-profile,wall,lookup_build,0.00080820999999999996,0
ecology1.mtx,16,11,CombBLAS-profile,wall,thread_setup,9.6190000000000006e-06,0
ecology1.mtx,16,11,CombBLAS-profile,wall,work_bound,0.0037576369999999999,0
ecology1.mtx,16,11,CombBLAS-profile,wall,work_prefix,0.000223398,0
ecology1.mtx,16,11,CombBLAS-profile,wall,symbolic,0.0071441129999999997,0
ecology1.mtx,16,11,CombBLAS-profile,wall,output_prefix,0.000150178,0
ecology1.mtx,16,11,CombBLAS-profile,wall,output_allocate,0.01683542,0
ecology1.mtx,16,11,CombBLAS-profile,wall,numeric_scratch_setup,0.0030503710000000001,0
ecology1.mtx,16,11,CombBLAS-profile,wall,numeric,0.015972204,0
ecology1.mtx,16,11,CombBLAS-profile,wall,internal_cleanup,3.4769999999999999e-06,0
ecology1.mtx,16,11,CombBLAS-profile,wall,return_cleanup,3.1559999999999999e-06,0
ecology1.mtx,16,11,CombBLAS-profile,wall,output_free,6.92e-07,0
ecology1.mtx,16,11,DCSC-profile,wall,total,0.061804379999999999,0
ecology1.mtx,16,11,DCSC-profile,wall,validate,2.6100000000000002e-07,0
ecology1.mtx,16,11,DCSC-profile,wall,lookup_build,0.013897595,0
ecology1.mtx,16,11,DCSC-profile,wall,scratch_setup,0.0013672929999999999,0
ecology1.mtx,16,11,DCSC-profile,wall,work_bound,0.003862388,0
ecology1.mtx,16,11,DCSC-profile,wall,symbolic_capacity,0.0022984979999999999,0
ecology1.mtx,16,11,DCSC-profile,wall,symbolic,0.007014073,0
ecology1.mtx,16,11,DCSC-profile,wall,prefix_numeric_capacity,0.0048086229999999997,0
ecology1.mtx,16,11,DCSC-profile,wall,output_allocate,0.012319238999999999,0
ecology1.mtx,16,11,DCSC-profile,wall,numeric,0.016233194999999999,0
ecology1.mtx,16,11,DCSC-profile,wall,return_cleanup,2.3539999999999998e-06,0
ecology1.mtx,16,11,DCSC-profile,wall,output_free,8.0200000000000001e-07,0
ecology1.mtx,16,11,CSC-profile,wall,total,0.042340628999999998,0
ecology1.mtx,16,11,CSC-profile,wall,validate,5.0100000000000005e-07,0
ecology1.mtx,16,11,CSC-profile,wall,lookup_build,3.1e-08,0
ecology1.mtx,16,11,CSC-profile,wall,scratch_setup,0.001474848,0
ecology1.mtx,16,11,CSC-profile,wall,work_bound,0.0023139189999999998,0
ecology1.mtx,16,11,CSC-profile,wall,symbolic_capacity,0.002589105,0
ecology1.mtx,16,11,CSC-profile,wall,symbolic,0.0045792330000000003,0
ecology1.mtx,16,11,CSC-profile,wall,prefix_numeric_capacity,0.00514051,0
ecology1.mtx,16,11,CSC-profile,wall,output_allocate,0.011036928,0
ecology1.mtx,16,11,CSC-profile,wall,numeric,0.015201146,0
ecology1.mtx,16,11,CSC-profile,wall,return_cleanup,3.0960000000000001e-06,0
ecology1.mtx,16,11,CSC-profile,wall,output_free,1.2529999999999999e-06,0
ecology1.mtx,16,11,CombBLAS-control,wall,total,0.047024462000000003,0
ecology1.mtx,16,11,CombBLAS-control,wall,native_call_and_free,0.047023479999999999,0
ecology1.mtx,16,11,DCSC-control,wall,total,0.061838005000000001,0
ecology1.mtx,16,11,DCSC-control,wall,native_call_and_free,0.061837944999999998,0
ecology1.mtx,16,11,CSC-control,wall,total,0.042089568000000001,0
ecology1.mtx,16,11,CSC-control,wall,native_call_and_free,0.042089037000000003,0
ecology1.mtx,16,11,DCSC-dense-static,wall,total,0.041823747000000001,0
ecology1.mtx,16,11,DCSC-dense-static,wall,native_call_and_free,0.041823447,0
ecology1.mtx,128,0,CSC-control,wall,total,0.058599864000000002,0
ecology1.mtx,128,0,CSC-control,wall,native_call_and_free,0.058599665000000002,0
ecology1.mtx,128,0,DCSC-control,wall,total,0.078696310000000005,0
ecology1.mtx,128,0,DCSC-control,wall,native_call_and_free,0.078695889000000005,0
ecology1.mtx,128,0,CombBLAS-control,wall,total,0.049266543000000003,0
ecology1.mtx,128,0,CombBLAS-control,wall,native_call_and_free,0.049265691,0
ecology1.mtx,128,0,CSC-profile,wall,total,0.058969633,0
ecology1.mtx,128,0,CSC-profile,wall,validate,1.0219999999999999e-06,0
ecology1.mtx,128,0,CSC-profile,wall,lookup_build,2.9999999999999997e-08,0
ecology1.mtx,128,0,CSC-profile,wall,scratch_setup,0.002812003,0
ecology1.mtx,128,0,CSC-profile,wall,work_bound,0.0028931489999999998,0
ecology1.mtx,128,0,CSC-profile,wall,symbolic_capacity,0.003273078,0
ecology1.mtx,128,0,CSC-profile,wall,symbolic,0.0058067470000000001,0
ecology1.mtx,128,0,CSC-profile,wall,prefix_numeric_capacity,0.012156807,0
ecology1.mtx,128,0,CSC-profile,wall,output_allocate,0.016792016999999999,0
ecology1.mtx,128,0,CSC-profile,wall,numeric,0.015225282,0
ecology1.mtx,128,0,CSC-profile,wall,return_cleanup,7.8650000000000001e-06,0
ecology1.mtx,128,0,CSC-profile,wall,output_free,1.5829999999999999e-06,0
ecology1.mtx,128,0,DCSC-profile,wall,total,0.079316788999999999,0
ecology1.mtx,128,0,DCSC-profile,wall,validate,1.2219999999999999e-06,0
ecology1.mtx,128,0,DCSC-profile,wall,lookup_build,0.015630038999999998,0
ecology1.mtx,128,0,DCSC-profile,wall,scratch_setup,0.0028792520000000001,0
ecology1.mtx,128,0,DCSC-profile,wall,work_bound,0.0044853929999999998,0
ecology1.mtx,128,0,DCSC-profile,wall,symbolic_capacity,0.0027183229999999999,0
ecology1.mtx,128,0,DCSC-profile,wall,symbolic,0.0071891289999999998,0
ecology1.mtx,128,0,DCSC-profile,wall,prefix_numeric_capacity,0.011449591,0
ecology1.mtx,128,0,DCSC-profile,wall,output_allocate,0.018219384000000002,0
ecology1.mtx,128,0,DCSC-profile,wall,numeric,0.016734807000000001,0
ecology1.mtx,128,0,DCSC-profile,wall,return_cleanup,7.6550000000000004e-06,0
ecology1.mtx,128,0,DCSC-profile,wall,output_free,1.9240000000000001e-06,0
ecology1.mtx,128,0,CombBLAS-profile,wall,total,0.048531152000000001,0
ecology1.mtx,128,0,CombBLAS-profile,wall,lookup_build,0.001523873,0
ecology1.mtx,128,0,CombBLAS-profile,wall,thread_setup,5.8230999999999999e-05,0
ecology1.mtx,128,0,CombBLAS-profile,wall,work_bound,0.0024579950000000001,0
ecology1.mtx,128,0,CombBLAS-profile,wall,work_prefix,0.00065578800000000003,0
ecology1.mtx,128,0,CombBLAS-profile,wall,symbolic,0.0030208639999999998,0
ecology1.mtx,128,0,CombBLAS-profile,wall,output_prefix,0.00032905100000000002,0
ecology1.mtx,128,0,CombBLAS-profile,wall,output_allocate,0.027087232999999999,0
ecology1.mtx,128,0,CombBLAS-profile,wall,numeric_scratch_setup,0.0043528689999999997,0
ecology1.mtx,128,0,CombBLAS-profile,wall,numeric,0.0090169540000000006,0
ecology1.mtx,128,0,CombBLAS-profile,wall,internal_cleanup,4.3789999999999999e-06,0
ecology1.mtx,128,0,CombBLAS-profile,wall,return_cleanup,2.2874000000000002e-05,0
ecology1.mtx,128,0,CombBLAS-profile,wall,output_free,9.7100000000000011e-07,0
ecology1.mtx,128,0,DCSC-sampled,wall,total,0.078833603000000002,0
ecology1.mtx,128,0,DCSC-sampled,wall,validate,2.3099999999999999e-07,0
ecology1.mtx,128,0,DCSC-sampled,wall,lookup_build,0.014548133,0
ecology1.mtx,128,0,DCSC-sampled,wall,scratch_setup,0.0022181639999999999,0
ecology1.mtx,128,0,DCSC-sampled,wall,work_bound,0.0041866400000000002,0
ecology1.mtx,128,0,DCSC-sampled,wall,symbolic_capacity,0.0026852709999999999,0
ecology1.mtx,128,0,DCSC-sampled,wall,symbolic,0.0072492939999999999,0
ecology1.mtx,128,0,DCSC-sampled,wall,prefix_numeric_capacity,0.011277730999999999,0
ecology1.mtx,128,0,DCSC-sampled,wall,output_allocate,0.019626042,0
ecology1.mtx,128,0,DCSC-sampled,wall,numeric,0.017034601999999999,0
ecology1.mtx,128,0,DCSC-sampled,wall,return_cleanup,6.2929999999999997e-06,0
ecology1.mtx,128,0,DCSC-sampled,wall,output_free,1.142e-06,0
ecology1.mtx,128,0,DCSC-sampled,sampled_worker,lookup,0,8197
ecology1.mtx,128,0,DCSC-sampled,sampled_worker,alloc_init,0.0011810059999999992,8197
ecology1.mtx,128,0,DCSC-sampled,sampled_worker,lookup_multiply_hash,0.14210434700000005,8197
ecology1.mtx,128,0,DCSC-sampled,sampled_worker,compact,0.00055095999999999932,8197
ecology1.mtx,128,0,DCSC-sampled,sampled_worker,sort,0.0018960609999999997,8197
ecology1.mtx,128,0,DCSC-sampled,sampled_worker,write,0.016635710000000001,8197
ecology1.mtx,128,0,DCSC-sampled,sampled_worker,scratch_free,0.015915075000000004,8197
ecology1.mtx,128,0,CombBLAS-sampled,wall,total,0.050036770000000001,0
ecology1.mtx,128,0,CombBLAS-sampled,wall,lookup_build,0.0021330609999999999,0
ecology1.mtx,128,0,CombBLAS-sampled,wall,thread_setup,5.4694999999999997e-05,0
ecology1.mtx,128,0,CombBLAS-sampled,wall,work_bound,0.0022322610000000001,0
ecology1.mtx,128,0,CombBLAS-sampled,wall,work_prefix,0.00068992299999999995,0
ecology1.mtx,128,0,CombBLAS-sampled,wall,symbolic,0.0029713700000000001,0
ecology1.mtx,128,0,CombBLAS-sampled,wall,output_prefix,0.00032203800000000002,0
ecology1.mtx,128,0,CombBLAS-sampled,wall,output_allocate,0.02905696,0
ecology1.mtx,128,0,CombBLAS-sampled,wall,numeric_scratch_setup,0.0042756510000000001,0
ecology1.mtx,128,0,CombBLAS-sampled,wall,numeric,0.0082705529999999999,0
ecology1.mtx,128,0,CombBLAS-sampled,wall,internal_cleanup,5.4e-06,0
ecology1.mtx,128,0,CombBLAS-sampled,wall,return_cleanup,2.3244999999999999e-05,0
ecology1.mtx,128,0,CombBLAS-sampled,wall,output_free,1.553e-06,0
ecology1.mtx,128,0,CombBLAS-sampled,sampled_worker,lookup,0.002318367999999999,8197
ecology1.mtx,128,0,CombBLAS-sampled,sampled_worker,alloc_init,0.0011924700000000002,8197
ecology1.mtx,128,0,CombBLAS-sampled,sampled_worker,lookup_multiply_hash,0.001285078,8197
ecology1.mtx,128,0,CombBLAS-sampled,sampled_worker,compact,0.00041721799999999985,8197
ecology1.mtx,128,0,CombBLAS-sampled,sampled_worker,sort,0.0013490349999999986,8197
ecology1.mtx,128,0,CombBLAS-sampled,sampled_worker,write,0.00084333399999999908,8197
ecology1.mtx,128,0,CombBLAS-sampled,sampled_worker,scratch_free,0.0011272539999999985,8197
ecology1.mtx,128,0,CombBLAS-conversion,wall,total,0.10982848100000001,0
ecology1.mtx,128,0,CombBLAS-conversion,wall,native_call,0.039479432000000002,0
ecology1.mtx,128,0,CombBLAS-conversion,wall,tuple_to_dcsc,0.070345682000000007,0
ecology1.mtx,128,0,CombBLAS-conversion,wall,dcsc_free,2.6350000000000002e-06,0
ecology1.mtx,128,0,CombBLAS-conversion,wall,output_free,6.7199999999999998e-07,0
ecology1.mtx,128,0,DCSC-dense-lookup,wall,total,0.055797698999999999,0
ecology1.mtx,128,0,DCSC-dense-lookup,wall,native_call_and_free,0.055797640000000003,0
ecology1.mtx,128,0,DCSC-static,wall,total,0.066908721000000004,0
ecology1.mtx,128,0,DCSC-static,wall,native_call_and_free,0.066908300000000004,0
ecology1.mtx,128,0,DCSC-dense-static,wall,total,0.048365034000000001,0
ecology1.mtx,128,0,DCSC-dense-static,wall,native_call_and_free,0.048364762999999998,0
ecology1.mtx,128,1,CSC-control,wall,total,0.058260542999999998,0
ecology1.mtx,128,1,CSC-control,wall,native_call_and_free,0.058260492999999997,0
ecology1.mtx,128,1,DCSC-dense-static,wall,total,0.047374354,0
ecology1.mtx,128,1,DCSC-dense-static,wall,native_call_and_free,0.047374092999999999,0
ecology1.mtx,128,1,DCSC-static,wall,total,0.059794374999999997,0
ecology1.mtx,128,1,DCSC-static,wall,native_call_and_free,0.059794054999999999,0
ecology1.mtx,128,1,DCSC-dense-lookup,wall,total,0.063112630000000003,0
ecology1.mtx,128,1,DCSC-dense-lookup,wall,native_call_and_free,0.063112550000000003,0
ecology1.mtx,128,1,CombBLAS-conversion,wall,total,0.148132869,0
ecology1.mtx,128,1,CombBLAS-conversion,wall,native_call,0.046700723,0
ecology1.mtx,128,1,CombBLAS-conversion,wall,tuple_to_dcsc,0.10142909,0
ecology1.mtx,128,1,CombBLAS-conversion,wall,dcsc_free,2.2639999999999998e-06,0
ecology1.mtx,128,1,CombBLAS-conversion,wall,output_free,7.4199999999999995e-07,0
ecology1.mtx,128,1,CombBLAS-sampled,wall,total,0.035156398999999998,0
ecology1.mtx,128,1,CombBLAS-sampled,wall,lookup_build,0.0020442009999999998,0
ecology1.mtx,128,1,CombBLAS-sampled,wall,thread_setup,6.7539000000000005e-05,0
ecology1.mtx,128,1,CombBLAS-sampled,wall,work_bound,0.001724819,0
ecology1.mtx,128,1,CombBLAS-sampled,wall,work_prefix,0.00043752899999999998,0
ecology1.mtx,128,1,CombBLAS-sampled,wall,symbolic,0.003165691,0
ecology1.mtx,128,1,CombBLAS-sampled,wall,output_prefix,6.6186999999999995e-05,0
ecology1.mtx,128,1,CombBLAS-sampled,wall,output_allocate,0.017115748,0
ecology1.mtx,128,1,CombBLAS-sampled,wall,numeric_scratch_setup,0.0034202199999999999,0
ecology1.mtx,128,1,CombBLAS-sampled,wall,numeric,0.007086752,0
ecology1.mtx,128,1,CombBLAS-sampled,wall,internal_cleanup,4.0879999999999997e-06,0
ecology1.mtx,128,1,CombBLAS-sampled,wall,return_cleanup,2.2844e-05,0
ecology1.mtx,128,1,CombBLAS-sampled,wall,output_free,6.7199999999999998e-07,0
ecology1.mtx,128,1,CombBLAS-sampled,sampled_worker,lookup,0.0017654019999999995,8197
ecology1.mtx,128,1,CombBLAS-sampled,sampled_worker,alloc_init,0.0010248340000000005,8197
ecology1.mtx,128,1,CombBLAS-sampled,sampled_worker,lookup_multiply_hash,0.0010675639999999996,8197
ecology1.mtx,128,1,CombBLAS-sampled,sampled_worker,compact,0.00039453899999999985,8197
ecology1.mtx,128,1,CombBLAS-sampled,sampled_worker,sort,0.00089218500000000031,8197
ecology1.mtx,128,1,CombBLAS-sampled,sampled_worker,write,0.00053465699999999969,8197
ecology1.mtx,128,1,CombBLAS-sampled,sampled_worker,scratch_free,0.00077959899999999942,8197
ecology1.mtx,128,1,DCSC-sampled,wall,total,0.077982680999999998,0
ecology1.mtx,128,1,DCSC-sampled,wall,validate,4.4999999999999998e-07,0
ecology1.mtx,128,1,DCSC-sampled,wall,lookup_build,0.01445219,0
ecology1.mtx,128,1,DCSC-sampled,wall,scratch_setup,0.0020377580000000002,0
ecology1.mtx,128,1,DCSC-sampled,wall,work_bound,0.0041912490000000002,0
ecology1.mtx,128,1,DCSC-sampled,wall,symbolic_capacity,0.002868682,0
ecology1.mtx,128,1,DCSC-sampled,wall,symbolic,0.0072110309999999997,0
ecology1.mtx,128,1,DCSC-sampled,wall,prefix_numeric_capacity,0.011286556999999999,0
ecology1.mtx,128,1,DCSC-sampled,wall,output_allocate,0.018871345000000001,0
ecology1.mtx,128,1,DCSC-sampled,wall,numeric,0.017056003,0
ecology1.mtx,128,1,DCSC-sampled,wall,return_cleanup,6.3430000000000001e-06,0
ecology1.mtx,128,1,DCSC-sampled,wall,output_free,1.012e-06,0
ecology1.mtx,128,1,DCSC-sampled,sampled_worker,lookup,0,8197
ecology1.mtx,128,1,DCSC-sampled,sampled_worker,alloc_init,0.00065657999999999938,8197
ecology1.mtx,128,1,DCSC-sampled,sampled_worker,lookup_multiply_hash,0.12916427899999994,8197
ecology1.mtx,128,1,DCSC-sampled,sampled_worker,compact,0.00053324799999999984,8197
ecology1.mtx,128,1,DCSC-sampled,sampled_worker,sort,0.0017780049999999996,8197
ecology1.mtx,128,1,DCSC-sampled,sampled_worker,write,0.015877132000000006,8197
ecology1.mtx,128,1,DCSC-sampled,sampled_worker,scratch_free,0.014101215,8197
ecology1.mtx,128,1,CombBLAS-profile,wall,total,0.049639959999999997,0
ecology1.mtx,128,1,CombBLAS-profile,wall,lookup_build,0.001711183,0
ecology1.mtx,128,1,CombBLAS-profile,wall,thread_setup,5.7119e-05,0
ecology1.mtx,128,1,CombBLAS-profile,wall,work_bound,0.0022414689999999998,0
ecology1.mtx,128,1,CombBLAS-profile,wall,work_prefix,0.00067686799999999996,0
ecology1.mtx,128,1,CombBLAS-profile,wall,symbolic,0.0029670709999999999,0
ecology1.mtx,128,1,CombBLAS-profile,wall,output_prefix,0.00031869100000000002,0
ecology1.mtx,128,1,CombBLAS-profile,wall,output_allocate,0.029245994000000001,0
ecology1.mtx,128,1,CombBLAS-profile,wall,numeric_scratch_setup,0.0043463260000000002,0
ecology1.mtx,128,1,CombBLAS-profile,wall,numeric,0.0080437579999999998,0
ecology1.mtx,128,1,CombBLAS-profile,wall,internal_cleanup,5.7910000000000001e-06,0
ecology1.mtx,128,1,CombBLAS-profile,wall,return_cleanup,2.5077999999999999e-05,0
ecology1.mtx,128,1,CombBLAS-profile,wall,output_free,5.51e-07,0
ecology1.mtx,128,1,DCSC-profile,wall,total,0.078540639999999995,0
ecology1.mtx,128,1,DCSC-profile,wall,validate,2.5100000000000001e-07,0
ecology1.mtx,128,1,DCSC-profile,wall,lookup_build,0.014740051000000001,0
ecology1.mtx,128,1,DCSC-profile,wall,scratch_setup,0.002050933,0
ecology1.mtx,128,1,DCSC-profile,wall,work_bound,0.004149519,0
ecology1.mtx,128,1,DCSC-profile,wall,symbolic_capacity,0.0026461560000000002,0
ecology1.mtx,128,1,DCSC-profile,wall,symbolic,0.0072295559999999998,0
ecology1.mtx,128,1,DCSC-profile,wall,prefix_numeric_capacity,0.011844568,0
ecology1.mtx,128,1,DCSC-profile,wall,output_allocate,0.018981105000000002,0
ecology1.mtx,128,1,DCSC-profile,wall,numeric,0.016892068999999999,0
ecology1.mtx,128,1,DCSC-profile,wall,return_cleanup,5.5010000000000004e-06,0
ecology1.mtx,128,1,DCSC-profile,wall,output_free,8.8100000000000001e-07,0
ecology1.mtx,128,1,CSC-profile,wall,total,0.061049331999999998,0
ecology1.mtx,128,1,CSC-profile,wall,validate,4.51e-07,0
ecology1.mtx,128,1,CSC-profile,wall,lookup_build,4.0000000000000001e-08,0
ecology1.mtx,128,1,CSC-profile,wall,scratch_setup,0.0048095350000000002,0
ecology1.mtx,128,1,CSC-profile,wall,work_bound,0.0027272799999999999,0
ecology1.mtx,128,1,CSC-profile,wall,symbolic_capacity,0.003291464,0
ecology1.mtx,128,1,CSC-profile,wall,symbolic,0.0054692589999999998,0
ecology1.mtx,128,1,CSC-profile,wall,prefix_numeric_capacity,0.012898961,0
ecology1.mtx,128,1,CSC-profile,wall,output_allocate,0.016967684,0
ecology1.mtx,128,1,CSC-profile,wall,numeric,0.014879428,0
ecology1.mtx,128,1,CSC-profile,wall,return_cleanup,4.2780000000000004e-06,0
ecology1.mtx,128,1,CSC-profile,wall,output_free,8.8199999999999998e-07,0
ecology1.mtx,128,1,CombBLAS-control,wall,total,0.044840302999999998,0
ecology1.mtx,128,1,CombBLAS-control,wall,native_call_and_free,0.044839301999999998,0
ecology1.mtx,128,1,DCSC-control,wall,total,0.078217159999999994,0
ecology1.mtx,128,1,DCSC-control,wall,native_call_and_free,0.078216999999999995,0
ecology1.mtx,128,2,CombBLAS-control,wall,total,0.048885181,0
ecology1.mtx,128,2,CombBLAS-control,wall,native_call_and_free,0.048883949000000003,0
ecology1.mtx,128,2,CSC-profile,wall,total,0.059425186999999997,0
ecology1.mtx,128,2,CSC-profile,wall,validate,1.012e-06,0
ecology1.mtx,128,2,CSC-profile,wall,lookup_build,4.0000000000000001e-08,0
ecology1.mtx,128,2,CSC-profile,wall,scratch_setup,0.0027515780000000002,0
ecology1.mtx,128,2,CSC-profile,wall,work_bound,0.0028150789999999998,0
ecology1.mtx,128,2,CSC-profile,wall,symbolic_capacity,0.0027218799999999999,0
ecology1.mtx,128,2,CSC-profile,wall,symbolic,0.0057062049999999998,0
ecology1.mtx,128,2,CSC-profile,wall,prefix_numeric_capacity,0.012081091,0
ecology1.mtx,128,2,CSC-profile,wall,output_allocate,0.017451132000000001,0
ecology1.mtx,128,2,CSC-profile,wall,numeric,0.015888413000000001,0
ecology1.mtx,128,2,CSC-profile,wall,return_cleanup,7.0639999999999996e-06,0
ecology1.mtx,128,2,CSC-profile,wall,output_free,1.6330000000000001e-06,0
ecology1.mtx,128,2,DCSC-profile,wall,total,0.079589112000000004,0
ecology1.mtx,128,2,DCSC-profile,wall,validate,4.3099999999999998e-07,0
ecology1.mtx,128,2,DCSC-profile,wall,lookup_build,0.015765848999999998,0
ecology1.mtx,128,2,DCSC-profile,wall,scratch_setup,0.0029574219999999999,0
ecology1.mtx,128,2,DCSC-profile,wall,work_bound,0.004414968,0
ecology1.mtx,128,2,DCSC-profile,wall,symbolic_capacity,0.0032965630000000002,0
ecology1.mtx,128,2,DCSC-profile,wall,symbolic,0.0071250250000000001,0
ecology1.mtx,128,2,DCSC-profile,wall,prefix_numeric_capacity,0.011808179,0
ecology1.mtx,128,2,DCSC-profile,wall,output_allocate,0.017771034000000002,0
ecology1.mtx,128,2,DCSC-profile,wall,numeric,0.016443778999999999,0
ecology1.mtx,128,2,DCSC-profile,wall,return_cleanup,4.6600000000000003e-06,0
ecology1.mtx,128,2,DCSC-profile,wall,output_free,1.142e-06,0
ecology1.mtx,128,2,CombBLAS-profile,wall,total,0.048445709000000003,0
ecology1.mtx,128,2,CombBLAS-profile,wall,lookup_build,0.0014297929999999999,0
ecology1.mtx,128,2,CombBLAS-profile,wall,thread_setup,5.7399999999999999e-05,0
ecology1.mtx,128,2,CombBLAS-profile,wall,work_bound,0.0024805869999999998,0
ecology1.mtx,128,2,CombBLAS-profile,wall,work_prefix,0.00065687000000000004,0
ecology1.mtx,128,2,CombBLAS-profile,wall,symbolic,0.0031072999999999999,0
ecology1.mtx,128,2,CombBLAS-profile,wall,output_prefix,0.00032691699999999997,0
ecology1.mtx,128,2,CombBLAS-profile,wall,output_allocate,0.027211952000000001,0
ecology1.mtx,128,2,CombBLAS-profile,wall,numeric_scratch_setup,0.004276813,0
ecology1.mtx,128,2,CombBLAS-profile,wall,numeric,0.0088666869999999998,0
ecology1.mtx,128,2,CombBLAS-profile,wall,internal_cleanup,5.9109999999999998e-06,0
ecology1.mtx,128,2,CombBLAS-profile,wall,return_cleanup,2.4697000000000001e-05,0
ecology1.mtx,128,2,CombBLAS-profile,wall,output_free,7.2200000000000003e-07,0
ecology1.mtx,128,2,DCSC-sampled,wall,total,0.07778997,0
ecology1.mtx,128,2,DCSC-sampled,wall,validate,3.0100000000000001e-07,0
ecology1.mtx,128,2,DCSC-sampled,wall,lookup_build,0.014843589000000001,0
ecology1.mtx,128,2,DCSC-sampled,wall,scratch_setup,0.002045664,0
ecology1.mtx,128,2,DCSC-sampled,wall,work_bound,0.0041288690000000003,0
ecology1.mtx,128,2,DCSC-sampled,wall,symbolic_capacity,0.0027444539999999999,0
ecology1.mtx,128,2,DCSC-sampled,wall,symbolic,0.0071563659999999999,0
ecology1.mtx,128,2,DCSC-sampled,wall,prefix_numeric_capacity,0.011311956,0
ecology1.mtx,128,2,DCSC-sampled,wall,output_allocate,0.018859351999999999,0
ecology1.mtx,128,2,DCSC-sampled,wall,numeric,0.016693919000000002,0
ecology1.mtx,128,2,DCSC-sampled,wall,return_cleanup,3.9879999999999998e-06,0
ecology1.mtx,128,2,DCSC-sampled,wall,output_free,1.452e-06,0
ecology1.mtx,128,2,DCSC-sampled,sampled_worker,lookup,0,8197
ecology1.mtx,128,2,DCSC-sampled,sampled_worker,alloc_init,0.00063925899999999966,8197
ecology1.mtx,128,2,DCSC-sampled,sampled_worker,lookup_multiply_hash,0.12385878200000004,8197
ecology1.mtx,128,2,DCSC-sampled,sampled_worker,compact,0.00050447399999999955,8197
ecology1.mtx,128,2,DCSC-sampled,sampled_worker,sort,0.0015898979999999995,8197
ecology1.mtx,128,2,DCSC-sampled,sampled_worker,write,0.014457577000000008,8197
ecology1.mtx,128,2,DCSC-sampled,sampled_worker,scratch_free,0.011738066999999996,8197
ecology1.mtx,128,2,CombBLAS-sampled,wall,total,0.04968173,0
ecology1.mtx,128,2,CombBLAS-sampled,wall,lookup_build,0.0019249219999999999,0
ecology1.mtx,128,2,CombBLAS-sampled,wall,thread_setup,5.8792000000000002e-05,0
ecology1.mtx,128,2,CombBLAS-sampled,wall,work_bound,0.0022327229999999998,0
ecology1.mtx,128,2,CombBLAS-sampled,wall,work_prefix,0.00069543399999999998,0
ecology1.mtx,128,2,CombBLAS-sampled,wall,symbolic,0.002923326,0
ecology1.mtx,128,2,CombBLAS-sampled,wall,output_prefix,0.00037323599999999999,0
ecology1.mtx,128,2,CombBLAS-sampled,wall,output_allocate,0.028952792000000001,0
ecology1.mtx,128,2,CombBLAS-sampled,wall,numeric_scratch_setup,0.0043028429999999998,0
ecology1.mtx,128,2,CombBLAS-sampled,wall,numeric,0.0081885150000000004,0
ecology1.mtx,128,2,CombBLAS-sampled,wall,internal_cleanup,4.3279999999999999e-06,0
ecology1.mtx,128,2,CombBLAS-sampled,wall,return_cleanup,2.4187000000000001e-05,0
ecology1.mtx,128,2,CombBLAS-sampled,wall,output_free,5.7100000000000002e-07,0
ecology1.mtx,128,2,CombBLAS-sampled,sampled_worker,lookup,0.0023468120000000002,8197
ecology1.mtx,128,2,CombBLAS-sampled,sampled_worker,alloc_init,0.0016157999999999997,8197
ecology1.mtx,128,2,CombBLAS-sampled,sampled_worker,lookup_multiply_hash,0.001494908000000001,8197
ecology1.mtx,128,2,CombBLAS-sampled,sampled_worker,compact,0.00041026499999999994,8197
ecology1.mtx,128,2,CombBLAS-sampled,sampled_worker,sort,0.0012244419999999996,8197
ecology1.mtx,128,2,CombBLAS-sampled,sampled_worker,write,0.00078534499999999914,8197
ecology1.mtx,128,2,CombBLAS-sampled,sampled_worker,scratch_free,0.00092968799999999872,8197
ecology1.mtx,128,2,CombBLAS-conversion,wall,total,0.11734649,0
ecology1.mtx,128,2,CombBLAS-conversion,wall,native_call,0.040363456999999998,0
ecology1.mtx,128,2,CombBLAS-conversion,wall,tuple_to_dcsc,0.076979556000000005,0
ecology1.mtx,128,2,CombBLAS-conversion,wall,dcsc_free,2.7360000000000001e-06,0
ecology1.mtx,128,2,CombBLAS-conversion,wall,output_free,6.8100000000000002e-07,0
ecology1.mtx,128,2,DCSC-dense-lookup,wall,total,0.055238717999999999,0
ecology1.mtx,128,2,DCSC-dense-lookup,wall,native_call_and_free,0.055238506999999999,0
ecology1.mtx,128,2,DCSC-static,wall,total,0.065945032000000001,0
ecology1.mtx,128,2,DCSC-static,wall,native_call_and_free,0.065944590999999997,0
ecology1.mtx,128,2,DCSC-dense-static,wall,total,0.051265105999999998,0
ecology1.mtx,128,2,DCSC-dense-static,wall,native_call_and_free,0.051264524999999998,0
ecology1.mtx,128,2,CSC-control,wall,total,0.059309405000000003,0
ecology1.mtx,128,2,CSC-control,wall,native_call_and_free,0.059309225,0
ecology1.mtx,128,2,DCSC-control,wall,total,0.079063533000000005,0
ecology1.mtx,128,2,DCSC-control,wall,native_call_and_free,0.079063463,0
ecology1.mtx,128,3,CombBLAS-control,wall,total,0.04928047,0
ecology1.mtx,128,3,CombBLAS-control,wall,native_call_and_free,0.049279989000000003,0
ecology1.mtx,128,3,DCSC-control,wall,total,0.082061874000000007,0
ecology1.mtx,128,3,DCSC-control,wall,native_call_and_free,0.082061484000000004,0
ecology1.mtx,128,3,CSC-control,wall,total,0.060577977999999998,0
ecology1.mtx,128,3,CSC-control,wall,native_call_and_free,0.060577587000000002,0
ecology1.mtx,128,3,DCSC-dense-static,wall,total,0.052491559,0
ecology1.mtx,128,3,DCSC-dense-static,wall,native_call_and_free,0.052491297999999999,0
ecology1.mtx,128,3,DCSC-static,wall,total,0.060142002,0
ecology1.mtx,128,3,DCSC-static,wall,native_call_and_free,0.060141712,0
ecology1.mtx,128,3,DCSC-dense-lookup,wall,total,0.062066773999999998,0
ecology1.mtx,128,3,DCSC-dense-lookup,wall,native_call_and_free,0.062066303000000003,0
ecology1.mtx,128,3,CombBLAS-conversion,wall,total,0.11687056699999999,0
ecology1.mtx,128,3,CombBLAS-conversion,wall,native_call,0.046941844000000003,0
ecology1.mtx,128,3,CombBLAS-conversion,wall,tuple_to_dcsc,0.069925467000000005,0
ecology1.mtx,128,3,CombBLAS-conversion,wall,dcsc_free,2.435e-06,0
ecology1.mtx,128,3,CombBLAS-conversion,wall,output_free,6.8100000000000002e-07,0
ecology1.mtx,128,3,CombBLAS-sampled,wall,total,0.034730813999999999,0
ecology1.mtx,128,3,CombBLAS-sampled,wall,lookup_build,0.0017981290000000001,0
ecology1.mtx,128,3,CombBLAS-sampled,wall,thread_setup,6.4233000000000007e-05,0
ecology1.mtx,128,3,CombBLAS-sampled,wall,work_bound,0.0017749350000000001,0
ecology1.mtx,128,3,CombBLAS-sampled,wall,work_prefix,0.00035399900000000002,0
ecology1.mtx,128,3,CombBLAS-sampled,wall,symbolic,0.0027492329999999998,0
ecology1.mtx,128,3,CombBLAS-sampled,wall,output_prefix,6.8530999999999998e-05,0
ecology1.mtx,128,3,CombBLAS-sampled,wall,output_allocate,0.016892349000000001,0
ecology1.mtx,128,3,CombBLAS-sampled,wall,numeric_scratch_setup,0.0036835449999999999,0
ecology1.mtx,128,3,CombBLAS-sampled,wall,numeric,0.0073190490000000002,0
ecology1.mtx,128,3,CombBLAS-sampled,wall,internal_cleanup,3.106e-06,0
ecology1.mtx,128,3,CombBLAS-sampled,wall,return_cleanup,2.2903000000000001e-05,0
ecology1.mtx,128,3,CombBLAS-sampled,wall,output_free,7.4199999999999995e-07,0
ecology1.mtx,128,3,CombBLAS-sampled,sampled_worker,lookup,0.0020682369999999997,8197
ecology1.mtx,128,3,CombBLAS-sampled,sampled_worker,alloc_init,0.0012535110000000001,8197
ecology1.mtx,128,3,CombBLAS-sampled,sampled_worker,lookup_multiply_hash,0.0012413160000000003,8197
ecology1.mtx,128,3,CombBLAS-sampled,sampled_worker,compact,0.00040150899999999976,8197
ecology1.mtx,128,3,CombBLAS-sampled,sampled_worker,sort,0.00098226599999999965,8197
ecology1.mtx,128,3,CombBLAS-sampled,sampled_worker,write,0.00048389499999999987,8197
ecology1.mtx,128,3,CombBLAS-sampled,sampled_worker,scratch_free,0.00073037799999999941,8197
ecology1.mtx,128,3,DCSC-sampled,wall,total,0.077652957999999994,0
ecology1.mtx,128,3,DCSC-sampled,wall,validate,2.3999999999999998e-07,0
ecology1.mtx,128,3,DCSC-sampled,wall,lookup_build,0.014409197,0
ecology1.mtx,128,3,DCSC-sampled,wall,scratch_setup,0.0020770340000000002,0
ecology1.mtx,128,3,DCSC-sampled,wall,work_bound,0.0041705079999999999,0
ecology1.mtx,128,3,DCSC-sampled,wall,symbolic_capacity,0.0029453000000000001,0
ecology1.mtx,128,3,DCSC-sampled,wall,symbolic,0.0071732580000000001,0
ecology1.mtx,128,3,DCSC-sampled,wall,prefix_numeric_capacity,0.011347104,0
ecology1.mtx,128,3,DCSC-sampled,wall,output_allocate,0.018576829999999999,0
ecology1.mtx,128,3,DCSC-sampled,wall,numeric,0.016943908000000001,0
ecology1.mtx,128,3,DCSC-sampled,wall,return_cleanup,8.0160000000000008e-06,0
ecology1.mtx,128,3,DCSC-sampled,wall,output_free,1.4929999999999999e-06,0
ecology1.mtx,128,3,DCSC-sampled,sampled_worker,lookup,0,8197
ecology1.mtx,128,3,DCSC-sampled,sampled_worker,alloc_init,0.00059781399999999968,8197
ecology1.mtx,128,3,DCSC-sampled,sampled_worker,lookup_multiply_hash,0.12280613600000002,8197
ecology1.mtx,128,3,DCSC-sampled,sampled_worker,compact,0.00055963299999999981,8197
ecology1.mtx,128,3,DCSC-sampled,sampled_worker,sort,0.0018531909999999999,8197
ecology1.mtx,128,3,DCSC-sampled,sampled_worker,write,0.014977010000000009,8197
ecology1.mtx,128,3,DCSC-sampled,sampled_worker,scratch_free,0.0096575320000000051,8197
ecology1.mtx,128,3,CombBLAS-profile,wall,total,0.049717979000000002,0
ecology1.mtx,128,3,CombBLAS-profile,wall,lookup_build,0.0018913179999999999,0
ecology1.mtx,128,3,CombBLAS-profile,wall,thread_setup,7.3310000000000001e-05,0
ecology1.mtx,128,3,CombBLAS-profile,wall,work_bound,0.0022004709999999999,0
ecology1.mtx,128,3,CombBLAS-profile,wall,work_prefix,0.00067886200000000002,0
ecology1.mtx,128,3,CombBLAS-profile,wall,symbolic,0.003127969,0
ecology1.mtx,128,3,CombBLAS-profile,wall,output_prefix,0.00031782000000000002,0
ecology1.mtx,128,3,CombBLAS-profile,wall,output_allocate,0.029017536,0
ecology1.mtx,128,3,CombBLAS-profile,wall,numeric_scratch_setup,0.0043083330000000001,0
ecology1.mtx,128,3,CombBLAS-profile,wall,numeric,0.0080731039999999994,0
ecology1.mtx,128,3,CombBLAS-profile,wall,internal_cleanup,4.0080000000000004e-06,0
ecology1.mtx,128,3,CombBLAS-profile,wall,return_cleanup,2.4666999999999999e-05,0
ecology1.mtx,128,3,CombBLAS-profile,wall,output_free,5.3099999999999998e-07,0
ecology1.mtx,128,3,DCSC-profile,wall,total,0.078531363000000007,0
ecology1.mtx,128,3,DCSC-profile,wall,validate,2.5100000000000001e-07,0
ecology1.mtx,128,3,DCSC-profile,wall,lookup_build,0.014559404999999999,0
ecology1.mtx,128,3,DCSC-profile,wall,scratch_setup,0.0020794580000000002,0
ecology1.mtx,128,3,DCSC-profile,wall,work_bound,0.0041937629999999997,0
ecology1.mtx,128,3,DCSC-profile,wall,symbolic_capacity,0.0025876739999999999,0
ecology1.mtx,128,3,DCSC-profile,wall,symbolic,0.0071948089999999999,0
ecology1.mtx,128,3,DCSC-profile,wall,prefix_numeric_capacity,0.011936264,0
ecology1.mtx,128,3,DCSC-profile,wall,output_allocate,0.019139379000000002,0
ecology1.mtx,128,3,DCSC-profile,wall,numeric,0.016831754000000001,0
ecology1.mtx,128,3,DCSC-profile,wall,return_cleanup,7.2629999999999997e-06,0
ecology1.mtx,128,3,DCSC-profile,wall,output_free,1.283e-06,0
ecology1.mtx,128,3,CSC-profile,wall,total,0.062024883000000003,0
ecology1.mtx,128,3,CSC-profile,wall,validate,7.6199999999999997e-07,0
ecology1.mtx,128,3,CSC-profile,wall,lookup_build,2.9000000000000002e-08,0
ecology1.mtx,128,3,CSC-profile,wall,scratch_setup,0.0064044039999999998,0
ecology1.mtx,128,3,CSC-profile,wall,work_bound,0.002693226,0
ecology1.mtx,128,3,CSC-profile,wall,symbolic_capacity,0.0033458770000000001,0
ecology1.mtx,128,3,CSC-profile,wall,symbolic,0.0053876039999999998,0
ecology1.mtx,128,3,CSC-profile,wall,prefix_numeric_capacity,0.012221350000000001,0
ecology1.mtx,128,3,CSC-profile,wall,output_allocate,0.017030815000000001,0
ecology1.mtx,128,3,CSC-profile,wall,numeric,0.014932040000000001,0
ecology1.mtx,128,3,CSC-profile,wall,return_cleanup,7.0430000000000002e-06,0
ecology1.mtx,128,3,CSC-profile,wall,output_free,1.6729999999999999e-06,0
ecology1.mtx,128,4,DCSC-profile,wall,total,0.078196880999999996,0
ecology1.mtx,128,4,DCSC-profile,wall,validate,6.5099999999999999e-07,0
ecology1.mtx,128,4,DCSC-profile,wall,lookup_build,0.015334221,0
ecology1.mtx,128,4,DCSC-profile,wall,scratch_setup,0.0029725910000000001,0
ecology1.mtx,128,4,DCSC-profile,wall,work_bound,0.0043086749999999997,0
ecology1.mtx,128,4,DCSC-profile,wall,symbolic_capacity,0.003718552,0
ecology1.mtx,128,4,DCSC-profile,wall,symbolic,0.0069531860000000001,0
ecology1.mtx,128,4,DCSC-profile,wall,prefix_numeric_capacity,0.011337275000000001,0
ecology1.mtx,128,4,DCSC-profile,wall,output_allocate,0.017272168000000001,0
ecology1.mtx,128,4,DCSC-profile,wall,numeric,0.016289452999999999,0
ecology1.mtx,128,4,DCSC-profile,wall,return_cleanup,8.4460000000000001e-06,0
ecology1.mtx,128,4,DCSC-profile,wall,output_free,1.593e-06,0
ecology1.mtx,128,4,CombBLAS-profile,wall,total,0.049054707000000003,0
ecology1.mtx,128,4,CombBLAS-profile,wall,lookup_build,0.001568559,0
ecology1.mtx,128,4,CombBLAS-profile,wall,thread_setup,5.4834999999999999e-05,0
ecology1.mtx,128,4,CombBLAS-profile,wall,work_bound,0.0026186730000000002,0
ecology1.mtx,128,4,CombBLAS-profile,wall,work_prefix,0.00067051600000000002,0
ecology1.mtx,128,4,CombBLAS-profile,wall,symbolic,0.0032530789999999999,0
ecology1.mtx,128,4,CombBLAS-profile,wall,output_prefix,0.00033635499999999999,0
ecology1.mtx,128,4,CombBLAS-profile,wall,output_allocate,0.026198277999999998,0
ecology1.mtx,128,4,CombBLAS-profile,wall,numeric_scratch_setup,0.0045706770000000004,0
ecology1.mtx,128,4,CombBLAS-profile,wall,numeric,0.0097548200000000009,0
ecology1.mtx,128,4,CombBLAS-profile,wall,internal_cleanup,3.7170000000000002e-06,0
ecology1.mtx,128,4,CombBLAS-profile,wall,return_cleanup,2.4607e-05,0
ecology1.mtx,128,4,CombBLAS-profile,wall,output_free,5.3099999999999998e-07,0
ecology1.mtx,128,4,DCSC-sampled,wall,total,0.078250353999999994,0
ecology1.mtx,128,4,DCSC-sampled,wall,validate,2.4999999999999999e-07,0
ecology1.mtx,128,4,DCSC-sampled,wall,lookup_build,0.014548073,0
ecology1.mtx,128,4,DCSC-sampled,wall,scratch_setup,0.0020700699999999998,0
ecology1.mtx,128,4,DCSC-sampled,wall,work_bound,0.0041791459999999999,0
ecology1.mtx,128,4,DCSC-sampled,wall,symbolic_capacity,0.0028436939999999999,0
ecology1.mtx,128,4,DCSC-sampled,wall,symbolic,0.0071560850000000004,0
ecology1.mtx,128,4,DCSC-sampled,wall,prefix_numeric_capacity,0.011768101,0
ecology1.mtx,128,4,DCSC-sampled,wall,output_allocate,0.019029249000000002,0
ecology1.mtx,128,4,DCSC-sampled,wall,numeric,0.016646417,0
ecology1.mtx,128,4,DCSC-sampled,wall,return_cleanup,7.8650000000000001e-06,0
ecology1.mtx,128,4,DCSC-sampled,wall,output_free,1.333e-06,0
ecology1.mtx,128,4,DCSC-sampled,sampled_worker,lookup,0,8197
ecology1.mtx,128,4,DCSC-sampled,sampled_worker,alloc_init,0.00060093999999999935,8197
ecology1.mtx,128,4,DCSC-sampled,sampled_worker,lookup_multiply_hash,0.12115258799999998,8197
ecology1.mtx,128,4,DCSC-sampled,sampled_worker,compact,0.00056247999999999964,8197
ecology1.mtx,128,4,DCSC-sampled,sampled_worker,sort,0.0017807909999999995,8197
ecology1.mtx,128,4,DCSC-sampled,sampled_worker,write,0.015154194000000008,8197
ecology1.mtx,128,4,DCSC-sampled,sampled_worker,scratch_free,0.0091584149999999996,8197
ecology1.mtx,128,4,CombBLAS-sampled,wall,total,0.049955144,0
ecology1.mtx,128,4,CombBLAS-sampled,wall,lookup_build,0.0019957579999999998,0
ecology1.mtx,128,4,CombBLAS-sampled,wall,thread_setup,6.0415999999999999e-05,0
ecology1.mtx,128,4,CombBLAS-sampled,wall,work_bound,0.0022443239999999998,0
ecology1.mtx,128,4,CombBLAS-sampled,wall,work_prefix,0.000674915,0
ecology1.mtx,128,4,CombBLAS-sampled,wall,symbolic,0.0030259639999999999,0
ecology1.mtx,128,4,CombBLAS-sampled,wall,output_prefix,0.00032514300000000001,0
ecology1.mtx,128,4,CombBLAS-sampled,wall,output_allocate,0.028568695000000002,0
ecology1.mtx,128,4,CombBLAS-sampled,wall,numeric_scratch_setup,0.0043357960000000003,0
ecology1.mtx,128,4,CombBLAS-sampled,wall,numeric,0.008690939,0
ecology1.mtx,128,4,CombBLAS-sampled,wall,internal_cleanup,6.3729999999999998e-06,0
ecology1.mtx,128,4,CombBLAS-sampled,wall,return_cleanup,2.5839000000000001e-05,0
ecology1.mtx,128,4,CombBLAS-sampled,wall,output_free,9.2200000000000002e-07,0
ecology1.mtx,128,4,CombBLAS-sampled,sampled_worker,lookup,0.0024538199999999981,8197
ecology1.mtx,128,4,CombBLAS-sampled,sampled_worker,alloc_init,0.0017719290000000009,8197
ecology1.mtx,128,4,CombBLAS-sampled,sampled_worker,lookup_multiply_hash,0.0015638340000000022,8197
ecology1.mtx,128,4,CombBLAS-sampled,sampled_worker,compact,0.00040213600000000004,8197
ecology1.mtx,128,4,CombBLAS-sampled,sampled_worker,sort,0.0012930989999999992,8197
ecology1.mtx,128,4,CombBLAS-sampled,sampled_worker,write,0.00073302099999999939,8197
ecology1.mtx,128,4,CombBLAS-sampled,sampled_worker,scratch_free,0.00082588099999999858,8197
ecology1.mtx,128,4,CombBLAS-conversion,wall,total,0.102656705,0
ecology1.mtx,128,4,CombBLAS-conversion,wall,native_call,0.039815266000000002,0
ecology1.mtx,128,4,CombBLAS-conversion,wall,tuple_to_dcsc,0.062837662000000002,0
ecology1.mtx,128,4,CombBLAS-conversion,wall,dcsc_free,2.745e-06,0
ecology1.mtx,128,4,CombBLAS-conversion,wall,output_free,9.7199999999999997e-07,0
ecology1.mtx,128,4,DCSC-dense-lookup,wall,total,0.054102828999999998,0
ecology1.mtx,128,4,DCSC-dense-lookup,wall,native_call_and_free,0.054102367999999998,0
ecology1.mtx,128,4,DCSC-static,wall,total,0.067143129999999995,0
ecology1.mtx,128,4,DCSC-static,wall,native_call_and_free,0.067142699,0
ecology1.mtx,128,4,DCSC-dense-static,wall,total,0.051250779000000003,0
ecology1.mtx,128,4,DCSC-dense-static,wall,native_call_and_free,0.051250508,0
ecology1.mtx,128,4,CSC-control,wall,total,0.059365532999999998,0
ecology1.mtx,128,4,CSC-control,wall,native_call_and_free,0.059365482999999997,0
ecology1.mtx,128,4,DCSC-control,wall,total,0.079093290999999996,0
ecology1.mtx,128,4,DCSC-control,wall,native_call_and_free,0.079093040000000003,0
ecology1.mtx,128,4,CombBLAS-control,wall,total,0.047995937000000002,0
ecology1.mtx,128,4,CombBLAS-control,wall,native_call_and_free,0.047995255000000001,0
ecology1.mtx,128,4,CSC-profile,wall,total,0.057295031000000003,0
ecology1.mtx,128,4,CSC-profile,wall,validate,1.0020000000000001e-06,0
ecology1.mtx,128,4,CSC-profile,wall,lookup_build,2.9000000000000002e-08,0
ecology1.mtx,128,4,CSC-profile,wall,scratch_setup,0.0028312810000000002,0
ecology1.mtx,128,4,CSC-profile,wall,work_bound,0.0028959239999999998,0
ecology1.mtx,128,4,CSC-profile,wall,symbolic_capacity,0.0026185929999999998,0
ecology1.mtx,128,4,CSC-profile,wall,symbolic,0.0056967759999999997,0
ecology1.mtx,128,4,CSC-profile,wall,prefix_numeric_capacity,0.011387892,0
ecology1.mtx,128,4,CSC-profile,wall,output_allocate,0.016928709,0
ecology1.mtx,128,4,CSC-profile,wall,numeric,0.014929424,0
ecology1.mtx,128,4,CSC-profile,wall,return_cleanup,3.9580000000000001e-06,0
ecology1.mtx,128,4,CSC-profile,wall,output_free,1.3829999999999999e-06,0
ecology1.mtx,128,5,DCSC-profile,wall,total,0.079991274000000001,0
ecology1.mtx,128,5,DCSC-profile,wall,validate,4.8999999999999997e-07,0
ecology1.mtx,128,5,DCSC-profile,wall,lookup_build,0.015115091000000001,0
ecology1.mtx,128,5,DCSC-profile,wall,scratch_setup,0.0030132900000000001,0
ecology1.mtx,128,5,DCSC-profile,wall,work_bound,0.0044358369999999998,0
ecology1.mtx,128,5,DCSC-profile,wall,symbolic_capacity,0.0031430389999999998,0
ecology1.mtx,128,5,DCSC-profile,wall,symbolic,0.0071304159999999997,0
ecology1.mtx,128,5,DCSC-profile,wall,prefix_numeric_capacity,0.012227803000000001,0
ecology1.mtx,128,5,DCSC-profile,wall,output_allocate,0.018375544000000001,0
ecology1.mtx,128,5,DCSC-profile,wall,numeric,0.016545043999999998,0
ecology1.mtx,128,5,DCSC-profile,wall,return_cleanup,3.6559999999999998e-06,0
ecology1.mtx,128,5,DCSC-profile,wall,output_free,1.0020000000000001e-06,0
ecology1.mtx,128,5,CSC-profile,wall,total,0.060479328999999998,0
ecology1.mtx,128,5,CSC-profile,wall,validate,5.3099999999999998e-07,0
ecology1.mtx,128,5,CSC-profile,wall,lookup_build,2.9999999999999997e-08,0
ecology1.mtx,128,5,CSC-profile,wall,scratch_setup,0.0050938099999999998,0
ecology1.mtx,128,5,CSC-profile,wall,work_bound,0.0030787750000000002,0
ecology1.mtx,128,5,CSC-profile,wall,symbolic_capacity,0.002821502,0
ecology1.mtx,128,5,CSC-profile,wall,symbolic,0.0057691749999999997,0
ecology1.mtx,128,5,CSC-profile,wall,prefix_numeric_capacity,0.012419550999999999,0
ecology1.mtx,128,5,CSC-profile,wall,output_allocate,0.016347604000000002,0
ecology1.mtx,128,5,CSC-profile,wall,numeric,0.014941818000000001,0
ecology1.mtx,128,5,CSC-profile,wall,return_cleanup,5.5609999999999998e-06,0
ecology1.mtx,128,5,CSC-profile,wall,output_free,9.1200000000000001e-07,0
ecology1.mtx,128,5,CombBLAS-control,wall,total,0.046244636999999998,0
ecology1.mtx,128,5,CombBLAS-control,wall,native_call_and_free,0.046243705000000003,0
ecology1.mtx,128,5,DCSC-control,wall,total,0.077089547999999994,0
ecology1.mtx,128,5,DCSC-control,wall,native_call_and_free,0.077089416999999993,0
ecology1.mtx,128,5,CSC-control,wall,total,0.065243756999999999,0
ecology1.mtx,128,5,CSC-control,wall,native_call_and_free,0.065243096,0
ecology1.mtx,128,5,DCSC-dense-static,wall,total,0.053819455000000002,0
ecology1.mtx,128,5,DCSC-dense-static,wall,native_call_and_free,0.053818973999999999,0
ecology1.mtx,128,5,DCSC-static,wall,total,0.061061055000000003,0
ecology1.mtx,128,5,DCSC-static,wall,native_call_and_free,0.061060554000000003,0
ecology1.mtx,128,5,DCSC-dense-lookup,wall,total,0.060626892000000002,0
ecology1.mtx,128,5,DCSC-dense-lookup,wall,native_call_and_free,0.060626500999999999,0
ecology1.mtx,128,5,CombBLAS-conversion,wall,total,0.113779218,0
ecology1.mtx,128,5,CombBLAS-conversion,wall,native_call,0.047171945,0
ecology1.mtx,128,5,CombBLAS-conversion,wall,tuple_to_dcsc,0.066604197000000004,0
ecology1.mtx,128,5,CombBLAS-conversion,wall,dcsc_free,2.0839999999999999e-06,0
ecology1.mtx,128,5,CombBLAS-conversion,wall,output_free,9.2200000000000002e-07,0
ecology1.mtx,128,5,CombBLAS-sampled,wall,total,0.03536537,0
ecology1.mtx,128,5,CombBLAS-sampled,wall,lookup_build,0.0019748579999999999,0
ecology1.mtx,128,5,CombBLAS-sampled,wall,thread_setup,6.3472000000000005e-05,0
ecology1.mtx,128,5,CombBLAS-sampled,wall,work_bound,0.00161111,0
ecology1.mtx,128,5,CombBLAS-sampled,wall,work_prefix,0.00036643199999999998,0
ecology1.mtx,128,5,CombBLAS-sampled,wall,symbolic,0.0028997419999999999,0
ecology1.mtx,128,5,CombBLAS-sampled,wall,output_prefix,6.9343000000000003e-05,0
ecology1.mtx,128,5,CombBLAS-sampled,wall,output_allocate,0.017001990000000002,0
ecology1.mtx,128,5,CombBLAS-sampled,wall,numeric_scratch_setup,0.0035977299999999999,0
ecology1.mtx,128,5,CombBLAS-sampled,wall,numeric,0.0077530710000000003,0
ecology1.mtx,128,5,CombBLAS-sampled,wall,internal_cleanup,3.8070000000000001e-06,0
ecology1.mtx,128,5,CombBLAS-sampled,wall,return_cleanup,2.2793999999999999e-05,0
ecology1.mtx,128,5,CombBLAS-sampled,wall,output_free,9.6200000000000006e-07,0
ecology1.mtx,128,5,CombBLAS-sampled,sampled_worker,lookup,0.0021304910000000004,8197
ecology1.mtx,128,5,CombBLAS-sampled,sampled_worker,alloc_init,0.0020862330000000003,8197
ecology1.mtx,128,5,CombBLAS-sampled,sampled_worker,lookup_multiply_hash,0.0013722700000000014,8197
ecology1.mtx,128,5,CombBLAS-sampled,sampled_worker,compact,0.00040718800000000001,8197
ecology1.mtx,128,5,CombBLAS-sampled,sampled_worker,sort,0.0010607309999999999,8197
ecology1.mtx,128,5,CombBLAS-sampled,sampled_worker,write,0.00050367299999999973,8197
ecology1.mtx,128,5,CombBLAS-sampled,sampled_worker,scratch_free,0.00075101099999999967,8197
ecology1.mtx,128,5,DCSC-sampled,wall,total,0.078253680000000006,0
ecology1.mtx,128,5,DCSC-sampled,wall,validate,2.3999999999999998e-07,0
ecology1.mtx,128,5,DCSC-sampled,wall,lookup_build,0.014480645,0
ecology1.mtx,128,5,DCSC-sampled,wall,scratch_setup,0.0020414750000000001,0
ecology1.mtx,128,5,DCSC-sampled,wall,work_bound,0.0041801579999999998,0
ecology1.mtx,128,5,DCSC-sampled,wall,symbolic_capacity,0.002699187,0
ecology1.mtx,128,5,DCSC-sampled,wall,symbolic,0.0071797609999999998,0
ecology1.mtx,128,5,DCSC-sampled,wall,prefix_numeric_capacity,0.011931262999999999,0
ecology1.mtx,128,5,DCSC-sampled,wall,output_allocate,0.018900831999999999,0
ecology1.mtx,128,5,DCSC-sampled,wall,numeric,0.016830411,0
ecology1.mtx,128,5,DCSC-sampled,wall,return_cleanup,7.1930000000000004e-06,0
ecology1.mtx,128,5,DCSC-sampled,wall,output_free,2.4449999999999999e-06,0
ecology1.mtx,128,5,DCSC-sampled,sampled_worker,lookup,0,8197
ecology1.mtx,128,5,DCSC-sampled,sampled_worker,alloc_init,0.00064849199999999889,8197
ecology1.mtx,128,5,DCSC-sampled,sampled_worker,lookup_multiply_hash,0.12439304000000001,8197
ecology1.mtx,128,5,DCSC-sampled,sampled_worker,compact,0.00056977799999999984,8197
ecology1.mtx,128,5,DCSC-sampled,sampled_worker,sort,0.0019607269999999993,8197
ecology1.mtx,128,5,DCSC-sampled,sampled_worker,write,0.016627476000000002,8197
ecology1.mtx,128,5,DCSC-sampled,sampled_worker,scratch_free,0.0068798699999999971,8197
ecology1.mtx,128,5,CombBLAS-profile,wall,total,0.050517762000000001,0
ecology1.mtx,128,5,CombBLAS-profile,wall,lookup_build,0.0019116669999999999,0
ecology1.mtx,128,5,CombBLAS-profile,wall,thread_setup,6.1228000000000004e-05,0
ecology1.mtx,128,5,CombBLAS-profile,wall,work_bound,0.0022700939999999998,0
ecology1.mtx,128,5,CombBLAS-profile,wall,work_prefix,0.00069077400000000001,0
ecology1.mtx,128,5,CombBLAS-profile,wall,symbolic,0.0029897650000000001,0
ecology1.mtx,128,5,CombBLAS-profile,wall,output_prefix,0.00033399999999999999,0
ecology1.mtx,128,5,CombBLAS-profile,wall,output_allocate,0.028986145000000001,0
ecology1.mtx,128,5,CombBLAS-profile,wall,numeric_scratch_setup,0.0043660139999999997,0
ecology1.mtx,128,5,CombBLAS-profile,wall,numeric,0.0088776979999999998,0
ecology1.mtx,128,5,CombBLAS-profile,wall,internal_cleanup,5.3000000000000001e-06,0
ecology1.mtx,128,5,CombBLAS-profile,wall,return_cleanup,2.3504999999999999e-05,0
ecology1.mtx,128,5,CombBLAS-profile,wall,output_free,1.513e-06,0
ecology1.mtx,128,6,DCSC-sampled,wall,total,0.079744599999999999,0
ecology1.mtx,128,6,DCSC-sampled,wall,validate,3.3000000000000002e-07,0
ecology1.mtx,128,6,DCSC-sampled,wall,lookup_build,0.014823210999999999,0
ecology1.mtx,128,6,DCSC-sampled,wall,scratch_setup,0.0020509539999999998,0
ecology1.mtx,128,6,DCSC-sampled,wall,work_bound,0.0042222780000000003,0
ecology1.mtx,128,6,DCSC-sampled,wall,symbolic_capacity,0.0037942570000000001,0
ecology1.mtx,128,6,DCSC-sampled,wall,symbolic,0.0072003309999999999,0
ecology1.mtx,128,6,DCSC-sampled,wall,prefix_numeric_capacity,0.012034230999999999,0
ecology1.mtx,128,6,DCSC-sampled,wall,output_allocate,0.018984261999999998,0
ecology1.mtx,128,6,DCSC-sampled,wall,numeric,0.016627942999999999,0
ecology1.mtx,128,6,DCSC-sampled,wall,return_cleanup,5.4e-06,0
ecology1.mtx,128,6,DCSC-sampled,wall,output_free,1.062e-06,0
ecology1.mtx,128,6,DCSC-sampled,sampled_worker,lookup,0,8197
ecology1.mtx,128,6,DCSC-sampled,sampled_worker,alloc_init,0.00069326399999999932,8197
ecology1.mtx,128,6,DCSC-sampled,sampled_worker,lookup_multiply_hash,0.12243154000000006,8197
ecology1.mtx,128,6,DCSC-sampled,sampled_worker,compact,0.00054644799999999983,8197
ecology1.mtx,128,6,DCSC-sampled,sampled_worker,sort,0.0017834039999999997,8197
ecology1.mtx,128,6,DCSC-sampled,sampled_worker,write,0.016813270000000005,8197
ecology1.mtx,128,6,DCSC-sampled,sampled_worker,scratch_free,0.0070124869999999987,8197
ecology1.mtx,128,6,CombBLAS-sampled,wall,total,0.050478637999999999,0
ecology1.mtx,128,6,CombBLAS-sampled,wall,lookup_build,0.0018117949999999999,0
ecology1.mtx,128,6,CombBLAS-sampled,wall,thread_setup,5.7720999999999998e-05,0
ecology1.mtx,128,6,CombBLAS-sampled,wall,work_bound,0.0022912340000000001,0
ecology1.mtx,128,6,CombBLAS-sampled,wall,work_prefix,0.00069068500000000002,0
ecology1.mtx,128,6,CombBLAS-sampled,wall,symbolic,0.003120425,0
ecology1.mtx,128,6,CombBLAS-sampled,wall,output_prefix,0.00030937400000000001,0
ecology1.mtx,128,6,CombBLAS-sampled,wall,output_allocate,0.028716156999999999,0
ecology1.mtx,128,6,CombBLAS-sampled,wall,numeric_scratch_setup,0.0043387419999999996,0
ecology1.mtx,128,6,CombBLAS-sampled,wall,numeric,0.0091138199999999999,0
ecology1.mtx,128,6,CombBLAS-sampled,wall,internal_cleanup,4.3579999999999996e-06,0
ecology1.mtx,128,6,CombBLAS-sampled,wall,return_cleanup,2.3405e-05,0
ecology1.mtx,128,6,CombBLAS-sampled,wall,output_free,8.5199999999999995e-07,0
ecology1.mtx,128,6,CombBLAS-sampled,sampled_worker,lookup,0.0025467280000000007,8197
ecology1.mtx,128,6,CombBLAS-sampled,sampled_worker,alloc_init,0.0019307660000000013,8197
ecology1.mtx,128,6,CombBLAS-sampled,sampled_worker,lookup_multiply_hash,0.0016661900000000006,8197
ecology1.mtx,128,6,CombBLAS-sampled,sampled_worker,compact,0.00043776599999999991,8197
ecology1.mtx,128,6,CombBLAS-sampled,sampled_worker,sort,0.001456892999999999,8197
ecology1.mtx,128,6,CombBLAS-sampled,sampled_worker,write,0.00068808199999999947,8197
ecology1.mtx,128,6,CombBLAS-sampled,sampled_worker,scratch_free,0.00092333899999999904,8197
ecology1.mtx,128,6,CombBLAS-conversion,wall,total,0.103758699,0
ecology1.mtx,128,6,CombBLAS-conversion,wall,native_call,0.039471076000000001,0
ecology1.mtx,128,6,CombBLAS-conversion,wall,tuple_to_dcsc,0.064283846000000006,0
ecology1.mtx,128,6,CombBLAS-conversion,wall,dcsc_free,2.8550000000000002e-06,0
ecology1.mtx,128,6,CombBLAS-conversion,wall,output_free,8.4200000000000005e-07,0
ecology1.mtx,128,6,DCSC-dense-lookup,wall,total,0.055756892000000002,0
ecology1.mtx,128,6,DCSC-dense-lookup,wall,native_call_and_free,0.055755459,0
ecology1.mtx,128,6,DCSC-static,wall,total,0.067876667000000002,0
ecology1.mtx,128,6,DCSC-static,wall,native_call_and_free,0.067876327,0
ecology1.mtx,128,6,DCSC-dense-static,wall,total,0.051324099999999998,0
ecology1.mtx,128,6,DCSC-dense-static,wall,native_call_and_free,0.051323819,0
ecology1.mtx,128,6,CSC-control,wall,total,0.059016984000000001,0
ecology1.mtx,128,6,CSC-control,wall,native_call_and_free,0.059016923999999998,0
ecology1.mtx,128,6,DCSC-control,wall,total,0.079124829999999993,0
ecology1.mtx,128,6,DCSC-control,wall,native_call_and_free,0.079124770999999997,0
ecology1.mtx,128,6,CombBLAS-control,wall,total,0.049526942999999997,0
ecology1.mtx,128,6,CombBLAS-control,wall,native_call_and_free,0.049525810000000003,0
ecology1.mtx,128,6,CSC-profile,wall,total,0.058205698,0
ecology1.mtx,128,6,CSC-profile,wall,validate,1.1230000000000001e-06,0
ecology1.mtx,128,6,CSC-profile,wall,lookup_build,2.9999999999999997e-08,0
ecology1.mtx,128,6,CSC-profile,wall,scratch_setup,0.002975657,0
ecology1.mtx,128,6,CSC-profile,wall,work_bound,0.00288346,0
ecology1.mtx,128,6,CSC-profile,wall,symbolic_capacity,0.0031863920000000001,0
ecology1.mtx,128,6,CSC-profile,wall,symbolic,0.0057152319999999998,0
ecology1.mtx,128,6,CSC-profile,wall,prefix_numeric_capacity,0.01174644,0
ecology1.mtx,128,6,CSC-profile,wall,output_allocate,0.016899513000000001,0
ecology1.mtx,128,6,CSC-profile,wall,numeric,0.014791359,0
ecology1.mtx,128,6,CSC-profile,wall,return_cleanup,4.8799999999999999e-06,0
ecology1.mtx,128,6,CSC-profile,wall,output_free,1.5519999999999999e-06,0
ecology1.mtx,128,6,DCSC-profile,wall,total,0.080417409999999995,0
ecology1.mtx,128,6,DCSC-profile,wall,validate,3.6100000000000002e-07,0
ecology1.mtx,128,6,DCSC-profile,wall,lookup_build,0.015907060000000001,0
ecology1.mtx,128,6,DCSC-profile,wall,scratch_setup,0.003037536,0
ecology1.mtx,128,6,DCSC-profile,wall,work_bound,0.0044503859999999998,0
ecology1.mtx,128,6,DCSC-profile,wall,symbolic_capacity,0.003247378,0
ecology1.mtx,128,6,DCSC-profile,wall,symbolic,0.007144002,0
ecology1.mtx,128,6,DCSC-profile,wall,prefix_numeric_capacity,0.011345371,0
ecology1.mtx,128,6,DCSC-profile,wall,output_allocate,0.018799988,0
ecology1.mtx,128,6,DCSC-profile,wall,numeric,0.016475279999999998,0
ecology1.mtx,128,6,DCSC-profile,wall,return_cleanup,8.0649999999999999e-06,0
ecology1.mtx,128,6,DCSC-profile,wall,output_free,1.9240000000000001e-06,0
ecology1.mtx,128,6,CombBLAS-profile,wall,total,0.050013646000000002,0
ecology1.mtx,128,6,CombBLAS-profile,wall,lookup_build,0.001803509,0
ecology1.mtx,128,6,CombBLAS-profile,wall,thread_setup,6.7259000000000001e-05,0
ecology1.mtx,128,6,CombBLAS-profile,wall,work_bound,0.002488222,0
ecology1.mtx,128,6,CombBLAS-profile,wall,work_prefix,0.00068183800000000004,0
ecology1.mtx,128,6,CombBLAS-profile,wall,symbolic,0.0032233230000000002,0
ecology1.mtx,128,6,CombBLAS-profile,wall,output_prefix,0.00031886099999999998,0
ecology1.mtx,128,6,CombBLAS-profile,wall,output_allocate,0.027455489999999999,0
ecology1.mtx,128,6,CombBLAS-profile,wall,numeric_scratch_setup,0.0043818540000000001,0
ecology1.mtx,128,6,CombBLAS-profile,wall,numeric,0.0095595249999999993,0
ecology1.mtx,128,6,CombBLAS-profile,wall,internal_cleanup,6.6429999999999998e-06,0
ecology1.mtx,128,6,CombBLAS-profile,wall,return_cleanup,2.616e-05,0
ecology1.mtx,128,6,CombBLAS-profile,wall,output_free,8.9199999999999999e-07,0
ecology1.mtx,128,7,DCSC-sampled,wall,total,0.078509390999999998,0
ecology1.mtx,128,7,DCSC-sampled,wall,validate,2.6100000000000002e-07,0
ecology1.mtx,128,7,DCSC-sampled,wall,lookup_build,0.014745762000000001,0
ecology1.mtx,128,7,DCSC-sampled,wall,scratch_setup,0.0021751919999999998,0
ecology1.mtx,128,7,DCSC-sampled,wall,work_bound,0.0041309329999999998,0
ecology1.mtx,128,7,DCSC-sampled,wall,symbolic_capacity,0.0027107189999999999,0
ecology1.mtx,128,7,DCSC-sampled,wall,symbolic,0.0070353239999999999,0
ecology1.mtx,128,7,DCSC-sampled,wall,prefix_numeric_capacity,0.011674241,0
ecology1.mtx,128,7,DCSC-sampled,wall,output_allocate,0.019587779999999999,0
ecology1.mtx,128,7,DCSC-sampled,wall,numeric,0.016439009000000001,0
ecology1.mtx,128,7,DCSC-sampled,wall,return_cleanup,9.1779999999999992e-06,0
ecology1.mtx,128,7,DCSC-sampled,wall,output_free,9.2200000000000002e-07,0
ecology1.mtx,128,7,DCSC-sampled,sampled_worker,lookup,0,8197
ecology1.mtx,128,7,DCSC-sampled,sampled_worker,alloc_init,0.00067140899999999955,8197
ecology1.mtx,128,7,DCSC-sampled,sampled_worker,lookup_multiply_hash,0.12278611899999993,8197
ecology1.mtx,128,7,DCSC-sampled,sampled_worker,compact,0.00062957099999999956,8197
ecology1.mtx,128,7,DCSC-sampled,sampled_worker,sort,0.0019617950000000001,8197
ecology1.mtx,128,7,DCSC-sampled,sampled_worker,write,0.016624268000000005,8197
ecology1.mtx,128,7,DCSC-sampled,sampled_worker,scratch_free,0.0061296950000000001,8197
ecology1.mtx,128,7,CombBLAS-profile,wall,total,0.050005590000000003,0
ecology1.mtx,128,7,CombBLAS-profile,wall,lookup_build,0.0020389000000000002,0
ecology1.mtx,128,7,CombBLAS-profile,wall,thread_setup,5.7070000000000001e-05,0
ecology1.mtx,128,7,CombBLAS-profile,wall,work_bound,0.0023527320000000002,0
ecology1.mtx,128,7,CombBLAS-profile,wall,work_prefix,0.00068272999999999999,0
ecology1.mtx,128,7,CombBLAS-profile,wall,symbolic,0.002962812,0
ecology1.mtx,128,7,CombBLAS-profile,wall,output_prefix,0.000303954,0
ecology1.mtx,128,7,CombBLAS-profile,wall,output_allocate,0.028742157000000001,0
ecology1.mtx,128,7,CombBLAS-profile,wall,numeric_scratch_setup,0.0043047459999999999,0
ecology1.mtx,128,7,CombBLAS-profile,wall,numeric,0.0085314929999999994,0
ecology1.mtx,128,7,CombBLAS-profile,wall,internal_cleanup,5.0699999999999997e-06,0
ecology1.mtx,128,7,CombBLAS-profile,wall,return_cleanup,2.3244999999999999e-05,0
ecology1.mtx,128,7,CombBLAS-profile,wall,output_free,6.3099999999999997e-07,0
ecology1.mtx,128,7,DCSC-profile,wall,total,0.078802162999999995,0
ecology1.mtx,128,7,DCSC-profile,wall,validate,7.1099999999999995e-07,0
ecology1.mtx,128,7,DCSC-profile,wall,lookup_build,0.014662513,0
ecology1.mtx,128,7,DCSC-profile,wall,scratch_setup,0.0020589789999999998,0
ecology1.mtx,128,7,DCSC-profile,wall,work_bound,0.0041743759999999996,0
ecology1.mtx,128,7,DCSC-profile,wall,symbolic_capacity,0.0026757420000000001,0
ecology1.mtx,128,7,DCSC-profile,wall,symbolic,0.0071807729999999997,0
ecology1.mtx,128,7,DCSC-profile,wall,prefix_numeric_capacity,0.011689651000000001,0
ecology1.mtx,128,7,DCSC-profile,wall,output_allocate,0.019772162999999999,0
ecology1.mtx,128,7,DCSC-profile,wall,numeric,0.016581592999999999,0
ecology1.mtx,128,7,DCSC-profile,wall,return_cleanup,3.9979999999999997e-06,0
ecology1.mtx,128,7,DCSC-profile,wall,output_free,1.6029999999999999e-06,0
ecology1.mtx,128,7,CSC-profile,wall,total,0.062509512000000003,0
ecology1.mtx,128,7,CSC-profile,wall,validate,4.7100000000000002e-07,0
ecology1.mtx,128,7,CSC-profile,wall,lookup_build,4.0000000000000001e-08,0
ecology1.mtx,128,7,CSC-profile,wall,scratch_setup,0.0053379780000000002,0
ecology1.mtx,128,7,CSC-profile,wall,work_bound,0.0027152280000000001,0
ecology1.mtx,128,7,CSC-profile,wall,symbolic_capacity,0.0035414719999999999,0
ecology1.mtx,128,7,CSC-profile,wall,symbolic,0.0054665149999999999,0
ecology1.mtx,128,7,CSC-profile,wall,prefix_numeric_capacity,0.013287576000000001,0
ecology1.mtx,128,7,CSC-profile,wall,output_allocate,0.016948807,0
ecology1.mtx,128,7,CSC-profile,wall,numeric,0.015202869000000001,0
ecology1.mtx,128,7,CSC-profile,wall,return_cleanup,6.7630000000000003e-06,0
ecology1.mtx,128,7,CSC-profile,wall,output_free,1.7230000000000001e-06,0
ecology1.mtx,128,7,CombBLAS-control,wall,total,0.047460950000000002,0
ecology1.mtx,128,7,CombBLAS-control,wall,native_call_and_free,0.047460378999999997,0
ecology1.mtx,128,7,DCSC-control,wall,total,0.077500664999999996,0
ecology1.mtx,128,7,DCSC-control,wall,native_call_and_free,0.077500424999999998,0
ecology1.mtx,128,7,CSC-control,wall,total,0.062748340999999999,0
ecology1.mtx,128,7,CSC-control,wall,native_call_and_free,0.062748282000000002,0
ecology1.mtx,128,7,DCSC-dense-static,wall,total,0.053727149000000002,0
ecology1.mtx,128,7,DCSC-dense-static,wall,native_call_and_free,0.053726848000000001,0
ecology1.mtx,128,7,DCSC-static,wall,total,0.059786139000000002,0
ecology1.mtx,128,7,DCSC-static,wall,native_call_and_free,0.059785649000000003,0
ecology1.mtx,128,7,DCSC-dense-lookup,wall,total,0.061956421999999997,0
ecology1.mtx,128,7,DCSC-dense-lookup,wall,native_call_and_free,0.061956272,0
ecology1.mtx,128,7,CombBLAS-conversion,wall,total,0.11442327300000001,0
ecology1.mtx,128,7,CombBLAS-conversion,wall,native_call,0.047162528000000002,0
ecology1.mtx,128,7,CombBLAS-conversion,wall,tuple_to_dcsc,0.067257409000000004,0
ecology1.mtx,128,7,CombBLAS-conversion,wall,dcsc_free,2.615e-06,0
ecology1.mtx,128,7,CombBLAS-conversion,wall,output_free,6.7100000000000001e-07,0
ecology1.mtx,128,7,CombBLAS-sampled,wall,total,0.034190507000000002,0
ecology1.mtx,128,7,CombBLAS-sampled,wall,lookup_build,0.00179346,0
ecology1.mtx,128,7,CombBLAS-sampled,wall,thread_setup,6.5716000000000006e-05,0
ecology1.mtx,128,7,CombBLAS-sampled,wall,work_bound,0.0016387229999999999,0
ecology1.mtx,128,7,CombBLAS-sampled,wall,work_prefix,0.00038140199999999998,0
ecology1.mtx,128,7,CombBLAS-sampled,wall,symbolic,0.0027294540000000001,0
ecology1.mtx,128,7,CombBLAS-sampled,wall,output_prefix,6.7219999999999997e-05,0
ecology1.mtx,128,7,CombBLAS-sampled,wall,output_allocate,0.016604115999999999,0
ecology1.mtx,128,7,CombBLAS-sampled,wall,numeric_scratch_setup,0.003542655,0
ecology1.mtx,128,7,CombBLAS-sampled,wall,numeric,0.0073407589999999997,0
ecology1.mtx,128,7,CombBLAS-sampled,wall,internal_cleanup,3.5269999999999999e-06,0
ecology1.mtx,128,7,CombBLAS-sampled,wall,return_cleanup,2.2463000000000002e-05,0
ecology1.mtx,128,7,CombBLAS-sampled,wall,output_free,9.4200000000000004e-07,0
ecology1.mtx,128,7,CombBLAS-sampled,sampled_worker,lookup,0.0021753190000000002,8197
ecology1.mtx,128,7,CombBLAS-sampled,sampled_worker,alloc_init,0.0016354860000000007,8197
ecology1.mtx,128,7,CombBLAS-sampled,sampled_worker,lookup_multiply_hash,0.0014010500000000005,8197
ecology1.mtx,128,7,CombBLAS-sampled,sampled_worker,compact,0.00041086399999999993,8197
ecology1.mtx,128,7,CombBLAS-sampled,sampled_worker,sort,0.0011402129999999997,8197
ecology1.mtx,128,7,CombBLAS-sampled,sampled_worker,write,0.00052698099999999961,8197
ecology1.mtx,128,7,CombBLAS-sampled,sampled_worker,scratch_free,0.00074460299999999906,8197
ecology1.mtx,128,8,CombBLAS-conversion,wall,total,0.111820691,0
ecology1.mtx,128,8,CombBLAS-conversion,wall,native_call,0.043113561000000002,0
ecology1.mtx,128,8,CombBLAS-conversion,wall,tuple_to_dcsc,0.068704004999999999,0
ecology1.mtx,128,8,CombBLAS-conversion,wall,dcsc_free,2.3640000000000002e-06,0
ecology1.mtx,128,8,CombBLAS-conversion,wall,output_free,7.0100000000000004e-07,0
ecology1.mtx,128,8,DCSC-dense-lookup,wall,total,0.057468484,0
ecology1.mtx,128,8,DCSC-dense-lookup,wall,native_call_and_free,0.057467852,0
ecology1.mtx,128,8,DCSC-static,wall,total,0.066097785000000006,0
ecology1.mtx,128,8,DCSC-static,wall,native_call_and_free,0.066097024000000004,0
ecology1.mtx,128,8,DCSC-dense-static,wall,total,0.051397480000000002,0
ecology1.mtx,128,8,DCSC-dense-static,wall,native_call_and_free,0.051396948999999997,0
ecology1.mtx,128,8,CSC-control,wall,total,0.058023850000000002,0
ecology1.mtx,128,8,CSC-control,wall,native_call_and_free,0.058023608999999997,0
ecology1.mtx,128,8,DCSC-control,wall,total,0.080561606999999993,0
ecology1.mtx,128,8,DCSC-control,wall,native_call_and_free,0.080561105999999993,0
ecology1.mtx,128,8,CombBLAS-control,wall,total,0.048734792999999998,0
ecology1.mtx,128,8,CombBLAS-control,wall,native_call_and_free,0.048734272000000002,0
ecology1.mtx,128,8,CSC-profile,wall,total,0.058173216,0
ecology1.mtx,128,8,CSC-profile,wall,validate,8.71e-07,0
ecology1.mtx,128,8,CSC-profile,wall,lookup_build,2.9999999999999997e-08,0
ecology1.mtx,128,8,CSC-profile,wall,scratch_setup,0.0028463500000000001,0
ecology1.mtx,128,8,CSC-profile,wall,work_bound,0.0029049610000000002,0
ecology1.mtx,128,8,CSC-profile,wall,symbolic_capacity,0.0030224470000000002,0
ecology1.mtx,128,8,CSC-profile,wall,symbolic,0.0057409710000000001,0
ecology1.mtx,128,8,CSC-profile,wall,prefix_numeric_capacity,0.01183526,0
ecology1.mtx,128,8,CSC-profile,wall,output_allocate,0.016979447000000002,0
ecology1.mtx,128,8,CSC-profile,wall,numeric,0.014835454,0
ecology1.mtx,128,8,CSC-profile,wall,return_cleanup,5.1100000000000002e-06,0
ecology1.mtx,128,8,CSC-profile,wall,output_free,2.2639999999999998e-06,0
ecology1.mtx,128,8,DCSC-profile,wall,total,0.081543550000000006,0
ecology1.mtx,128,8,DCSC-profile,wall,validate,3.0100000000000001e-07,0
ecology1.mtx,128,8,DCSC-profile,wall,lookup_build,0.015574752000000001,0
ecology1.mtx,128,8,DCSC-profile,wall,scratch_setup,0.0030589570000000002,0
ecology1.mtx,128,8,DCSC-profile,wall,work_bound,0.0044791309999999999,0
ecology1.mtx,128,8,DCSC-profile,wall,symbolic_capacity,0.0038295650000000001,0
ecology1.mtx,128,8,DCSC-profile,wall,symbolic,0.0072046280000000002,0
ecology1.mtx,128,8,DCSC-profile,wall,prefix_numeric_capacity,0.011921726000000001,0
ecology1.mtx,128,8,DCSC-profile,wall,output_allocate,0.018977279,0
ecology1.mtx,128,8,DCSC-profile,wall,numeric,0.016488023000000001,0
ecology1.mtx,128,8,DCSC-profile,wall,return_cleanup,8.0460000000000006e-06,0
ecology1.mtx,128,8,DCSC-profile,wall,output_free,1.0720000000000001e-06,0
ecology1.mtx,128,8,CombBLAS-profile,wall,total,0.050125810999999999,0
ecology1.mtx,128,8,CombBLAS-profile,wall,lookup_build,0.001511489,0
ecology1.mtx,128,8,CombBLAS-profile,wall,thread_setup,5.7741000000000002e-05,0
ecology1.mtx,128,8,CombBLAS-profile,wall,work_bound,0.0025622940000000001,0
ecology1.mtx,128,8,CombBLAS-profile,wall,work_prefix,0.00066930400000000001,0
ecology1.mtx,128,8,CombBLAS-profile,wall,symbolic,0.003230265,0
ecology1.mtx,128,8,CombBLAS-profile,wall,output_prefix,0.00032054499999999999,0
ecology1.mtx,128,8,CombBLAS-profile,wall,output_allocate,0.028105837000000002,0
ecology1.mtx,128,8,CombBLAS-profile,wall,numeric_scratch_setup,0.0043603030000000003,0
ecology1.mtx,128,8,CombBLAS-profile,wall,numeric,0.0092760120000000001,0
ecology1.mtx,128,8,CombBLAS-profile,wall,internal_cleanup,5.2299999999999999e-06,0
ecology1.mtx,128,8,CombBLAS-profile,wall,return_cleanup,2.5609000000000002e-05,0
ecology1.mtx,128,8,CombBLAS-profile,wall,output_free,1.122e-06,0
ecology1.mtx,128,8,DCSC-sampled,wall,total,0.079658665000000003,0
ecology1.mtx,128,8,DCSC-sampled,wall,validate,3.1100000000000002e-07,0
ecology1.mtx,128,8,DCSC-sampled,wall,lookup_build,0.014763686,0
ecology1.mtx,128,8,DCSC-sampled,wall,scratch_setup,0.0020933050000000002,0
ecology1.mtx,128,8,DCSC-sampled,wall,work_bound,0.0041985429999999999,0
ecology1.mtx,128,8,DCSC-sampled,wall,symbolic_capacity,0.0028311,0
ecology1.mtx,128,8,DCSC-sampled,wall,symbolic,0.0071508650000000002,0
ecology1.mtx,128,8,DCSC-sampled,wall,prefix_numeric_capacity,0.012454809000000001,0
ecology1.mtx,128,8,DCSC-sampled,wall,output_allocate,0.019732617000000001,0
ecology1.mtx,128,8,DCSC-sampled,wall,numeric,0.016423901000000001,0
ecology1.mtx,128,8,DCSC-sampled,wall,return_cleanup,8.3450000000000006e-06,0
ecology1.mtx,128,8,DCSC-sampled,wall,output_free,1.1230000000000001e-06,0
ecology1.mtx,128,8,DCSC-sampled,sampled_worker,lookup,0,8197
ecology1.mtx,128,8,DCSC-sampled,sampled_worker,alloc_init,0.00074534499999999904,8197
ecology1.mtx,128,8,DCSC-sampled,sampled_worker,lookup_multiply_hash,0.12322129599999999,8197
ecology1.mtx,128,8,DCSC-sampled,sampled_worker,compact,0.0006693290000000003,8197
ecology1.mtx,128,8,DCSC-sampled,sampled_worker,sort,0.0022041300000000003,8197
ecology1.mtx,128,8,DCSC-sampled,sampled_worker,write,0.017749878999999996,8197
ecology1.mtx,128,8,DCSC-sampled,sampled_worker,scratch_free,0.0052960530000000002,8197
ecology1.mtx,128,8,CombBLAS-sampled,wall,total,0.051188960999999998,0
ecology1.mtx,128,8,CombBLAS-sampled,wall,lookup_build,0.0020903689999999999,0
ecology1.mtx,128,8,CombBLAS-sampled,wall,thread_setup,5.7510999999999999e-05,0
ecology1.mtx,128,8,CombBLAS-sampled,wall,work_bound,0.002348475,0
ecology1.mtx,128,8,CombBLAS-sampled,wall,work_prefix,0.000681877,0
ecology1.mtx,128,8,CombBLAS-sampled,wall,symbolic,0.0032685290000000001,0
ecology1.mtx,128,8,CombBLAS-sampled,wall,output_prefix,0.00032920200000000001,0
ecology1.mtx,128,8,CombBLAS-sampled,wall,output_allocate,0.029581386000000001,0
ecology1.mtx,128,8,CombBLAS-sampled,wall,numeric_scratch_setup,0.004356296,0
ecology1.mtx,128,8,CombBLAS-sampled,wall,numeric,0.0084449869999999993,0
ecology1.mtx,128,8,CombBLAS-sampled,wall,internal_cleanup,4.8400000000000002e-06,0
ecology1.mtx,128,8,CombBLAS-sampled,wall,return_cleanup,2.4737e-05,0
ecology1.mtx,128,8,CombBLAS-sampled,wall,output_free,6.9100000000000003e-07,0
ecology1.mtx,128,8,CombBLAS-sampled,sampled_worker,lookup,0.0025577669999999994,8197
ecology1.mtx,128,8,CombBLAS-sampled,sampled_worker,alloc_init,0.0020005040000000002,8197
ecology1.mtx,128,8,CombBLAS-sampled,sampled_worker,lookup_multiply_hash,0.0017653810000000016,8197
ecology1.mtx,128,8,CombBLAS-sampled,sampled_worker,compact,0.00041184399999999948,8197
ecology1.mtx,128,8,CombBLAS-sampled,sampled_worker,sort,0.0014223939999999991,8197
ecology1.mtx,128,8,CombBLAS-sampled,sampled_worker,write,0.00071093299999999877,8197
ecology1.mtx,128,8,CombBLAS-sampled,sampled_worker,scratch_free,0.00091056599999999894,8197
ecology1.mtx,128,9,CombBLAS-conversion,wall,total,0.13966174100000001,0
ecology1.mtx,128,9,CombBLAS-conversion,wall,native_call,0.039849461000000003,0
ecology1.mtx,128,9,CombBLAS-conversion,wall,tuple_to_dcsc,0.099808452000000006,0
ecology1.mtx,128,9,CombBLAS-conversion,wall,dcsc_free,3.2059999999999999e-06,0
ecology1.mtx,128,9,CombBLAS-conversion,wall,output_free,5.7100000000000002e-07,0
ecology1.mtx,128,9,CombBLAS-sampled,wall,total,0.034057983,0
ecology1.mtx,128,9,CombBLAS-sampled,wall,lookup_build,0.0018920390000000001,0
ecology1.mtx,128,9,CombBLAS-sampled,wall,thread_setup,8.4763000000000001e-05,0
ecology1.mtx,128,9,CombBLAS-sampled,wall,work_bound,0.0017657059999999999,0
ecology1.mtx,128,9,CombBLAS-sampled,wall,work_prefix,0.00036310699999999999,0
ecology1.mtx,128,9,CombBLAS-sampled,wall,symbolic,0.0028763069999999998,0
ecology1.mtx,128,9,CombBLAS-sampled,wall,output_prefix,6.7710000000000001e-05,0
ecology1.mtx,128,9,CombBLAS-sampled,wall,output_allocate,0.016529413,0
ecology1.mtx,128,9,CombBLAS-sampled,wall,numeric_scratch_setup,0.0034824489999999999,0
ecology1.mtx,128,9,CombBLAS-sampled,wall,numeric,0.0069669420000000003,0
ecology1.mtx,128,9,CombBLAS-sampled,wall,internal_cleanup,4.2379999999999999e-06,0
ecology1.mtx,128,9,CombBLAS-sampled,wall,return_cleanup,2.4717999999999999e-05,0
ecology1.mtx,128,9,CombBLAS-sampled,wall,output_free,5.3099999999999998e-07,0
ecology1.mtx,128,9,CombBLAS-sampled,sampled_worker,lookup,0.0020625019999999995,8197
ecology1.mtx,128,9,CombBLAS-sampled,sampled_worker,alloc_init,0.0015801229999999999,8197
ecology1.mtx,128,9,CombBLAS-sampled,sampled_worker,lookup_multiply_hash,0.0014037450000000007,8197
ecology1.mtx,128,9,CombBLAS-sampled,sampled_worker,compact,0.00039559500000000021,8197
ecology1.mtx,128,9,CombBLAS-sampled,sampled_worker,sort,0.001099945,8197
ecology1.mtx,128,9,CombBLAS-sampled,sampled_worker,write,0.00049912699999999993,8197
ecology1.mtx,128,9,CombBLAS-sampled,sampled_worker,scratch_free,0.00071959799999999935,8197
ecology1.mtx,128,9,DCSC-sampled,wall,total,0.079329884000000003,0
ecology1.mtx,128,9,DCSC-sampled,wall,validate,4.51e-07,0
ecology1.mtx,128,9,DCSC-sampled,wall,lookup_build,0.014655970000000001,0
ecology1.mtx,128,9,DCSC-sampled,wall,scratch_setup,0.0022124029999999999,0
ecology1.mtx,128,9,DCSC-sampled,wall,work_bound,0.0045319119999999999,0
ecology1.mtx,128,9,DCSC-sampled,wall,symbolic_capacity,0.0033491940000000002,0
ecology1.mtx,128,9,DCSC-sampled,wall,symbolic,0.0072576409999999996,0
ecology1.mtx,128,9,DCSC-sampled,wall,prefix_numeric_capacity,0.011867661,0
ecology1.mtx,128,9,DCSC-sampled,wall,output_allocate,0.019021433000000001,0
ecology1.mtx,128,9,DCSC-sampled,wall,numeric,0.016424161999999999,0
ecology1.mtx,128,9,DCSC-sampled,wall,return_cleanup,7.4039999999999998e-06,0
ecology1.mtx,128,9,DCSC-sampled,wall,output_free,1.5829999999999999e-06,0
ecology1.mtx,128,9,DCSC-sampled,sampled_worker,lookup,0,8197
ecology1.mtx,128,9,DCSC-sampled,sampled_worker,alloc_init,0.00070156099999999942,8197
ecology1.mtx,128,9,DCSC-sampled,sampled_worker,lookup_multiply_hash,0.12498672300000002,8197
ecology1.mtx,128,9,DCSC-sampled,sampled_worker,compact,0.00062509700000000024,8197
ecology1.mtx,128,9,DCSC-sampled,sampled_worker,sort,0.0020288279999999999,8197
ecology1.mtx,128,9,DCSC-sampled,sampled_worker,write,0.01838087800000001,8197
ecology1.mtx,128,9,DCSC-sampled,sampled_worker,scratch_free,0.0049763329999999977,8197
ecology1.mtx,128,9,CombBLAS-profile,wall,total,0.049285338999999997,0
ecology1.mtx,128,9,CombBLAS-profile,wall,lookup_build,0.0019295009999999999,0
ecology1.mtx,128,9,CombBLAS-profile,wall,thread_setup,5.8832000000000002e-05,0
ecology1.mtx,128,9,CombBLAS-profile,wall,work_bound,0.0023858170000000001,0
ecology1.mtx,128,9,CombBLAS-profile,wall,work_prefix,0.00067639700000000002,0
ecology1.mtx,128,9,CombBLAS-profile,wall,symbolic,0.0029662989999999999,0
ecology1.mtx,128,9,CombBLAS-profile,wall,output_prefix,0.00032970200000000002,0
ecology1.mtx,128,9,CombBLAS-profile,wall,output_allocate,0.02852963,0
ecology1.mtx,128,9,CombBLAS-profile,wall,numeric_scratch_setup,0.0043305959999999999,0
ecology1.mtx,128,9,CombBLAS-profile,wall,numeric,0.0080500399999999996,0
ecology1.mtx,128,9,CombBLAS-profile,wall,internal_cleanup,4.279e-06,0
ecology1.mtx,128,9,CombBLAS-profile,wall,return_cleanup,2.3515000000000001e-05,0
ecology1.mtx,128,9,CombBLAS-profile,wall,output_free,6.61e-07,0
ecology1.mtx,128,9,DCSC-profile,wall,total,0.078552433000000005,0
ecology1.mtx,128,9,DCSC-profile,wall,validate,4.51e-07,0
ecology1.mtx,128,9,DCSC-profile,wall,lookup_build,0.014852456,0
ecology1.mtx,128,9,DCSC-profile,wall,scratch_setup,0.0021604139999999998,0
ecology1.mtx,128,9,DCSC-profile,wall,work_bound,0.004469883,0
ecology1.mtx,128,9,DCSC-profile,wall,symbolic_capacity,0.0028248180000000002,0
ecology1.mtx,128,9,DCSC-profile,wall,symbolic,0.0072169729999999998,0
ecology1.mtx,128,9,DCSC-profile,wall,prefix_numeric_capacity,0.011422827999999999,0
ecology1.mtx,128,9,DCSC-profile,wall,output_allocate,0.019127126000000001,0
ecology1.mtx,128,9,DCSC-profile,wall,numeric,0.016471632999999999,0
ecology1.mtx,128,9,DCSC-profile,wall,return_cleanup,4.9590000000000003e-06,0
ecology1.mtx,128,9,DCSC-profile,wall,output_free,8.2099999999999995e-07,0
ecology1.mtx,128,9,CSC-profile,wall,total,0.065254367999999993,0
ecology1.mtx,128,9,CSC-profile,wall,validate,4.6100000000000001e-07,0
ecology1.mtx,128,9,CSC-profile,wall,lookup_build,4.0000000000000001e-08,0
ecology1.mtx,128,9,CSC-profile,wall,scratch_setup,0.0073156109999999996,0
ecology1.mtx,128,9,CSC-profile,wall,work_bound,0.002710559,0
ecology1.mtx,128,9,CSC-profile,wall,symbolic_capacity,0.0040773399999999996,0
ecology1.mtx,128,9,CSC-profile,wall,symbolic,0.0054340029999999998,0
ecology1.mtx,128,9,CSC-profile,wall,prefix_numeric_capacity,0.013214846000000001,0
ecology1.mtx,128,9,CSC-profile,wall,output_allocate,0.017692564000000001,0
ecology1.mtx,128,9,CSC-profile,wall,numeric,0.014803724000000001,0
ecology1.mtx,128,9,CSC-profile,wall,return_cleanup,3.8770000000000003e-06,0
ecology1.mtx,128,9,CSC-profile,wall,output_free,1.2920000000000001e-06,0
ecology1.mtx,128,9,CombBLAS-control,wall,total,0.047627569000000002,0
ecology1.mtx,128,9,CombBLAS-control,wall,native_call_and_free,0.047626507999999998,0
ecology1.mtx,128,9,DCSC-control,wall,total,0.078022996999999997,0
ecology1.mtx,128,9,DCSC-control,wall,native_call_and_free,0.078022847000000006,0
ecology1.mtx,128,9,CSC-control,wall,total,0.064626053000000003,0
ecology1.mtx,128,9,CSC-control,wall,native_call_and_free,0.064625812000000005,0
ecology1.mtx,128,9,DCSC-dense-static,wall,total,0.054431238999999999,0
ecology1.mtx,128,9,DCSC-dense-static,wall,native_call_and_free,0.054430287000000001,0
ecology1.mtx,128,9,DCSC-static,wall,total,0.059371474,0
ecology1.mtx,128,9,DCSC-static,wall,native_call_and_free,0.059371213999999999,0
ecology1.mtx,128,9,DCSC-dense-lookup,wall,total,0.062827332999999999,0
ecology1.mtx,128,9,DCSC-dense-lookup,wall,native_call_and_free,0.062826672,0
ecology1.mtx,128,10,DCSC-static,wall,total,0.061840609999999997,0
ecology1.mtx,128,10,DCSC-static,wall,native_call_and_free,0.061839559000000002,0
ecology1.mtx,128,10,DCSC-dense-static,wall,total,0.051503913999999998,0
ecology1.mtx,128,10,DCSC-dense-static,wall,native_call_and_free,0.051503543999999998,0
ecology1.mtx,128,10,CSC-control,wall,total,0.058982198,0
ecology1.mtx,128,10,CSC-control,wall,native_call_and_free,0.058981635999999997,0
ecology1.mtx,128,10,DCSC-control,wall,total,0.080600431,0
ecology1.mtx,128,10,DCSC-control,wall,native_call_and_free,0.080600360999999995,0
ecology1.mtx,128,10,CombBLAS-control,wall,total,0.049033697000000001,0
ecology1.mtx,128,10,CombBLAS-control,wall,native_call_and_free,0.049032974999999999,0
ecology1.mtx,128,10,CSC-profile,wall,total,0.058610734999999997,0
ecology1.mtx,128,10,CSC-profile,wall,validate,4.8999999999999997e-07,0
ecology1.mtx,128,10,CSC-profile,wall,lookup_build,3.1e-08,0
ecology1.mtx,128,10,CSC-profile,wall,scratch_setup,0.0028004000000000002,0
ecology1.mtx,128,10,CSC-profile,wall,work_bound,0.0029205619999999998,0
ecology1.mtx,128,10,CSC-profile,wall,symbolic_capacity,0.0031467460000000002,0
ecology1.mtx,128,10,CSC-profile,wall,symbolic,0.0057792140000000004,0
ecology1.mtx,128,10,CSC-profile,wall,prefix_numeric_capacity,0.012232101,0
ecology1.mtx,128,10,CSC-profile,wall,output_allocate,0.016887329999999999,0
ecology1.mtx,128,10,CSC-profile,wall,numeric,0.014838230000000001,0
ecology1.mtx,128,10,CSC-profile,wall,return_cleanup,3.9870000000000001e-06,0
ecology1.mtx,128,10,CSC-profile,wall,output_free,1.533e-06,0
ecology1.mtx,128,10,DCSC-profile,wall,total,0.080110833000000006,0
ecology1.mtx,128,10,DCSC-profile,wall,validate,3.8099999999999998e-07,0
ecology1.mtx,128,10,DCSC-profile,wall,lookup_build,0.015855220999999999,0
ecology1.mtx,128,10,DCSC-profile,wall,scratch_setup,0.0030170959999999999,0
ecology1.mtx,128,10,DCSC-profile,wall,work_bound,0.0045206710000000004,0
ecology1.mtx,128,10,DCSC-profile,wall,symbolic_capacity,0.002482752,0
ecology1.mtx,128,10,DCSC-profile,wall,symbolic,0.0071901600000000001,0
ecology1.mtx,128,10,DCSC-profile,wall,prefix_numeric_capacity,0.011736862000000001,0
ecology1.mtx,128,10,DCSC-profile,wall,output_allocate,0.018897976,0
ecology1.mtx,128,10,DCSC-profile,wall,numeric,0.016404182999999999,0
ecology1.mtx,128,10,DCSC-profile,wall,return_cleanup,4.8189999999999999e-06,0
ecology1.mtx,128,10,DCSC-profile,wall,output_free,6.5199999999999996e-07,0
ecology1.mtx,128,10,CombBLAS-profile,wall,total,0.049704843999999998,0
ecology1.mtx,128,10,CombBLAS-profile,wall,lookup_build,0.0014049850000000001,0
ecology1.mtx,128,10,CombBLAS-profile,wall,thread_setup,6.0466e-05,0
ecology1.mtx,128,10,CombBLAS-profile,wall,work_bound,0.0025726740000000001,0
ecology1.mtx,128,10,CombBLAS-profile,wall,work_prefix,0.00067239000000000003,0
ecology1.mtx,128,10,CombBLAS-profile,wall,symbolic,0.0031593900000000002,0
ecology1.mtx,128,10,CombBLAS-profile,wall,output_prefix,0.00032208699999999998,0
ecology1.mtx,128,10,CombBLAS-profile,wall,output_allocate,0.027962121999999999,0
ecology1.mtx,128,10,CombBLAS-profile,wall,numeric_scratch_setup,0.004300969,0
ecology1.mtx,128,10,CombBLAS-profile,wall,numeric,0.0092195330000000002,0
ecology1.mtx,128,10,CombBLAS-profile,wall,internal_cleanup,5.711e-06,0
ecology1.mtx,128,10,CombBLAS-profile,wall,return_cleanup,2.3354999999999999e-05,0
ecology1.mtx,128,10,CombBLAS-profile,wall,output_free,1.102e-06,0
ecology1.mtx,128,10,DCSC-sampled,wall,total,0.078937171,0
ecology1.mtx,128,10,DCSC-sampled,wall,validate,5.5000000000000003e-07,0
ecology1.mtx,128,10,DCSC-sampled,wall,lookup_build,0.014734281,0
ecology1.mtx,128,10,DCSC-sampled,wall,scratch_setup,0.002049511,0
ecology1.mtx,128,10,DCSC-sampled,wall,work_bound,0.0042147740000000001,0
ecology1.mtx,128,10,DCSC-sampled,wall,symbolic_capacity,0.002620977,0
ecology1.mtx,128,10,DCSC-sampled,wall,symbolic,0.0072006010000000001,0
ecology1.mtx,128,10,DCSC-sampled,wall,prefix_numeric_capacity,0.011707825,0
ecology1.mtx,128,10,DCSC-sampled,wall,output_allocate,0.019970031999999999,0
ecology1.mtx,128,10,DCSC-sampled,wall,numeric,0.016431485999999999,0
ecology1.mtx,128,10,DCSC-sampled,wall,return_cleanup,5.8610000000000003e-06,0
ecology1.mtx,128,10,DCSC-sampled,wall,output_free,1.223e-06,0
ecology1.mtx,128,10,DCSC-sampled,sampled_worker,lookup,0,8197
ecology1.mtx,128,10,DCSC-sampled,sampled_worker,alloc_init,0.00081606399999999894,8197
ecology1.mtx,128,10,DCSC-sampled,sampled_worker,lookup_multiply_hash,0.12421001599999998,8197
ecology1.mtx,128,10,DCSC-sampled,sampled_worker,compact,0.00063322199999999947,8197
ecology1.mtx,128,10,DCSC-sampled,sampled_worker,sort,0.0021912719999999993,8197
ecology1.mtx,128,10,DCSC-sampled,sampled_worker,write,0.018057130000000008,8197
ecology1.mtx,128,10,DCSC-sampled,sampled_worker,scratch_free,0.0051733749999999983,8197
ecology1.mtx,128,10,CombBLAS-sampled,wall,total,0.050336855999999999,0
ecology1.mtx,128,10,CombBLAS-sampled,wall,lookup_build,0.0020622259999999999,0
ecology1.mtx,128,10,CombBLAS-sampled,wall,thread_setup,7.4974000000000004e-05,0
ecology1.mtx,128,10,CombBLAS-sampled,wall,work_bound,0.0023798840000000001,0
ecology1.mtx,128,10,CombBLAS-sampled,wall,work_prefix,0.00067535499999999999,0
ecology1.mtx,128,10,CombBLAS-sampled,wall,symbolic,0.0030554110000000001,0
ecology1.mtx,128,10,CombBLAS-sampled,wall,output_prefix,0.000332978,0
ecology1.mtx,128,10,CombBLAS-sampled,wall,output_allocate,0.028759931999999998,0
ecology1.mtx,128,10,CombBLAS-sampled,wall,numeric_scratch_setup,0.0043518159999999997,0
ecology1.mtx,128,10,CombBLAS-sampled,wall,numeric,0.0086163860000000002,0
ecology1.mtx,128,10,CombBLAS-sampled,wall,internal_cleanup,4.048e-06,0
ecology1.mtx,128,10,CombBLAS-sampled,wall,return_cleanup,2.2753999999999999e-05,0
ecology1.mtx,128,10,CombBLAS-sampled,wall,output_free,1.032e-06,0
ecology1.mtx,128,10,CombBLAS-sampled,sampled_worker,lookup,0.0025279020000000011,8197
ecology1.mtx,128,10,CombBLAS-sampled,sampled_worker,alloc_init,0.0020445660000000011,8197
ecology1.mtx,128,10,CombBLAS-sampled,sampled_worker,lookup_multiply_hash,0.0017944450000000008,8197
ecology1.mtx,128,10,CombBLAS-sampled,sampled_worker,compact,0.00041685500000000016,8197
ecology1.mtx,128,10,CombBLAS-sampled,sampled_worker,sort,0.0014220159999999986,8197
ecology1.mtx,128,10,CombBLAS-sampled,sampled_worker,write,0.0006902589999999996,8197
ecology1.mtx,128,10,CombBLAS-sampled,sampled_worker,scratch_free,0.00092088999999999897,8197
ecology1.mtx,128,10,CombBLAS-conversion,wall,total,0.123196851,0
ecology1.mtx,128,10,CombBLAS-conversion,wall,native_call,0.040852375000000003,0
ecology1.mtx,128,10,CombBLAS-conversion,wall,tuple_to_dcsc,0.082341020000000001,0
ecology1.mtx,128,10,CombBLAS-conversion,wall,dcsc_free,2.8150000000000002e-06,0
ecology1.mtx,128,10,CombBLAS-conversion,wall,output_free,5.8100000000000003e-07,0
ecology1.mtx,128,10,DCSC-dense-lookup,wall,total,0.054380602,0
ecology1.mtx,128,10,DCSC-dense-lookup,wall,native_call_and_free,0.054380541999999997,0
ecology1.mtx,128,11,DCSC-static,wall,total,0.066841480999999994,0
ecology1.mtx,128,11,DCSC-static,wall,native_call_and_free,0.066841040000000004,0
ecology1.mtx,128,11,DCSC-dense-lookup,wall,total,0.066703096000000003,0
ecology1.mtx,128,11,DCSC-dense-lookup,wall,native_call_and_free,0.066703025999999999,0
ecology1.mtx,128,11,CombBLAS-conversion,wall,total,0.12989758200000001,0
ecology1.mtx,128,11,CombBLAS-conversion,wall,native_call,0.046507119999999999,0
ecology1.mtx,128,11,CombBLAS-conversion,wall,tuple_to_dcsc,0.083386705000000005,0
ecology1.mtx,128,11,CombBLAS-conversion,wall,dcsc_free,3.106e-06,0
ecology1.mtx,128,11,CombBLAS-conversion,wall,output_free,5.9200000000000001e-07,0
ecology1.mtx,128,11,CombBLAS-sampled,wall,total,0.034774687999999998,0
ecology1.mtx,128,11,CombBLAS-sampled,wall,lookup_build,0.001869405,0
ecology1.mtx,128,11,CombBLAS-sampled,wall,thread_setup,6.7659999999999999e-05,0
ecology1.mtx,128,11,CombBLAS-sampled,wall,work_bound,0.001912679,0
ecology1.mtx,128,11,CombBLAS-sampled,wall,work_prefix,0.00046584300000000002,0
ecology1.mtx,128,11,CombBLAS-sampled,wall,symbolic,0.00285192,0
ecology1.mtx,128,11,CombBLAS-sampled,wall,output_prefix,7.3851999999999997e-05,0
ecology1.mtx,128,11,CombBLAS-sampled,wall,output_allocate,0.016581383000000002,0
ecology1.mtx,128,11,CombBLAS-sampled,wall,numeric_scratch_setup,0.0036587970000000001,0
ecology1.mtx,128,11,CombBLAS-sampled,wall,numeric,0.0072653750000000001,0
ecology1.mtx,128,11,CombBLAS-sampled,wall,internal_cleanup,4.138e-06,0
ecology1.mtx,128,11,CombBLAS-sampled,wall,return_cleanup,2.3085e-05,0
ecology1.mtx,128,11,CombBLAS-sampled,wall,output_free,4.8100000000000003e-07,0
ecology1.mtx,128,11,CombBLAS-sampled,sampled_worker,lookup,0.0021707830000000003,8197
ecology1.mtx,128,11,CombBLAS-sampled,sampled_worker,alloc_init,0.0016328410000000001,8197
ecology1.mtx,128,11,CombBLAS-sampled,sampled_worker,lookup_multiply_hash,0.0014839590000000015,8197
ecology1.mtx,128,11,CombBLAS-sampled,sampled_worker,compact,0.00040405899999999969,8197
ecology1.mtx,128,11,CombBLAS-sampled,sampled_worker,sort,0.0011722170000000001,8197
ecology1.mtx,128,11,CombBLAS-sampled,sampled_worker,write,0.00052776099999999953,8197
ecology1.mtx,128,11,CombBLAS-sampled,sampled_worker,scratch_free,0.00076980199999999955,8197
ecology1.mtx,128,11,DCSC-sampled,wall,total,0.080463337999999995,0
ecology1.mtx,128,11,DCSC-sampled,wall,validate,3.1100000000000002e-07,0
ecology1.mtx,128,11,DCSC-sampled,wall,lookup_build,0.014456577,0
ecology1.mtx,128,11,DCSC-sampled,wall,scratch_setup,0.002101781,0
ecology1.mtx,128,11,DCSC-sampled,wall,work_bound,0.0042624849999999999,0
ecology1.mtx,128,11,DCSC-sampled,wall,symbolic_capacity,0.0039263809999999996,0
ecology1.mtx,128,11,DCSC-sampled,wall,symbolic,0.0072878279999999997,0
ecology1.mtx,128,11,DCSC-sampled,wall,prefix_numeric_capacity,0.012600889000000001,0
ecology1.mtx,128,11,DCSC-sampled,wall,output_allocate,0.018989901999999999,0
ecology1.mtx,128,11,DCSC-sampled,wall,numeric,0.016827706000000001,0
ecology1.mtx,128,11,DCSC-sampled,wall,return_cleanup,7.9850000000000006e-06,0
ecology1.mtx,128,11,DCSC-sampled,wall,output_free,1.423e-06,0
ecology1.mtx,128,11,DCSC-sampled,sampled_worker,lookup,0,8197
ecology1.mtx,128,11,DCSC-sampled,sampled_worker,alloc_init,0.00071195499999999936,8197
ecology1.mtx,128,11,DCSC-sampled,sampled_worker,lookup_multiply_hash,0.12837020300000002,8197
ecology1.mtx,128,11,DCSC-sampled,sampled_worker,compact,0.00062203599999999996,8197
ecology1.mtx,128,11,DCSC-sampled,sampled_worker,sort,0.0020324929999999994,8197
ecology1.mtx,128,11,DCSC-sampled,sampled_worker,write,0.018726331000000016,8197
ecology1.mtx,128,11,DCSC-sampled,sampled_worker,scratch_free,0.0054653090000000015,8197
ecology1.mtx,128,11,CombBLAS-profile,wall,total,0.051339649000000001,0
ecology1.mtx,128,11,CombBLAS-profile,wall,lookup_build,0.0017262810000000001,0
ecology1.mtx,128,11,CombBLAS-profile,wall,thread_setup,5.8041000000000002e-05,0
ecology1.mtx,128,11,CombBLAS-profile,wall,work_bound,0.0023477630000000001,0
ecology1.mtx,128,11,CombBLAS-profile,wall,work_prefix,0.00067434400000000001,0
ecology1.mtx,128,11,CombBLAS-profile,wall,symbolic,0.00298227,0
ecology1.mtx,128,11,CombBLAS-profile,wall,output_prefix,0.00032730699999999999,0
ecology1.mtx,128,11,CombBLAS-profile,wall,output_allocate,0.030476675000000002,0
ecology1.mtx,128,11,CombBLAS-profile,wall,numeric_scratch_setup,0.0043237320000000003,0
ecology1.mtx,128,11,CombBLAS-profile,wall,numeric,0.0083927979999999999,0
ecology1.mtx,128,11,CombBLAS-profile,wall,internal_cleanup,6.1310000000000003e-06,0
ecology1.mtx,128,11,CombBLAS-profile,wall,return_cleanup,2.3385000000000001e-05,0
ecology1.mtx,128,11,CombBLAS-profile,wall,output_free,8.6199999999999996e-07,0
ecology1.mtx,128,11,DCSC-profile,wall,total,0.079534687000000007,0
ecology1.mtx,128,11,DCSC-profile,wall,validate,6.92e-07,0
ecology1.mtx,128,11,DCSC-profile,wall,lookup_build,0.014942159,0
ecology1.mtx,128,11,DCSC-profile,wall,scratch_setup,0.0022204680000000002,0
ecology1.mtx,128,11,DCSC-profile,wall,work_bound,0.00428,0
ecology1.mtx,128,11,DCSC-profile,wall,symbolic_capacity,0.0030262940000000001,0
ecology1.mtx,128,11,DCSC-profile,wall,symbolic,0.0073335659999999997,0
ecology1.mtx,128,11,DCSC-profile,wall,prefix_numeric_capacity,0.011684781,0
ecology1.mtx,128,11,DCSC-profile,wall,output_allocate,0.019394227999999999,0
ecology1.mtx,128,11,DCSC-profile,wall,numeric,0.016643793,0
ecology1.mtx,128,11,DCSC-profile,wall,return_cleanup,7.6550000000000004e-06,0
ecology1.mtx,128,11,DCSC-profile,wall,output_free,1.001e-06,0
ecology1.mtx,128,11,CSC-profile,wall,total,0.065678581,0
ecology1.mtx,128,11,CSC-profile,wall,validate,1.122e-06,0
ecology1.mtx,128,11,CSC-profile,wall,lookup_build,2.2000000000000001e-07,0
ecology1.mtx,128,11,CSC-profile,wall,scratch_setup,0.006878884,0
ecology1.mtx,128,11,CSC-profile,wall,work_bound,0.0027911139999999999,0
ecology1.mtx,128,11,CSC-profile,wall,symbolic_capacity,0.004154357,0
ecology1.mtx,128,11,CSC-profile,wall,symbolic,0.0055549750000000002,0
ecology1.mtx,128,11,CSC-profile,wall,prefix_numeric_capacity,0.013623219000000001,0
ecology1.mtx,128,11,CSC-profile,wall,output_allocate,0.017811763000000001,0
ecology1.mtx,128,11,CSC-profile,wall,numeric,0.014856836,0
ecology1.mtx,128,11,CSC-profile,wall,return_cleanup,4.809e-06,0
ecology1.mtx,128,11,CSC-profile,wall,output_free,1.2219999999999999e-06,0
ecology1.mtx,128,11,CombBLAS-control,wall,total,0.046827315000000001,0
ecology1.mtx,128,11,CombBLAS-control,wall,native_call_and_free,0.046826644000000001,0
ecology1.mtx,128,11,DCSC-control,wall,total,0.078965575999999996,0
ecology1.mtx,128,11,DCSC-control,wall,native_call_and_free,0.078965515999999999,0
ecology1.mtx,128,11,CSC-control,wall,total,0.062698203999999993,0
ecology1.mtx,128,11,CSC-control,wall,native_call_and_free,0.062698085000000001,0
ecology1.mtx,128,11,DCSC-dense-static,wall,total,0.054816737999999997,0
ecology1.mtx,128,11,DCSC-dense-static,wall,native_call_and_free,0.054816317000000003,0
