dataset,threads,iteration,backend,kind,phase,seconds,sampled_columns
ER_V20000_D8,1,0,CSC-control,wall,total,0.075372129999999996,0
ER_V20000_D8,1,0,CSC-control,wall,native_call_and_free,0.075371589000000003,0
ER_V20000_D8,1,0,DCSC-control,wall,total,0.081985884999999994,0
ER_V20000_D8,1,0,DCSC-control,wall,native_call_and_free,0.081985614999999998,0
ER_V20000_D8,1,0,CombBLAS-control,wall,total,0.084038961999999995,0
ER_V20000_D8,1,0,CombBLAS-control,wall,native_call_and_free,0.084038380999999995,0
ER_V20000_D8,1,0,CSC-profile,wall,total,0.075852251999999995,0
ER_V20000_D8,1,0,CSC-profile,wall,validate,8.8100000000000001e-07,0
ER_V20000_D8,1,0,CSC-profile,wall,lookup_build,2.9999999999999997e-08,0
ER_V20000_D8,1,0,CSC-profile,wall,scratch_setup,2.1401000000000001e-05,0
ER_V20000_D8,1,0,CSC-profile,wall,work_bound,0.00035567200000000002,0
ER_V20000_D8,1,0,CSC-profile,wall,symbolic_capacity,0.00013123200000000001,0
ER_V20000_D8,1,0,CSC-profile,wall,symbolic,0.015842555000000001,0
ER_V20000_D8,1,0,CSC-profile,wall,prefix_numeric_capacity,0.00014741299999999999,0
ER_V20000_D8,1,0,CSC-profile,wall,output_allocate,0.0017978079999999999,0
ER_V20000_D8,1,0,CSC-profile,wall,numeric,0.057553414999999997,0
ER_V20000_D8,1,0,CSC-profile,wall,return_cleanup,9.1200000000000001e-07,0
ER_V20000_D8,1,0,CSC-profile,wall,output_free,8.71e-07,0
ER_V20000_D8,1,0,DCSC-profile,wall,total,0.082557922000000006,0
ER_V20000_D8,1,0,DCSC-profile,wall,validate,4.7100000000000002e-07,0
ER_V20000_D8,1,0,DCSC-profile,wall,lookup_build,0.00024579099999999998,0
ER_V20000_D8,1,0,DCSC-profile,wall,scratch_setup,1.9256999999999999e-05,0
ER_V20000_D8,1,0,DCSC-profile,wall,work_bound,0.0011790119999999999,0
ER_V20000_D8,1,0,DCSC-profile,wall,symbolic_capacity,0.00012924799999999999,0
ER_V20000_D8,1,0,DCSC-profile,wall,symbolic,0.019062890999999998,0
ER_V20000_D8,1,0,DCSC-profile,wall,prefix_numeric_capacity,0.000148665,0
ER_V20000_D8,1,0,DCSC-profile,wall,output_allocate,0.001390938,0
ER_V20000_D8,1,0,DCSC-profile,wall,numeric,0.060379766000000001,0
ER_V20000_D8,1,0,DCSC-profile,wall,return_cleanup,1.0419999999999999e-06,0
ER_V20000_D8,1,0,DCSC-profile,wall,output_free,7.7100000000000001e-07,0
ER_V20000_D8,1,0,CombBLAS-profile,wall,total,0.086856477000000001,0
ER_V20000_D8,1,0,CombBLAS-profile,wall,lookup_build,1.9677000000000002e-05,0
ER_V20000_D8,1,0,CombBLAS-profile,wall,thread_setup,1.8339999999999999e-06,0
ER_V20000_D8,1,0,CombBLAS-profile,wall,work_bound,0.0029835830000000002,0
ER_V20000_D8,1,0,CombBLAS-profile,wall,work_prefix,1.4557e-05,0
ER_V20000_D8,1,0,CombBLAS-profile,wall,symbolic,0.018215056,0
ER_V20000_D8,1,0,CombBLAS-profile,wall,output_prefix,1.2514000000000001e-05,0
ER_V20000_D8,1,0,CombBLAS-profile,wall,output_allocate,0.0021718449999999999,0
ER_V20000_D8,1,0,CombBLAS-profile,wall,numeric_scratch_setup,8.5463999999999994e-05,0
ER_V20000_D8,1,0,CombBLAS-profile,wall,numeric,0.063348329999999994,0
ER_V20000_D8,1,0,CombBLAS-profile,wall,internal_cleanup,2.3740000000000001e-06,0
ER_V20000_D8,1,0,CombBLAS-profile,wall,return_cleanup,5.9100000000000004e-07,0
ER_V20000_D8,1,0,CombBLAS-profile,wall,output_free,5.9200000000000001e-07,0
ER_V20000_D8,1,0,DCSC-sampled,wall,total,0.084973814999999994,0
ER_V20000_D8,1,0,DCSC-sampled,wall,validate,2.41e-07,0
ER_V20000_D8,1,0,DCSC-sampled,wall,lookup_build,0.00024322600000000001,0
ER_V20000_D8,1,0,DCSC-sampled,wall,scratch_setup,2.4658e-05,0
ER_V20000_D8,1,0,DCSC-sampled,wall,work_bound,0.001175344,0
ER_V20000_D8,1,0,DCSC-sampled,wall,symbolic_capacity,0.00012759499999999999,0
ER_V20000_D8,1,0,DCSC-sampled,wall,symbolic,0.019037873,0
ER_V20000_D8,1,0,DCSC-sampled,wall,prefix_numeric_capacity,0.000147193,0
ER_V20000_D8,1,0,DCSC-sampled,wall,output_allocate,0.0017217619999999999,0
ER_V20000_D8,1,0,DCSC-sampled,wall,numeric,0.062493769999999997,0
ER_V20000_D8,1,0,DCSC-sampled,wall,return_cleanup,1.212e-06,0
ER_V20000_D8,1,0,DCSC-sampled,wall,output_free,8.8199999999999998e-07,0
ER_V20000_D8,1,0,DCSC-sampled,sampled_worker,lookup,0,10000
ER_V20000_D8,1,0,DCSC-sampled,sampled_worker,alloc_init,0.0011612579999999942,10000
ER_V20000_D8,1,0,DCSC-sampled,sampled_worker,lookup_multiply_hash,0.010935975999999977,10000
ER_V20000_D8,1,0,DCSC-sampled,sampled_worker,compact,0.003101128000000015,10000
ER_V20000_D8,1,0,DCSC-sampled,sampled_worker,sort,0.014846427999999983,10000
ER_V20000_D8,1,0,DCSC-sampled,sampled_worker,write,0.0010421959999999781,10000
ER_V20000_D8,1,0,DCSC-sampled,sampled_worker,scratch_free,0.00077268299999996458,10000
ER_V20000_D8,1,0,CombBLAS-sampled,wall,total,0.090684098000000005,0
ER_V20000_D8,1,0,CombBLAS-sampled,wall,lookup_build,1.8014999999999999e-05,0
ER_V20000_D8,1,0,CombBLAS-sampled,wall,thread_setup,2.554e-06,0
ER_V20000_D8,1,0,CombBLAS-sampled,wall,work_bound,0.0029882020000000001,0
ER_V20000_D8,1,0,CombBLAS-sampled,wall,work_prefix,1.4568e-05,0
ER_V20000_D8,1,0,CombBLAS-sampled,wall,symbolic,0.019434835000000001,0
ER_V20000_D8,1,0,CombBLAS-sampled,wall,output_prefix,1.4137e-05,0
ER_V20000_D8,1,0,CombBLAS-sampled,wall,output_allocate,0.0023307409999999999,0
ER_V20000_D8,1,0,CombBLAS-sampled,wall,numeric_scratch_setup,8.4862000000000002e-05,0
ER_V20000_D8,1,0,CombBLAS-sampled,wall,numeric,0.065791324999999998,0
ER_V20000_D8,1,0,CombBLAS-sampled,wall,internal_cleanup,3.647e-06,0
ER_V20000_D8,1,0,CombBLAS-sampled,wall,return_cleanup,7.61e-07,0
ER_V20000_D8,1,0,CombBLAS-sampled,wall,output_free,3.8099999999999998e-07,0
ER_V20000_D8,1,0,CombBLAS-sampled,sampled_worker,lookup,0.002080933000000001,10000
ER_V20000_D8,1,0,CombBLAS-sampled,sampled_worker,alloc_init,0.0015547009999999262,10000
ER_V20000_D8,1,0,CombBLAS-sampled,sampled_worker,lookup_multiply_hash,0.0089598539999999824,10000
ER_V20000_D8,1,0,CombBLAS-sampled,sampled_worker,compact,0.003208806000000031,10000
ER_V20000_D8,1,0,CombBLAS-sampled,sampled_worker,sort,0.014973922000000037,10000
ER_V20000_D8,1,0,CombBLAS-sampled,sampled_worker,write,0.0020885289999999614,10000
ER_V20000_D8,1,0,CombBLAS-sampled,sampled_worker,scratch_free,0.00070309699999998067,10000
ER_V20000_D8,1,0,CombBLAS-conversion,wall,total,0.090658618999999996,0
ER_V20000_D8,1,0,CombBLAS-conversion,wall,native_call,0.083665477000000002,0
ER_V20000_D8,1,0,CombBLAS-conversion,wall,tuple_to_dcsc,0.006989706,0
ER_V20000_D8,1,0,CombBLAS-conversion,wall,dcsc_free,2.6749999999999998e-06,0
ER_V20000_D8,1,0,CombBLAS-conversion,wall,output_free,7.0100000000000004e-07,0
ER_V20000_D8,1,0,DCSC-dense-lookup,wall,total,0.075125647000000004,0
ER_V20000_D8,1,0,DCSC-dense-lookup,wall,native_call_and_free,0.075125366999999998,0
ER_V20000_D8,1,0,DCSC-static,wall,total,0.081285652999999999,0
ER_V20000_D8,1,0,DCSC-static,wall,native_call_and_free,0.081285370999999995,0
ER_V20000_D8,1,0,DCSC-dense-static,wall,total,0.075071494000000002,0
ER_V20000_D8,1,0,DCSC-dense-static,wall,native_call_and_free,0.075071173000000005,0
ER_V20000_D8,1,1,CSC-control,wall,total,0.075096251000000003,0
ER_V20000_D8,1,1,CSC-control,wall,native_call_and_free,0.075095949999999995,0
ER_V20000_D8,1,1,DCSC-dense-static,wall,total,0.075286354999999999,0
ER_V20000_D8,1,1,DCSC-dense-static,wall,native_call_and_free,0.075286075999999993,0
ER_V20000_D8,1,1,DCSC-static,wall,total,0.081092331000000004,0
ER_V20000_D8,1,1,DCSC-static,wall,native_call_and_free,0.081092040000000004,0
ER_V20000_D8,1,1,DCSC-dense-lookup,wall,total,0.074764786,0
ER_V20000_D8,1,1,DCSC-dense-lookup,wall,native_call_and_free,0.074764504999999995,0
ER_V20000_D8,1,1,CombBLAS-conversion,wall,total,0.091042525999999999,0
ER_V20000_D8,1,1,CombBLAS-conversion,wall,native_call,0.083968919000000003,0
ER_V20000_D8,1,1,CombBLAS-conversion,wall,tuple_to_dcsc,0.0070700099999999998,0
ER_V20000_D8,1,1,CombBLAS-conversion,wall,dcsc_free,2.835e-06,0
ER_V20000_D8,1,1,CombBLAS-conversion,wall,output_free,7.1200000000000002e-07,0
ER_V20000_D8,1,1,CombBLAS-sampled,wall,total,0.089598665999999993,0
ER_V20000_D8,1,1,CombBLAS-sampled,wall,lookup_build,1.8456000000000001e-05,0
ER_V20000_D8,1,1,CombBLAS-sampled,wall,thread_setup,6.8129999999999998e-06,0
ER_V20000_D8,1,1,CombBLAS-sampled,wall,work_bound,0.0030213449999999999,0
ER_V20000_D8,1,1,CombBLAS-sampled,wall,work_prefix,1.4457999999999999e-05,0
ER_V20000_D8,1,1,CombBLAS-sampled,wall,symbolic,0.018330295999999999,0
ER_V20000_D8,1,1,CombBLAS-sampled,wall,output_prefix,1.2435e-05,0
ER_V20000_D8,1,1,CombBLAS-sampled,wall,output_allocate,0.0023949430000000001,0
ER_V20000_D8,1,1,CombBLAS-sampled,wall,numeric_scratch_setup,8.3410000000000003e-05,0
ER_V20000_D8,1,1,CombBLAS-sampled,wall,numeric,0.065712924000000006,0
ER_V20000_D8,1,1,CombBLAS-sampled,wall,internal_cleanup,2.7149999999999998e-06,0
ER_V20000_D8,1,1,CombBLAS-sampled,wall,return_cleanup,5.3099999999999998e-07,0
ER_V20000_D8,1,1,CombBLAS-sampled,wall,output_free,2.8000000000000002e-07,0
ER_V20000_D8,1,1,CombBLAS-sampled,sampled_worker,lookup,0.0020742139999999848,10000
ER_V20000_D8,1,1,CombBLAS-sampled,sampled_worker,alloc_init,0.0015605909999999361,10000
ER_V20000_D8,1,1,CombBLAS-sampled,sampled_worker,lookup_multiply_hash,0.0089752890000000009,10000
ER_V20000_D8,1,1,CombBLAS-sampled,sampled_worker,compact,0.0032029850000000384,10000
ER_V20000_D8,1,1,CombBLAS-sampled,sampled_worker,sort,0.014992504000000075,10000
ER_V20000_D8,1,1,CombBLAS-sampled,sampled_worker,write,0.0021227879999999662,10000
ER_V20000_D8,1,1,CombBLAS-sampled,sampled_worker,scratch_free,0.00070098799999997804,10000
ER_V20000_D8,1,1,DCSC-sampled,wall,total,0.08499147,0
ER_V20000_D8,1,1,DCSC-sampled,wall,validate,4.51e-07,0
ER_V20000_D8,1,1,DCSC-sampled,wall,lookup_build,0.00024451900000000001,0
ER_V20000_D8,1,1,DCSC-sampled,wall,scratch_setup,2.5939999999999999e-05,0
ER_V20000_D8,1,1,DCSC-sampled,wall,work_bound,0.001184792,0
ER_V20000_D8,1,1,DCSC-sampled,wall,symbolic_capacity,0.000127174,0
ER_V20000_D8,1,1,DCSC-sampled,wall,symbolic,0.019085636,0
ER_V20000_D8,1,1,DCSC-sampled,wall,prefix_numeric_capacity,0.000148114,0
ER_V20000_D8,1,1,DCSC-sampled,wall,output_allocate,0.0017148389999999999,0
ER_V20000_D8,1,1,DCSC-sampled,wall,numeric,0.062457611000000003,0
ER_V20000_D8,1,1,DCSC-sampled,wall,return_cleanup,1.212e-06,0
ER_V20000_D8,1,1,DCSC-sampled,wall,output_free,1.1319999999999999e-06,0
ER_V20000_D8,1,1,DCSC-sampled,sampled_worker,lookup,0,10000
ER_V20000_D8,1,1,DCSC-sampled,sampled_worker,alloc_init,0.0011374289999999895,10000
ER_V20000_D8,1,1,DCSC-sampled,sampled_worker,lookup_multiply_hash,0.01097994500000002,10000
ER_V20000_D8,1,1,DCSC-sampled,sampled_worker,compact,0.0031025280000000054,10000
ER_V20000_D8,1,1,DCSC-sampled,sampled_worker,sort,0.014764908999999918,10000
ER_V20000_D8,1,1,DCSC-sampled,sampled_worker,write,0.0010309989999999789,10000
ER_V20000_D8,1,1,DCSC-sampled,sampled_worker,scratch_free,0.0007563909999999597,10000
ER_V20000_D8,1,1,CombBLAS-profile,wall,total,0.086786322999999999,0
ER_V20000_D8,1,1,CombBLAS-profile,wall,lookup_build,1.8304e-05,0
ER_V20000_D8,1,1,CombBLAS-profile,wall,thread_setup,2.0949999999999998e-06,0
ER_V20000_D8,1,1,CombBLAS-profile,wall,work_bound,0.0030552890000000001,0
ER_V20000_D8,1,1,CombBLAS-profile,wall,work_prefix,1.4328000000000001e-05,0
ER_V20000_D8,1,1,CombBLAS-profile,wall,symbolic,0.018226197,0
ER_V20000_D8,1,1,CombBLAS-profile,wall,output_prefix,1.2364000000000001e-05,0
ER_V20000_D8,1,1,CombBLAS-profile,wall,output_allocate,0.0021684690000000001,0
ER_V20000_D8,1,1,CombBLAS-profile,wall,numeric_scratch_setup,8.3659999999999995e-05,0
ER_V20000_D8,1,1,CombBLAS-profile,wall,numeric,0.063202949999999994,0
ER_V20000_D8,1,1,CombBLAS-profile,wall,internal_cleanup,1.654e-06,0
ER_V20000_D8,1,1,CombBLAS-profile,wall,return_cleanup,5.51e-07,0
ER_V20000_D8,1,1,CombBLAS-profile,wall,output_free,3.9999999999999998e-07,0
ER_V20000_D8,1,1,DCSC-profile,wall,total,0.082453661999999997,0
ER_V20000_D8,1,1,DCSC-profile,wall,validate,4.6100000000000001e-07,0
ER_V20000_D8,1,1,DCSC-profile,wall,lookup_build,0.00024349699999999999,0
ER_V20000_D8,1,1,DCSC-profile,wall,scratch_setup,2.4556999999999999e-05,0
ER_V20000_D8,1,1,DCSC-profile,wall,work_bound,0.0011801839999999999,0
ER_V20000_D8,1,1,DCSC-profile,wall,symbolic_capacity,0.00012711299999999999,0
ER_V20000_D8,1,1,DCSC-profile,wall,symbolic,0.019071889000000002,0
ER_V20000_D8,1,1,DCSC-profile,wall,prefix_numeric_capacity,0.000147563,0
ER_V20000_D8,1,1,DCSC-profile,wall,output_allocate,0.0017267420000000001,0
ER_V20000_D8,1,1,DCSC-profile,wall,numeric,0.059929652,0
ER_V20000_D8,1,1,DCSC-profile,wall,return_cleanup,1.0020000000000001e-06,0
ER_V20000_D8,1,1,DCSC-profile,wall,output_free,9.5199999999999995e-07,0
ER_V20000_D8,1,1,CSC-profile,wall,total,0.075621899000000006,0
ER_V20000_D8,1,1,CSC-profile,wall,validate,5.1099999999999996e-07,0
ER_V20000_D8,1,1,CSC-profile,wall,lookup_build,4.0000000000000001e-08,0
ER_V20000_D8,1,1,CSC-profile,wall,scratch_setup,1.6130999999999999e-05,0
ER_V20000_D8,1,1,CSC-profile,wall,work_bound,0.000350933,0
ER_V20000_D8,1,1,CSC-profile,wall,symbolic_capacity,0.00013148200000000001,0
ER_V20000_D8,1,1,CSC-profile,wall,symbolic,0.015730962000000001,0
ER_V20000_D8,1,1,CSC-profile,wall,prefix_numeric_capacity,0.00014695100000000001,0
ER_V20000_D8,1,1,CSC-profile,wall,output_allocate,0.0013289490000000001,0
ER_V20000_D8,1,1,CSC-profile,wall,numeric,0.057913495000000002,0
ER_V20000_D8,1,1,CSC-profile,wall,return_cleanup,1.604e-06,0
ER_V20000_D8,1,1,CSC-profile,wall,output_free,7.8100000000000002e-07,0
ER_V20000_D8,1,1,CombBLAS-control,wall,total,0.083898903999999996,0
ER_V20000_D8,1,1,CombBLAS-control,wall,native_call_and_free,0.083898142999999994,0
ER_V20000_D8,1,1,DCSC-control,wall,total,0.082325717000000007,0
ER_V20000_D8,1,1,DCSC-control,wall,native_call_and_free,0.082325436000000002,0
ER_V20000_D8,1,2,CombBLAS-control,wall,total,0.083758034999999995,0
ER_V20000_D8,1,2,CombBLAS-control,wall,native_call_and_free,0.083757493000000002,0
ER_V20000_D8,1,2,CSC-profile,wall,total,0.075570580999999998,0
ER_V20000_D8,1,2,CSC-profile,wall,validate,1.1930000000000001e-06,0
ER_V20000_D8,1,2,CSC-profile,wall,lookup_build,4.0000000000000001e-08,0
ER_V20000_D8,1,2,CSC-profile,wall,scratch_setup,2.1520999999999999e-05,0
ER_V20000_D8,1,2,CSC-profile,wall,work_bound,0.00036171400000000001,0
ER_V20000_D8,1,2,CSC-profile,wall,symbolic_capacity,0.00013045999999999999,0
ER_V20000_D8,1,2,CSC-profile,wall,symbolic,0.015925203999999998,0
ER_V20000_D8,1,2,CSC-profile,wall,prefix_numeric_capacity,0.00014770300000000001,0
ER_V20000_D8,1,2,CSC-profile,wall,output_allocate,0.001688539,0
ER_V20000_D8,1,2,CSC-profile,wall,numeric,0.057292514000000003,0
ER_V20000_D8,1,2,CSC-profile,wall,return_cleanup,9.2200000000000002e-07,0
ER_V20000_D8,1,2,CSC-profile,wall,output_free,7.1099999999999995e-07,0
ER_V20000_D8,1,2,DCSC-profile,wall,total,0.082506994,0
ER_V20000_D8,1,2,DCSC-profile,wall,validate,2.4999999999999999e-07,0
ER_V20000_D8,1,2,DCSC-profile,wall,lookup_build,0.00024454899999999999,0
ER_V20000_D8,1,2,DCSC-profile,wall,scratch_setup,1.8345000000000001e-05,0
ER_V20000_D8,1,2,DCSC-profile,wall,work_bound,0.001173431,0
ER_V20000_D8,1,2,DCSC-profile,wall,symbolic_capacity,0.00012991899999999999,0
ER_V20000_D8,1,2,DCSC-profile,wall,symbolic,0.019157522999999999,0
ER_V20000_D8,1,2,DCSC-profile,wall,prefix_numeric_capacity,0.00014787399999999999,0
ER_V20000_D8,1,2,DCSC-profile,wall,output_allocate,0.0013791249999999999,0
ER_V20000_D8,1,2,DCSC-profile,wall,numeric,0.060254024000000003,0
ER_V20000_D8,1,2,DCSC-profile,wall,return_cleanup,1.2130000000000001e-06,0
ER_V20000_D8,1,2,DCSC-profile,wall,output_free,6.8100000000000002e-07,0
ER_V20000_D8,1,2,CombBLAS-profile,wall,total,0.086977939000000004,0
ER_V20000_D8,1,2,CombBLAS-profile,wall,lookup_build,1.9817999999999999e-05,0
ER_V20000_D8,1,2,CombBLAS-profile,wall,thread_setup,1.703e-06,0
ER_V20000_D8,1,2,CombBLAS-profile,wall,work_bound,0.0029921589999999999,0
ER_V20000_D8,1,2,CombBLAS-profile,wall,work_prefix,1.3526000000000001e-05,0
ER_V20000_D8,1,2,CombBLAS-profile,wall,symbolic,0.018187854,0
ER_V20000_D8,1,2,CombBLAS-profile,wall,output_prefix,0.000192289,0
ER_V20000_D8,1,2,CombBLAS-profile,wall,output_allocate,0.0021288919999999999,0
ER_V20000_D8,1,2,CombBLAS-profile,wall,numeric_scratch_setup,8.5614999999999999e-05,0
ER_V20000_D8,1,2,CombBLAS-profile,wall,numeric,0.063352346000000004,0
ER_V20000_D8,1,2,CombBLAS-profile,wall,internal_cleanup,2.4049999999999998e-06,0
ER_V20000_D8,1,2,CombBLAS-profile,wall,return_cleanup,5.6100000000000001e-07,0
ER_V20000_D8,1,2,CombBLAS-profile,wall,output_free,7.0100000000000004e-07,0
ER_V20000_D8,1,2,DCSC-sampled,wall,total,0.084743574000000002,0
ER_V20000_D8,1,2,DCSC-sampled,wall,validate,2.1e-07,0
ER_V20000_D8,1,2,DCSC-sampled,wall,lookup_build,0.00024863700000000001,0
ER_V20000_D8,1,2,DCSC-sampled,wall,scratch_setup,2.4598000000000001e-05,0
ER_V20000_D8,1,2,DCSC-sampled,wall,work_bound,0.0011824170000000001,0
ER_V20000_D8,1,2,DCSC-sampled,wall,symbolic_capacity,0.00012805600000000001,0
ER_V20000_D8,1,2,DCSC-sampled,wall,symbolic,0.018915529,0
ER_V20000_D8,1,2,DCSC-sampled,wall,prefix_numeric_capacity,0.00014778299999999999,0
ER_V20000_D8,1,2,DCSC-sampled,wall,output_allocate,0.0017231049999999999,0
ER_V20000_D8,1,2,DCSC-sampled,wall,numeric,0.062371365999999998,0
ER_V20000_D8,1,2,DCSC-sampled,wall,return_cleanup,1.0020000000000001e-06,0
ER_V20000_D8,1,2,DCSC-sampled,wall,output_free,8.0100000000000004e-07,0
ER_V20000_D8,1,2,DCSC-sampled,sampled_worker,lookup,0,10000
ER_V20000_D8,1,2,DCSC-sampled,sampled_worker,alloc_init,0.0011372129999999909,10000
ER_V20000_D8,1,2,DCSC-sampled,sampled_worker,lookup_multiply_hash,0.010937533999999957,10000
ER_V20000_D8,1,2,DCSC-sampled,sampled_worker,compact,0.0030752760000000092,10000
ER_V20000_D8,1,2,DCSC-sampled,sampled_worker,sort,0.014739727000000034,10000
ER_V20000_D8,1,2,DCSC-sampled,sampled_worker,write,0.0010288999999999817,10000
ER_V20000_D8,1,2,DCSC-sampled,sampled_worker,scratch_free,0.00075529799999996927,10000
ER_V20000_D8,1,2,CombBLAS-sampled,wall,total,0.089451414000000007,0
ER_V20000_D8,1,2,CombBLAS-sampled,wall,lookup_build,1.8355e-05,0
ER_V20000_D8,1,2,CombBLAS-sampled,wall,thread_setup,2.2249999999999999e-06,0
ER_V20000_D8,1,2,CombBLAS-sampled,wall,work_bound,0.0029854859999999999,0
ER_V20000_D8,1,2,CombBLAS-sampled,wall,work_prefix,1.3345e-05,0
ER_V20000_D8,1,2,CombBLAS-sampled,wall,symbolic,0.018220857,0
ER_V20000_D8,1,2,CombBLAS-sampled,wall,output_prefix,1.4287999999999999e-05,0
ER_V20000_D8,1,2,CombBLAS-sampled,wall,output_allocate,0.0023044390000000001,0
ER_V20000_D8,1,2,CombBLAS-sampled,wall,numeric_scratch_setup,8.5754000000000006e-05,0
ER_V20000_D8,1,2,CombBLAS-sampled,wall,numeric,0.065802877999999995,0
ER_V20000_D8,1,2,CombBLAS-sampled,wall,internal_cleanup,2.655e-06,0
ER_V20000_D8,1,2,CombBLAS-sampled,wall,return_cleanup,5.7100000000000002e-07,0
ER_V20000_D8,1,2,CombBLAS-sampled,wall,output_free,4.9100000000000004e-07,0
ER_V20000_D8,1,2,CombBLAS-sampled,sampled_worker,lookup,0.0020873489999999927,10000
ER_V20000_D8,1,2,CombBLAS-sampled,sampled_worker,alloc_init,0.001550144999999928,10000
ER_V20000_D8,1,2,CombBLAS-sampled,sampled_worker,lookup_multiply_hash,0.0090701709999999984,10000
ER_V20000_D8,1,2,CombBLAS-sampled,sampled_worker,compact,0.00320813900000003,10000
ER_V20000_D8,1,2,CombBLAS-sampled,sampled_worker,sort,0.014996201000000013,10000
ER_V20000_D8,1,2,CombBLAS-sampled,sampled_worker,write,0.0021517949999999603,10000
ER_V20000_D8,1,2,CombBLAS-sampled,sampled_worker,scratch_free,0.00071658399999997879,10000
ER_V20000_D8,1,2,CombBLAS-conversion,wall,total,0.090882609000000003,0
ER_V20000_D8,1,2,CombBLAS-conversion,wall,native_call,0.083756381000000005,0
ER_V20000_D8,1,2,CombBLAS-conversion,wall,tuple_to_dcsc,0.0071209680000000001,0
ER_V20000_D8,1,2,CombBLAS-conversion,wall,dcsc_free,4.4279999999999998e-06,0
ER_V20000_D8,1,2,CombBLAS-conversion,wall,output_free,7.7199999999999998e-07,0
ER_V20000_D8,1,2,DCSC-dense-lookup,wall,total,0.075147399000000004,0
ER_V20000_D8,1,2,DCSC-dense-lookup,wall,native_call_and_free,0.075147127999999994,0
ER_V20000_D8,1,2,DCSC-static,wall,total,0.081310157999999993,0
ER_V20000_D8,1,2,DCSC-static,wall,native_call_and_free,0.081309857999999999,0
ER_V20000_D8,1,2,DCSC-dense-static,wall,total,0.075009184000000007,0
ER_V20000_D8,1,2,DCSC-dense-static,wall,native_call_and_free,0.075008903000000002,0
ER_V20000_D8,1,2,CSC-control,wall,total,0.075451221999999998,0
ER_V20000_D8,1,2,CSC-control,wall,native_call_and_free,0.075450930999999999,0
ER_V20000_D8,1,2,DCSC-control,wall,total,0.082101377000000003,0
ER_V20000_D8,1,2,DCSC-control,wall,native_call_and_free,0.082101105999999993,0
ER_V20000_D8,1,3,CombBLAS-control,wall,total,0.083949210999999996,0
ER_V20000_D8,1,3,CombBLAS-control,wall,native_call_and_free,0.083948889999999998,0
ER_V20000_D8,1,3,DCSC-control,wall,total,0.082511462999999993,0
ER_V20000_D8,1,3,DCSC-control,wall,native_call_and_free,0.082511153000000004,0
ER_V20000_D8,1,3,CSC-control,wall,total,0.075442275000000003,0
ER_V20000_D8,1,3,CSC-control,wall,native_call_and_free,0.075441993999999998,0
ER_V20000_D8,1,3,DCSC-dense-static,wall,total,0.075639864000000001,0
ER_V20000_D8,1,3,DCSC-dense-static,wall,native_call_and_free,0.075639581999999997,0
ER_V20000_D8,1,3,DCSC-static,wall,total,0.081033358999999999,0
ER_V20000_D8,1,3,DCSC-static,wall,native_call_and_free,0.081033057000000006,0
ER_V20000_D8,1,3,DCSC-dense-lookup,wall,total,0.074594126999999996,0
ER_V20000_D8,1,3,DCSC-dense-lookup,wall,native_call_and_free,0.074593827000000001,0
ER_V20000_D8,1,3,CombBLAS-conversion,wall,total,0.090840467999999994,0
ER_V20000_D8,1,3,CombBLAS-conversion,wall,native_call,0.083707306999999995,0
ER_V20000_D8,1,3,CombBLAS-conversion,wall,tuple_to_dcsc,0.0071294940000000001,0
ER_V20000_D8,1,3,CombBLAS-conversion,wall,dcsc_free,3.0960000000000001e-06,0
ER_V20000_D8,1,3,CombBLAS-conversion,wall,output_free,5.1099999999999996e-07,0
ER_V20000_D8,1,3,CombBLAS-sampled,wall,total,0.089124707999999997,0
ER_V20000_D8,1,3,CombBLAS-sampled,wall,lookup_build,1.7734e-05,0
ER_V20000_D8,1,3,CombBLAS-sampled,wall,thread_setup,6.2720000000000003e-06,0
ER_V20000_D8,1,3,CombBLAS-sampled,wall,work_bound,0.0029955849999999998,0
ER_V20000_D8,1,3,CombBLAS-sampled,wall,work_prefix,1.2493999999999999e-05,0
ER_V20000_D8,1,3,CombBLAS-sampled,wall,symbolic,0.018075138000000001,0
ER_V20000_D8,1,3,CombBLAS-sampled,wall,output_prefix,1.4015999999999999e-05,0
ER_V20000_D8,1,3,CombBLAS-sampled,wall,output_allocate,0.0023529029999999999,0
ER_V20000_D8,1,3,CombBLAS-sampled,wall,numeric_scratch_setup,8.2298000000000004e-05,0
ER_V20000_D8,1,3,CombBLAS-sampled,wall,numeric,0.065564750000000005,0
ER_V20000_D8,1,3,CombBLAS-sampled,wall,internal_cleanup,2.8150000000000002e-06,0
ER_V20000_D8,1,3,CombBLAS-sampled,wall,return_cleanup,5.51e-07,0
ER_V20000_D8,1,3,CombBLAS-sampled,wall,output_free,8.0000000000000002e-08,0
ER_V20000_D8,1,3,CombBLAS-sampled,sampled_worker,lookup,0.0020730219999999977,10000
ER_V20000_D8,1,3,CombBLAS-sampled,sampled_worker,alloc_init,0.0015556119999999235,10000
ER_V20000_D8,1,3,CombBLAS-sampled,sampled_worker,lookup_multiply_hash,0.0089847540000000184,10000
ER_V20000_D8,1,3,CombBLAS-sampled,sampled_worker,compact,0.0032054200000000178,10000
ER_V20000_D8,1,3,CombBLAS-sampled,sampled_worker,sort,0.015032222999999975,10000
ER_V20000_D8,1,3,CombBLAS-sampled,sampled_worker,write,0.0020718529999999651,10000
ER_V20000_D8,1,3,CombBLAS-sampled,sampled_worker,scratch_free,0.00070313999999997679,10000
ER_V20000_D8,1,3,DCSC-sampled,wall,total,0.085175793999999999,0
ER_V20000_D8,1,3,DCSC-sampled,wall,validate,2.3099999999999999e-07,0
ER_V20000_D8,1,3,DCSC-sampled,wall,lookup_build,0.00024348699999999999,0
ER_V20000_D8,1,3,DCSC-sampled,wall,scratch_setup,2.4807000000000002e-05,0
ER_V20000_D8,1,3,DCSC-sampled,wall,work_bound,0.001173391,0
ER_V20000_D8,1,3,DCSC-sampled,wall,symbolic_capacity,0.000129739,0
ER_V20000_D8,1,3,DCSC-sampled,wall,symbolic,0.018979321,0
ER_V20000_D8,1,3,DCSC-sampled,wall,prefix_numeric_capacity,0.00014847499999999999,0
ER_V20000_D8,1,3,DCSC-sampled,wall,output_allocate,0.001719869,0
ER_V20000_D8,1,3,DCSC-sampled,wall,numeric,0.062754259000000007,0
ER_V20000_D8,1,3,DCSC-sampled,wall,return_cleanup,1.283e-06,0
ER_V20000_D8,1,3,DCSC-sampled,wall,output_free,8.71e-07,0
ER_V20000_D8,1,3,DCSC-sampled,sampled_worker,lookup,0,10000
ER_V20000_D8,1,3,DCSC-sampled,sampled_worker,alloc_init,0.0011406429999999879,10000
ER_V20000_D8,1,3,DCSC-sampled,sampled_worker,lookup_multiply_hash,0.010966251999999985,10000
ER_V20000_D8,1,3,DCSC-sampled,sampled_worker,compact,0.0030771820000000316,10000
ER_V20000_D8,1,3,DCSC-sampled,sampled_worker,sort,0.014757679999999971,10000
ER_V20000_D8,1,3,DCSC-sampled,sampled_worker,write,0.0010322919999999846,10000
ER_V20000_D8,1,3,DCSC-sampled,sampled_worker,scratch_free,0.00075537099999995849,10000
ER_V20000_D8,1,3,CombBLAS-profile,wall,total,0.086798715999999998,0
ER_V20000_D8,1,3,CombBLAS-profile,wall,lookup_build,1.7614000000000001e-05,0
ER_V20000_D8,1,3,CombBLAS-profile,wall,thread_setup,2.0839999999999999e-06,0
ER_V20000_D8,1,3,CombBLAS-profile,wall,work_bound,0.0029869290000000001,0
ER_V20000_D8,1,3,CombBLAS-profile,wall,work_prefix,1.4416999999999999e-05,0
ER_V20000_D8,1,3,CombBLAS-profile,wall,symbolic,0.018164619,0
ER_V20000_D8,1,3,CombBLAS-profile,wall,output_prefix,1.1813e-05,0
ER_V20000_D8,1,3,CombBLAS-profile,wall,output_allocate,0.0021056180000000001,0
ER_V20000_D8,1,3,CombBLAS-profile,wall,numeric_scratch_setup,8.5204000000000006e-05,0
ER_V20000_D8,1,3,CombBLAS-profile,wall,numeric,0.063407432999999999,0
ER_V20000_D8,1,3,CombBLAS-profile,wall,internal_cleanup,2.1739999999999999e-06,0
ER_V20000_D8,1,3,CombBLAS-profile,wall,return_cleanup,5.8100000000000003e-07,0
ER_V20000_D8,1,3,CombBLAS-profile,wall,output_free,1.6999999999999999e-07,0
ER_V20000_D8,1,3,DCSC-profile,wall,total,0.082485734000000005,0
ER_V20000_D8,1,3,DCSC-profile,wall,validate,4.8100000000000003e-07,0
ER_V20000_D8,1,3,DCSC-profile,wall,lookup_build,0.00024348699999999999,0
ER_V20000_D8,1,3,DCSC-profile,wall,scratch_setup,2.3875000000000001e-05,0
ER_V20000_D8,1,3,DCSC-profile,wall,work_bound,0.00118352,0
ER_V20000_D8,1,3,DCSC-profile,wall,symbolic_capacity,0.00012749500000000001,0
ER_V20000_D8,1,3,DCSC-profile,wall,symbolic,0.018962579,0
ER_V20000_D8,1,3,DCSC-profile,wall,prefix_numeric_capacity,0.000148455,0
ER_V20000_D8,1,3,DCSC-profile,wall,output_allocate,0.0017122229999999999,0
ER_V20000_D8,1,3,DCSC-profile,wall,numeric,0.060081573999999999,0
ER_V20000_D8,1,3,DCSC-profile,wall,return_cleanup,1.122e-06,0
ER_V20000_D8,1,3,DCSC-profile,wall,output_free,8.5199999999999995e-07,0
ER_V20000_D8,1,3,CSC-profile,wall,total,0.075429882000000004,0
ER_V20000_D8,1,3,CSC-profile,wall,validate,5.3099999999999998e-07,0
ER_V20000_D8,1,3,CSC-profile,wall,lookup_build,2.9999999999999997e-08,0
ER_V20000_D8,1,3,CSC-profile,wall,scratch_setup,1.5820000000000001e-05,0
ER_V20000_D8,1,3,CSC-profile,wall,work_bound,0.00035189500000000002,0
ER_V20000_D8,1,3,CSC-profile,wall,symbolic_capacity,0.000131793,0
ER_V20000_D8,1,3,CSC-profile,wall,symbolic,0.015764505000000002,0
ER_V20000_D8,1,3,CSC-profile,wall,prefix_numeric_capacity,0.000147343,0
ER_V20000_D8,1,3,CSC-profile,wall,output_allocate,0.0013427249999999999,0
ER_V20000_D8,1,3,CSC-profile,wall,numeric,0.057672863999999997,0
ER_V20000_D8,1,3,CSC-profile,wall,return_cleanup,1.3629999999999999e-06,0
ER_V20000_D8,1,3,CSC-profile,wall,output_free,9.5099999999999998e-07,0
ER_V20000_D8,1,4,DCSC-profile,wall,total,0.082183925000000005,0
ER_V20000_D8,1,4,DCSC-profile,wall,validate,2.3099999999999999e-07,0
ER_V20000_D8,1,4,DCSC-profile,wall,lookup_build,0.00025065999999999999,0
ER_V20000_D8,1,4,DCSC-profile,wall,scratch_setup,1.7884e-05,0
ER_V20000_D8,1,4,DCSC-profile,wall,work_bound,0.0011737620000000001,0
ER_V20000_D8,1,4,DCSC-profile,wall,symbolic_capacity,0.000128326,0
ER_V20000_D8,1,4,DCSC-profile,wall,symbolic,0.018931489999999999,0
ER_V20000_D8,1,4,DCSC-profile,wall,prefix_numeric_capacity,0.000147653,0
ER_V20000_D8,1,4,DCSC-profile,wall,output_allocate,0.001327085,0
ER_V20000_D8,1,4,DCSC-profile,wall,numeric,0.060205060999999997,0
ER_V20000_D8,1,4,DCSC-profile,wall,return_cleanup,7.4099999999999998e-07,0
ER_V20000_D8,1,4,DCSC-profile,wall,output_free,9.6200000000000006e-07,0
ER_V20000_D8,1,4,CombBLAS-profile,wall,total,0.086951187999999999,0
ER_V20000_D8,1,4,CombBLAS-profile,wall,lookup_build,1.9487000000000002e-05,0
ER_V20000_D8,1,4,CombBLAS-profile,wall,thread_setup,1.9039999999999999e-06,0
ER_V20000_D8,1,4,CombBLAS-profile,wall,work_bound,0.002992649,0
ER_V20000_D8,1,4,CombBLAS-profile,wall,work_prefix,1.2976000000000001e-05,0
ER_V20000_D8,1,4,CombBLAS-profile,wall,symbolic,0.018287042999999999,0
ER_V20000_D8,1,4,CombBLAS-profile,wall,output_prefix,1.1321999999999999e-05,0
ER_V20000_D8,1,4,CombBLAS-profile,wall,output_allocate,0.002162457,0
ER_V20000_D8,1,4,CombBLAS-profile,wall,numeric_scratch_setup,8.6186000000000005e-05,0
ER_V20000_D8,1,4,CombBLAS-profile,wall,numeric,0.063373567000000006,0
ER_V20000_D8,1,4,CombBLAS-profile,wall,internal_cleanup,2.7650000000000002e-06,0
ER_V20000_D8,1,4,CombBLAS-profile,wall,return_cleanup,5.9100000000000004e-07,0
ER_V20000_D8,1,4,CombBLAS-profile,wall,output_free,1.8099999999999999e-07,0
ER_V20000_D8,1,4,DCSC-sampled,wall,total,0.085014243000000003,0
ER_V20000_D8,1,4,DCSC-sampled,wall,validate,2.6e-07,0
ER_V20000_D8,1,4,DCSC-sampled,wall,lookup_build,0.00024314599999999999,0
ER_V20000_D8,1,4,DCSC-sampled,wall,scratch_setup,2.5089e-05,0
ER_V20000_D8,1,4,DCSC-sampled,wall,work_bound,0.001174022,0
ER_V20000_D8,1,4,DCSC-sampled,wall,symbolic_capacity,0.000128226,0
ER_V20000_D8,1,4,DCSC-sampled,wall,symbolic,0.018932792,0
ER_V20000_D8,1,4,DCSC-sampled,wall,prefix_numeric_capacity,0.00014753300000000001,0
ER_V20000_D8,1,4,DCSC-sampled,wall,output_allocate,0.001717594,0
ER_V20000_D8,1,4,DCSC-sampled,wall,numeric,0.062643397000000003,0
ER_V20000_D8,1,4,DCSC-sampled,wall,return_cleanup,1.0920000000000001e-06,0
ER_V20000_D8,1,4,DCSC-sampled,wall,output_free,1.032e-06,0
ER_V20000_D8,1,4,DCSC-sampled,sampled_worker,lookup,0,10000
ER_V20000_D8,1,4,DCSC-sampled,sampled_worker,alloc_init,0.0011601279999999901,10000
ER_V20000_D8,1,4,DCSC-sampled,sampled_worker,lookup_multiply_hash,0.010939049999999997,10000
ER_V20000_D8,1,4,DCSC-sampled,sampled_worker,compact,0.0030842530000000073,10000
ER_V20000_D8,1,4,DCSC-sampled,sampled_worker,sort,0.014743383000000028,10000
ER_V20000_D8,1,4,DCSC-sampled,sampled_worker,write,0.0010378169999999832,10000
ER_V20000_D8,1,4,DCSC-sampled,sampled_worker,scratch_free,0.00092028899999996262,10000
ER_V20000_D8,1,4,CombBLAS-sampled,wall,total,0.089268844,0
ER_V20000_D8,1,4,CombBLAS-sampled,wall,lookup_build,1.8014999999999999e-05,0
ER_V20000_D8,1,4,CombBLAS-sampled,wall,thread_setup,1.4929999999999999e-06,0
ER_V20000_D8,1,4,CombBLAS-sampled,wall,work_bound,0.0029835719999999999,0
ER_V20000_D8,1,4,CombBLAS-sampled,wall,work_prefix,1.4378e-05,0
ER_V20000_D8,1,4,CombBLAS-sampled,wall,symbolic,0.018150201000000001,0
ER_V20000_D8,1,4,CombBLAS-sampled,wall,output_prefix,1.1552000000000001e-05,0
ER_V20000_D8,1,4,CombBLAS-sampled,wall,output_allocate,0.0022617879999999998,0
ER_V20000_D8,1,4,CombBLAS-sampled,wall,numeric_scratch_setup,8.5133e-05,0
ER_V20000_D8,1,4,CombBLAS-sampled,wall,numeric,0.065739105000000006,0
ER_V20000_D8,1,4,CombBLAS-sampled,wall,internal_cleanup,2.6450000000000001e-06,0
ER_V20000_D8,1,4,CombBLAS-sampled,wall,return_cleanup,5.4099999999999999e-07,0
ER_V20000_D8,1,4,CombBLAS-sampled,wall,output_free,3.4999999999999998e-07,0
ER_V20000_D8,1,4,CombBLAS-sampled,sampled_worker,lookup,0.0020861779999999837,10000
ER_V20000_D8,1,4,CombBLAS-sampled,sampled_worker,alloc_init,0.0015546519999999344,10000
ER_V20000_D8,1,4,CombBLAS-sampled,sampled_worker,lookup_multiply_hash,0.0089616310000000064,10000
ER_V20000_D8,1,4,CombBLAS-sampled,sampled_worker,compact,0.0032057450000000059,10000
ER_V20000_D8,1,4,CombBLAS-sampled,sampled_worker,sort,0.014969041999999967,10000
ER_V20000_D8,1,4,CombBLAS-sampled,sampled_worker,write,0.002135355999999965,10000
ER_V20000_D8,1,4,CombBLAS-sampled,sampled_worker,scratch_free,0.00069943199999997403,10000
ER_V20000_D8,1,4,CombBLAS-conversion,wall,total,0.091004292000000001,0
ER_V20000_D8,1,4,CombBLAS-conversion,wall,native_call,0.083942708000000005,0
ER_V20000_D8,1,4,CombBLAS-conversion,wall,tuple_to_dcsc,0.0070574870000000003,0
ER_V20000_D8,1,4,CombBLAS-conversion,wall,dcsc_free,3.3459999999999998e-06,0
ER_V20000_D8,1,4,CombBLAS-conversion,wall,output_free,6.8100000000000002e-07,0
ER_V20000_D8,1,4,DCSC-dense-lookup,wall,total,0.074966090999999999,0
ER_V20000_D8,1,4,DCSC-dense-lookup,wall,native_call_and_free,0.074965810999999993,0
ER_V20000_D8,1,4,DCSC-static,wall,total,0.081283026999999994,0
ER_V20000_D8,1,4,DCSC-static,wall,native_call_and_free,0.081282726999999999,0
ER_V20000_D8,1,4,DCSC-dense-static,wall,total,0.074871699999999999,0
ER_V20000_D8,1,4,DCSC-dense-static,wall,native_call_and_free,0.074871419999999994,0
ER_V20000_D8,1,4,CSC-control,wall,total,0.075212414000000005,0
ER_V20000_D8,1,4,CSC-control,wall,native_call_and_free,0.075211963000000007,0
ER_V20000_D8,1,4,DCSC-control,wall,total,0.082067922000000001,0
ER_V20000_D8,1,4,DCSC-control,wall,native_call_and_free,0.082067641999999996,0
ER_V20000_D8,1,4,CombBLAS-control,wall,total,0.084069762000000006,0
ER_V20000_D8,1,4,CombBLAS-control,wall,native_call_and_free,0.084069440999999995,0
ER_V20000_D8,1,4,CSC-profile,wall,total,0.075505225999999995,0
ER_V20000_D8,1,4,CSC-profile,wall,validate,1.212e-06,0
ER_V20000_D8,1,4,CSC-profile,wall,lookup_build,4.0000000000000001e-08,0
ER_V20000_D8,1,4,CSC-profile,wall,scratch_setup,2.1832e-05,0
ER_V20000_D8,1,4,CSC-profile,wall,work_bound,0.00035197499999999998,0
ER_V20000_D8,1,4,CSC-profile,wall,symbolic_capacity,0.00013118099999999999,0
ER_V20000_D8,1,4,CSC-profile,wall,symbolic,0.015796406999999998,0
ER_V20000_D8,1,4,CSC-profile,wall,prefix_numeric_capacity,0.000152874,0
ER_V20000_D8,1,4,CSC-profile,wall,output_allocate,0.001794421,0
ER_V20000_D8,1,4,CSC-profile,wall,numeric,0.057253198999999998,0
ER_V20000_D8,1,4,CSC-profile,wall,return_cleanup,1.2920000000000001e-06,0
ER_V20000_D8,1,4,CSC-profile,wall,output_free,7.2200000000000003e-07,0
ER_V20000_D8,1,5,DCSC-profile,wall,total,0.082470173999999993,0
ER_V20000_D8,1,5,DCSC-profile,wall,validate,2.6100000000000002e-07,0
ER_V20000_D8,1,5,DCSC-profile,wall,lookup_build,0.00024468899999999997,0
ER_V20000_D8,1,5,DCSC-profile,wall,scratch_setup,1.8847000000000001e-05,0
ER_V20000_D8,1,5,DCSC-profile,wall,work_bound,0.001185583,0
ER_V20000_D8,1,5,DCSC-profile,wall,symbolic_capacity,0.000128076,0
ER_V20000_D8,1,5,DCSC-profile,wall,symbolic,0.019036781999999999,0
ER_V20000_D8,1,5,DCSC-profile,wall,prefix_numeric_capacity,0.000148114,0
ER_V20000_D8,1,5,DCSC-profile,wall,output_allocate,0.001401558,0
ER_V20000_D8,1,5,DCSC-profile,wall,numeric,0.060304219999999999,0
ER_V20000_D8,1,5,DCSC-profile,wall,return_cleanup,1.1820000000000001e-06,0
ER_V20000_D8,1,5,DCSC-profile,wall,output_free,8.0200000000000001e-07,0
ER_V20000_D8,1,5,CSC-profile,wall,total,0.075272388999999995,0
ER_V20000_D8,1,5,CSC-profile,wall,validate,5.0100000000000005e-07,0
ER_V20000_D8,1,5,CSC-profile,wall,lookup_build,2.9000000000000002e-08,0
ER_V20000_D8,1,5,CSC-profile,wall,scratch_setup,1.5661000000000001e-05,0
ER_V20000_D8,1,5,CSC-profile,wall,work_bound,0.00035038199999999999,0
ER_V20000_D8,1,5,CSC-profile,wall,symbolic_capacity,0.00013108099999999999,0
ER_V20000_D8,1,5,CSC-profile,wall,symbolic,0.015793732000000001,0
ER_V20000_D8,1,5,CSC-profile,wall,prefix_numeric_capacity,0.00014819400000000001,0
ER_V20000_D8,1,5,CSC-profile,wall,output_allocate,0.001311956,0
ER_V20000_D8,1,5,CSC-profile,wall,numeric,0.057518488,0
ER_V20000_D8,1,5,CSC-profile,wall,return_cleanup,1.3230000000000001e-06,0
ER_V20000_D8,1,5,CSC-profile,wall,output_free,9.9099999999999991e-07,0
ER_V20000_D8,1,5,CombBLAS-control,wall,total,0.083851793999999993,0
ER_V20000_D8,1,5,CombBLAS-control,wall,native_call_and_free,0.083851163000000006,0
ER_V20000_D8,1,5,DCSC-control,wall,total,0.082277353999999997,0
ER_V20000_D8,1,5,DCSC-control,wall,native_call_and_free,0.082277083000000001,0
ER_V20000_D8,1,5,CSC-control,wall,total,0.075263782000000001,0
ER_V20000_D8,1,5,CSC-control,wall,native_call_and_free,0.075263482000000007,0
ER_V20000_D8,1,5,DCSC-dense-static,wall,total,0.075444347999999994,0
ER_V20000_D8,1,5,DCSC-dense-static,wall,native_call_and_free,0.075444058999999994,0
ER_V20000_D8,1,5,DCSC-static,wall,total,0.081302714999999998,0
ER_V20000_D8,1,5,DCSC-static,wall,native_call_and_free,0.081302423999999998,0
ER_V20000_D8,1,5,DCSC-dense-lookup,wall,total,0.074514344999999996,0
ER_V20000_D8,1,5,DCSC-dense-lookup,wall,native_call_and_free,0.074514065000000004,0
ER_V20000_D8,1,5,CombBLAS-conversion,wall,total,0.090916143000000005,0
ER_V20000_D8,1,5,CombBLAS-conversion,wall,native_call,0.083814712999999999,0
ER_V20000_D8,1,5,CombBLAS-conversion,wall,tuple_to_dcsc,0.0070964899999999996,0
ER_V20000_D8,1,5,CombBLAS-conversion,wall,dcsc_free,3.9879999999999998e-06,0
ER_V20000_D8,1,5,CombBLAS-conversion,wall,output_free,8.8199999999999998e-07,0
ER_V20000_D8,1,5,CombBLAS-sampled,wall,total,0.089248484000000003,0
ER_V20000_D8,1,5,CombBLAS-sampled,wall,lookup_build,1.7914000000000002e-05,0
ER_V20000_D8,1,5,CombBLAS-sampled,wall,thread_setup,5.9920000000000004e-06,0
ER_V20000_D8,1,5,CombBLAS-sampled,wall,work_bound,0.0029828709999999998,0
ER_V20000_D8,1,5,CombBLAS-sampled,wall,work_prefix,1.4637999999999999e-05,0
ER_V20000_D8,1,5,CombBLAS-sampled,wall,symbolic,0.018190077999999998,0
ER_V20000_D8,1,5,CombBLAS-sampled,wall,output_prefix,1.2123000000000001e-05,0
ER_V20000_D8,1,5,CombBLAS-sampled,wall,output_allocate,0.0023055419999999998,0
ER_V20000_D8,1,5,CombBLAS-sampled,wall,numeric_scratch_setup,8.331e-05,0
ER_V20000_D8,1,5,CombBLAS-sampled,wall,numeric,0.065632650000000001,0
ER_V20000_D8,1,5,CombBLAS-sampled,wall,internal_cleanup,2.3549999999999999e-06,0
ER_V20000_D8,1,5,CombBLAS-sampled,wall,return_cleanup,5.6100000000000001e-07,0
ER_V20000_D8,1,5,CombBLAS-sampled,wall,output_free,3.8000000000000001e-07,0
ER_V20000_D8,1,5,CombBLAS-sampled,sampled_worker,lookup,0.0020620989999999952,10000
ER_V20000_D8,1,5,CombBLAS-sampled,sampled_worker,alloc_init,0.0015596729999999301,10000
ER_V20000_D8,1,5,CombBLAS-sampled,sampled_worker,lookup_multiply_hash,0.0089604309999999649,10000
ER_V20000_D8,1,5,CombBLAS-sampled,sampled_worker,compact,0.0032411650000000298,10000
ER_V20000_D8,1,5,CombBLAS-sampled,sampled_worker,sort,0.015020578000000047,10000
ER_V20000_D8,1,5,CombBLAS-sampled,sampled_worker,write,0.002095137999999973,10000
ER_V20000_D8,1,5,CombBLAS-sampled,sampled_worker,scratch_free,0.00069589499999997688,10000
ER_V20000_D8,1,5,DCSC-sampled,wall,total,0.085082424000000004,0
ER_V20000_D8,1,5,DCSC-sampled,wall,validate,6.2099999999999996e-07,0
ER_V20000_D8,1,5,DCSC-sampled,wall,lookup_build,0.000243868,0
ER_V20000_D8,1,5,DCSC-sampled,wall,scratch_setup,2.4196e-05,0
ER_V20000_D8,1,5,DCSC-sampled,wall,work_bound,0.0011766669999999999,0
ER_V20000_D8,1,5,DCSC-sampled,wall,symbolic_capacity,0.000127565,0
ER_V20000_D8,1,5,DCSC-sampled,wall,symbolic,0.019047773,0
ER_V20000_D8,1,5,DCSC-sampled,wall,prefix_numeric_capacity,0.000153294,0
ER_V20000_D8,1,5,DCSC-sampled,wall,output_allocate,0.0017130750000000001,0
ER_V20000_D8,1,5,DCSC-sampled,wall,numeric,0.062592889999999998,0
ER_V20000_D8,1,5,DCSC-sampled,wall,return_cleanup,1.283e-06,0
ER_V20000_D8,1,5,DCSC-sampled,wall,output_free,1.122e-06,0
ER_V20000_D8,1,5,DCSC-sampled,sampled_worker,lookup,0,10000
ER_V20000_D8,1,5,DCSC-sampled,sampled_worker,alloc_init,0.001138262999999994,10000
ER_V20000_D8,1,5,DCSC-sampled,sampled_worker,lookup_multiply_hash,0.010997766000000013,10000
ER_V20000_D8,1,5,DCSC-sampled,sampled_worker,compact,0.0030903630000000139,10000
ER_V20000_D8,1,5,DCSC-sampled,sampled_worker,sort,0.014716502999999942,10000
ER_V20000_D8,1,5,DCSC-sampled,sampled_worker,write,0.0011426639999999734,10000
ER_V20000_D8,1,5,DCSC-sampled,sampled_worker,scratch_free,0.00078933999999996718,10000
ER_V20000_D8,1,5,CombBLAS-profile,wall,total,0.086950868000000001,0
ER_V20000_D8,1,5,CombBLAS-profile,wall,lookup_build,1.8195000000000001e-05,0
ER_V20000_D8,1,5,CombBLAS-profile,wall,thread_setup,2.0540000000000002e-06,0
ER_V20000_D8,1,5,CombBLAS-profile,wall,work_bound,0.002995265,0
ER_V20000_D8,1,5,CombBLAS-profile,wall,work_prefix,1.3696000000000001e-05,0
ER_V20000_D8,1,5,CombBLAS-profile,wall,symbolic,0.018103741999999999,0
ER_V20000_D8,1,5,CombBLAS-profile,wall,output_prefix,1.1342000000000001e-05,0
ER_V20000_D8,1,5,CombBLAS-profile,wall,output_allocate,0.0024075580000000002,0
ER_V20000_D8,1,5,CombBLAS-profile,wall,numeric_scratch_setup,8.5693999999999996e-05,0
ER_V20000_D8,1,5,CombBLAS-profile,wall,numeric,0.063309784999999993,0
ER_V20000_D8,1,5,CombBLAS-profile,wall,internal_cleanup,2.5050000000000002e-06,0
ER_V20000_D8,1,5,CombBLAS-profile,wall,return_cleanup,5.6100000000000001e-07,0
ER_V20000_D8,1,5,CombBLAS-profile,wall,output_free,4.0999999999999999e-07,0
ER_V20000_D8,1,6,DCSC-sampled,wall,total,0.084966362000000004,0
ER_V20000_D8,1,6,DCSC-sampled,wall,validate,2.4999999999999999e-07,0
ER_V20000_D8,1,6,DCSC-sampled,wall,lookup_build,0.00024384799999999999,0
ER_V20000_D8,1,6,DCSC-sampled,wall,scratch_setup,2.5369000000000001e-05,0
ER_V20000_D8,1,6,DCSC-sampled,wall,work_bound,0.00117837,0
ER_V20000_D8,1,6,DCSC-sampled,wall,symbolic_capacity,0.00012774499999999999,0
ER_V20000_D8,1,6,DCSC-sampled,wall,symbolic,0.019148015000000001,0
ER_V20000_D8,1,6,DCSC-sampled,wall,prefix_numeric_capacity,0.000147663,0
ER_V20000_D8,1,6,DCSC-sampled,wall,output_allocate,0.001727924,0
ER_V20000_D8,1,6,DCSC-sampled,wall,numeric,0.062364902999999999,0
ER_V20000_D8,1,6,DCSC-sampled,wall,return_cleanup,9.9199999999999999e-07,0
ER_V20000_D8,1,6,DCSC-sampled,wall,output_free,1.2219999999999999e-06,0
ER_V20000_D8,1,6,DCSC-sampled,sampled_worker,lookup,0,10000
ER_V20000_D8,1,6,DCSC-sampled,sampled_worker,alloc_init,0.0011378780000000028,10000
ER_V20000_D8,1,6,DCSC-sampled,sampled_worker,lookup_multiply_hash,0.010945762999999992,10000
ER_V20000_D8,1,6,DCSC-sampled,sampled_worker,compact,0.0030866770000000047,10000
ER_V20000_D8,1,6,DCSC-sampled,sampled_worker,sort,0.014696117000000002,10000
ER_V20000_D8,1,6,DCSC-sampled,sampled_worker,write,0.0010255519999999821,10000
ER_V20000_D8,1,6,DCSC-sampled,sampled_worker,scratch_free,0.00076243899999996201,10000
ER_V20000_D8,1,6,CombBLAS-sampled,wall,total,0.089217675999999996,0
ER_V20000_D8,1,6,CombBLAS-sampled,wall,lookup_build,1.7995e-05,0
ER_V20000_D8,1,6,CombBLAS-sampled,wall,thread_setup,2.0339999999999999e-06,0
ER_V20000_D8,1,6,CombBLAS-sampled,wall,work_bound,0.0029861470000000002,0
ER_V20000_D8,1,6,CombBLAS-sampled,wall,work_prefix,1.5159e-05,0
ER_V20000_D8,1,6,CombBLAS-sampled,wall,symbolic,0.018043015999999999,0
ER_V20000_D8,1,6,CombBLAS-sampled,wall,output_prefix,1.1861999999999999e-05,0
ER_V20000_D8,1,6,CombBLAS-sampled,wall,output_allocate,0.0021649820000000002,0
ER_V20000_D8,1,6,CombBLAS-sampled,wall,numeric_scratch_setup,8.7077999999999995e-05,0
ER_V20000_D8,1,6,CombBLAS-sampled,wall,numeric,0.065885665999999996,0
ER_V20000_D8,1,6,CombBLAS-sampled,wall,internal_cleanup,2.7149999999999998e-06,0
ER_V20000_D8,1,6,CombBLAS-sampled,wall,return_cleanup,5.8100000000000003e-07,0
ER_V20000_D8,1,6,CombBLAS-sampled,wall,output_free,3.8000000000000001e-07,0
ER_V20000_D8,1,6,CombBLAS-sampled,sampled_worker,lookup,0.0020984679999999918,10000
ER_V20000_D8,1,6,CombBLAS-sampled,sampled_worker,alloc_init,0.0015525619999999169,10000
ER_V20000_D8,1,6,CombBLAS-sampled,sampled_worker,lookup_multiply_hash,0.0089668969999999789,10000
ER_V20000_D8,1,6,CombBLAS-sampled,sampled_worker,compact,0.0032094300000000265,10000
ER_V20000_D8,1,6,CombBLAS-sampled,sampled_worker,sort,0.014950154000000002,10000
ER_V20000_D8,1,6,CombBLAS-sampled,sampled_worker,write,0.0021866039999999544,10000
ER_V20000_D8,1,6,CombBLAS-sampled,sampled_worker,scratch_free,0.00071816799999997434,10000
ER_V20000_D8,1,6,CombBLAS-conversion,wall,total,0.090755143999999996,0
ER_V20000_D8,1,6,CombBLAS-conversion,wall,native_call,0.083498725999999995,0
ER_V20000_D8,1,6,CombBLAS-conversion,wall,tuple_to_dcsc,0.0072514980000000003,0
ER_V20000_D8,1,6,CombBLAS-conversion,wall,dcsc_free,4.1579999999999998e-06,0
ER_V20000_D8,1,6,CombBLAS-conversion,wall,output_free,6.92e-07,0
ER_V20000_D8,1,6,DCSC-dense-lookup,wall,total,0.074997352000000003,0
ER_V20000_D8,1,6,DCSC-dense-lookup,wall,native_call_and_free,0.074997080999999993,0
ER_V20000_D8,1,6,DCSC-static,wall,total,0.081376325999999999,0
ER_V20000_D8,1,6,DCSC-static,wall,native_call_and_free,0.081376043999999995,0
ER_V20000_D8,1,6,DCSC-dense-static,wall,total,0.074811716,0
ER_V20000_D8,1,6,DCSC-dense-static,wall,native_call_and_free,0.074811433999999996,0
ER_V20000_D8,1,6,CSC-control,wall,total,0.075199729000000007,0
ER_V20000_D8,1,6,CSC-control,wall,native_call_and_free,0.075199458999999996,0
ER_V20000_D8,1,6,DCSC-control,wall,total,0.082134150000000003,0
ER_V20000_D8,1,6,DCSC-control,wall,native_call_and_free,0.082133848999999995,0
ER_V20000_D8,1,6,CombBLAS-control,wall,total,0.083857655000000003,0
ER_V20000_D8,1,6,CombBLAS-control,wall,native_call_and_free,0.083857113999999996,0
ER_V20000_D8,1,6,CSC-profile,wall,total,0.075635474999999994,0
ER_V20000_D8,1,6,CSC-profile,wall,validate,1.2419999999999999e-06,0
ER_V20000_D8,1,6,CSC-profile,wall,lookup_build,3.1e-08,0
ER_V20000_D8,1,6,CSC-profile,wall,scratch_setup,2.1129999999999999e-05,0
ER_V20000_D8,1,6,CSC-profile,wall,work_bound,0.0003547,0
ER_V20000_D8,1,6,CSC-profile,wall,symbolic_capacity,0.00013133200000000001,0
ER_V20000_D8,1,6,CSC-profile,wall,symbolic,0.015873014000000001,0
ER_V20000_D8,1,6,CSC-profile,wall,prefix_numeric_capacity,0.00014775300000000001,0
ER_V20000_D8,1,6,CSC-profile,wall,output_allocate,0.0016911630000000001,0
ER_V20000_D8,1,6,CSC-profile,wall,numeric,0.057412836000000002,0
ER_V20000_D8,1,6,CSC-profile,wall,return_cleanup,1.4020000000000001e-06,0
ER_V20000_D8,1,6,CSC-profile,wall,output_free,8.1200000000000002e-07,0
ER_V20000_D8,1,6,DCSC-profile,wall,total,0.083208630000000006,0
ER_V20000_D8,1,6,DCSC-profile,wall,validate,2.6100000000000002e-07,0
ER_V20000_D8,1,6,DCSC-profile,wall,lookup_build,0.00024499999999999999,0
ER_V20000_D8,1,6,DCSC-profile,wall,scratch_setup,1.8845999999999999e-05,0
ER_V20000_D8,1,6,DCSC-profile,wall,work_bound,0.0011790710000000001,0
ER_V20000_D8,1,6,DCSC-profile,wall,symbolic_capacity,0.00012869699999999999,0
ER_V20000_D8,1,6,DCSC-profile,wall,symbolic,0.019538755000000001,0
ER_V20000_D8,1,6,DCSC-profile,wall,prefix_numeric_capacity,0.000147983,0
ER_V20000_D8,1,6,DCSC-profile,wall,output_allocate,0.001431105,0
ER_V20000_D8,1,6,DCSC-profile,wall,numeric,0.060515144999999999,0
ER_V20000_D8,1,6,DCSC-profile,wall,return_cleanup,2.4949999999999998e-06,0
ER_V20000_D8,1,6,DCSC-profile,wall,output_free,1.2219999999999999e-06,0
ER_V20000_D8,1,6,CombBLAS-profile,wall,total,0.086805278999999999,0
ER_V20000_D8,1,6,CombBLAS-profile,wall,lookup_build,1.8715999999999998e-05,0
ER_V20000_D8,1,6,CombBLAS-profile,wall,thread_setup,2.3949999999999999e-06,0
ER_V20000_D8,1,6,CombBLAS-profile,wall,work_bound,0.0029844030000000001,0
ER_V20000_D8,1,6,CombBLAS-profile,wall,work_prefix,1.4628e-05,0
ER_V20000_D8,1,6,CombBLAS-profile,wall,symbolic,0.018067604000000001,0
ER_V20000_D8,1,6,CombBLAS-profile,wall,output_prefix,1.1772e-05,0
ER_V20000_D8,1,6,CombBLAS-profile,wall,output_allocate,0.0021257469999999999,0
ER_V20000_D8,1,6,CombBLAS-profile,wall,numeric_scratch_setup,8.7207999999999996e-05,0
ER_V20000_D8,1,6,CombBLAS-profile,wall,numeric,0.063489189000000001,0
ER_V20000_D8,1,6,CombBLAS-profile,wall,internal_cleanup,2.7049999999999999e-06,0
ER_V20000_D8,1,6,CombBLAS-profile,wall,return_cleanup,5.9100000000000004e-07,0
ER_V20000_D8,1,6,CombBLAS-profile,wall,output_free,2.7099999999999998e-07,0
ER_V20000_D8,1,7,DCSC-sampled,wall,total,0.084964037000000006,0
ER_V20000_D8,1,7,DCSC-sampled,wall,validate,2.5100000000000001e-07,0
ER_V20000_D8,1,7,DCSC-sampled,wall,lookup_build,0.00024349699999999999,0
ER_V20000_D8,1,7,DCSC-sampled,wall,scratch_setup,2.4295999999999999e-05,0
ER_V20000_D8,1,7,DCSC-sampled,wall,work_bound,0.001175625,0
ER_V20000_D8,1,7,DCSC-sampled,wall,symbolic_capacity,0.00012837600000000001,0
ER_V20000_D8,1,7,DCSC-sampled,wall,symbolic,0.018996033999999998,0
ER_V20000_D8,1,7,DCSC-sampled,wall,prefix_numeric_capacity,0.00014788299999999999,0
ER_V20000_D8,1,7,DCSC-sampled,wall,output_allocate,0.001725119,0
ER_V20000_D8,1,7,DCSC-sampled,wall,numeric,0.062520512,0
ER_V20000_D8,1,7,DCSC-sampled,wall,return_cleanup,1.192e-06,0
ER_V20000_D8,1,7,DCSC-sampled,wall,output_free,1.192e-06,0
ER_V20000_D8,1,7,DCSC-sampled,sampled_worker,lookup,0,10000
ER_V20000_D8,1,7,DCSC-sampled,sampled_worker,alloc_init,0.001140797999999985,10000
ER_V20000_D8,1,7,DCSC-sampled,sampled_worker,lookup_multiply_hash,0.010945141999999955,10000
ER_V20000_D8,1,7,DCSC-sampled,sampled_worker,compact,0.0030940970000000274,10000
ER_V20000_D8,1,7,DCSC-sampled,sampled_worker,sort,0.014762662999999997,10000
ER_V20000_D8,1,7,DCSC-sampled,sampled_worker,write,0.0010404009999999823,10000
ER_V20000_D8,1,7,DCSC-sampled,sampled_worker,scratch_free,0.0007722079999999661,10000
ER_V20000_D8,1,7,CombBLAS-profile,wall,total,0.086815406999999997,0
ER_V20000_D8,1,7,CombBLAS-profile,wall,lookup_build,1.8686999999999999e-05,0
ER_V20000_D8,1,7,CombBLAS-profile,wall,thread_setup,2.6450000000000001e-06,0
ER_V20000_D8,1,7,CombBLAS-profile,wall,work_bound,0.0029941019999999998,0
ER_V20000_D8,1,7,CombBLAS-profile,wall,work_prefix,1.2303999999999999e-05,0
ER_V20000_D8,1,7,CombBLAS-profile,wall,symbolic,0.018081969999999999,0
ER_V20000_D8,1,7,CombBLAS-profile,wall,output_prefix,1.1372000000000001e-05,0
ER_V20000_D8,1,7,CombBLAS-profile,wall,output_allocate,0.0023594549999999999,0
ER_V20000_D8,1,7,CombBLAS-profile,wall,numeric_scratch_setup,8.6255999999999995e-05,0
ER_V20000_D8,1,7,CombBLAS-profile,wall,numeric,0.063245491000000001,0
ER_V20000_D8,1,7,CombBLAS-profile,wall,internal_cleanup,2.114e-06,0
ER_V20000_D8,1,7,CombBLAS-profile,wall,return_cleanup,5.51e-07,0
ER_V20000_D8,1,7,CombBLAS-profile,wall,output_free,4.01e-07,0
ER_V20000_D8,1,7,DCSC-profile,wall,total,0.082542091999999997,0
ER_V20000_D8,1,7,DCSC-profile,wall,validate,4.8100000000000003e-07,0
ER_V20000_D8,1,7,DCSC-profile,wall,lookup_build,0.00024340599999999999,0
ER_V20000_D8,1,7,DCSC-profile,wall,scratch_setup,2.5740000000000001e-05,0
ER_V20000_D8,1,7,DCSC-profile,wall,work_bound,0.001178641,0
ER_V20000_D8,1,7,DCSC-profile,wall,symbolic_capacity,0.000127794,0
ER_V20000_D8,1,7,DCSC-profile,wall,symbolic,0.019172742999999999,0
ER_V20000_D8,1,7,DCSC-profile,wall,prefix_numeric_capacity,0.000147873,0
ER_V20000_D8,1,7,DCSC-profile,wall,output_allocate,0.0017124449999999999,0
ER_V20000_D8,1,7,DCSC-profile,wall,numeric,0.059930404,0
ER_V20000_D8,1,7,DCSC-profile,wall,return_cleanup,1.463e-06,0
ER_V20000_D8,1,7,DCSC-profile,wall,output_free,1.032e-06,0
ER_V20000_D8,1,7,CSC-profile,wall,total,0.075342181999999994,0
ER_V20000_D8,1,7,CSC-profile,wall,validate,7.3099999999999997e-07,0
ER_V20000_D8,1,7,CSC-profile,wall,lookup_build,2.9999999999999997e-08,0
ER_V20000_D8,1,7,CSC-profile,wall,scratch_setup,1.5670000000000001e-05,0
ER_V20000_D8,1,7,CSC-profile,wall,work_bound,0.00035208499999999997,0
ER_V20000_D8,1,7,CSC-profile,wall,symbolic_capacity,0.000131132,0
ER_V20000_D8,1,7,CSC-profile,wall,symbolic,0.01578777,0
ER_V20000_D8,1,7,CSC-profile,wall,prefix_numeric_capacity,0.000147002,0
ER_V20000_D8,1,7,CSC-profile,wall,output_allocate,0.0013381269999999999,0
ER_V20000_D8,1,7,CSC-profile,wall,numeric,0.057567280999999998,0
ER_V20000_D8,1,7,CSC-profile,wall,return_cleanup,1.5629999999999999e-06,0
ER_V20000_D8,1,7,CSC-profile,wall,output_free,7.4099999999999998e-07,0
ER_V20000_D8,1,7,CombBLAS-control,wall,total,0.083934242000000006,0
ER_V20000_D8,1,7,CombBLAS-control,wall,native_call_and_free,0.083933741000000006,0
ER_V20000_D8,1,7,DCSC-control,wall,total,0.082038787000000002,0
ER_V20000_D8,1,7,DCSC-control,wall,native_call_and_free,0.082038485999999994,0
ER_V20000_D8,1,7,CSC-control,wall,total,0.075247721000000004,0
ER_V20000_D8,1,7,CSC-control,wall,native_call_and_free,0.0752472,0
ER_V20000_D8,1,7,DCSC-dense-static,wall,total,0.075349436000000006,0
ER_V20000_D8,1,7,DCSC-dense-static,wall,native_call_and_free,0.075349146000000006,0
ER_V20000_D8,1,7,DCSC-static,wall,total,0.081078304000000004,0
ER_V20000_D8,1,7,DCSC-static,wall,native_call_and_free,0.081078003999999995,0
ER_V20000_D8,1,7,DCSC-dense-lookup,wall,total,0.07469402,0
ER_V20000_D8,1,7,DCSC-dense-lookup,wall,native_call_and_free,0.074693688999999994,0
ER_V20000_D8,1,7,CombBLAS-conversion,wall,total,0.090985975999999996,0
ER_V20000_D8,1,7,CombBLAS-conversion,wall,native_call,0.084180113000000001,0
ER_V20000_D8,1,7,CombBLAS-conversion,wall,tuple_to_dcsc,0.0068014249999999998,0
ER_V20000_D8,1,7,CombBLAS-conversion,wall,dcsc_free,3.6969999999999999e-06,0
ER_V20000_D8,1,7,CombBLAS-conversion,wall,output_free,6.7100000000000001e-07,0
ER_V20000_D8,1,7,CombBLAS-sampled,wall,total,0.089684200000000006,0
ER_V20000_D8,1,7,CombBLAS-sampled,wall,lookup_build,2.0309000000000002e-05,0
ER_V20000_D8,1,7,CombBLAS-sampled,wall,thread_setup,6.6329999999999999e-06,0
ER_V20000_D8,1,7,CombBLAS-sampled,wall,work_bound,0.003009332,0
ER_V20000_D8,1,7,CombBLAS-sampled,wall,work_prefix,1.6562000000000002e-05,0
ER_V20000_D8,1,7,CombBLAS-sampled,wall,symbolic,0.018256885,0
ER_V20000_D8,1,7,CombBLAS-sampled,wall,output_prefix,1.2635e-05,0
ER_V20000_D8,1,7,CombBLAS-sampled,wall,output_allocate,0.0023827499999999999,0
ER_V20000_D8,1,7,CombBLAS-sampled,wall,numeric_scratch_setup,8.2497999999999995e-05,0
ER_V20000_D8,1,7,CombBLAS-sampled,wall,numeric,0.065892719000000002,0
ER_V20000_D8,1,7,CombBLAS-sampled,wall,internal_cleanup,2.8250000000000001e-06,0
ER_V20000_D8,1,7,CombBLAS-sampled,wall,return_cleanup,5.6100000000000001e-07,0
ER_V20000_D8,1,7,CombBLAS-sampled,wall,output_free,4.3099999999999998e-07,0
ER_V20000_D8,1,7,CombBLAS-sampled,sampled_worker,lookup,0.0020695649999999937,10000
ER_V20000_D8,1,7,CombBLAS-sampled,sampled_worker,alloc_init,0.0015619939999999342,10000
ER_V20000_D8,1,7,CombBLAS-sampled,sampled_worker,lookup_multiply_hash,0.0090486639999999945,10000
ER_V20000_D8,1,7,CombBLAS-sampled,sampled_worker,compact,0.0032064080000000299,10000
ER_V20000_D8,1,7,CombBLAS-sampled,sampled_worker,sort,0.014959472000000003,10000
ER_V20000_D8,1,7,CombBLAS-sampled,sampled_worker,write,0.0022801259999999548,10000
ER_V20000_D8,1,7,CombBLAS-sampled,sampled_worker,scratch_free,0.00069741399999997445,10000
ER_V20000_D8,1,8,CombBLAS-conversion,wall,total,0.090590579000000004,0
ER_V20000_D8,1,8,CombBLAS-conversion,wall,native_call,0.083571305999999998,0
ER_V20000_D8,1,8,CombBLAS-conversion,wall,tuple_to_dcsc,0.0070150250000000003,0
ER_V20000_D8,1,8,CombBLAS-conversion,wall,dcsc_free,3.4960000000000001e-06,0
ER_V20000_D8,1,8,CombBLAS-conversion,wall,output_free,6.8199999999999999e-07,0
ER_V20000_D8,1,8,DCSC-dense-lookup,wall,total,0.075008091999999998,0
ER_V20000_D8,1,8,DCSC-dense-lookup,wall,native_call_and_free,0.075007801999999998,0
ER_V20000_D8,1,8,DCSC-static,wall,total,0.081233652000000003,0
ER_V20000_D8,1,8,DCSC-static,wall,native_call_and_free,0.081233350999999995,0
ER_V20000_D8,1,8,DCSC-dense-static,wall,total,0.074764775000000006,0
ER_V20000_D8,1,8,DCSC-dense-static,wall,native_call_and_free,0.074764364,0
ER_V20000_D8,1,8,CSC-control,wall,total,0.074932947,0
ER_V20000_D8,1,8,CSC-control,wall,native_call_and_free,0.074932647000000005,0
ER_V20000_D8,1,8,DCSC-control,wall,total,0.082633927999999995,0
ER_V20000_D8,1,8,DCSC-control,wall,native_call_and_free,0.082633647000000005,0
ER_V20000_D8,1,8,CombBLAS-control,wall,total,0.084010567999999994,0
ER_V20000_D8,1,8,CombBLAS-control,wall,native_call_and_free,0.084010238000000001,0
ER_V20000_D8,1,8,CSC-profile,wall,total,0.075664060000000005,0
ER_V20000_D8,1,8,CSC-profile,wall,validate,8.8199999999999998e-07,0
ER_V20000_D8,1,8,CSC-profile,wall,lookup_build,4.0000000000000001e-08,0
ER_V20000_D8,1,8,CSC-profile,wall,scratch_setup,2.1931999999999999e-05,0
ER_V20000_D8,1,8,CSC-profile,wall,work_bound,0.00035398899999999997,0
ER_V20000_D8,1,8,CSC-profile,wall,symbolic_capacity,0.00013107099999999999,0
ER_V20000_D8,1,8,CSC-profile,wall,symbolic,0.015785436,0
ER_V20000_D8,1,8,CSC-profile,wall,prefix_numeric_capacity,0.00014715299999999999,0
ER_V20000_D8,1,8,CSC-profile,wall,output_allocate,0.001695832,0
ER_V20000_D8,1,8,CSC-profile,wall,numeric,0.057525521000000003,0
ER_V20000_D8,1,8,CSC-profile,wall,return_cleanup,1.082e-06,0
ER_V20000_D8,1,8,CSC-profile,wall,output_free,1.062e-06,0
ER_V20000_D8,1,8,DCSC-profile,wall,total,0.082435698000000002,0
ER_V20000_D8,1,8,DCSC-profile,wall,validate,2.6e-07,0
ER_V20000_D8,1,8,DCSC-profile,wall,lookup_build,0.00024427900000000002,0
ER_V20000_D8,1,8,DCSC-profile,wall,scratch_setup,1.8776000000000001e-05,0
ER_V20000_D8,1,8,DCSC-profile,wall,work_bound,0.001184231,0
ER_V20000_D8,1,8,DCSC-profile,wall,symbolic_capacity,0.00012942800000000001,0
ER_V20000_D8,1,8,DCSC-profile,wall,symbolic,0.018965796,0
ER_V20000_D8,1,8,DCSC-profile,wall,prefix_numeric_capacity,0.00014825400000000001,0
ER_V20000_D8,1,8,DCSC-profile,wall,output_allocate,0.0013950360000000001,0
ER_V20000_D8,1,8,DCSC-profile,wall,numeric,0.060347593999999997,0
ER_V20000_D8,1,8,DCSC-profile,wall,return_cleanup,8.4099999999999997e-07,0
ER_V20000_D8,1,8,DCSC-profile,wall,output_free,1.133e-06,0
ER_V20000_D8,1,8,CombBLAS-profile,wall,total,0.086747948000000005,0
ER_V20000_D8,1,8,CombBLAS-profile,wall,lookup_build,1.8576e-05,0
ER_V20000_D8,1,8,CombBLAS-profile,wall,thread_setup,2.3939999999999999e-06,0
ER_V20000_D8,1,8,CombBLAS-profile,wall,work_bound,0.002991147,0
ER_V20000_D8,1,8,CombBLAS-profile,wall,work_prefix,1.2765000000000001e-05,0
ER_V20000_D8,1,8,CombBLAS-profile,wall,symbolic,0.018030251000000001,0
ER_V20000_D8,1,8,CombBLAS-profile,wall,output_prefix,1.2624e-05,0
ER_V20000_D8,1,8,CombBLAS-profile,wall,output_allocate,0.0021656140000000002,0
ER_V20000_D8,1,8,CombBLAS-profile,wall,numeric_scratch_setup,8.7095999999999994e-05,0
ER_V20000_D8,1,8,CombBLAS-profile,wall,numeric,0.063424195000000003,0
ER_V20000_D8,1,8,CombBLAS-profile,wall,internal_cleanup,2.4339999999999999e-06,0
ER_V20000_D8,1,8,CombBLAS-profile,wall,return_cleanup,5.9200000000000001e-07,0
ER_V20000_D8,1,8,CombBLAS-profile,wall,output_free,1.9999999999999999e-07,0
ER_V20000_D8,1,8,DCSC-sampled,wall,total,0.085056775000000001,0
ER_V20000_D8,1,8,DCSC-sampled,wall,validate,5.2099999999999997e-07,0
ER_V20000_D8,1,8,DCSC-sampled,wall,lookup_build,0.000249208,0
ER_V20000_D8,1,8,DCSC-sampled,wall,scratch_setup,2.4496999999999999e-05,0
ER_V20000_D8,1,8,DCSC-sampled,wall,work_bound,0.0011766070000000001,0
ER_V20000_D8,1,8,DCSC-sampled,wall,symbolic_capacity,0.00012791500000000001,0
ER_V20000_D8,1,8,DCSC-sampled,wall,symbolic,0.019117025999999999,0
ER_V20000_D8,1,8,DCSC-sampled,wall,prefix_numeric_capacity,0.00014795300000000001,0
ER_V20000_D8,1,8,DCSC-sampled,wall,output_allocate,0.0017138979999999999,0
ER_V20000_D8,1,8,DCSC-sampled,wall,numeric,0.062496705999999999,0
ER_V20000_D8,1,8,DCSC-sampled,wall,return_cleanup,1.082e-06,0
ER_V20000_D8,1,8,DCSC-sampled,wall,output_free,1.302e-06,0
ER_V20000_D8,1,8,DCSC-sampled,sampled_worker,lookup,0,10000
ER_V20000_D8,1,8,DCSC-sampled,sampled_worker,alloc_init,0.0011440839999999799,10000
ER_V20000_D8,1,8,DCSC-sampled,sampled_worker,lookup_multiply_hash,0.010972515999999927,10000
ER_V20000_D8,1,8,DCSC-sampled,sampled_worker,compact,0.0030881160000000049,10000
ER_V20000_D8,1,8,DCSC-sampled,sampled_worker,sort,0.014732593999999927,10000
ER_V20000_D8,1,8,DCSC-sampled,sampled_worker,write,0.0010378759999999842,10000
ER_V20000_D8,1,8,DCSC-sampled,sampled_worker,scratch_free,0.00076517099999996252,10000
ER_V20000_D8,1,8,CombBLAS-sampled,wall,total,0.089296635999999999,0
ER_V20000_D8,1,8,CombBLAS-sampled,wall,lookup_build,1.8715999999999998e-05,0
ER_V20000_D8,1,8,CombBLAS-sampled,wall,thread_setup,2.1339999999999998e-06,0
ER_V20000_D8,1,8,CombBLAS-sampled,wall,work_bound,0.0029954650000000001,0
ER_V20000_D8,1,8,CombBLAS-sampled,wall,work_prefix,1.4798e-05,0
ER_V20000_D8,1,8,CombBLAS-sampled,wall,symbolic,0.018211979999999999,0
ER_V20000_D8,1,8,CombBLAS-sampled,wall,output_prefix,1.1933000000000001e-05,0
ER_V20000_D8,1,8,CombBLAS-sampled,wall,output_allocate,0.0024123170000000002,0
ER_V20000_D8,1,8,CombBLAS-sampled,wall,numeric_scratch_setup,8.4411000000000002e-05,0
ER_V20000_D8,1,8,CombBLAS-sampled,wall,numeric,0.065540984999999996,0
ER_V20000_D8,1,8,CombBLAS-sampled,wall,internal_cleanup,2.9160000000000001e-06,0
ER_V20000_D8,1,8,CombBLAS-sampled,wall,return_cleanup,5.4099999999999999e-07,0
ER_V20000_D8,1,8,CombBLAS-sampled,wall,output_free,3.7e-07,0
ER_V20000_D8,1,8,CombBLAS-sampled,sampled_worker,lookup,0.0020792679999999879,10000
ER_V20000_D8,1,8,CombBLAS-sampled,sampled_worker,alloc_init,0.0015505459999999324,10000
ER_V20000_D8,1,8,CombBLAS-sampled,sampled_worker,lookup_multiply_hash,0.0089788330000000142,10000
ER_V20000_D8,1,8,CombBLAS-sampled,sampled_worker,compact,0.003203019000000027,10000
ER_V20000_D8,1,8,CombBLAS-sampled,sampled_worker,sort,0.014948466999999957,10000
ER_V20000_D8,1,8,CombBLAS-sampled,sampled_worker,write,0.0020759189999999699,10000
ER_V20000_D8,1,8,CombBLAS-sampled,sampled_worker,scratch_free,0.00070392999999997839,10000
ER_V20000_D8,1,9,CombBLAS-conversion,wall,total,0.090881776999999997,0
ER_V20000_D8,1,9,CombBLAS-conversion,wall,native_call,0.083835612000000004,0
ER_V20000_D8,1,9,CombBLAS-conversion,wall,tuple_to_dcsc,0.0070420969999999998,0
ER_V20000_D8,1,9,CombBLAS-conversion,wall,dcsc_free,3.3869999999999999e-06,0
ER_V20000_D8,1,9,CombBLAS-conversion,wall,output_free,6.3099999999999997e-07,0
ER_V20000_D8,1,9,CombBLAS-sampled,wall,total,0.089082376000000005,0
ER_V20000_D8,1,9,CombBLAS-sampled,wall,lookup_build,1.8495000000000002e-05,0
ER_V20000_D8,1,9,CombBLAS-sampled,wall,thread_setup,5.0200000000000002e-06,0
ER_V20000_D8,1,9,CombBLAS-sampled,wall,work_bound,0.0029828010000000002,0
ER_V20000_D8,1,9,CombBLAS-sampled,wall,work_prefix,1.3967e-05,0
ER_V20000_D8,1,9,CombBLAS-sampled,wall,symbolic,0.018239963000000001,0
ER_V20000_D8,1,9,CombBLAS-sampled,wall,output_prefix,1.2995e-05,0
ER_V20000_D8,1,9,CombBLAS-sampled,wall,output_allocate,0.002194479,0
ER_V20000_D8,1,9,CombBLAS-sampled,wall,numeric_scratch_setup,8.3961000000000005e-05,0
ER_V20000_D8,1,9,CombBLAS-sampled,wall,numeric,0.065527819000000001,0
ER_V20000_D8,1,9,CombBLAS-sampled,wall,internal_cleanup,1.9039999999999999e-06,0
ER_V20000_D8,1,9,CombBLAS-sampled,wall,return_cleanup,5.3099999999999998e-07,0
ER_V20000_D8,1,9,CombBLAS-sampled,wall,output_free,3.8099999999999998e-07,0
ER_V20000_D8,1,9,CombBLAS-sampled,sampled_worker,lookup,0.0020779399999999995,10000
ER_V20000_D8,1,9,CombBLAS-sampled,sampled_worker,alloc_init,0.0015525659999999315,10000
ER_V20000_D8,1,9,CombBLAS-sampled,sampled_worker,lookup_multiply_hash,0.0089621979999999664,10000
ER_V20000_D8,1,9,CombBLAS-sampled,sampled_worker,compact,0.0032044640000000288,10000
ER_V20000_D8,1,9,CombBLAS-sampled,sampled_worker,sort,0.014998460999999958,10000
ER_V20000_D8,1,9,CombBLAS-sampled,sampled_worker,write,0.0020909069999999683,10000
ER_V20000_D8,1,9,CombBLAS-sampled,sampled_worker,scratch_free,0.00069494999999997794,10000
ER_V20000_D8,1,9,DCSC-sampled,wall,total,0.085087253000000002,0
ER_V20000_D8,1,9,DCSC-sampled,wall,validate,4.51e-07,0
ER_V20000_D8,1,9,DCSC-sampled,wall,lookup_build,0.00024354699999999999,0
ER_V20000_D8,1,9,DCSC-sampled,wall,scratch_setup,2.4216999999999999e-05,0
ER_V20000_D8,1,9,DCSC-sampled,wall,work_bound,0.0011741119999999999,0
ER_V20000_D8,1,9,DCSC-sampled,wall,symbolic_capacity,0.00012841600000000001,0
ER_V20000_D8,1,9,DCSC-sampled,wall,symbolic,0.019141352,0
ER_V20000_D8,1,9,DCSC-sampled,wall,prefix_numeric_capacity,0.000148054,0
ER_V20000_D8,1,9,DCSC-sampled,wall,output_allocate,0.001902298,0
ER_V20000_D8,1,9,DCSC-sampled,wall,numeric,0.062322081000000001,0
ER_V20000_D8,1,9,DCSC-sampled,wall,return_cleanup,1.443e-06,0
ER_V20000_D8,1,9,DCSC-sampled,wall,output_free,1.212e-06,0
ER_V20000_D8,1,9,DCSC-sampled,sampled_worker,lookup,0,10000
ER_V20000_D8,1,9,DCSC-sampled,sampled_worker,alloc_init,0.001138865999999994,10000
ER_V20000_D8,1,9,DCSC-sampled,sampled_worker,lookup_multiply_hash,0.010939321999999954,10000
ER_V20000_D8,1,9,DCSC-sampled,sampled_worker,compact,0.0030825940000000049,10000
ER_V20000_D8,1,9,DCSC-sampled,sampled_worker,sort,0.014687365999999992,10000
ER_V20000_D8,1,9,DCSC-sampled,sampled_worker,write,0.0010426419999999821,10000
ER_V20000_D8,1,9,DCSC-sampled,sampled_worker,scratch_free,0.00076161099999996556,10000
ER_V20000_D8,1,9,CombBLAS-profile,wall,total,0.086901643000000001,0
ER_V20000_D8,1,9,CombBLAS-profile,wall,lookup_build,1.8155000000000002e-05,0
ER_V20000_D8,1,9,CombBLAS-profile,wall,thread_setup,1.903e-06,0
ER_V20000_D8,1,9,CombBLAS-profile,wall,work_bound,0.0029824410000000002,0
ER_V20000_D8,1,9,CombBLAS-profile,wall,work_prefix,1.4748e-05,0
ER_V20000_D8,1,9,CombBLAS-profile,wall,symbolic,0.018051701999999999,0
ER_V20000_D8,1,9,CombBLAS-profile,wall,output_prefix,1.3356000000000001e-05,0
ER_V20000_D8,1,9,CombBLAS-profile,wall,output_allocate,0.0022556759999999999,0
ER_V20000_D8,1,9,CombBLAS-profile,wall,numeric_scratch_setup,8.3410000000000003e-05,0
ER_V20000_D8,1,9,CombBLAS-profile,wall,numeric,0.063476686000000004,0
ER_V20000_D8,1,9,CombBLAS-profile,wall,internal_cleanup,2.554e-06,0
ER_V20000_D8,1,9,CombBLAS-profile,wall,return_cleanup,5.6100000000000001e-07,0
ER_V20000_D8,1,9,CombBLAS-profile,wall,output_free,3.9099999999999999e-07,0
ER_V20000_D8,1,9,DCSC-profile,wall,total,0.082300347999999995,0
ER_V20000_D8,1,9,DCSC-profile,wall,validate,2.3999999999999998e-07,0
ER_V20000_D8,1,9,DCSC-profile,wall,lookup_build,0.00024368799999999999,0
ER_V20000_D8,1,9,DCSC-profile,wall,scratch_setup,2.4896999999999999e-05,0
ER_V20000_D8,1,9,DCSC-profile,wall,work_bound,0.0011745530000000001,0
ER_V20000_D8,1,9,DCSC-profile,wall,symbolic_capacity,0.00013265400000000001,0
ER_V20000_D8,1,9,DCSC-profile,wall,symbolic,0.019033234999999999,0
ER_V20000_D8,1,9,DCSC-profile,wall,prefix_numeric_capacity,0.00014762400000000001,0
ER_V20000_D8,1,9,DCSC-profile,wall,output_allocate,0.0017247969999999999,0
ER_V20000_D8,1,9,DCSC-profile,wall,numeric,0.059816356000000001,0
ER_V20000_D8,1,9,DCSC-profile,wall,return_cleanup,1.1620000000000001e-06,0
ER_V20000_D8,1,9,DCSC-profile,wall,output_free,1.0720000000000001e-06,0
ER_V20000_D8,1,9,CSC-profile,wall,total,0.075428117000000003,0
ER_V20000_D8,1,9,CSC-profile,wall,validate,7.3099999999999997e-07,0
ER_V20000_D8,1,9,CSC-profile,wall,lookup_build,4.0000000000000001e-08,0
ER_V20000_D8,1,9,CSC-profile,wall,scratch_setup,1.535e-05,0
ER_V20000_D8,1,9,CSC-profile,wall,work_bound,0.00035731499999999998,0
ER_V20000_D8,1,9,CSC-profile,wall,symbolic_capacity,0.00013113099999999999,0
ER_V20000_D8,1,9,CSC-profile,wall,symbolic,0.015719770000000001,0
ER_V20000_D8,1,9,CSC-profile,wall,prefix_numeric_capacity,0.00014778400000000001,0
ER_V20000_D8,1,9,CSC-profile,wall,output_allocate,0.001528181,0
ER_V20000_D8,1,9,CSC-profile,wall,numeric,0.057525962,0
ER_V20000_D8,1,9,CSC-profile,wall,return_cleanup,1.032e-06,0
ER_V20000_D8,1,9,CSC-profile,wall,output_free,7.6199999999999997e-07,0
ER_V20000_D8,1,9,CombBLAS-control,wall,total,0.083836384,0
ER_V20000_D8,1,9,CombBLAS-control,wall,native_call_and_free,0.083835862999999997,0
ER_V20000_D8,1,9,DCSC-control,wall,total,0.082082451000000001,0
ER_V20000_D8,1,9,DCSC-control,wall,native_call_and_free,0.082082160000000001,0
ER_V20000_D8,1,9,CSC-control,wall,total,0.074989816000000001,0
ER_V20000_D8,1,9,CSC-control,wall,native_call_and_free,0.074989516000000006,0
ER_V20000_D8,1,9,DCSC-dense-static,wall,total,0.075390504999999997,0
ER_V20000_D8,1,9,DCSC-dense-static,wall,native_call_and_free,0.075390194999999993,0
ER_V20000_D8,1,9,DCSC-static,wall,total,0.080961270000000002,0
ER_V20000_D8,1,9,DCSC-static,wall,native_call_and_free,0.080960988999999997,0
ER_V20000_D8,1,9,DCSC-dense-lookup,wall,total,0.074884935999999999,0
ER_V20000_D8,1,9,DCSC-dense-lookup,wall,native_call_and_free,0.074884624999999996,0
ER_V20000_D8,1,10,DCSC-static,wall,total,0.080975997999999993,0
ER_V20000_D8,1,10,DCSC-static,wall,native_call_and_free,0.080975697999999999,0
ER_V20000_D8,1,10,DCSC-dense-static,wall,total,0.074826614,0
ER_V20000_D8,1,10,DCSC-dense-static,wall,native_call_and_free,0.074826323,0
ER_V20000_D8,1,10,CSC-control,wall,total,0.074889895999999997,0
ER_V20000_D8,1,10,CSC-control,wall,native_call_and_free,0.074889533999999994,0
ER_V20000_D8,1,10,DCSC-control,wall,total,0.081687643000000004,0
ER_V20000_D8,1,10,DCSC-control,wall,native_call_and_free,0.081687372999999994,0
ER_V20000_D8,1,10,CombBLAS-control,wall,total,0.083722595999999996,0
ER_V20000_D8,1,10,CombBLAS-control,wall,native_call_and_free,0.083722044999999995,0
ER_V20000_D8,1,10,CSC-profile,wall,total,0.075477191999999999,0
ER_V20000_D8,1,10,CSC-profile,wall,validate,9.7300000000000004e-07,0
ER_V20000_D8,1,10,CSC-profile,wall,lookup_build,2.9000000000000002e-08,0
ER_V20000_D8,1,10,CSC-profile,wall,scratch_setup,2.1141e-05,0
ER_V20000_D8,1,10,CSC-profile,wall,work_bound,0.00035168500000000002,0
ER_V20000_D8,1,10,CSC-profile,wall,symbolic_capacity,0.00013112099999999999,0
ER_V20000_D8,1,10,CSC-profile,wall,symbolic,0.015734358,0
ER_V20000_D8,1,10,CSC-profile,wall,prefix_numeric_capacity,0.00014814400000000001,0
ER_V20000_D8,1,10,CSC-profile,wall,output_allocate,0.001686655,0
ER_V20000_D8,1,10,CSC-profile,wall,numeric,0.057400861999999997,0
ER_V20000_D8,1,10,CSC-profile,wall,return_cleanup,1.4330000000000001e-06,0
ER_V20000_D8,1,10,CSC-profile,wall,output_free,7.4099999999999998e-07,0
ER_V20000_D8,1,10,DCSC-profile,wall,total,0.082509398999999997,0
ER_V20000_D8,1,10,DCSC-profile,wall,validate,2.7099999999999998e-07,0
ER_V20000_D8,1,10,DCSC-profile,wall,lookup_build,0.00024456899999999998,0
ER_V20000_D8,1,10,DCSC-profile,wall,scratch_setup,1.8425000000000001e-05,0
ER_V20000_D8,1,10,DCSC-profile,wall,work_bound,0.001177598,0
ER_V20000_D8,1,10,DCSC-profile,wall,symbolic_capacity,0.00012956900000000001,0
ER_V20000_D8,1,10,DCSC-profile,wall,symbolic,0.019017425000000001,0
ER_V20000_D8,1,10,DCSC-profile,wall,prefix_numeric_capacity,0.000148434,0
ER_V20000_D8,1,10,DCSC-profile,wall,output_allocate,0.001388072,0
ER_V20000_D8,1,10,DCSC-profile,wall,numeric,0.060382961999999998,0
ER_V20000_D8,1,10,DCSC-profile,wall,return_cleanup,9.6200000000000006e-07,0
ER_V20000_D8,1,10,DCSC-profile,wall,output_free,1.062e-06,0
ER_V20000_D8,1,10,CombBLAS-profile,wall,total,0.086735083000000004,0
ER_V20000_D8,1,10,CombBLAS-profile,wall,lookup_build,1.8394999999999999e-05,0
ER_V20000_D8,1,10,CombBLAS-profile,wall,thread_setup,2.0839999999999999e-06,0
ER_V20000_D8,1,10,CombBLAS-profile,wall,work_bound,0.0029894240000000001,0
ER_V20000_D8,1,10,CombBLAS-profile,wall,work_prefix,1.2754e-05,0
ER_V20000_D8,1,10,CombBLAS-profile,wall,symbolic,0.017959996999999998,0
ER_V20000_D8,1,10,CombBLAS-profile,wall,output_prefix,1.1922999999999999e-05,0
ER_V20000_D8,1,10,CombBLAS-profile,wall,output_allocate,0.0021580280000000002,0
ER_V20000_D8,1,10,CombBLAS-profile,wall,numeric_scratch_setup,8.5104000000000004e-05,0
ER_V20000_D8,1,10,CombBLAS-profile,wall,numeric,0.063493978000000006,0
ER_V20000_D8,1,10,CombBLAS-profile,wall,internal_cleanup,2.5550000000000001e-06,0
ER_V20000_D8,1,10,CombBLAS-profile,wall,return_cleanup,5.9100000000000004e-07,0
ER_V20000_D8,1,10,CombBLAS-profile,wall,output_free,1.9000000000000001e-07,0
ER_V20000_D8,1,10,DCSC-sampled,wall,total,0.084821984000000003,0
ER_V20000_D8,1,10,DCSC-sampled,wall,validate,4.9100000000000004e-07,0
ER_V20000_D8,1,10,DCSC-sampled,wall,lookup_build,0.000243677,0
ER_V20000_D8,1,10,DCSC-sampled,wall,scratch_setup,2.5058e-05,0
ER_V20000_D8,1,10,DCSC-sampled,wall,work_bound,0.0011743319999999999,0
ER_V20000_D8,1,10,DCSC-sampled,wall,symbolic_capacity,0.00012755500000000001,0
ER_V20000_D8,1,10,DCSC-sampled,wall,symbolic,0.018974602,0
ER_V20000_D8,1,10,DCSC-sampled,wall,prefix_numeric_capacity,0.00014743300000000001,0
ER_V20000_D8,1,10,DCSC-sampled,wall,output_allocate,0.0017161019999999999,0
ER_V20000_D8,1,10,DCSC-sampled,wall,numeric,0.062410129000000002,0
ER_V20000_D8,1,10,DCSC-sampled,wall,return_cleanup,1.062e-06,0
ER_V20000_D8,1,10,DCSC-sampled,wall,output_free,1.483e-06,0
ER_V20000_D8,1,10,DCSC-sampled,sampled_worker,lookup,0,10000
ER_V20000_D8,1,10,DCSC-sampled,sampled_worker,alloc_init,0.0011451049999999829,10000
ER_V20000_D8,1,10,DCSC-sampled,sampled_worker,lookup_multiply_hash,0.010931100000000018,10000
ER_V20000_D8,1,10,DCSC-sampled,sampled_worker,compact,0.0030850440000000172,10000
ER_V20000_D8,1,10,DCSC-sampled,sampled_worker,sort,0.014748328999999952,10000
ER_V20000_D8,1,10,DCSC-sampled,sampled_worker,write,0.0010366789999999826,10000
ER_V20000_D8,1,10,DCSC-sampled,sampled_worker,scratch_free,0.00078242799999996189,10000
ER_V20000_D8,1,10,CombBLAS-sampled,wall,total,0.089277048999999997,0
ER_V20000_D8,1,10,CombBLAS-sampled,wall,lookup_build,1.8275e-05,0
ER_V20000_D8,1,10,CombBLAS-sampled,wall,thread_setup,2.3240000000000001e-06,0
ER_V20000_D8,1,10,CombBLAS-sampled,wall,work_bound,0.0030538369999999998,0
ER_V20000_D8,1,10,CombBLAS-sampled,wall,work_prefix,1.2975e-05,0
ER_V20000_D8,1,10,CombBLAS-sampled,wall,symbolic,0.017962792000000002,0
ER_V20000_D8,1,10,CombBLAS-sampled,wall,output_prefix,1.1691999999999999e-05,0
ER_V20000_D8,1,10,CombBLAS-sampled,wall,output_allocate,0.0024298100000000001,0
ER_V20000_D8,1,10,CombBLAS-sampled,wall,numeric_scratch_setup,8.6346000000000003e-05,0
ER_V20000_D8,1,10,CombBLAS-sampled,wall,numeric,0.065695311000000006,0
ER_V20000_D8,1,10,CombBLAS-sampled,wall,internal_cleanup,2.7250000000000002e-06,0
ER_V20000_D8,1,10,CombBLAS-sampled,wall,return_cleanup,5.3099999999999998e-07,0
ER_V20000_D8,1,10,CombBLAS-sampled,wall,output_free,3.5999999999999999e-07,0
ER_V20000_D8,1,10,CombBLAS-sampled,sampled_worker,lookup,0.0020770479999999954,10000
ER_V20000_D8,1,10,CombBLAS-sampled,sampled_worker,alloc_init,0.0015541879999999299,10000
ER_V20000_D8,1,10,CombBLAS-sampled,sampled_worker,lookup_multiply_hash,0.0089811409999999894,10000
ER_V20000_D8,1,10,CombBLAS-sampled,sampled_worker,compact,0.0032098380000000325,10000
ER_V20000_D8,1,10,CombBLAS-sampled,sampled_worker,sort,0.015003844000000035,10000
ER_V20000_D8,1,10,CombBLAS-sampled,sampled_worker,write,0.002111410999999958,10000
ER_V20000_D8,1,10,CombBLAS-sampled,sampled_worker,scratch_free,0.00071076399999998082,10000
ER_V20000_D8,1,10,CombBLAS-conversion,wall,total,0.090681131999999998,0
ER_V20000_D8,1,10,CombBLAS-conversion,wall,native_call,0.083586073999999996,0
ER_V20000_D8,1,10,CombBLAS-conversion,wall,tuple_to_dcsc,0.0070914810000000002,0
ER_V20000_D8,1,10,CombBLAS-conversion,wall,dcsc_free,2.8150000000000002e-06,0
ER_V20000_D8,1,10,CombBLAS-conversion,wall,output_free,6.92e-07,0
ER_V20000_D8,1,10,DCSC-dense-lookup,wall,total,0.075350528999999999,0
ER_V20000_D8,1,10,DCSC-dense-lookup,wall,native_call_and_free,0.075350247999999995,0
ER_V20000_D8,1,11,DCSC-static,wall,total,0.081334205000000007,0
ER_V20000_D8,1,11,DCSC-static,wall,native_call_and_free,0.081333903999999999,0
ER_V20000_D8,1,11,DCSC-dense-lookup,wall,total,0.074671977,0
ER_V20000_D8,1,11,DCSC-dense-lookup,wall,native_call_and_free,0.074671676000000006,0
ER_V20000_D8,1,11,CombBLAS-conversion,wall,total,0.090797896000000003,0
ER_V20000_D8,1,11,CombBLAS-conversion,wall,native_call,0.083550285000000002,0
ER_V20000_D8,1,11,CombBLAS-conversion,wall,tuple_to_dcsc,0.0072445749999999996,0
ER_V20000_D8,1,11,CombBLAS-conversion,wall,dcsc_free,2.4849999999999999e-06,0
ER_V20000_D8,1,11,CombBLAS-conversion,wall,output_free,4.9100000000000004e-07,0
ER_V20000_D8,1,11,CombBLAS-sampled,wall,total,0.089169383000000005,0
ER_V20000_D8,1,11,CombBLAS-sampled,wall,lookup_build,1.8074999999999999e-05,0
ER_V20000_D8,1,11,CombBLAS-sampled,wall,thread_setup,5.4399999999999996e-06,0
ER_V20000_D8,1,11,CombBLAS-sampled,wall,work_bound,0.0029966179999999999,0
ER_V20000_D8,1,11,CombBLAS-sampled,wall,work_prefix,1.4778e-05,0
ER_V20000_D8,1,11,CombBLAS-sampled,wall,symbolic,0.017955336999999998,0
ER_V20000_D8,1,11,CombBLAS-sampled,wall,output_prefix,1.3706000000000001e-05,0
ER_V20000_D8,1,11,CombBLAS-sampled,wall,output_allocate,0.002500506,0
ER_V20000_D8,1,11,CombBLAS-sampled,wall,numeric_scratch_setup,8.3521000000000002e-05,0
ER_V20000_D8,1,11,CombBLAS-sampled,wall,numeric,0.065578155999999999,0
ER_V20000_D8,1,11,CombBLAS-sampled,wall,internal_cleanup,2.3140000000000002e-06,0
ER_V20000_D8,1,11,CombBLAS-sampled,wall,return_cleanup,5.2099999999999997e-07,0
ER_V20000_D8,1,11,CombBLAS-sampled,wall,output_free,3.41e-07,0
ER_V20000_D8,1,11,CombBLAS-sampled,sampled_worker,lookup,0.0020629409999999926,10000
ER_V20000_D8,1,11,CombBLAS-sampled,sampled_worker,alloc_init,0.0015589839999999282,10000
ER_V20000_D8,1,11,CombBLAS-sampled,sampled_worker,lookup_multiply_hash,0.0089486770000000108,10000
ER_V20000_D8,1,11,CombBLAS-sampled,sampled_worker,compact,0.0032117470000000356,10000
ER_V20000_D8,1,11,CombBLAS-sampled,sampled_worker,sort,0.014986413000000025,10000
ER_V20000_D8,1,11,CombBLAS-sampled,sampled_worker,write,0.0021058569999999619,10000
ER_V20000_D8,1,11,CombBLAS-sampled,sampled_worker,scratch_free,0.00069917599999997629,10000
ER_V20000_D8,1,11,DCSC-sampled,wall,total,0.084961723000000003,0
ER_V20000_D8,1,11,DCSC-sampled,wall,validate,6.2099999999999996e-07,0
ER_V20000_D8,1,11,DCSC-sampled,wall,lookup_build,0.000243267,0
ER_V20000_D8,1,11,DCSC-sampled,wall,scratch_setup,2.5318000000000001e-05,0
ER_V20000_D8,1,11,DCSC-sampled,wall,work_bound,0.001173802,0
ER_V20000_D8,1,11,DCSC-sampled,wall,symbolic_capacity,0.000127644,0
ER_V20000_D8,1,11,DCSC-sampled,wall,symbolic,0.019121915,0
ER_V20000_D8,1,11,DCSC-sampled,wall,prefix_numeric_capacity,0.000148245,0
ER_V20000_D8,1,11,DCSC-sampled,wall,output_allocate,0.0017219620000000001,0
ER_V20000_D8,1,11,DCSC-sampled,wall,numeric,0.062396333999999998,0
ER_V20000_D8,1,11,DCSC-sampled,wall,return_cleanup,1.2920000000000001e-06,0
ER_V20000_D8,1,11,DCSC-sampled,wall,output_free,1.1620000000000001e-06,0
ER_V20000_D8,1,11,DCSC-sampled,sampled_worker,lookup,0,10000
ER_V20000_D8,1,11,DCSC-sampled,sampled_worker,alloc_init,0.0011444819999999812,10000
ER_V20000_D8,1,11,DCSC-sampled,sampled_worker,lookup_multiply_hash,0.010944331000000002,10000
ER_V20000_D8,1,11,DCSC-sampled,sampled_worker,compact,0.0030864110000000072,10000
ER_V20000_D8,1,11,DCSC-sampled,sampled_worker,sort,0.014749836999999988,10000
ER_V20000_D8,1,11,DCSC-sampled,sampled_worker,write,0.0010396079999999818,10000
ER_V20000_D8,1,11,DCSC-sampled,sampled_worker,scratch_free,0.00077974699999996456,10000
ER_V20000_D8,1,11,CombBLAS-profile,wall,total,0.086683335,0
ER_V20000_D8,1,11,CombBLAS-profile,wall,lookup_build,1.8456000000000001e-05,0
ER_V20000_D8,1,11,CombBLAS-profile,wall,thread_setup,2.525e-06,0
ER_V20000_D8,1,11,CombBLAS-profile,wall,work_bound,0.0029915879999999999,0
ER_V20000_D8,1,11,CombBLAS-profile,wall,work_prefix,1.4608e-05,0
ER_V20000_D8,1,11,CombBLAS-profile,wall,symbolic,0.018067382,0
ER_V20000_D8,1,11,CombBLAS-profile,wall,output_prefix,1.1702000000000001e-05,0
ER_V20000_D8,1,11,CombBLAS-profile,wall,output_allocate,0.0021434010000000001,0
ER_V20000_D8,1,11,CombBLAS-profile,wall,numeric_scratch_setup,8.4742999999999998e-05,0
ER_V20000_D8,1,11,CombBLAS-profile,wall,numeric,0.063344971999999999,0
ER_V20000_D8,1,11,CombBLAS-profile,wall,internal_cleanup,2.695e-06,0
ER_V20000_D8,1,11,CombBLAS-profile,wall,return_cleanup,6.0100000000000005e-07,0
ER_V20000_D8,1,11,CombBLAS-profile,wall,output_free,5.9200000000000001e-07,0
ER_V20000_D8,1,11,DCSC-profile,wall,total,0.082309486000000001,0
ER_V20000_D8,1,11,DCSC-profile,wall,validate,2.6100000000000002e-07,0
ER_V20000_D8,1,11,DCSC-profile,wall,lookup_build,0.000242976,0
ER_V20000_D8,1,11,DCSC-profile,wall,scratch_setup,2.4516999999999999e-05,0
ER_V20000_D8,1,11,DCSC-profile,wall,work_bound,0.0011752539999999999,0
ER_V20000_D8,1,11,DCSC-profile,wall,symbolic_capacity,0.000127534,0
ER_V20000_D8,1,11,DCSC-profile,wall,symbolic,0.018985314,0
ER_V20000_D8,1,11,DCSC-profile,wall,prefix_numeric_capacity,0.00014717199999999999,0
ER_V20000_D8,1,11,DCSC-profile,wall,output_allocate,0.0017165119999999999,0
ER_V20000_D8,1,11,DCSC-profile,wall,numeric,0.059887430999999998,0
ER_V20000_D8,1,11,DCSC-profile,wall,return_cleanup,1.313e-06,0
ER_V20000_D8,1,11,DCSC-profile,wall,output_free,1.142e-06,0
ER_V20000_D8,1,11,CSC-profile,wall,total,0.075343965999999998,0
ER_V20000_D8,1,11,CSC-profile,wall,validate,5.0100000000000005e-07,0
ER_V20000_D8,1,11,CSC-profile,wall,lookup_build,4.0000000000000001e-08,0
ER_V20000_D8,1,11,CSC-profile,wall,scratch_setup,1.6541999999999998e-05,0
ER_V20000_D8,1,11,CSC-profile,wall,work_bound,0.00036432800000000003,0
ER_V20000_D8,1,11,CSC-profile,wall,symbolic_capacity,0.00013136300000000001,0
ER_V20000_D8,1,11,CSC-profile,wall,symbolic,0.015764044000000001,0
ER_V20000_D8,1,11,CSC-profile,wall,prefix_numeric_capacity,0.000147102,0
ER_V20000_D8,1,11,CSC-profile,wall,output_allocate,0.00132931,0
ER_V20000_D8,1,11,CSC-profile,wall,numeric,0.057588682000000002,0
ER_V20000_D8,1,11,CSC-profile,wall,return_cleanup,1.172e-06,0
ER_V20000_D8,1,11,CSC-profile,wall,output_free,8.2200000000000003e-07,0
ER_V20000_D8,1,11,CombBLAS-control,wall,total,0.083846012999999997,0
ER_V20000_D8,1,11,CombBLAS-control,wall,native_call_and_free,0.083845452000000001,0
ER_V20000_D8,1,11,DCSC-control,wall,total,0.082242036000000004,0
ER_V20000_D8,1,11,DCSC-control,wall,native_call_and_free,0.082241764999999994,0
ER_V20000_D8,1,11,CSC-control,wall,total,0.075229376000000001,0
ER_V20000_D8,1,11,CSC-control,wall,native_call_and_free,0.075229086000000001,0
ER_V20000_D8,1,11,DCSC-dense-static,wall,total,0.075690490999999999,0
ER_V20000_D8,1,11,DCSC-dense-static,wall,native_call_and_free,0.075690190000000004,0
ER_V20000_D8,16,0,CSC-control,wall,total,0.0061984689999999999,0
ER_V20000_D8,16,0,CSC-control,wall,native_call_and_free,0.0061981969999999999,0
ER_V20000_D8,16,0,DCSC-control,wall,total,0.0069649289999999999,0
ER_V20000_D8,16,0,DCSC-control,wall,native_call_and_free,0.0069646380000000004,0
ER_V20000_D8,16,0,CombBLAS-control,wall,total,0.0075752290000000002,0
ER_V20000_D8,16,0,CombBLAS-control,wall,native_call_and_free,0.0075749579999999997,0
ER_V20000_D8,16,0,CSC-profile,wall,total,0.006129837,0
ER_V20000_D8,16,0,CSC-profile,wall,validate,1.052e-06,0
ER_V20000_D8,16,0,CSC-profile,wall,lookup_build,2.9999999999999997e-08,0
ER_V20000_D8,16,0,CSC-profile,wall,scratch_setup,5.7160000000000002e-05,0
ER_V20000_D8,16,0,CSC-profile,wall,work_bound,4.5717000000000003e-05,0
ER_V20000_D8,16,0,CSC-profile,wall,symbolic_capacity,0.00014122200000000001,0
ER_V20000_D8,16,0,CSC-profile,wall,symbolic,0.00106931,0
ER_V20000_D8,16,0,CSC-profile,wall,prefix_numeric_capacity,0.000207178,0
ER_V20000_D8,16,0,CSC-profile,wall,output_allocate,0.000967215,0
ER_V20000_D8,16,0,CSC-profile,wall,numeric,0.0036386880000000002,0
ER_V20000_D8,16,0,CSC-profile,wall,return_cleanup,6.1200000000000003e-07,0
ER_V20000_D8,16,0,CSC-profile,wall,output_free,1.5829999999999999e-06,0
ER_V20000_D8,16,0,DCSC-profile,wall,total,0.0072404770000000004,0
ER_V20000_D8,16,0,DCSC-profile,wall,validate,4.4099999999999999e-07,0
ER_V20000_D8,16,0,DCSC-profile,wall,lookup_build,0.00025080099999999999,0
ER_V20000_D8,16,0,DCSC-profile,wall,scratch_setup,3.1680000000000002e-05,0
ER_V20000_D8,16,0,DCSC-profile,wall,work_bound,0.000124559,0
ER_V20000_D8,16,0,DCSC-profile,wall,symbolic_capacity,0.000127725,0
ER_V20000_D8,16,0,DCSC-profile,wall,symbolic,0.0012683219999999999,0
ER_V20000_D8,16,0,DCSC-profile,wall,prefix_numeric_capacity,0.00037392799999999999,0
ER_V20000_D8,16,0,DCSC-profile,wall,output_allocate,0.001243294,0
ER_V20000_D8,16,0,DCSC-profile,wall,numeric,0.003817782,0
ER_V20000_D8,16,0,DCSC-profile,wall,return_cleanup,8.0200000000000001e-07,0
ER_V20000_D8,16,0,DCSC-profile,wall,output_free,1.082e-06,0
ER_V20000_D8,16,0,CombBLAS-profile,wall,total,0.0077267689999999997,0
ER_V20000_D8,16,0,CombBLAS-profile,wall,lookup_build,2.9938e-05,0
ER_V20000_D8,16,0,CombBLAS-profile,wall,thread_setup,5.631e-06,0
ER_V20000_D8,16,0,CombBLAS-profile,wall,work_bound,0.00025213299999999998,0
ER_V20000_D8,16,0,CombBLAS-profile,wall,work_prefix,1.1151999999999999e-05,0
ER_V20000_D8,16,0,CombBLAS-profile,wall,symbolic,0.0012865369999999999,0
ER_V20000_D8,16,0,CombBLAS-profile,wall,output_prefix,1.063e-05,0
ER_V20000_D8,16,0,CombBLAS-profile,wall,output_allocate,0.001958918,0
ER_V20000_D8,16,0,CombBLAS-profile,wall,numeric_scratch_setup,0.000100973,0
ER_V20000_D8,16,0,CombBLAS-profile,wall,numeric,0.0040658990000000004,0
ER_V20000_D8,16,0,CombBLAS-profile,wall,internal_cleanup,2.1739999999999999e-06,0
ER_V20000_D8,16,0,CombBLAS-profile,wall,return_cleanup,2.244e-06,0
ER_V20000_D8,16,0,CombBLAS-profile,wall,output_free,4.7100000000000002e-07,0
ER_V20000_D8,16,0,DCSC-sampled,wall,total,0.0069790449999999997,0
ER_V20000_D8,16,0,DCSC-sampled,wall,validate,2.5100000000000001e-07,0
ER_V20000_D8,16,0,DCSC-sampled,wall,lookup_build,0.00024589099999999998,0
ER_V20000_D8,16,0,DCSC-sampled,wall,scratch_setup,2.9677000000000001e-05,0
ER_V20000_D8,16,0,DCSC-sampled,wall,work_bound,0.00012126200000000001,0
ER_V20000_D8,16,0,DCSC-sampled,wall,symbolic_capacity,0.00012729500000000001,0
ER_V20000_D8,16,0,DCSC-sampled,wall,symbolic,0.0012394769999999999,0
ER_V20000_D8,16,0,DCSC-sampled,wall,prefix_numeric_capacity,0.00028414500000000002,0
ER_V20000_D8,16,0,DCSC-sampled,wall,output_allocate,0.00097151300000000002,0
ER_V20000_D8,16,0,DCSC-sampled,wall,numeric,0.00395737,0
ER_V20000_D8,16,0,DCSC-sampled,wall,return_cleanup,6.8100000000000002e-07,0
ER_V20000_D8,16,0,DCSC-sampled,wall,output_free,1.4130000000000001e-06,0
ER_V20000_D8,16,0,DCSC-sampled,sampled_worker,lookup,0,10000
ER_V20000_D8,16,0,DCSC-sampled,sampled_worker,alloc_init,0.0011165599999999999,10000
ER_V20000_D8,16,0,DCSC-sampled,sampled_worker,lookup_multiply_hash,0.011018821999999996,10000
ER_V20000_D8,16,0,DCSC-sampled,sampled_worker,compact,0.0030975589999999989,10000
ER_V20000_D8,16,0,DCSC-sampled,sampled_worker,sort,0.014685663000000003,10000
ER_V20000_D8,16,0,DCSC-sampled,sampled_worker,write,0.0011217699999999998,10000
ER_V20000_D8,16,0,DCSC-sampled,sampled_worker,scratch_free,0.00068908100000000078,10000
ER_V20000_D8,16,0,CombBLAS-sampled,wall,total,0.0077474800000000002,0
ER_V20000_D8,16,0,CombBLAS-sampled,wall,lookup_build,2.9957000000000001e-05,0
ER_V20000_D8,16,0,CombBLAS-sampled,wall,thread_setup,4.5589999999999999e-06,0
ER_V20000_D8,16,0,CombBLAS-sampled,wall,work_bound,0.00025157199999999998,0
ER_V20000_D8,16,0,CombBLAS-sampled,wall,work_prefix,1.0621e-05,0
ER_V20000_D8,16,0,CombBLAS-sampled,wall,symbolic,0.0012305899999999999,0
ER_V20000_D8,16,0,CombBLAS-sampled,wall,output_prefix,1.0550000000000001e-05,0
ER_V20000_D8,16,0,CombBLAS-sampled,wall,output_allocate,0.0018705970000000001,0
ER_V20000_D8,16,0,CombBLAS-sampled,wall,numeric_scratch_setup,9.7907999999999998e-05,0
ER_V20000_D8,16,0,CombBLAS-sampled,wall,numeric,0.0042367469999999999,0
ER_V20000_D8,16,0,CombBLAS-sampled,wall,internal_cleanup,1.4929999999999999e-06,0
ER_V20000_D8,16,0,CombBLAS-sampled,wall,return_cleanup,2.3240000000000001e-06,0
ER_V20000_D8,16,0,CombBLAS-sampled,wall,output_free,4.9100000000000004e-07,0
ER_V20000_D8,16,0,CombBLAS-sampled,sampled_worker,lookup,0.0020045509999999985,10000
ER_V20000_D8,16,0,CombBLAS-sampled,sampled_worker,alloc_init,0.0015265299999999997,10000
ER_V20000_D8,16,0,CombBLAS-sampled,sampled_worker,lookup_multiply_hash,0.0090931379999999989,10000
ER_V20000_D8,16,0,CombBLAS-sampled,sampled_worker,compact,0.0032055249999999994,10000
ER_V20000_D8,16,0,CombBLAS-sampled,sampled_worker,sort,0.014932810000000003,10000
ER_V20000_D8,16,0,CombBLAS-sampled,sampled_worker,write,0.0019718250000000004,10000
ER_V20000_D8,16,0,CombBLAS-sampled,sampled_worker,scratch_free,0.00064933400000000065,10000
ER_V20000_D8,16,0,CombBLAS-conversion,wall,total,0.013338523,0
ER_V20000_D8,16,0,CombBLAS-conversion,wall,native_call,0.0069147319999999998,0
ER_V20000_D8,16,0,CombBLAS-conversion,wall,tuple_to_dcsc,0.0064204240000000001,0
ER_V20000_D8,16,0,CombBLAS-conversion,wall,dcsc_free,2.605e-06,0
ER_V20000_D8,16,0,CombBLAS-conversion,wall,output_free,7.0100000000000004e-07,0
ER_V20000_D8,16,0,DCSC-dense-lookup,wall,total,0.0067020150000000004,0
ER_V20000_D8,16,0,DCSC-dense-lookup,wall,native_call_and_free,0.0067017439999999999,0
ER_V20000_D8,16,0,DCSC-static,wall,total,0.0070592600000000004,0
ER_V20000_D8,16,0,DCSC-static,wall,native_call_and_free,0.0070587779999999999,0
ER_V20000_D8,16,0,DCSC-dense-static,wall,total,0.0062378440000000002,0
ER_V20000_D8,16,0,DCSC-dense-static,wall,native_call_and_free,0.0062377739999999997,0
ER_V20000_D8,16,1,CSC-control,wall,total,0.0061858240000000004,0
ER_V20000_D8,16,1,CSC-control,wall,native_call_and_free,0.0061851429999999997,0
ER_V20000_D8,16,1,DCSC-dense-static,wall,total,0.0063432560000000002,0
ER_V20000_D8,16,1,DCSC-dense-static,wall,native_call_and_free,0.0063425649999999997,0
ER_V20000_D8,16,1,DCSC-static,wall,total,0.0067940600000000002,0
ER_V20000_D8,16,1,DCSC-static,wall,native_call_and_free,0.0067940099999999996,0
ER_V20000_D8,16,1,DCSC-dense-lookup,wall,total,0.0062248290000000003,0
ER_V20000_D8,16,1,DCSC-dense-lookup,wall,native_call_and_free,0.0062245290000000003,0
ER_V20000_D8,16,1,CombBLAS-conversion,wall,total,0.014187731,0
ER_V20000_D8,16,1,CombBLAS-conversion,wall,native_call,0.0075454010000000002,0
ER_V20000_D8,16,1,CombBLAS-conversion,wall,tuple_to_dcsc,0.0066395650000000001,0
ER_V20000_D8,16,1,CombBLAS-conversion,wall,dcsc_free,2.2639999999999998e-06,0
ER_V20000_D8,16,1,CombBLAS-conversion,wall,output_free,4.51e-07,0
ER_V20000_D8,16,1,CombBLAS-sampled,wall,total,0.0082040350000000001,0
ER_V20000_D8,16,1,CombBLAS-sampled,wall,lookup_build,1.7744000000000002e-05,0
ER_V20000_D8,16,1,CombBLAS-sampled,wall,thread_setup,6.3419999999999996e-06,0
ER_V20000_D8,16,1,CombBLAS-sampled,wall,work_bound,0.000234229,0
ER_V20000_D8,16,1,CombBLAS-sampled,wall,work_prefix,9.3780000000000007e-06,0
ER_V20000_D8,16,1,CombBLAS-sampled,wall,symbolic,0.0012541259999999999,0
ER_V20000_D8,16,1,CombBLAS-sampled,wall,output_prefix,9.3379999999999994e-06,0
ER_V20000_D8,16,1,CombBLAS-sampled,wall,output_allocate,0.0023559480000000001,0
ER_V20000_D8,16,1,CombBLAS-sampled,wall,numeric_scratch_setup,9.0934999999999996e-05,0
ER_V20000_D8,16,1,CombBLAS-sampled,wall,numeric,0.004221346,0
ER_V20000_D8,16,1,CombBLAS-sampled,wall,internal_cleanup,2.1739999999999999e-06,0
ER_V20000_D8,16,1,CombBLAS-sampled,wall,return_cleanup,2.1339999999999998e-06,0
ER_V20000_D8,16,1,CombBLAS-sampled,wall,output_free,2.7099999999999998e-07,0
ER_V20000_D8,16,1,CombBLAS-sampled,sampled_worker,lookup,0.0019765799999999982,10000
ER_V20000_D8,16,1,CombBLAS-sampled,sampled_worker,alloc_init,0.0015241559999999996,10000
ER_V20000_D8,16,1,CombBLAS-sampled,sampled_worker,lookup_multiply_hash,0.0090303779999999986,10000
ER_V20000_D8,16,1,CombBLAS-sampled,sampled_worker,compact,0.0032023549999999992,10000
ER_V20000_D8,16,1,CombBLAS-sampled,sampled_worker,sort,0.014879059,10000
ER_V20000_D8,16,1,CombBLAS-sampled,sampled_worker,write,0.0018867959999999998,10000
ER_V20000_D8,16,1,CombBLAS-sampled,sampled_worker,scratch_free,0.00064258800000000069,10000
ER_V20000_D8,16,1,DCSC-sampled,wall,total,0.0069474940000000002,0
ER_V20000_D8,16,1,DCSC-sampled,wall,validate,2.5100000000000001e-07,0
ER_V20000_D8,16,1,DCSC-sampled,wall,lookup_build,0.0002452,0
ER_V20000_D8,16,1,DCSC-sampled,wall,scratch_setup,2.8234000000000001e-05,0
ER_V20000_D8,16,1,DCSC-sampled,wall,work_bound,0.000122075,0
ER_V20000_D8,16,1,DCSC-sampled,wall,symbolic_capacity,0.00012719399999999999,0
ER_V20000_D8,16,1,DCSC-sampled,wall,symbolic,0.001248194,0
ER_V20000_D8,16,1,DCSC-sampled,wall,prefix_numeric_capacity,0.00028000600000000002,0
ER_V20000_D8,16,1,DCSC-sampled,wall,output_allocate,0.00092772000000000004,0
ER_V20000_D8,16,1,DCSC-sampled,wall,numeric,0.0039662569999999999,0
ER_V20000_D8,16,1,DCSC-sampled,wall,return_cleanup,1.012e-06,0
ER_V20000_D8,16,1,DCSC-sampled,wall,output_free,1.2920000000000001e-06,0
ER_V20000_D8,16,1,DCSC-sampled,sampled_worker,lookup,0,10000
ER_V20000_D8,16,1,DCSC-sampled,sampled_worker,alloc_init,0.0011104639999999994,10000
ER_V20000_D8,16,1,DCSC-sampled,sampled_worker,lookup_multiply_hash,0.010988758,10000
ER_V20000_D8,16,1,DCSC-sampled,sampled_worker,compact,0.0031075739999999984,10000
ER_V20000_D8,16,1,DCSC-sampled,sampled_worker,sort,0.014704107000000001,10000
ER_V20000_D8,16,1,DCSC-sampled,sampled_worker,write,0.0011129209999999994,10000
ER_V20000_D8,16,1,DCSC-sampled,sampled_worker,scratch_free,0.00068236900000000038,10000
ER_V20000_D8,16,1,CombBLAS-profile,wall,total,0.0075989839999999996,0
ER_V20000_D8,16,1,CombBLAS-profile,wall,lookup_build,2.9646999999999999e-05,0
ER_V20000_D8,16,1,CombBLAS-profile,wall,thread_setup,5.5799999999999999e-06,0
ER_V20000_D8,16,1,CombBLAS-profile,wall,work_bound,0.000243868,0
ER_V20000_D8,16,1,CombBLAS-profile,wall,work_prefix,1.0981e-05,0
ER_V20000_D8,16,1,CombBLAS-profile,wall,symbolic,0.001222765,0
ER_V20000_D8,16,1,CombBLAS-profile,wall,output_prefix,1.0932e-05,0
ER_V20000_D8,16,1,CombBLAS-profile,wall,output_allocate,0.0018860369999999999,0
ER_V20000_D8,16,1,CombBLAS-profile,wall,numeric_scratch_setup,0.00011459,0
ER_V20000_D8,16,1,CombBLAS-profile,wall,numeric,0.0040695150000000001,0
ER_V20000_D8,16,1,CombBLAS-profile,wall,internal_cleanup,2.0140000000000001e-06,0
ER_V20000_D8,16,1,CombBLAS-profile,wall,return_cleanup,2.4949999999999998e-06,0
ER_V20000_D8,16,1,CombBLAS-profile,wall,output_free,5.0100000000000005e-07,0
ER_V20000_D8,16,1,DCSC-profile,wall,total,0.0068516109999999996,0
ER_V20000_D8,16,1,DCSC-profile,wall,validate,4.51e-07,0
ER_V20000_D8,16,1,DCSC-profile,wall,lookup_build,0.000251122,0
ER_V20000_D8,16,1,DCSC-profile,wall,scratch_setup,2.8795000000000001e-05,0
ER_V20000_D8,16,1,DCSC-profile,wall,work_bound,0.000121944,0
ER_V20000_D8,16,1,DCSC-profile,wall,symbolic_capacity,0.00012646200000000001,0
ER_V20000_D8,16,1,DCSC-profile,wall,symbolic,0.0012387159999999999,0
ER_V20000_D8,16,1,DCSC-profile,wall,prefix_numeric_capacity,0.000284846,0
ER_V20000_D8,16,1,DCSC-profile,wall,output_allocate,0.00098521000000000004,0
ER_V20000_D8,16,1,DCSC-profile,wall,numeric,0.0038122220000000001,0
ER_V20000_D8,16,1,DCSC-profile,wall,return_cleanup,7.8100000000000002e-07,0
ER_V20000_D8,16,1,DCSC-profile,wall,output_free,1.0020000000000001e-06,0
ER_V20000_D8,16,1,CSC-profile,wall,total,0.0063951759999999998,0
ER_V20000_D8,16,1,CSC-profile,wall,validate,4.6100000000000001e-07,0
ER_V20000_D8,16,1,CSC-profile,wall,lookup_build,2.9999999999999997e-08,0
ER_V20000_D8,16,1,CSC-profile,wall,scratch_setup,4.4295000000000002e-05,0
ER_V20000_D8,16,1,CSC-profile,wall,work_bound,5.0426999999999997e-05,0
ER_V20000_D8,16,1,CSC-profile,wall,symbolic_capacity,0.00013085000000000001,0
ER_V20000_D8,16,1,CSC-profile,wall,symbolic,0.001100972,0
ER_V20000_D8,16,1,CSC-profile,wall,prefix_numeric_capacity,0.00020725799999999999,0
ER_V20000_D8,16,1,CSC-profile,wall,output_allocate,0.001213567,0
ER_V20000_D8,16,1,CSC-profile,wall,numeric,0.0036453919999999999,0
ER_V20000_D8,16,1,CSC-profile,wall,return_cleanup,5.9100000000000004e-07,0
ER_V20000_D8,16,1,CSC-profile,wall,output_free,1.283e-06,0
ER_V20000_D8,16,1,CombBLAS-control,wall,total,0.0075487480000000001,0
ER_V20000_D8,16,1,CombBLAS-control,wall,native_call_and_free,0.007548468,0
ER_V20000_D8,16,1,DCSC-control,wall,total,0.0068165930000000001,0
ER_V20000_D8,16,1,DCSC-control,wall,native_call_and_free,0.0068163130000000001,0
ER_V20000_D8,16,2,CombBLAS-control,wall,total,0.0074925010000000004,0
ER_V20000_D8,16,2,CombBLAS-control,wall,native_call_and_free,0.0074919089999999997,0
ER_V20000_D8,16,2,CSC-profile,wall,total,0.0061137960000000003,0
ER_V20000_D8,16,2,CSC-profile,wall,validate,8.8199999999999998e-07,0
ER_V20000_D8,16,2,CSC-profile,wall,lookup_build,4.0000000000000001e-08,0
ER_V20000_D8,16,2,CSC-profile,wall,scratch_setup,3.3114000000000002e-05,0
ER_V20000_D8,16,2,CSC-profile,wall,work_bound,4.5566999999999999e-05,0
ER_V20000_D8,16,2,CSC-profile,wall,symbolic_capacity,0.00013121199999999999,0
ER_V20000_D8,16,2,CSC-profile,wall,symbolic,0.0010883869999999999,0
ER_V20000_D8,16,2,CSC-profile,wall,prefix_numeric_capacity,0.000210163,0
ER_V20000_D8,16,2,CSC-profile,wall,output_allocate,0.00096645399999999995,0
ER_V20000_D8,16,2,CSC-profile,wall,numeric,0.003636224,0
ER_V20000_D8,16,2,CSC-profile,wall,return_cleanup,6.0100000000000005e-07,0
ER_V20000_D8,16,2,CSC-profile,wall,output_free,1.0920000000000001e-06,0
ER_V20000_D8,16,2,DCSC-profile,wall,total,0.0071345929999999998,0
ER_V20000_D8,16,2,DCSC-profile,wall,validate,4.4099999999999999e-07,0
ER_V20000_D8,16,2,DCSC-profile,wall,lookup_build,0.000250781,0
ER_V20000_D8,16,2,DCSC-profile,wall,scratch_setup,3.1319999999999998e-05,0
ER_V20000_D8,16,2,DCSC-profile,wall,work_bound,0.00012332599999999999,0
ER_V20000_D8,16,2,DCSC-profile,wall,symbolic_capacity,0.00013024999999999999,0
ER_V20000_D8,16,2,DCSC-profile,wall,symbolic,0.001250588,0
ER_V20000_D8,16,2,DCSC-profile,wall,prefix_numeric_capacity,0.00028897500000000002,0
ER_V20000_D8,16,2,DCSC-profile,wall,output_allocate,0.0012453480000000001,0
ER_V20000_D8,16,2,DCSC-profile,wall,numeric,0.003811671,0
ER_V20000_D8,16,2,DCSC-profile,wall,return_cleanup,7.61e-07,0
ER_V20000_D8,16,2,DCSC-profile,wall,output_free,1.0729999999999999e-06,0
ER_V20000_D8,16,2,CombBLAS-profile,wall,total,0.0077501439999999996,0
ER_V20000_D8,16,2,CombBLAS-profile,wall,lookup_build,2.9697e-05,0
ER_V20000_D8,16,2,CombBLAS-profile,wall,thread_setup,5.6110000000000001e-06,0
ER_V20000_D8,16,2,CombBLAS-profile,wall,work_bound,0.00026285300000000001,0
ER_V20000_D8,16,2,CombBLAS-profile,wall,work_prefix,1.1282e-05,0
ER_V20000_D8,16,2,CombBLAS-profile,wall,symbolic,0.0012970779999999999,0
ER_V20000_D8,16,2,CombBLAS-profile,wall,output_prefix,1.057e-05,0
ER_V20000_D8,16,2,CombBLAS-profile,wall,output_allocate,0.0019546490000000001,0
ER_V20000_D8,16,2,CombBLAS-profile,wall,numeric_scratch_setup,9.9069999999999998e-05,0
ER_V20000_D8,16,2,CombBLAS-profile,wall,numeric,0.0040745249999999998,0
ER_V20000_D8,16,2,CombBLAS-profile,wall,internal_cleanup,1.844e-06,0
ER_V20000_D8,16,2,CombBLAS-profile,wall,return_cleanup,2.4339999999999999e-06,0
ER_V20000_D8,16,2,CombBLAS-profile,wall,output_free,4.7100000000000002e-07,0
ER_V20000_D8,16,2,DCSC-sampled,wall,total,0.0070136820000000002,0
ER_V20000_D8,16,2,DCSC-sampled,wall,validate,2.3999999999999998e-07,0
ER_V20000_D8,16,2,DCSC-sampled,wall,lookup_build,0.00025525999999999999,0
ER_V20000_D8,16,2,DCSC-sampled,wall,scratch_setup,2.9357e-05,0
ER_V20000_D8,16,2,DCSC-sampled,wall,work_bound,0.000119979,0
ER_V20000_D8,16,2,DCSC-sampled,wall,symbolic_capacity,0.000127816,0
ER_V20000_D8,16,2,DCSC-sampled,wall,symbolic,0.0012400480000000001,0
ER_V20000_D8,16,2,DCSC-sampled,wall,prefix_numeric_capacity,0.00028820300000000001,0
ER_V20000_D8,16,2,DCSC-sampled,wall,output_allocate,0.00099514900000000008,0
ER_V20000_D8,16,2,DCSC-sampled,wall,numeric,0.003955666,0
ER_V20000_D8,16,2,DCSC-sampled,wall,return_cleanup,9.5199999999999995e-07,0
ER_V20000_D8,16,2,DCSC-sampled,wall,output_free,9.3200000000000003e-07,0
ER_V20000_D8,16,2,DCSC-sampled,sampled_worker,lookup,0,10000
ER_V20000_D8,16,2,DCSC-sampled,sampled_worker,alloc_init,0.0011115779999999996,10000
ER_V20000_D8,16,2,DCSC-sampled,sampled_worker,lookup_multiply_hash,0.011009255999999999,10000
ER_V20000_D8,16,2,DCSC-sampled,sampled_worker,compact,0.003090780999999999,10000
ER_V20000_D8,16,2,DCSC-sampled,sampled_worker,sort,0.014697498999999998,10000
ER_V20000_D8,16,2,DCSC-sampled,sampled_worker,write,0.0011255709999999995,10000
ER_V20000_D8,16,2,DCSC-sampled,sampled_worker,scratch_free,0.00069359100000000078,10000
ER_V20000_D8,16,2,CombBLAS-sampled,wall,total,0.0077554039999999996,0
ER_V20000_D8,16,2,CombBLAS-sampled,wall,lookup_build,2.9666999999999999e-05,0
ER_V20000_D8,16,2,CombBLAS-sampled,wall,thread_setup,5.2700000000000004e-06,0
ER_V20000_D8,16,2,CombBLAS-sampled,wall,work_bound,0.00026129099999999998,0
ER_V20000_D8,16,2,CombBLAS-sampled,wall,work_prefix,1.2914999999999999e-05,0
ER_V20000_D8,16,2,CombBLAS-sampled,wall,symbolic,0.001259175,0
ER_V20000_D8,16,2,CombBLAS-sampled,wall,output_prefix,1.0679999999999999e-05,0
ER_V20000_D8,16,2,CombBLAS-sampled,wall,output_allocate,0.0018141100000000001,0
ER_V20000_D8,16,2,CombBLAS-sampled,wall,numeric_scratch_setup,9.7435999999999993e-05,0
ER_V20000_D8,16,2,CombBLAS-sampled,wall,numeric,0.00425954,0
ER_V20000_D8,16,2,CombBLAS-sampled,wall,internal_cleanup,2.5150000000000001e-06,0
ER_V20000_D8,16,2,CombBLAS-sampled,wall,return_cleanup,2.2639999999999998e-06,0
ER_V20000_D8,16,2,CombBLAS-sampled,wall,output_free,4.8100000000000003e-07,0
ER_V20000_D8,16,2,CombBLAS-sampled,sampled_worker,lookup,0.0019791969999999981,10000
ER_V20000_D8,16,2,CombBLAS-sampled,sampled_worker,alloc_init,0.0015324089999999996,10000
ER_V20000_D8,16,2,CombBLAS-sampled,sampled_worker,lookup_multiply_hash,0.009063835999999997,10000
ER_V20000_D8,16,2,CombBLAS-sampled,sampled_worker,compact,0.0032176719999999982,10000
ER_V20000_D8,16,2,CombBLAS-sampled,sampled_worker,sort,0.014920331,10000
ER_V20000_D8,16,2,CombBLAS-sampled,sampled_worker,write,0.0019592139999999991,10000
ER_V20000_D8,16,2,CombBLAS-sampled,sampled_worker,scratch_free,0.00064925600000000072,10000
ER_V20000_D8,16,2,CombBLAS-conversion,wall,total,0.013773116,0
ER_V20000_D8,16,2,CombBLAS-conversion,wall,native_call,0.0070560429999999997,0
ER_V20000_D8,16,2,CombBLAS-conversion,wall,tuple_to_dcsc,0.0067140969999999996,0
ER_V20000_D8,16,2,CombBLAS-conversion,wall,dcsc_free,2.154e-06,0
ER_V20000_D8,16,2,CombBLAS-conversion,wall,output_free,7.5099999999999999e-07,0
ER_V20000_D8,16,2,DCSC-dense-lookup,wall,total,0.0067365109999999997,0
ER_V20000_D8,16,2,DCSC-dense-lookup,wall,native_call_and_free,0.0067362289999999998,0
ER_V20000_D8,16,2,DCSC-static,wall,total,0.006885787,0
ER_V20000_D8,16,2,DCSC-static,wall,native_call_and_free,0.0068853459999999997,0
ER_V20000_D8,16,2,DCSC-dense-static,wall,total,0.0062733019999999997,0
ER_V20000_D8,16,2,DCSC-dense-static,wall,native_call_and_free,0.006272901,0
ER_V20000_D8,16,2,CSC-control,wall,total,0.0061900519999999997,0
ER_V20000_D8,16,2,CSC-control,wall,native_call_and_free,0.0061897219999999999,0
ER_V20000_D8,16,2,DCSC-control,wall,total,0.0069844549999999997,0
ER_V20000_D8,16,2,DCSC-control,wall,native_call_and_free,0.0069841850000000004,0
ER_V20000_D8,16,3,CombBLAS-control,wall,total,0.0076353439999999996,0
ER_V20000_D8,16,3,CombBLAS-control,wall,native_call_and_free,0.0076348739999999998,0
ER_V20000_D8,16,3,DCSC-control,wall,total,0.0068604269999999997,0
ER_V20000_D8,16,3,DCSC-control,wall,native_call_and_free,0.0068600170000000004,0
ER_V20000_D8,16,3,CSC-control,wall,total,0.0063653479999999998,0
ER_V20000_D8,16,3,CSC-control,wall,native_call_and_free,0.0063649070000000004,0
ER_V20000_D8,16,3,DCSC-dense-static,wall,total,0.0063236489999999998,0
ER_V20000_D8,16,3,DCSC-dense-static,wall,native_call_and_free,0.0063231980000000004,0
ER_V20000_D8,16,3,DCSC-static,wall,total,0.0067205199999999998,0
ER_V20000_D8,16,3,DCSC-static,wall,native_call_and_free,0.0067198479999999996,0
ER_V20000_D8,16,3,DCSC-dense-lookup,wall,total,0.0062289770000000001,0
ER_V20000_D8,16,3,DCSC-dense-lookup,wall,native_call_and_free,0.0062283859999999998,0
ER_V20000_D8,16,3,CombBLAS-conversion,wall,total,0.013952030000000001,0
ER_V20000_D8,16,3,CombBLAS-conversion,wall,native_call,0.0075029900000000002,0
ER_V20000_D8,16,3,CombBLAS-conversion,wall,tuple_to_dcsc,0.0064462039999999996,0
ER_V20000_D8,16,3,CombBLAS-conversion,wall,dcsc_free,2.1239999999999999e-06,0
ER_V20000_D8,16,3,CombBLAS-conversion,wall,output_free,6.4099999999999998e-07,0
ER_V20000_D8,16,3,CombBLAS-sampled,wall,total,0.0081324870000000007,0
ER_V20000_D8,16,3,CombBLAS-sampled,wall,lookup_build,1.9267999999999999e-05,0
ER_V20000_D8,16,3,CombBLAS-sampled,wall,thread_setup,1.0169e-05,0
ER_V20000_D8,16,3,CombBLAS-sampled,wall,work_bound,0.00024149299999999999,0
ER_V20000_D8,16,3,CombBLAS-sampled,wall,work_prefix,9.3479999999999993e-06,0
ER_V20000_D8,16,3,CombBLAS-sampled,wall,symbolic,0.001257853,0
ER_V20000_D8,16,3,CombBLAS-sampled,wall,output_prefix,9.7880000000000001e-06,0
ER_V20000_D8,16,3,CombBLAS-sampled,wall,output_allocate,0.0022492950000000001,0
ER_V20000_D8,16,3,CombBLAS-sampled,wall,numeric_scratch_setup,0.000104139,0
ER_V20000_D8,16,3,CombBLAS-sampled,wall,numeric,0.0042260960000000004,0
ER_V20000_D8,16,3,CombBLAS-sampled,wall,internal_cleanup,2.114e-06,0
ER_V20000_D8,16,3,CombBLAS-sampled,wall,return_cleanup,2.5749999999999999e-06,0
ER_V20000_D8,16,3,CombBLAS-sampled,wall,output_free,2.8000000000000002e-07,0
ER_V20000_D8,16,3,CombBLAS-sampled,sampled_worker,lookup,0.001971986999999998,10000
ER_V20000_D8,16,3,CombBLAS-sampled,sampled_worker,alloc_init,0.0015262389999999998,10000
ER_V20000_D8,16,3,CombBLAS-sampled,sampled_worker,lookup_multiply_hash,0.0089727379999999957,10000
ER_V20000_D8,16,3,CombBLAS-sampled,sampled_worker,compact,0.0032116659999999989,10000
ER_V20000_D8,16,3,CombBLAS-sampled,sampled_worker,sort,0.014884942999999999,10000
ER_V20000_D8,16,3,CombBLAS-sampled,sampled_worker,write,0.0018570319999999993,10000
ER_V20000_D8,16,3,CombBLAS-sampled,sampled_worker,scratch_free,0.00063521700000000064,10000
ER_V20000_D8,16,3,DCSC-sampled,wall,total,0.0071757119999999999,0
ER_V20000_D8,16,3,DCSC-sampled,wall,validate,6.2200000000000004e-07,0
ER_V20000_D8,16,3,DCSC-sampled,wall,lookup_build,0.00024508,0
ER_V20000_D8,16,3,DCSC-sampled,wall,scratch_setup,2.8734999999999998e-05,0
ER_V20000_D8,16,3,DCSC-sampled,wall,work_bound,0.00012097200000000001,0
ER_V20000_D8,16,3,DCSC-sampled,wall,symbolic_capacity,0.00012820600000000001,0
ER_V20000_D8,16,3,DCSC-sampled,wall,symbolic,0.0012478229999999999,0
ER_V20000_D8,16,3,DCSC-sampled,wall,prefix_numeric_capacity,0.00027773300000000001,0
ER_V20000_D8,16,3,DCSC-sampled,wall,output_allocate,0.000984588,0
ER_V20000_D8,16,3,DCSC-sampled,wall,numeric,0.0041395700000000004,0
ER_V20000_D8,16,3,DCSC-sampled,wall,return_cleanup,9.6099999999999999e-07,0
ER_V20000_D8,16,3,DCSC-sampled,wall,output_free,1.3629999999999999e-06,0
ER_V20000_D8,16,3,DCSC-sampled,sampled_worker,lookup,0,10000
ER_V20000_D8,16,3,DCSC-sampled,sampled_worker,alloc_init,0.0011282929999999996,10000
ER_V20000_D8,16,3,DCSC-sampled,sampled_worker,lookup_multiply_hash,0.011234022999999999,10000
ER_V20000_D8,16,3,DCSC-sampled,sampled_worker,compact,0.0031203419999999986,10000
ER_V20000_D8,16,3,DCSC-sampled,sampled_worker,sort,0.014767949999999998,10000
ER_V20000_D8,16,3,DCSC-sampled,sampled_worker,write,0.0012649049999999998,10000
ER_V20000_D8,16,3,DCSC-sampled,sampled_worker,scratch_free,0.0011593230000000042,10000
ER_V20000_D8,16,3,CombBLAS-profile,wall,total,0.0076871630000000003,0
ER_V20000_D8,16,3,CombBLAS-profile,wall,lookup_build,4.8232999999999997e-05,0
ER_V20000_D8,16,3,CombBLAS-profile,wall,thread_setup,6.4119999999999998e-06,0
ER_V20000_D8,16,3,CombBLAS-profile,wall,work_bound,0.00028775200000000001,0
ER_V20000_D8,16,3,CombBLAS-profile,wall,work_prefix,1.3395e-05,0
ER_V20000_D8,16,3,CombBLAS-profile,wall,symbolic,0.0012487259999999999,0
ER_V20000_D8,16,3,CombBLAS-profile,wall,output_prefix,1.1001e-05,0
ER_V20000_D8,16,3,CombBLAS-profile,wall,output_allocate,0.00186674,0
ER_V20000_D8,16,3,CombBLAS-profile,wall,numeric_scratch_setup,9.8128000000000006e-05,0
ER_V20000_D8,16,3,CombBLAS-profile,wall,numeric,0.004101637,0
ER_V20000_D8,16,3,CombBLAS-profile,wall,internal_cleanup,1.9230000000000001e-06,0
ER_V20000_D8,16,3,CombBLAS-profile,wall,return_cleanup,2.6759999999999999e-06,0
ER_V20000_D8,16,3,CombBLAS-profile,wall,output_free,4.7e-07,0
ER_V20000_D8,16,3,DCSC-profile,wall,total,0.0068916280000000003,0
ER_V20000_D8,16,3,DCSC-profile,wall,validate,7.0200000000000001e-07,0
ER_V20000_D8,16,3,DCSC-profile,wall,lookup_build,0.00025181299999999998,0
ER_V20000_D8,16,3,DCSC-profile,wall,scratch_setup,3.4085000000000003e-05,0
ER_V20000_D8,16,3,DCSC-profile,wall,work_bound,0.000126002,0
ER_V20000_D8,16,3,DCSC-profile,wall,symbolic_capacity,0.00014190200000000001,0
ER_V20000_D8,16,3,DCSC-profile,wall,symbolic,0.001246521,0
ER_V20000_D8,16,3,DCSC-profile,wall,prefix_numeric_capacity,0.00028404500000000002,0
ER_V20000_D8,16,3,DCSC-profile,wall,output_allocate,0.00098420800000000009,0
ER_V20000_D8,16,3,DCSC-profile,wall,numeric,0.003820637,0
ER_V20000_D8,16,3,DCSC-profile,wall,return_cleanup,7.92e-07,0
ER_V20000_D8,16,3,DCSC-profile,wall,output_free,8.5099999999999998e-07,0
ER_V20000_D8,16,3,CSC-profile,wall,total,0.0065531180000000001,0
ER_V20000_D8,16,3,CSC-profile,wall,validate,7.3099999999999997e-07,0
ER_V20000_D8,16,3,CSC-profile,wall,lookup_build,3.1e-08,0
ER_V20000_D8,16,3,CSC-profile,wall,scratch_setup,4.2951999999999998e-05,0
ER_V20000_D8,16,3,CSC-profile,wall,work_bound,5.0766999999999997e-05,0
ER_V20000_D8,16,3,CSC-profile,wall,symbolic_capacity,0.00013116199999999999,0
ER_V20000_D8,16,3,CSC-profile,wall,symbolic,0.001097675,0
ER_V20000_D8,16,3,CSC-profile,wall,prefix_numeric_capacity,0.00035645400000000003,0
ER_V20000_D8,16,3,CSC-profile,wall,output_allocate,0.001223366,0
ER_V20000_D8,16,3,CSC-profile,wall,numeric,0.0036481669999999999,0
ER_V20000_D8,16,3,CSC-profile,wall,return_cleanup,6.2099999999999996e-07,0
ER_V20000_D8,16,3,CSC-profile,wall,output_free,1.122e-06,0
ER_V20000_D8,16,4,DCSC-profile,wall,total,0.0070978930000000001,0
ER_V20000_D8,16,4,DCSC-profile,wall,validate,5.8100000000000003e-07,0
ER_V20000_D8,16,4,DCSC-profile,wall,lookup_build,0.00025312499999999999,0
ER_V20000_D8,16,4,DCSC-profile,wall,scratch_setup,3.5407999999999997e-05,0
ER_V20000_D8,16,4,DCSC-profile,wall,work_bound,0.000117355,0
ER_V20000_D8,16,4,DCSC-profile,wall,symbolic_capacity,0.00012815600000000001,0
ER_V20000_D8,16,4,DCSC-profile,wall,symbolic,0.0012342570000000001,0
ER_V20000_D8,16,4,DCSC-profile,wall,prefix_numeric_capacity,0.00028592899999999998,0
ER_V20000_D8,16,4,DCSC-profile,wall,output_allocate,0.0012442060000000001,0
ER_V20000_D8,16,4,DCSC-profile,wall,numeric,0.0037969129999999999,0
ER_V20000_D8,16,4,DCSC-profile,wall,return_cleanup,8.71e-07,0
ER_V20000_D8,16,4,DCSC-profile,wall,output_free,1.032e-06,0
ER_V20000_D8,16,4,CombBLAS-profile,wall,total,0.0078844410000000007,0
ER_V20000_D8,16,4,CombBLAS-profile,wall,lookup_build,3.8203e-05,0
ER_V20000_D8,16,4,CombBLAS-profile,wall,thread_setup,4.9899999999999997e-06,0
ER_V20000_D8,16,4,CombBLAS-profile,wall,work_bound,0.00025287399999999999,0
ER_V20000_D8,16,4,CombBLAS-profile,wall,work_prefix,1.0791000000000001e-05,0
ER_V20000_D8,16,4,CombBLAS-profile,wall,symbolic,0.00129306,0
ER_V20000_D8,16,4,CombBLAS-profile,wall,output_prefix,1.0509999999999999e-05,0
ER_V20000_D8,16,4,CombBLAS-profile,wall,output_allocate,0.0020309350000000002,0
ER_V20000_D8,16,4,CombBLAS-profile,wall,numeric_scratch_setup,0.000116464,0
ER_V20000_D8,16,4,CombBLAS-profile,wall,numeric,0.0041216250000000003,0
ER_V20000_D8,16,4,CombBLAS-profile,wall,internal_cleanup,2.074e-06,0
ER_V20000_D8,16,4,CombBLAS-profile,wall,return_cleanup,2.334e-06,0
ER_V20000_D8,16,4,CombBLAS-profile,wall,output_free,5.1099999999999996e-07,0
ER_V20000_D8,16,4,DCSC-sampled,wall,total,0.0070230689999999998,0
ER_V20000_D8,16,4,DCSC-sampled,wall,validate,2.5100000000000001e-07,0
ER_V20000_D8,16,4,DCSC-sampled,wall,lookup_build,0.000252124,0
ER_V20000_D8,16,4,DCSC-sampled,wall,scratch_setup,2.8955e-05,0
ER_V20000_D8,16,4,DCSC-sampled,wall,work_bound,0.00012268500000000001,0
ER_V20000_D8,16,4,DCSC-sampled,wall,symbolic_capacity,0.00012743499999999999,0
ER_V20000_D8,16,4,DCSC-sampled,wall,symbolic,0.0012444870000000001,0
ER_V20000_D8,16,4,DCSC-sampled,wall,prefix_numeric_capacity,0.00028341299999999999,0
ER_V20000_D8,16,4,DCSC-sampled,wall,output_allocate,0.00099402699999999997,0
ER_V20000_D8,16,4,DCSC-sampled,wall,numeric,0.0039679399999999997,0
ER_V20000_D8,16,4,DCSC-sampled,wall,return_cleanup,7.9100000000000003e-07,0
ER_V20000_D8,16,4,DCSC-sampled,wall,output_free,8.9199999999999999e-07,0
ER_V20000_D8,16,4,DCSC-sampled,sampled_worker,lookup,0,10000
ER_V20000_D8,16,4,DCSC-sampled,sampled_worker,alloc_init,0.0011169539999999996,10000
ER_V20000_D8,16,4,DCSC-sampled,sampled_worker,lookup_multiply_hash,0.011027251999999998,10000
ER_V20000_D8,16,4,DCSC-sampled,sampled_worker,compact,0.0031006859999999983,10000
ER_V20000_D8,16,4,DCSC-sampled,sampled_worker,sort,0.014690176999999995,10000
ER_V20000_D8,16,4,DCSC-sampled,sampled_worker,write,0.0011249069999999996,10000
ER_V20000_D8,16,4,DCSC-sampled,sampled_worker,scratch_free,0.00069612100000000093,10000
ER_V20000_D8,16,4,CombBLAS-sampled,wall,total,0.007842913,0
ER_V20000_D8,16,4,CombBLAS-sampled,wall,lookup_build,2.9847000000000001e-05,0
ER_V20000_D8,16,4,CombBLAS-sampled,wall,thread_setup,5.0599999999999998e-06,0
ER_V20000_D8,16,4,CombBLAS-sampled,wall,work_bound,0.00025392699999999998,0
ER_V20000_D8,16,4,CombBLAS-sampled,wall,work_prefix,1.0831e-05,0
ER_V20000_D8,16,4,CombBLAS-sampled,wall,symbolic,0.0012467909999999999,0
ER_V20000_D8,16,4,CombBLAS-sampled,wall,output_prefix,1.0841e-05,0
ER_V20000_D8,16,4,CombBLAS-sampled,wall,output_allocate,0.0019157250000000001,0
ER_V20000_D8,16,4,CombBLAS-sampled,wall,numeric_scratch_setup,9.7746999999999998e-05,0
ER_V20000_D8,16,4,CombBLAS-sampled,wall,numeric,0.0042676550000000004,0
ER_V20000_D8,16,4,CombBLAS-sampled,wall,internal_cleanup,2.0540000000000002e-06,0
ER_V20000_D8,16,4,CombBLAS-sampled,wall,return_cleanup,2.1040000000000001e-06,0
ER_V20000_D8,16,4,CombBLAS-sampled,wall,output_free,2.8099999999999999e-07,0
ER_V20000_D8,16,4,CombBLAS-sampled,sampled_worker,lookup,0.0019844019999999984,10000
ER_V20000_D8,16,4,CombBLAS-sampled,sampled_worker,alloc_init,0.001526487999999999,10000
ER_V20000_D8,16,4,CombBLAS-sampled,sampled_worker,lookup_multiply_hash,0.0090330239999999989,10000
ER_V20000_D8,16,4,CombBLAS-sampled,sampled_worker,compact,0.0032087249999999982,10000
ER_V20000_D8,16,4,CombBLAS-sampled,sampled_worker,sort,0.014929726000000001,10000
ER_V20000_D8,16,4,CombBLAS-sampled,sampled_worker,write,0.0019989969999999998,10000
ER_V20000_D8,16,4,CombBLAS-sampled,sampled_worker,scratch_free,0.0006553210000000007,10000
ER_V20000_D8,16,4,CombBLAS-conversion,wall,total,0.013513206999999999,0
ER_V20000_D8,16,4,CombBLAS-conversion,wall,native_call,0.0068611899999999997,0
ER_V20000_D8,16,4,CombBLAS-conversion,wall,tuple_to_dcsc,0.0066488620000000002,0
ER_V20000_D8,16,4,CombBLAS-conversion,wall,dcsc_free,2.7250000000000002e-06,0
ER_V20000_D8,16,4,CombBLAS-conversion,wall,output_free,3.7099999999999997e-07,0
ER_V20000_D8,16,4,DCSC-dense-lookup,wall,total,0.0067584230000000004,0
ER_V20000_D8,16,4,DCSC-dense-lookup,wall,native_call_and_free,0.0067581120000000001,0
ER_V20000_D8,16,4,DCSC-static,wall,total,0.0069199919999999998,0
ER_V20000_D8,16,4,DCSC-static,wall,native_call_and_free,0.0069194110000000003,0
ER_V20000_D8,16,4,DCSC-dense-static,wall,total,0.0062153909999999998,0
ER_V20000_D8,16,4,DCSC-dense-static,wall,native_call_and_free,0.0062149600000000003,0
ER_V20000_D8,16,4,CSC-control,wall,total,0.0062001410000000002,0
ER_V20000_D8,16,4,CSC-control,wall,native_call_and_free,0.0061996500000000001,0
ER_V20000_D8,16,4,DCSC-control,wall,total,0.006975579,0
ER_V20000_D8,16,4,DCSC-control,wall,native_call_and_free,0.0069753080000000004,0
ER_V20000_D8,16,4,CombBLAS-control,wall,total,0.0076284509999999996,0
ER_V20000_D8,16,4,CombBLAS-control,wall,native_call_and_free,0.0076279900000000003,0
ER_V20000_D8,16,4,CSC-profile,wall,total,0.0060993779999999999,0
ER_V20000_D8,16,4,CSC-profile,wall,validate,8.1200000000000002e-07,0
ER_V20000_D8,16,4,CSC-profile,wall,lookup_build,4.0000000000000001e-08,0
ER_V20000_D8,16,4,CSC-profile,wall,scratch_setup,3.6619999999999998e-05,0
ER_V20000_D8,16,4,CSC-profile,wall,work_bound,4.3242999999999999e-05,0
ER_V20000_D8,16,4,CSC-profile,wall,symbolic_capacity,0.000131502,0
ER_V20000_D8,16,4,CSC-profile,wall,symbolic,0.00106891,0
ER_V20000_D8,16,4,CSC-profile,wall,prefix_numeric_capacity,0.000210724,0
ER_V20000_D8,16,4,CSC-profile,wall,output_allocate,0.00097013100000000005,0
ER_V20000_D8,16,4,CSC-profile,wall,numeric,0.0036354130000000001,0
ER_V20000_D8,16,4,CSC-profile,wall,return_cleanup,6.0100000000000005e-07,0
ER_V20000_D8,16,4,CSC-profile,wall,output_free,1.322e-06,0
ER_V20000_D8,16,5,DCSC-profile,wall,total,0.0071821259999999996,0
ER_V20000_D8,16,5,DCSC-profile,wall,validate,4.3099999999999998e-07,0
ER_V20000_D8,16,5,DCSC-profile,wall,lookup_build,0.00026084099999999999,0
ER_V20000_D8,16,5,DCSC-profile,wall,scratch_setup,5.4765000000000002e-05,0
ER_V20000_D8,16,5,DCSC-profile,wall,work_bound,0.00013056999999999999,0
ER_V20000_D8,16,5,DCSC-profile,wall,symbolic_capacity,0.00014349499999999999,0
ER_V20000_D8,16,5,DCSC-profile,wall,symbolic,0.001258784,0
ER_V20000_D8,16,5,DCSC-profile,wall,prefix_numeric_capacity,0.000285307,0
ER_V20000_D8,16,5,DCSC-profile,wall,output_allocate,0.0012336370000000001,0
ER_V20000_D8,16,5,DCSC-profile,wall,numeric,0.0038123319999999999,0
ER_V20000_D8,16,5,DCSC-profile,wall,return_cleanup,8.5099999999999998e-07,0
ER_V20000_D8,16,5,DCSC-profile,wall,output_free,1.062e-06,0
ER_V20000_D8,16,5,CSC-profile,wall,total,0.0063349699999999997,0
ER_V20000_D8,16,5,CSC-profile,wall,validate,4.4099999999999999e-07,0
ER_V20000_D8,16,5,CSC-profile,wall,lookup_build,4.0000000000000001e-08,0
ER_V20000_D8,16,5,CSC-profile,wall,scratch_setup,4.3924999999999997e-05,0
ER_V20000_D8,16,5,CSC-profile,wall,work_bound,3.9666000000000003e-05,0
ER_V20000_D8,16,5,CSC-profile,wall,symbolic_capacity,0.00013104100000000001,0
ER_V20000_D8,16,5,CSC-profile,wall,symbolic,0.0010510160000000001,0
ER_V20000_D8,16,5,CSC-profile,wall,prefix_numeric_capacity,0.00024673300000000001,0
ER_V20000_D8,16,5,CSC-profile,wall,output_allocate,0.0011965750000000001,0
ER_V20000_D8,16,5,CSC-profile,wall,numeric,0.0036237299999999999,0
ER_V20000_D8,16,5,CSC-profile,wall,return_cleanup,6.61e-07,0
ER_V20000_D8,16,5,CSC-profile,wall,output_free,1.082e-06,0
ER_V20000_D8,16,5,CombBLAS-control,wall,total,0.0075665020000000001,0
ER_V20000_D8,16,5,CombBLAS-control,wall,native_call_and_free,0.0075662109999999998,0
ER_V20000_D8,16,5,DCSC-control,wall,total,0.0068133480000000003,0
ER_V20000_D8,16,5,DCSC-control,wall,native_call_and_free,0.0068129380000000002,0
ER_V20000_D8,16,5,CSC-control,wall,total,0.0063747659999999996,0
ER_V20000_D8,16,5,CSC-control,wall,native_call_and_free,0.0063743259999999996,0
ER_V20000_D8,16,5,DCSC-dense-static,wall,total,0.0063390690000000001,0
ER_V20000_D8,16,5,DCSC-dense-static,wall,native_call_and_free,0.0063386270000000003,0
ER_V20000_D8,16,5,DCSC-static,wall,total,0.0067523009999999996,0
ER_V20000_D8,16,5,DCSC-static,wall,native_call_and_free,0.0067517999999999996,0
ER_V20000_D8,16,5,DCSC-dense-lookup,wall,total,0.0063816289999999998,0
ER_V20000_D8,16,5,DCSC-dense-lookup,wall,native_call_and_free,0.0063813189999999999,0
ER_V20000_D8,16,5,CombBLAS-conversion,wall,total,0.014255421000000001,0
ER_V20000_D8,16,5,CombBLAS-conversion,wall,native_call,0.0075715119999999999,0
ER_V20000_D8,16,5,CombBLAS-conversion,wall,tuple_to_dcsc,0.0066810639999999996,0
ER_V20000_D8,16,5,CombBLAS-conversion,wall,dcsc_free,2.0940000000000002e-06,0
ER_V20000_D8,16,5,CombBLAS-conversion,wall,output_free,6.8100000000000002e-07,0
ER_V20000_D8,16,5,CombBLAS-sampled,wall,total,0.0080875010000000004,0
ER_V20000_D8,16,5,CombBLAS-sampled,wall,lookup_build,4.8223000000000002e-05,0
ER_V20000_D8,16,5,CombBLAS-sampled,wall,thread_setup,9.1269999999999992e-06,0
ER_V20000_D8,16,5,CombBLAS-sampled,wall,work_bound,0.000256152,0
ER_V20000_D8,16,5,CombBLAS-sampled,wall,work_prefix,1.1552000000000001e-05,0
ER_V20000_D8,16,5,CombBLAS-sampled,wall,symbolic,0.001270927,0
ER_V20000_D8,16,5,CombBLAS-sampled,wall,output_prefix,9.4380000000000001e-06,0
ER_V20000_D8,16,5,CombBLAS-sampled,wall,output_allocate,0.0021391230000000002,0
ER_V20000_D8,16,5,CombBLAS-sampled,wall,numeric_scratch_setup,9.1044000000000004e-05,0
ER_V20000_D8,16,5,CombBLAS-sampled,wall,numeric,0.0042459739999999996,0
ER_V20000_D8,16,5,CombBLAS-sampled,wall,internal_cleanup,2.1339999999999998e-06,0
ER_V20000_D8,16,5,CombBLAS-sampled,wall,return_cleanup,3.236e-06,0
ER_V20000_D8,16,5,CombBLAS-sampled,wall,output_free,5.0100000000000005e-07,0
ER_V20000_D8,16,5,CombBLAS-sampled,sampled_worker,lookup,0.0019685639999999982,10000
ER_V20000_D8,16,5,CombBLAS-sampled,sampled_worker,alloc_init,0.0015268920000000002,10000
ER_V20000_D8,16,5,CombBLAS-sampled,sampled_worker,lookup_multiply_hash,0.0090655089999999994,10000
ER_V20000_D8,16,5,CombBLAS-sampled,sampled_worker,compact,0.0032223580000000003,10000
ER_V20000_D8,16,5,CombBLAS-sampled,sampled_worker,sort,0.014889172000000003,10000
ER_V20000_D8,16,5,CombBLAS-sampled,sampled_worker,write,0.0018460620000000001,10000
ER_V20000_D8,16,5,CombBLAS-sampled,sampled_worker,scratch_free,0.00064248400000000046,10000
ER_V20000_D8,16,5,DCSC-sampled,wall,total,0.0070339110000000003,0
ER_V20000_D8,16,5,DCSC-sampled,wall,validate,4.51e-07,0
ER_V20000_D8,16,5,DCSC-sampled,wall,lookup_build,0.00025139200000000002,0
ER_V20000_D8,16,5,DCSC-sampled,wall,scratch_setup,3.2001000000000001e-05,0
ER_V20000_D8,16,5,DCSC-sampled,wall,work_bound,0.00012412799999999999,0
ER_V20000_D8,16,5,DCSC-sampled,wall,symbolic_capacity,0.000133917,0
ER_V20000_D8,16,5,DCSC-sampled,wall,symbolic,0.0012561689999999999,0
ER_V20000_D8,16,5,DCSC-sampled,wall,prefix_numeric_capacity,0.00028420600000000001,0
ER_V20000_D8,16,5,DCSC-sampled,wall,output_allocate,0.00098737299999999994,0
ER_V20000_D8,16,5,DCSC-sampled,wall,numeric,0.0039623799999999997,0
ER_V20000_D8,16,5,DCSC-sampled,wall,return_cleanup,7.1099999999999995e-07,0
ER_V20000_D8,16,5,DCSC-sampled,wall,output_free,1.122e-06,0
ER_V20000_D8,16,5,DCSC-sampled,sampled_worker,lookup,0,10000
ER_V20000_D8,16,5,DCSC-sampled,sampled_worker,alloc_init,0.001113382,10000
ER_V20000_D8,16,5,DCSC-sampled,sampled_worker,lookup_multiply_hash,0.010986669000000001,10000
ER_V20000_D8,16,5,DCSC-sampled,sampled_worker,compact,0.0030968819999999979,10000
ER_V20000_D8,16,5,DCSC-sampled,sampled_worker,sort,0.014755177999999999,10000
ER_V20000_D8,16,5,DCSC-sampled,sampled_worker,write,0.0011060199999999994,10000
ER_V20000_D8,16,5,DCSC-sampled,sampled_worker,scratch_free,0.0006920920000000007,10000
ER_V20000_D8,16,5,CombBLAS-profile,wall,total,0.0074936919999999997,0
ER_V20000_D8,16,5,CombBLAS-profile,wall,lookup_build,2.9076000000000001e-05,0
ER_V20000_D8,16,5,CombBLAS-profile,wall,thread_setup,4.8890000000000001e-06,0
ER_V20000_D8,16,5,CombBLAS-profile,wall,work_bound,0.00024870699999999998,0
ER_V20000_D8,16,5,CombBLAS-profile,wall,work_prefix,1.0881e-05,0
ER_V20000_D8,16,5,CombBLAS-profile,wall,symbolic,0.0012416510000000001,0
ER_V20000_D8,16,5,CombBLAS-profile,wall,output_prefix,1.0851e-05,0
ER_V20000_D8,16,5,CombBLAS-profile,wall,output_allocate,0.001793881,0
ER_V20000_D8,16,5,CombBLAS-profile,wall,numeric_scratch_setup,9.7776999999999996e-05,0
ER_V20000_D8,16,5,CombBLAS-profile,wall,numeric,0.0040511499999999999,0
ER_V20000_D8,16,5,CombBLAS-profile,wall,internal_cleanup,2.0040000000000002e-06,0
ER_V20000_D8,16,5,CombBLAS-profile,wall,return_cleanup,2.4949999999999998e-06,0
ER_V20000_D8,16,5,CombBLAS-profile,wall,output_free,2.8000000000000002e-07,0
ER_V20000_D8,16,6,DCSC-sampled,wall,total,0.0070050659999999999,0
ER_V20000_D8,16,6,DCSC-sampled,wall,validate,2.1e-07,0
ER_V20000_D8,16,6,DCSC-sampled,wall,lookup_build,0.00024467899999999998,0
ER_V20000_D8,16,6,DCSC-sampled,wall,scratch_setup,2.9076000000000001e-05,0
ER_V20000_D8,16,6,DCSC-sampled,wall,work_bound,0.000120581,0
ER_V20000_D8,16,6,DCSC-sampled,wall,symbolic_capacity,0.00012647299999999999,0
ER_V20000_D8,16,6,DCSC-sampled,wall,symbolic,0.0012492359999999999,0
ER_V20000_D8,16,6,DCSC-sampled,wall,prefix_numeric_capacity,0.000283524,0
ER_V20000_D8,16,6,DCSC-sampled,wall,output_allocate,0.00098869600000000006,0
ER_V20000_D8,16,6,DCSC-sampled,wall,numeric,0.0039607059999999996,0
ER_V20000_D8,16,6,DCSC-sampled,wall,return_cleanup,1.032e-06,0
ER_V20000_D8,16,6,DCSC-sampled,wall,output_free,7.8199999999999999e-07,0
ER_V20000_D8,16,6,DCSC-sampled,sampled_worker,lookup,0,10000
ER_V20000_D8,16,6,DCSC-sampled,sampled_worker,alloc_init,0.0011126259999999994,10000
ER_V20000_D8,16,6,DCSC-sampled,sampled_worker,lookup_multiply_hash,0.010974754000000005,10000
ER_V20000_D8,16,6,DCSC-sampled,sampled_worker,compact,0.0030944429999999984,10000
ER_V20000_D8,16,6,DCSC-sampled,sampled_worker,sort,0.014728427000000002,10000
ER_V20000_D8,16,6,DCSC-sampled,sampled_worker,write,0.0011427429999999999,10000
ER_V20000_D8,16,6,DCSC-sampled,sampled_worker,scratch_free,0.00067630300000000039,10000
ER_V20000_D8,16,6,CombBLAS-sampled,wall,total,0.0077915040000000003,0
ER_V20000_D8,16,6,CombBLAS-sampled,wall,lookup_build,2.9958e-05,0
ER_V20000_D8,16,6,CombBLAS-sampled,wall,thread_setup,4.989e-06,0
ER_V20000_D8,16,6,CombBLAS-sampled,wall,work_bound,0.00025418800000000003,0
ER_V20000_D8,16,6,CombBLAS-sampled,wall,work_prefix,1.0711e-05,0
ER_V20000_D8,16,6,CombBLAS-sampled,wall,symbolic,0.001228376,0
ER_V20000_D8,16,6,CombBLAS-sampled,wall,output_prefix,1.0540000000000001e-05,0
ER_V20000_D8,16,6,CombBLAS-sampled,wall,output_allocate,0.001927918,0
ER_V20000_D8,16,6,CombBLAS-sampled,wall,numeric_scratch_setup,9.7516000000000006e-05,0
ER_V20000_D8,16,6,CombBLAS-sampled,wall,numeric,0.0042224589999999996,0
ER_V20000_D8,16,6,CombBLAS-sampled,wall,internal_cleanup,1.903e-06,0
ER_V20000_D8,16,6,CombBLAS-sampled,wall,return_cleanup,2.6249999999999999e-06,0
ER_V20000_D8,16,6,CombBLAS-sampled,wall,output_free,2.7099999999999998e-07,0
ER_V20000_D8,16,6,CombBLAS-sampled,sampled_worker,lookup,0.0019815839999999985,10000
ER_V20000_D8,16,6,CombBLAS-sampled,sampled_worker,alloc_init,0.0015229829999999997,10000
ER_V20000_D8,16,6,CombBLAS-sampled,sampled_worker,lookup_multiply_hash,0.009038899999999999,10000
ER_V20000_D8,16,6,CombBLAS-sampled,sampled_worker,compact,0.0032066859999999998,10000
ER_V20000_D8,16,6,CombBLAS-sampled,sampled_worker,sort,0.014856474000000005,10000
ER_V20000_D8,16,6,CombBLAS-sampled,sampled_worker,write,0.0019549059999999997,10000
ER_V20000_D8,16,6,CombBLAS-sampled,sampled_worker,scratch_free,0.00064587500000000051,10000
ER_V20000_D8,16,6,CombBLAS-conversion,wall,total,0.013314717,0
ER_V20000_D8,16,6,CombBLAS-conversion,wall,native_call,0.0069548689999999998,0
ER_V20000_D8,16,6,CombBLAS-conversion,wall,tuple_to_dcsc,0.0063574640000000002,0
ER_V20000_D8,16,6,CombBLAS-conversion,wall,dcsc_free,1.773e-06,0
ER_V20000_D8,16,6,CombBLAS-conversion,wall,output_free,5.51e-07,0
ER_V20000_D8,16,6,DCSC-dense-lookup,wall,total,0.0068366529999999998,0
ER_V20000_D8,16,6,DCSC-dense-lookup,wall,native_call_and_free,0.0068363720000000003,0
ER_V20000_D8,16,6,DCSC-static,wall,total,0.0068705770000000001,0
ER_V20000_D8,16,6,DCSC-static,wall,native_call_and_free,0.0068700059999999997,0
ER_V20000_D8,16,6,DCSC-dense-static,wall,total,0.0061858939999999999,0
ER_V20000_D8,16,6,DCSC-dense-static,wall,native_call_and_free,0.0061854939999999997,0
ER_V20000_D8,16,6,CSC-control,wall,total,0.0063239990000000003,0
ER_V20000_D8,16,6,CSC-control,wall,native_call_and_free,0.0063235979999999997,0
ER_V20000_D8,16,6,DCSC-control,wall,total,0.0069642669999999997,0
ER_V20000_D8,16,6,DCSC-control,wall,native_call_and_free,0.0069638060000000003,0
ER_V20000_D8,16,6,CombBLAS-control,wall,total,0.0075749989999999998,0
ER_V20000_D8,16,6,CombBLAS-control,wall,native_call_and_free,0.0075747080000000003,0
ER_V20000_D8,16,6,CSC-profile,wall,total,0.0062638440000000002,0
ER_V20000_D8,16,6,CSC-profile,wall,validate,1.0720000000000001e-06,0
ER_V20000_D8,16,6,CSC-profile,wall,lookup_build,2.9999999999999997e-08,0
ER_V20000_D8,16,6,CSC-profile,wall,scratch_setup,3.3966e-05,0
ER_V20000_D8,16,6,CSC-profile,wall,work_bound,4.3713e-05,0
ER_V20000_D8,16,6,CSC-profile,wall,symbolic_capacity,0.00014153200000000001,0
ER_V20000_D8,16,6,CSC-profile,wall,symbolic,0.001076434,0
ER_V20000_D8,16,6,CSC-profile,wall,prefix_numeric_capacity,0.00020992299999999999,0
ER_V20000_D8,16,6,CSC-profile,wall,output_allocate,0.00096191500000000004,0
ER_V20000_D8,16,6,CSC-profile,wall,numeric,0.0037937959999999999,0
ER_V20000_D8,16,6,CSC-profile,wall,return_cleanup,6.4099999999999998e-07,0
ER_V20000_D8,16,6,CSC-profile,wall,output_free,7.5199999999999996e-07,0
ER_V20000_D8,16,6,DCSC-profile,wall,total,0.0072231930000000001,0
ER_V20000_D8,16,6,DCSC-profile,wall,validate,2.6e-07,0
ER_V20000_D8,16,6,DCSC-profile,wall,lookup_build,0.00025321600000000001,0
ER_V20000_D8,16,6,DCSC-profile,wall,scratch_setup,3.1971000000000003e-05,0
ER_V20000_D8,16,6,DCSC-profile,wall,work_bound,0.000125952,0
ER_V20000_D8,16,6,DCSC-profile,wall,symbolic_capacity,0.000126883,0
ER_V20000_D8,16,6,DCSC-profile,wall,symbolic,0.0012596059999999999,0
ER_V20000_D8,16,6,DCSC-profile,wall,prefix_numeric_capacity,0.00034184599999999998,0
ER_V20000_D8,16,6,DCSC-profile,wall,output_allocate,0.001258784,0
ER_V20000_D8,16,6,DCSC-profile,wall,numeric,0.003822682,0
ER_V20000_D8,16,6,DCSC-profile,wall,return_cleanup,9.0100000000000003e-07,0
ER_V20000_D8,16,6,DCSC-profile,wall,output_free,1.0219999999999999e-06,0
ER_V20000_D8,16,6,CombBLAS-profile,wall,total,0.0078232549999999994,0
ER_V20000_D8,16,6,CombBLAS-profile,wall,lookup_build,2.9637000000000001e-05,0
ER_V20000_D8,16,6,CombBLAS-profile,wall,thread_setup,5.5910000000000003e-06,0
ER_V20000_D8,16,6,CombBLAS-profile,wall,work_bound,0.00026287400000000002,0
ER_V20000_D8,16,6,CombBLAS-profile,wall,work_prefix,1.1222e-05,0
ER_V20000_D8,16,6,CombBLAS-profile,wall,symbolic,0.001289894,0
ER_V20000_D8,16,6,CombBLAS-profile,wall,output_prefix,1.1280999999999999e-05,0
ER_V20000_D8,16,6,CombBLAS-profile,wall,output_allocate,0.0020187619999999999,0
ER_V20000_D8,16,6,CombBLAS-profile,wall,numeric_scratch_setup,0.000101555,0
ER_V20000_D8,16,6,CombBLAS-profile,wall,numeric,0.0040874800000000001,0
ER_V20000_D8,16,6,CombBLAS-profile,wall,internal_cleanup,2.244e-06,0
ER_V20000_D8,16,6,CombBLAS-profile,wall,return_cleanup,2.1440000000000001e-06,0
ER_V20000_D8,16,6,CombBLAS-profile,wall,output_free,5.1099999999999996e-07,0
ER_V20000_D8,16,7,DCSC-sampled,wall,total,0.0070255450000000002,0
ER_V20000_D8,16,7,DCSC-sampled,wall,validate,5.0100000000000005e-07,0
ER_V20000_D8,16,7,DCSC-sampled,wall,lookup_build,0.00024518000000000001,0
ER_V20000_D8,16,7,DCSC-sampled,wall,scratch_setup,2.8824999999999999e-05,0
ER_V20000_D8,16,7,DCSC-sampled,wall,work_bound,0.00012356699999999999,0
ER_V20000_D8,16,7,DCSC-sampled,wall,symbolic_capacity,0.00012619199999999999,0
ER_V20000_D8,16,7,DCSC-sampled,wall,symbolic,0.001243124,0
ER_V20000_D8,16,7,DCSC-sampled,wall,prefix_numeric_capacity,0.00028326399999999998,0
ER_V20000_D8,16,7,DCSC-sampled,wall,output_allocate,0.00099666100000000003,0
ER_V20000_D8,16,7,DCSC-sampled,wall,numeric,0.0039762959999999998,0
ER_V20000_D8,16,7,DCSC-sampled,wall,return_cleanup,9.4200000000000004e-07,0
ER_V20000_D8,16,7,DCSC-sampled,wall,output_free,9.2200000000000002e-07,0
ER_V20000_D8,16,7,DCSC-sampled,sampled_worker,lookup,0,10000
ER_V20000_D8,16,7,DCSC-sampled,sampled_worker,alloc_init,0.0011166899999999998,10000
ER_V20000_D8,16,7,DCSC-sampled,sampled_worker,lookup_multiply_hash,0.011079882999999999,10000
ER_V20000_D8,16,7,DCSC-sampled,sampled_worker,compact,0.0031143209999999989,10000
ER_V20000_D8,16,7,DCSC-sampled,sampled_worker,sort,0.014723196000000006,10000
ER_V20000_D8,16,7,DCSC-sampled,sampled_worker,write,0.0011188669999999995,10000
ER_V20000_D8,16,7,DCSC-sampled,sampled_worker,scratch_free,0.00069804600000000078,10000
ER_V20000_D8,16,7,CombBLAS-profile,wall,total,0.0077008800000000002,0
ER_V20000_D8,16,7,CombBLAS-profile,wall,lookup_build,4.8582999999999999e-05,0
ER_V20000_D8,16,7,CombBLAS-profile,wall,thread_setup,7.5140000000000004e-06,0
ER_V20000_D8,16,7,CombBLAS-profile,wall,work_bound,0.00027918600000000001,0
ER_V20000_D8,16,7,CombBLAS-profile,wall,work_prefix,1.0851e-05,0
ER_V20000_D8,16,7,CombBLAS-profile,wall,symbolic,0.0012495869999999999,0
ER_V20000_D8,16,7,CombBLAS-profile,wall,output_prefix,1.0540000000000001e-05,0
ER_V20000_D8,16,7,CombBLAS-profile,wall,output_allocate,0.001886799,0
ER_V20000_D8,16,7,CombBLAS-profile,wall,numeric_scratch_setup,9.7768000000000003e-05,0
ER_V20000_D8,16,7,CombBLAS-profile,wall,numeric,0.0041041810000000001,0
ER_V20000_D8,16,7,CombBLAS-profile,wall,internal_cleanup,2.5849999999999998e-06,0
ER_V20000_D8,16,7,CombBLAS-profile,wall,return_cleanup,2.7250000000000002e-06,0
ER_V20000_D8,16,7,CombBLAS-profile,wall,output_free,5.0100000000000005e-07,0
ER_V20000_D8,16,7,DCSC-profile,wall,total,0.0068749659999999997,0
ER_V20000_D8,16,7,DCSC-profile,wall,validate,4.6100000000000001e-07,0
ER_V20000_D8,16,7,DCSC-profile,wall,lookup_build,0.00025218400000000002,0
ER_V20000_D8,16,7,DCSC-profile,wall,scratch_setup,3.2641999999999997e-05,0
ER_V20000_D8,16,7,DCSC-profile,wall,work_bound,0.00012643299999999999,0
ER_V20000_D8,16,7,DCSC-profile,wall,symbolic_capacity,0.00014006899999999999,0
ER_V20000_D8,16,7,DCSC-profile,wall,symbolic,0.0012409999999999999,0
ER_V20000_D8,16,7,DCSC-profile,wall,prefix_numeric_capacity,0.00028544699999999998,0
ER_V20000_D8,16,7,DCSC-profile,wall,output_allocate,0.00098680300000000007,0
ER_V20000_D8,16,7,DCSC-profile,wall,numeric,0.0038082939999999998,0
ER_V20000_D8,16,7,DCSC-profile,wall,return_cleanup,7.1099999999999995e-07,0
ER_V20000_D8,16,7,DCSC-profile,wall,output_free,8.6199999999999996e-07,0
ER_V20000_D8,16,7,CSC-profile,wall,total,0.0064934739999999999,0
ER_V20000_D8,16,7,CSC-profile,wall,validate,7.0100000000000004e-07,0
ER_V20000_D8,16,7,CSC-profile,wall,lookup_build,2.9999999999999997e-08,0
ER_V20000_D8,16,7,CSC-profile,wall,scratch_setup,4.1860999999999998e-05,0
ER_V20000_D8,16,7,CSC-profile,wall,work_bound,4.9885000000000001e-05,0
ER_V20000_D8,16,7,CSC-profile,wall,symbolic_capacity,0.00013413699999999999,0
ER_V20000_D8,16,7,CSC-profile,wall,symbolic,0.0010991880000000001,0
ER_V20000_D8,16,7,CSC-profile,wall,prefix_numeric_capacity,0.00029846300000000001,0
ER_V20000_D8,16,7,CSC-profile,wall,output_allocate,0.001228205,0
ER_V20000_D8,16,7,CSC-profile,wall,numeric,0.00363912,0
ER_V20000_D8,16,7,CSC-profile,wall,return_cleanup,5.0100000000000005e-07,0
ER_V20000_D8,16,7,CSC-profile,wall,output_free,1.3230000000000001e-06,0
ER_V20000_D8,16,7,CombBLAS-control,wall,total,0.0076101859999999997,0
ER_V20000_D8,16,7,CombBLAS-control,wall,native_call_and_free,0.0076099059999999996,0
ER_V20000_D8,16,7,DCSC-control,wall,total,0.0068205210000000004,0
ER_V20000_D8,16,7,DCSC-control,wall,native_call_and_free,0.0068200600000000002,0
ER_V20000_D8,16,7,CSC-control,wall,total,0.0063881119999999996,0
ER_V20000_D8,16,7,CSC-control,wall,native_call_and_free,0.0063873209999999996,0
ER_V20000_D8,16,7,DCSC-dense-static,wall,total,0.0063261020000000001,0
ER_V20000_D8,16,7,DCSC-dense-static,wall,native_call_and_free,0.0063253909999999997,0
ER_V20000_D8,16,7,DCSC-static,wall,total,0.0067638020000000002,0
ER_V20000_D8,16,7,DCSC-static,wall,native_call_and_free,0.0067637519999999996,0
ER_V20000_D8,16,7,DCSC-dense-lookup,wall,total,0.0062312820000000003,0
ER_V20000_D8,16,7,DCSC-dense-lookup,wall,native_call_and_free,0.0062309710000000001,0
ER_V20000_D8,16,7,CombBLAS-conversion,wall,total,0.014229712,0
ER_V20000_D8,16,7,CombBLAS-conversion,wall,native_call,0.0076226200000000001,0
ER_V20000_D8,16,7,CombBLAS-conversion,wall,tuple_to_dcsc,0.0066043259999999998,0
ER_V20000_D8,16,7,CombBLAS-conversion,wall,dcsc_free,1.8139999999999999e-06,0
ER_V20000_D8,16,7,CombBLAS-conversion,wall,output_free,9.0100000000000003e-07,0
ER_V20000_D8,16,7,CombBLAS-sampled,wall,total,0.008059989,0
ER_V20000_D8,16,7,CombBLAS-sampled,wall,lookup_build,1.8686e-05,0
ER_V20000_D8,16,7,CombBLAS-sampled,wall,thread_setup,2.6931999999999999e-05,0
ER_V20000_D8,16,7,CombBLAS-sampled,wall,work_bound,0.00024924799999999998,0
ER_V20000_D8,16,7,CombBLAS-sampled,wall,work_prefix,1.084e-05,0
ER_V20000_D8,16,7,CombBLAS-sampled,wall,symbolic,0.0012722810000000001,0
ER_V20000_D8,16,7,CombBLAS-sampled,wall,output_prefix,8.8270000000000004e-06,0
ER_V20000_D8,16,7,CombBLAS-sampled,wall,output_allocate,0.0021285829999999999,0
ER_V20000_D8,16,7,CombBLAS-sampled,wall,numeric_scratch_setup,8.9140000000000004e-05,0
ER_V20000_D8,16,7,CombBLAS-sampled,wall,numeric,0.004250513,0
ER_V20000_D8,16,7,CombBLAS-sampled,wall,internal_cleanup,2.114e-06,0
ER_V20000_D8,16,7,CombBLAS-sampled,wall,return_cleanup,2.2539999999999999e-06,0
ER_V20000_D8,16,7,CombBLAS-sampled,wall,output_free,5.1099999999999996e-07,0
ER_V20000_D8,16,7,CombBLAS-sampled,sampled_worker,lookup,0.0020082649999999982,10000
ER_V20000_D8,16,7,CombBLAS-sampled,sampled_worker,alloc_init,0.0015270189999999995,10000
ER_V20000_D8,16,7,CombBLAS-sampled,sampled_worker,lookup_multiply_hash,0.0090313179999999965,10000
ER_V20000_D8,16,7,CombBLAS-sampled,sampled_worker,compact,0.0032204799999999974,10000
ER_V20000_D8,16,7,CombBLAS-sampled,sampled_worker,sort,0.014878349000000003,10000
ER_V20000_D8,16,7,CombBLAS-sampled,sampled_worker,write,0.001881757999999999,10000
ER_V20000_D8,16,7,CombBLAS-sampled,sampled_worker,scratch_free,0.00064099500000000076,10000
ER_V20000_D8,16,8,CombBLAS-conversion,wall,total,0.013495283,0
ER_V20000_D8,16,8,CombBLAS-conversion,wall,native_call,0.0069901060000000003,0
ER_V20000_D8,16,8,CombBLAS-conversion,wall,tuple_to_dcsc,0.0065021619999999997,0
ER_V20000_D8,16,8,CombBLAS-conversion,wall,dcsc_free,2.1440000000000001e-06,0
ER_V20000_D8,16,8,CombBLAS-conversion,wall,output_free,8.1100000000000005e-07,0
ER_V20000_D8,16,8,DCSC-dense-lookup,wall,total,0.0067026849999999999,0
ER_V20000_D8,16,8,DCSC-dense-lookup,wall,native_call_and_free,0.0067024049999999998,0
ER_V20000_D8,16,8,DCSC-static,wall,total,0.006861079,0
ER_V20000_D8,16,8,DCSC-static,wall,native_call_and_free,0.006860438,0
ER_V20000_D8,16,8,DCSC-dense-static,wall,total,0.0061983089999999999,0
ER_V20000_D8,16,8,DCSC-dense-static,wall,native_call_and_free,0.0061978470000000003,0
ER_V20000_D8,16,8,CSC-control,wall,total,0.0061750829999999996,0
ER_V20000_D8,16,8,CSC-control,wall,native_call_and_free,0.0061746120000000003,0
ER_V20000_D8,16,8,DCSC-control,wall,total,0.0069805290000000001,0
ER_V20000_D8,16,8,DCSC-control,wall,native_call_and_free,0.0069800679999999999,0
ER_V20000_D8,16,8,CombBLAS-control,wall,total,0.0076072900000000001,0
ER_V20000_D8,16,8,CombBLAS-control,wall,native_call_and_free,0.0076070199999999999,0
ER_V20000_D8,16,8,CSC-profile,wall,total,0.0060496220000000002,0
ER_V20000_D8,16,8,CSC-profile,wall,validate,6.61e-07,0
ER_V20000_D8,16,8,CSC-profile,wall,lookup_build,2.9999999999999997e-08,0
ER_V20000_D8,16,8,CSC-profile,wall,scratch_setup,3.6640999999999997e-05,0
ER_V20000_D8,16,8,CSC-profile,wall,work_bound,4.2721e-05,0
ER_V20000_D8,16,8,CSC-profile,wall,symbolic_capacity,0.00013105199999999999,0
ER_V20000_D8,16,8,CSC-profile,wall,symbolic,0.001071144,0
ER_V20000_D8,16,8,CSC-profile,wall,prefix_numeric_capacity,0.00020922099999999999,0
ER_V20000_D8,16,8,CSC-profile,wall,output_allocate,0.00092276000000000001,0
ER_V20000_D8,16,8,CSC-profile,wall,numeric,0.0036338389999999998,0
ER_V20000_D8,16,8,CSC-profile,wall,return_cleanup,5.6100000000000001e-07,0
ER_V20000_D8,16,8,CSC-profile,wall,output_free,9.2200000000000002e-07,0
ER_V20000_D8,16,8,DCSC-profile,wall,total,0.0071413570000000001,0
ER_V20000_D8,16,8,DCSC-profile,wall,validate,4.51e-07,0
ER_V20000_D8,16,8,DCSC-profile,wall,lookup_build,0.00026247400000000001,0
ER_V20000_D8,16,8,DCSC-profile,wall,scratch_setup,3.2752000000000001e-05,0
ER_V20000_D8,16,8,DCSC-profile,wall,work_bound,0.00012410899999999999,0
ER_V20000_D8,16,8,DCSC-profile,wall,symbolic_capacity,0.00012992900000000001,0
ER_V20000_D8,16,8,DCSC-profile,wall,symbolic,0.001258884,0
ER_V20000_D8,16,8,DCSC-profile,wall,prefix_numeric_capacity,0.00028162,0
ER_V20000_D8,16,8,DCSC-profile,wall,output_allocate,0.001237073,0
ER_V20000_D8,16,8,DCSC-profile,wall,numeric,0.0038120710000000002,0
ER_V20000_D8,16,8,DCSC-profile,wall,return_cleanup,9.1200000000000001e-07,0
ER_V20000_D8,16,8,DCSC-profile,wall,output_free,1.0219999999999999e-06,0
ER_V20000_D8,16,8,CombBLAS-profile,wall,total,0.0077502839999999996,0
ER_V20000_D8,16,8,CombBLAS-profile,wall,lookup_build,3.0258000000000001e-05,0
ER_V20000_D8,16,8,CombBLAS-profile,wall,thread_setup,5.0799999999999996e-06,0
ER_V20000_D8,16,8,CombBLAS-profile,wall,work_bound,0.00026019900000000002,0
ER_V20000_D8,16,8,CombBLAS-profile,wall,work_prefix,1.1501999999999999e-05,0
ER_V20000_D8,16,8,CombBLAS-profile,wall,symbolic,0.0013115449999999999,0
ER_V20000_D8,16,8,CombBLAS-profile,wall,output_prefix,1.1112e-05,0
ER_V20000_D8,16,8,CombBLAS-profile,wall,output_allocate,0.0019652189999999998,0
ER_V20000_D8,16,8,CombBLAS-profile,wall,numeric_scratch_setup,9.7065999999999995e-05,0
ER_V20000_D8,16,8,CombBLAS-profile,wall,numeric,0.004053264,0
ER_V20000_D8,16,8,CombBLAS-profile,wall,internal_cleanup,2.294e-06,0
ER_V20000_D8,16,8,CombBLAS-profile,wall,return_cleanup,2.4150000000000002e-06,0
ER_V20000_D8,16,8,CombBLAS-profile,wall,output_free,2.8000000000000002e-07,0
ER_V20000_D8,16,8,DCSC-sampled,wall,total,0.0070095740000000002,0
ER_V20000_D8,16,8,DCSC-sampled,wall,validate,6.4099999999999998e-07,0
ER_V20000_D8,16,8,DCSC-sampled,wall,lookup_build,0.00024485000000000002,0
ER_V20000_D8,16,8,DCSC-sampled,wall,scratch_setup,2.8615e-05,0
ER_V20000_D8,16,8,DCSC-sampled,wall,work_bound,0.00012300599999999999,0
ER_V20000_D8,16,8,DCSC-sampled,wall,symbolic_capacity,0.00012629199999999999,0
ER_V20000_D8,16,8,DCSC-sampled,wall,symbolic,0.0012519110000000001,0
ER_V20000_D8,16,8,DCSC-sampled,wall,prefix_numeric_capacity,0.00028451600000000001,0
ER_V20000_D8,16,8,DCSC-sampled,wall,output_allocate,0.00098904700000000006,0
ER_V20000_D8,16,8,DCSC-sampled,wall,numeric,0.0039581010000000003,0
ER_V20000_D8,16,8,DCSC-sampled,wall,return_cleanup,9.6200000000000006e-07,0
ER_V20000_D8,16,8,DCSC-sampled,wall,output_free,1.5629999999999999e-06,0
ER_V20000_D8,16,8,DCSC-sampled,sampled_worker,lookup,0,10000
ER_V20000_D8,16,8,DCSC-sampled,sampled_worker,alloc_init,0.0011116329999999997,10000
ER_V20000_D8,16,8,DCSC-sampled,sampled_worker,lookup_multiply_hash,0.010986104,10000
ER_V20000_D8,16,8,DCSC-sampled,sampled_worker,compact,0.0031191199999999978,10000
ER_V20000_D8,16,8,DCSC-sampled,sampled_worker,sort,0.014731187999999997,10000
ER_V20000_D8,16,8,DCSC-sampled,sampled_worker,write,0.0011116699999999999,10000
ER_V20000_D8,16,8,DCSC-sampled,sampled_worker,scratch_free,0.00068116800000000055,10000
ER_V20000_D8,16,8,CombBLAS-sampled,wall,total,0.0079280159999999995,0
ER_V20000_D8,16,8,CombBLAS-sampled,wall,lookup_build,3.095e-05,0
ER_V20000_D8,16,8,CombBLAS-sampled,wall,thread_setup,5.4600000000000002e-06,0
ER_V20000_D8,16,8,CombBLAS-sampled,wall,work_bound,0.00025166300000000001,0
ER_V20000_D8,16,8,CombBLAS-sampled,wall,work_prefix,1.0710000000000001e-05,0
ER_V20000_D8,16,8,CombBLAS-sampled,wall,symbolic,0.0012270029999999999,0
ER_V20000_D8,16,8,CombBLAS-sampled,wall,output_prefix,1.0992000000000001e-05,0
ER_V20000_D8,16,8,CombBLAS-sampled,wall,output_allocate,0.0018940820000000001,0
ER_V20000_D8,16,8,CombBLAS-sampled,wall,numeric_scratch_setup,9.6885999999999994e-05,0
ER_V20000_D8,16,8,CombBLAS-sampled,wall,numeric,0.0043957110000000001,0
ER_V20000_D8,16,8,CombBLAS-sampled,wall,internal_cleanup,1.874e-06,0
ER_V20000_D8,16,8,CombBLAS-sampled,wall,return_cleanup,2.3140000000000002e-06,0
ER_V20000_D8,16,8,CombBLAS-sampled,wall,output_free,3.1100000000000002e-07,0
ER_V20000_D8,16,8,CombBLAS-sampled,sampled_worker,lookup,0.001979314999999998,10000
ER_V20000_D8,16,8,CombBLAS-sampled,sampled_worker,alloc_init,0.0015258670000000002,10000
ER_V20000_D8,16,8,CombBLAS-sampled,sampled_worker,lookup_multiply_hash,0.0090332249999999972,10000
ER_V20000_D8,16,8,CombBLAS-sampled,sampled_worker,compact,0.0032087359999999998,10000
ER_V20000_D8,16,8,CombBLAS-sampled,sampled_worker,sort,0.014895473000000006,10000
ER_V20000_D8,16,8,CombBLAS-sampled,sampled_worker,write,0.0022992139999999999,10000
ER_V20000_D8,16,8,CombBLAS-sampled,sampled_worker,scratch_free,0.00063510100000000044,10000
ER_V20000_D8,16,9,CombBLAS-conversion,wall,total,0.013693253000000001,0
ER_V20000_D8,16,9,CombBLAS-conversion,wall,native_call,0.0069243300000000002,0
ER_V20000_D8,16,9,CombBLAS-conversion,wall,tuple_to_dcsc,0.0067660580000000001,0
ER_V20000_D8,16,9,CombBLAS-conversion,wall,dcsc_free,1.9230000000000001e-06,0
ER_V20000_D8,16,9,CombBLAS-conversion,wall,output_free,8.7199999999999997e-07,0
ER_V20000_D8,16,9,CombBLAS-sampled,wall,total,0.0080551589999999992,0
ER_V20000_D8,16,9,CombBLAS-sampled,wall,lookup_build,1.9969000000000001e-05,0
ER_V20000_D8,16,9,CombBLAS-sampled,wall,thread_setup,9.8279999999999998e-06,0
ER_V20000_D8,16,9,CombBLAS-sampled,wall,work_bound,0.00024771500000000002,0
ER_V20000_D8,16,9,CombBLAS-sampled,wall,work_prefix,9.9899999999999992e-06,0
ER_V20000_D8,16,9,CombBLAS-sampled,wall,symbolic,0.0012845440000000001,0
ER_V20000_D8,16,9,CombBLAS-sampled,wall,output_prefix,9.0869999999999996e-06,0
ER_V20000_D8,16,9,CombBLAS-sampled,wall,output_allocate,0.002138161,0
ER_V20000_D8,16,9,CombBLAS-sampled,wall,numeric_scratch_setup,9.0944000000000002e-05,0
ER_V20000_D8,16,9,CombBLAS-sampled,wall,numeric,0.0042393609999999997,0
ER_V20000_D8,16,9,CombBLAS-sampled,wall,internal_cleanup,2.4949999999999998e-06,0
ER_V20000_D8,16,9,CombBLAS-sampled,wall,return_cleanup,2.514e-06,0
ER_V20000_D8,16,9,CombBLAS-sampled,wall,output_free,4.9200000000000001e-07,0
ER_V20000_D8,16,9,CombBLAS-sampled,sampled_worker,lookup,0.0019882839999999986,10000
ER_V20000_D8,16,9,CombBLAS-sampled,sampled_worker,alloc_init,0.0015236989999999995,10000
ER_V20000_D8,16,9,CombBLAS-sampled,sampled_worker,lookup_multiply_hash,0.0090302590000000023,10000
ER_V20000_D8,16,9,CombBLAS-sampled,sampled_worker,compact,0.0031990329999999987,10000
ER_V20000_D8,16,9,CombBLAS-sampled,sampled_worker,sort,0.014850815000000002,10000
ER_V20000_D8,16,9,CombBLAS-sampled,sampled_worker,write,0.0018670999999999994,10000
ER_V20000_D8,16,9,CombBLAS-sampled,sampled_worker,scratch_free,0.00064142500000000037,10000
ER_V20000_D8,16,9,DCSC-sampled,wall,total,0.007001569,0
ER_V20000_D8,16,9,DCSC-sampled,wall,validate,6.3200000000000005e-07,0
ER_V20000_D8,16,9,DCSC-sampled,wall,lookup_build,0.00025127100000000001,0
ER_V20000_D8,16,9,DCSC-sampled,wall,scratch_setup,3.1099999999999997e-05,0
ER_V20000_D8,16,9,DCSC-sampled,wall,work_bound,0.000120421,0
ER_V20000_D8,16,9,DCSC-sampled,wall,symbolic_capacity,0.00012725400000000001,0
ER_V20000_D8,16,9,DCSC-sampled,wall,symbolic,0.0012478330000000001,0
ER_V20000_D8,16,9,DCSC-sampled,wall,prefix_numeric_capacity,0.000280759,0
ER_V20000_D8,16,9,DCSC-sampled,wall,output_allocate,0.00098143199999999996,0
ER_V20000_D8,16,9,DCSC-sampled,wall,numeric,0.0039590429999999998,0
ER_V20000_D8,16,9,DCSC-sampled,wall,return_cleanup,8.0200000000000001e-07,0
ER_V20000_D8,16,9,DCSC-sampled,wall,output_free,9.6200000000000006e-07,0
ER_V20000_D8,16,9,DCSC-sampled,sampled_worker,lookup,0,10000
ER_V20000_D8,16,9,DCSC-sampled,sampled_worker,alloc_init,0.0011140010000000001,10000
ER_V20000_D8,16,9,DCSC-sampled,sampled_worker,lookup_multiply_hash,0.010965315999999999,10000
ER_V20000_D8,16,9,DCSC-sampled,sampled_worker,compact,0.0031021759999999995,10000
ER_V20000_D8,16,9,DCSC-sampled,sampled_worker,sort,0.014708679000000001,10000
ER_V20000_D8,16,9,DCSC-sampled,sampled_worker,write,0.0011153889999999998,10000
ER_V20000_D8,16,9,DCSC-sampled,sampled_worker,scratch_free,0.00068793500000000074,10000
ER_V20000_D8,16,9,CombBLAS-profile,wall,total,0.0074737739999999999,0
ER_V20000_D8,16,9,CombBLAS-profile,wall,lookup_build,3.0086999999999998e-05,0
ER_V20000_D8,16,9,CombBLAS-profile,wall,thread_setup,5.3909999999999997e-06,0
ER_V20000_D8,16,9,CombBLAS-profile,wall,work_bound,0.000247314,0
ER_V20000_D8,16,9,CombBLAS-profile,wall,work_prefix,1.0560000000000001e-05,0
ER_V20000_D8,16,9,CombBLAS-profile,wall,symbolic,0.001234899,0
ER_V20000_D8,16,9,CombBLAS-profile,wall,output_prefix,1.0560000000000001e-05,0
ER_V20000_D8,16,9,CombBLAS-profile,wall,output_allocate,0.001781457,0
ER_V20000_D8,16,9,CombBLAS-profile,wall,numeric_scratch_setup,9.5552999999999998e-05,0
ER_V20000_D8,16,9,CombBLAS-profile,wall,numeric,0.0040531839999999996,0
ER_V20000_D8,16,9,CombBLAS-profile,wall,internal_cleanup,2.0540000000000002e-06,0
ER_V20000_D8,16,9,CombBLAS-profile,wall,return_cleanup,2.385e-06,0
ER_V20000_D8,16,9,CombBLAS-profile,wall,output_free,2.7000000000000001e-07,0
ER_V20000_D8,16,9,DCSC-profile,wall,total,0.0068557990000000001,0
ER_V20000_D8,16,9,DCSC-profile,wall,validate,4.4099999999999999e-07,0
ER_V20000_D8,16,9,DCSC-profile,wall,lookup_build,0.00024571100000000002,0
ER_V20000_D8,16,9,DCSC-profile,wall,scratch_setup,2.9337000000000001e-05,0
ER_V20000_D8,16,9,DCSC-profile,wall,work_bound,0.00012021,0
ER_V20000_D8,16,9,DCSC-profile,wall,symbolic_capacity,0.00012726400000000001,0
ER_V20000_D8,16,9,DCSC-profile,wall,symbolic,0.001255628,0
ER_V20000_D8,16,9,DCSC-profile,wall,prefix_numeric_capacity,0.000280408,0
ER_V20000_D8,16,9,DCSC-profile,wall,output_allocate,0.00098436800000000001,0
ER_V20000_D8,16,9,DCSC-profile,wall,numeric,0.0038105489999999999,0
ER_V20000_D8,16,9,DCSC-profile,wall,return_cleanup,1.031e-06,0
ER_V20000_D8,16,9,DCSC-profile,wall,output_free,7.8199999999999999e-07,0
ER_V20000_D8,16,9,CSC-profile,wall,total,0.0063734849999999999,0
ER_V20000_D8,16,9,CSC-profile,wall,validate,4.4999999999999998e-07,0
ER_V20000_D8,16,9,CSC-profile,wall,lookup_build,3.1e-08,0
ER_V20000_D8,16,9,CSC-profile,wall,scratch_setup,4.1389e-05,0
ER_V20000_D8,16,9,CSC-profile,wall,work_bound,4.9795e-05,0
ER_V20000_D8,16,9,CSC-profile,wall,symbolic_capacity,0.00013076099999999999,0
ER_V20000_D8,16,9,CSC-profile,wall,symbolic,0.001092736,0
ER_V20000_D8,16,9,CSC-profile,wall,prefix_numeric_capacity,0.000209271,0
ER_V20000_D8,16,9,CSC-profile,wall,output_allocate,0.00120951,0
ER_V20000_D8,16,9,CSC-profile,wall,numeric,0.0036378080000000002,0
ER_V20000_D8,16,9,CSC-profile,wall,return_cleanup,9.0100000000000003e-07,0
ER_V20000_D8,16,9,CSC-profile,wall,output_free,7.7199999999999998e-07,0
ER_V20000_D8,16,9,CombBLAS-control,wall,total,0.0076413449999999999,0
ER_V20000_D8,16,9,CombBLAS-control,wall,native_call_and_free,0.0076410749999999998,0
ER_V20000_D8,16,9,DCSC-control,wall,total,0.0068441359999999998,0
ER_V20000_D8,16,9,DCSC-control,wall,native_call_and_free,0.0068438759999999996,0
ER_V20000_D8,16,9,CSC-control,wall,total,0.0063356009999999997,0
ER_V20000_D8,16,9,CSC-control,wall,native_call_and_free,0.0063353309999999996,0
ER_V20000_D8,16,9,DCSC-dense-static,wall,total,0.0062893419999999998,0
ER_V20000_D8,16,9,DCSC-dense-static,wall,native_call_and_free,0.0062889720000000003,0
ER_V20000_D8,16,9,DCSC-static,wall,total,0.0067574499999999999,0
ER_V20000_D8,16,9,DCSC-static,wall,native_call_and_free,0.0067571899999999997,0
ER_V20000_D8,16,9,DCSC-dense-lookup,wall,total,0.0061877369999999996,0
ER_V20000_D8,16,9,DCSC-dense-lookup,wall,native_call_and_free,0.0061874579999999998,0
ER_V20000_D8,16,10,DCSC-static,wall,total,0.006899774,0
ER_V20000_D8,16,10,DCSC-static,wall,native_call_and_free,0.0068995030000000004,0
ER_V20000_D8,16,10,DCSC-dense-static,wall,total,0.0062069150000000003,0
ER_V20000_D8,16,10,DCSC-dense-static,wall,native_call_and_free,0.006206334,0
ER_V20000_D8,16,10,CSC-control,wall,total,0.0061419300000000003,0
ER_V20000_D8,16,10,CSC-control,wall,native_call_and_free,0.0061415699999999998,0
ER_V20000_D8,16,10,DCSC-control,wall,total,0.007151325,0
ER_V20000_D8,16,10,DCSC-control,wall,native_call_and_free,0.007151035,0
ER_V20000_D8,16,10,CombBLAS-control,wall,total,0.0075972710000000001,0
ER_V20000_D8,16,10,CombBLAS-control,wall,native_call_and_free,0.0075969999999999996,0
ER_V20000_D8,16,10,CSC-profile,wall,total,0.0060550630000000003,0
ER_V20000_D8,16,10,CSC-profile,wall,validate,9.2200000000000002e-07,0
ER_V20000_D8,16,10,CSC-profile,wall,lookup_build,2.9999999999999997e-08,0
ER_V20000_D8,16,10,CSC-profile,wall,scratch_setup,3.6891000000000003e-05,0
ER_V20000_D8,16,10,CSC-profile,wall,work_bound,4.197e-05,0
ER_V20000_D8,16,10,CSC-profile,wall,symbolic_capacity,0.000130691,0
ER_V20000_D8,16,10,CSC-profile,wall,symbolic,0.0010670569999999999,0
ER_V20000_D8,16,10,CSC-profile,wall,prefix_numeric_capacity,0.00020918099999999999,0
ER_V20000_D8,16,10,CSC-profile,wall,output_allocate,0.00093822899999999995,0
ER_V20000_D8,16,10,CSC-profile,wall,numeric,0.0036282089999999999,0
ER_V20000_D8,16,10,CSC-profile,wall,return_cleanup,8.4200000000000005e-07,0
ER_V20000_D8,16,10,CSC-profile,wall,output_free,9.7100000000000011e-07,0
ER_V20000_D8,16,10,DCSC-profile,wall,total,0.0071349539999999998,0
ER_V20000_D8,16,10,DCSC-profile,wall,validate,4.9200000000000001e-07,0
ER_V20000_D8,16,10,DCSC-profile,wall,lookup_build,0.000262122,0
ER_V20000_D8,16,10,DCSC-profile,wall,scratch_setup,3.5497999999999998e-05,0
ER_V20000_D8,16,10,DCSC-profile,wall,work_bound,0.000121092,0
ER_V20000_D8,16,10,DCSC-profile,wall,symbolic_capacity,0.00012909799999999999,0
ER_V20000_D8,16,10,DCSC-profile,wall,symbolic,0.001253524,0
ER_V20000_D8,16,10,DCSC-profile,wall,prefix_numeric_capacity,0.00028251200000000001,0
ER_V20000_D8,16,10,DCSC-profile,wall,output_allocate,0.0012302190000000001,0
ER_V20000_D8,16,10,DCSC-profile,wall,numeric,0.003818274,0
ER_V20000_D8,16,10,DCSC-profile,wall,return_cleanup,9.4200000000000004e-07,0
ER_V20000_D8,16,10,DCSC-profile,wall,output_free,1.122e-06,0
ER_V20000_D8,16,10,CombBLAS-profile,wall,total,0.0078192569999999996,0
ER_V20000_D8,16,10,CombBLAS-profile,wall,lookup_build,3.0086999999999998e-05,0
ER_V20000_D8,16,10,CombBLAS-profile,wall,thread_setup,5.5210000000000002e-06,0
ER_V20000_D8,16,10,CombBLAS-profile,wall,work_bound,0.00026305399999999998,0
ER_V20000_D8,16,10,CombBLAS-profile,wall,work_prefix,1.0801e-05,0
ER_V20000_D8,16,10,CombBLAS-profile,wall,symbolic,0.001321345,0
ER_V20000_D8,16,10,CombBLAS-profile,wall,output_prefix,1.0900999999999999e-05,0
ER_V20000_D8,16,10,CombBLAS-profile,wall,output_allocate,0.0019872710000000001,0
ER_V20000_D8,16,10,CombBLAS-profile,wall,numeric_scratch_setup,9.7768000000000003e-05,0
ER_V20000_D8,16,10,CombBLAS-profile,wall,numeric,0.0040874989999999996,0
ER_V20000_D8,16,10,CombBLAS-profile,wall,internal_cleanup,2.2050000000000001e-06,0
ER_V20000_D8,16,10,CombBLAS-profile,wall,return_cleanup,2.4540000000000001e-06,0
ER_V20000_D8,16,10,CombBLAS-profile,wall,output_free,2.91e-07,0
ER_V20000_D8,16,10,DCSC-sampled,wall,total,0.0070169680000000002,0
ER_V20000_D8,16,10,DCSC-sampled,wall,validate,2.41e-07,0
ER_V20000_D8,16,10,DCSC-sampled,wall,lookup_build,0.00024530999999999999,0
ER_V20000_D8,16,10,DCSC-sampled,wall,scratch_setup,2.9467000000000001e-05,0
ER_V20000_D8,16,10,DCSC-sampled,wall,work_bound,0.000120481,0
ER_V20000_D8,16,10,DCSC-sampled,wall,symbolic_capacity,0.000126783,0
ER_V20000_D8,16,10,DCSC-sampled,wall,symbolic,0.0012522620000000001,0
ER_V20000_D8,16,10,DCSC-sampled,wall,prefix_numeric_capacity,0.000279516,0
ER_V20000_D8,16,10,DCSC-sampled,wall,output_allocate,0.00099127099999999995,0
ER_V20000_D8,16,10,DCSC-sampled,wall,numeric,0.0039692829999999997,0
ER_V20000_D8,16,10,DCSC-sampled,wall,return_cleanup,8.0100000000000004e-07,0
ER_V20000_D8,16,10,DCSC-sampled,wall,output_free,1.4929999999999999e-06,0
ER_V20000_D8,16,10,DCSC-sampled,sampled_worker,lookup,0,10000
ER_V20000_D8,16,10,DCSC-sampled,sampled_worker,alloc_init,0.0011257290000000002,10000
ER_V20000_D8,16,10,DCSC-sampled,sampled_worker,lookup_multiply_hash,0.010990526999999998,10000
ER_V20000_D8,16,10,DCSC-sampled,sampled_worker,compact,0.0031749639999999984,10000
ER_V20000_D8,16,10,DCSC-sampled,sampled_worker,sort,0.014759752999999999,10000
ER_V20000_D8,16,10,DCSC-sampled,sampled_worker,write,0.0011264639999999993,10000
ER_V20000_D8,16,10,DCSC-sampled,sampled_worker,scratch_free,0.00070193400000000063,10000
ER_V20000_D8,16,10,CombBLAS-sampled,wall,total,0.0077680689999999998,0
ER_V20000_D8,16,10,CombBLAS-sampled,wall,lookup_build,3.0258000000000001e-05,0
ER_V20000_D8,16,10,CombBLAS-sampled,wall,thread_setup,5.6300000000000003e-06,0
ER_V20000_D8,16,10,CombBLAS-sampled,wall,work_bound,0.00025326599999999998,0
ER_V20000_D8,16,10,CombBLAS-sampled,wall,work_prefix,1.0971e-05,0
ER_V20000_D8,16,10,CombBLAS-sampled,wall,symbolic,0.0012371330000000001,0
ER_V20000_D8,16,10,CombBLAS-sampled,wall,output_prefix,1.1071e-05,0
ER_V20000_D8,16,10,CombBLAS-sampled,wall,output_allocate,0.0018839429999999999,0
ER_V20000_D8,16,10,CombBLAS-sampled,wall,numeric_scratch_setup,9.7447000000000004e-05,0
ER_V20000_D8,16,10,CombBLAS-sampled,wall,numeric,0.0042338410000000003,0
ER_V20000_D8,16,10,CombBLAS-sampled,wall,internal_cleanup,2.1940000000000001e-06,0
ER_V20000_D8,16,10,CombBLAS-sampled,wall,return_cleanup,1.9530000000000002e-06,0
ER_V20000_D8,16,10,CombBLAS-sampled,wall,output_free,2.91e-07,0
ER_V20000_D8,16,10,CombBLAS-sampled,sampled_worker,lookup,0.0019814089999999982,10000
ER_V20000_D8,16,10,CombBLAS-sampled,sampled_worker,alloc_init,0.0015243769999999995,10000
ER_V20000_D8,16,10,CombBLAS-sampled,sampled_worker,lookup_multiply_hash,0.0090335710000000007,10000
ER_V20000_D8,16,10,CombBLAS-sampled,sampled_worker,compact,0.0032036819999999981,10000
ER_V20000_D8,16,10,CombBLAS-sampled,sampled_worker,sort,0.014877988999999998,10000
ER_V20000_D8,16,10,CombBLAS-sampled,sampled_worker,write,0.0019582009999999993,10000
ER_V20000_D8,16,10,CombBLAS-sampled,sampled_worker,scratch_free,0.00065381700000000055,10000
ER_V20000_D8,16,10,CombBLAS-conversion,wall,total,0.013520501000000001,0
ER_V20000_D8,16,10,CombBLAS-conversion,wall,native_call,0.0069091609999999996,0
ER_V20000_D8,16,10,CombBLAS-conversion,wall,tuple_to_dcsc,0.0066087150000000002,0
ER_V20000_D8,16,10,CombBLAS-conversion,wall,dcsc_free,1.9539999999999998e-06,0
ER_V20000_D8,16,10,CombBLAS-conversion,wall,output_free,6.1099999999999995e-07,0
ER_V20000_D8,16,10,DCSC-dense-lookup,wall,total,0.0067803949999999998,0
ER_V20000_D8,16,10,DCSC-dense-lookup,wall,native_call_and_free,0.006780014,0
ER_V20000_D8,16,11,DCSC-static,wall,total,0.0068930099999999998,0
ER_V20000_D8,16,11,DCSC-static,wall,native_call_and_free,0.0068925490000000004,0
ER_V20000_D8,16,11,DCSC-dense-lookup,wall,total,0.0062234359999999997,0
ER_V20000_D8,16,11,DCSC-dense-lookup,wall,native_call_and_free,0.006223386,0
ER_V20000_D8,16,11,CombBLAS-conversion,wall,total,0.013944104000000001,0
ER_V20000_D8,16,11,CombBLAS-conversion,wall,native_call,0.007530503,0
ER_V20000_D8,16,11,CombBLAS-conversion,wall,tuple_to_dcsc,0.0064107249999999999,0
ER_V20000_D8,16,11,CombBLAS-conversion,wall,dcsc_free,2.2350000000000002e-06,0
ER_V20000_D8,16,11,CombBLAS-conversion,wall,output_free,5.8100000000000003e-07,0
ER_V20000_D8,16,11,CombBLAS-sampled,wall,total,0.0082200260000000001,0
ER_V20000_D8,16,11,CombBLAS-sampled,wall,lookup_build,1.8345000000000001e-05,0
ER_V20000_D8,16,11,CombBLAS-sampled,wall,thread_setup,6.652e-06,0
ER_V20000_D8,16,11,CombBLAS-sampled,wall,work_bound,0.00023048200000000001,0
ER_V20000_D8,16,11,CombBLAS-sampled,wall,work_prefix,8.9379999999999998e-06,0
ER_V20000_D8,16,11,CombBLAS-sampled,wall,symbolic,0.0012533030000000001,0
ER_V20000_D8,16,11,CombBLAS-sampled,wall,output_prefix,9.0180000000000007e-06,0
ER_V20000_D8,16,11,CombBLAS-sampled,wall,output_allocate,0.0023641439999999999,0
ER_V20000_D8,16,11,CombBLAS-sampled,wall,numeric_scratch_setup,9.2046000000000006e-05,0
ER_V20000_D8,16,11,CombBLAS-sampled,wall,numeric,0.0042321679999999997,0
ER_V20000_D8,16,11,CombBLAS-sampled,wall,internal_cleanup,1.7630000000000001e-06,0
ER_V20000_D8,16,11,CombBLAS-sampled,wall,return_cleanup,2.2850000000000001e-06,0
ER_V20000_D8,16,11,CombBLAS-sampled,wall,output_free,8.2099999999999995e-07,0
ER_V20000_D8,16,11,CombBLAS-sampled,sampled_worker,lookup,0.0020056459999999981,10000
ER_V20000_D8,16,11,CombBLAS-sampled,sampled_worker,alloc_init,0.0015259299999999993,10000
ER_V20000_D8,16,11,CombBLAS-sampled,sampled_worker,lookup_multiply_hash,0.0089948820000000009,10000
ER_V20000_D8,16,11,CombBLAS-sampled,sampled_worker,compact,0.0032142549999999983,10000
ER_V20000_D8,16,11,CombBLAS-sampled,sampled_worker,sort,0.014869851000000002,10000
ER_V20000_D8,16,11,CombBLAS-sampled,sampled_worker,write,0.0018693939999999997,10000
ER_V20000_D8,16,11,CombBLAS-sampled,sampled_worker,scratch_free,0.00063933000000000078,10000
ER_V20000_D8,16,11,DCSC-sampled,wall,total,0.0069589869999999998,0
ER_V20000_D8,16,11,DCSC-sampled,wall,validate,2.41e-07,0
ER_V20000_D8,16,11,DCSC-sampled,wall,lookup_build,0.00024494000000000002,0
ER_V20000_D8,16,11,DCSC-sampled,wall,scratch_setup,2.8354e-05,0
ER_V20000_D8,16,11,DCSC-sampled,wall,work_bound,0.000121623,0
ER_V20000_D8,16,11,DCSC-sampled,wall,symbolic_capacity,0.00012649300000000001,0
ER_V20000_D8,16,11,DCSC-sampled,wall,symbolic,0.001247162,0
ER_V20000_D8,16,11,DCSC-sampled,wall,prefix_numeric_capacity,0.000274827,0
ER_V20000_D8,16,11,DCSC-sampled,wall,output_allocate,0.00096238599999999997,0
ER_V20000_D8,16,11,DCSC-sampled,wall,numeric,0.0039512080000000003,0
ER_V20000_D8,16,11,DCSC-sampled,wall,return_cleanup,7.5199999999999996e-07,0
ER_V20000_D8,16,11,DCSC-sampled,wall,output_free,9.3200000000000003e-07,0
ER_V20000_D8,16,11,DCSC-sampled,sampled_worker,lookup,0,10000
ER_V20000_D8,16,11,DCSC-sampled,sampled_worker,alloc_init,0.0011133550000000001,10000
ER_V20000_D8,16,11,DCSC-sampled,sampled_worker,lookup_multiply_hash,0.010983224,10000
ER_V20000_D8,16,11,DCSC-sampled,sampled_worker,compact,0.0030948369999999983,10000
ER_V20000_D8,16,11,DCSC-sampled,sampled_worker,sort,0.014746874000000002,10000
ER_V20000_D8,16,11,DCSC-sampled,sampled_worker,write,0.0011071269999999999,10000
ER_V20000_D8,16,11,DCSC-sampled,sampled_worker,scratch_free,0.00068279500000000069,10000
ER_V20000_D8,16,11,CombBLAS-profile,wall,total,0.0075910600000000002,0
ER_V20000_D8,16,11,CombBLAS-profile,wall,lookup_build,2.8946e-05,0
ER_V20000_D8,16,11,CombBLAS-profile,wall,thread_setup,4.6290000000000001e-06,0
ER_V20000_D8,16,11,CombBLAS-profile,wall,work_bound,0.00024499,0
ER_V20000_D8,16,11,CombBLAS-profile,wall,work_prefix,1.0710000000000001e-05,0
ER_V20000_D8,16,11,CombBLAS-profile,wall,symbolic,0.001217285,0
ER_V20000_D8,16,11,CombBLAS-profile,wall,output_prefix,1.066e-05,0
ER_V20000_D8,16,11,CombBLAS-profile,wall,output_allocate,0.0018750469999999999,0
ER_V20000_D8,16,11,CombBLAS-profile,wall,numeric_scratch_setup,0.000112946,0
ER_V20000_D8,16,11,CombBLAS-profile,wall,numeric,0.0040808670000000002,0
ER_V20000_D8,16,11,CombBLAS-profile,wall,internal_cleanup,2.5950000000000001e-06,0
ER_V20000_D8,16,11,CombBLAS-profile,wall,return_cleanup,2.0540000000000002e-06,0
ER_V20000_D8,16,11,CombBLAS-profile,wall,output_free,2.7099999999999998e-07,0
ER_V20000_D8,16,11,DCSC-profile,wall,total,0.0068664099999999999,0
ER_V20000_D8,16,11,DCSC-profile,wall,validate,4.4099999999999999e-07,0
ER_V20000_D8,16,11,DCSC-profile,wall,lookup_build,0.00024559099999999997,0
ER_V20000_D8,16,11,DCSC-profile,wall,scratch_setup,2.8605000000000001e-05,0
ER_V20000_D8,16,11,DCSC-profile,wall,work_bound,0.00012006999999999999,0
ER_V20000_D8,16,11,DCSC-profile,wall,symbolic_capacity,0.000139197,0
ER_V20000_D8,16,11,DCSC-profile,wall,symbolic,0.0012473530000000001,0
ER_V20000_D8,16,11,DCSC-profile,wall,prefix_numeric_capacity,0.000284505,0
ER_V20000_D8,16,11,DCSC-profile,wall,output_allocate,0.000986502,0
ER_V20000_D8,16,11,DCSC-profile,wall,numeric,0.003812162,0
ER_V20000_D8,16,11,DCSC-profile,wall,return_cleanup,9.02e-07,0
ER_V20000_D8,16,11,DCSC-profile,wall,output_free,1.031e-06,0
ER_V20000_D8,16,11,CSC-profile,wall,total,0.0063931120000000003,0
ER_V20000_D8,16,11,CSC-profile,wall,validate,4.51e-07,0
ER_V20000_D8,16,11,CSC-profile,wall,lookup_build,2.9999999999999997e-08,0
ER_V20000_D8,16,11,CSC-profile,wall,scratch_setup,4.1600000000000002e-05,0
ER_V20000_D8,16,11,CSC-profile,wall,work_bound,5.1999999999999997e-05,0
ER_V20000_D8,16,11,CSC-profile,wall,symbolic_capacity,0.00013114100000000001,0
ER_V20000_D8,16,11,CSC-profile,wall,symbolic,0.001106613,0
ER_V20000_D8,16,11,CSC-profile,wall,prefix_numeric_capacity,0.00020884000000000001,0
ER_V20000_D8,16,11,CSC-profile,wall,output_allocate,0.0012119050000000001,0
ER_V20000_D8,16,11,CSC-profile,wall,numeric,0.003638709,0
ER_V20000_D8,16,11,CSC-profile,wall,return_cleanup,5.0999999999999999e-07,0
ER_V20000_D8,16,11,CSC-profile,wall,output_free,1.243e-06,0
ER_V20000_D8,16,11,CombBLAS-control,wall,total,0.0075605109999999998,0
ER_V20000_D8,16,11,CombBLAS-control,wall,native_call_and_free,0.0075602300000000002,0
ER_V20000_D8,16,11,DCSC-control,wall,total,0.0067945829999999999,0
ER_V20000_D8,16,11,DCSC-control,wall,native_call_and_free,0.0067943109999999999,0
ER_V20000_D8,16,11,CSC-control,wall,total,0.0063899459999999996,0
ER_V20000_D8,16,11,CSC-control,wall,native_call_and_free,0.006389685,0
ER_V20000_D8,16,11,DCSC-dense-static,wall,total,0.0063815199999999999,0
ER_V20000_D8,16,11,DCSC-dense-static,wall,native_call_and_free,0.0063810789999999996,0
ER_V20000_D8,128,0,CSC-control,wall,total,0.0036317150000000002,0
ER_V20000_D8,128,0,CSC-control,wall,native_call_and_free,0.003631455,0
ER_V20000_D8,128,0,DCSC-control,wall,total,0.0046416319999999997,0
ER_V20000_D8,128,0,DCSC-control,wall,native_call_and_free,0.0046413319999999997,0
ER_V20000_D8,128,0,CombBLAS-control,wall,total,0.0070483179999999996,0
ER_V20000_D8,128,0,CombBLAS-control,wall,native_call_and_free,0.0070480480000000003,0
ER_V20000_D8,128,0,CSC-profile,wall,total,0.003671742,0
ER_V20000_D8,128,0,CSC-profile,wall,validate,8.2099999999999995e-07,0
ER_V20000_D8,128,0,CSC-profile,wall,lookup_build,2.9999999999999997e-08,0
ER_V20000_D8,128,0,CSC-profile,wall,scratch_setup,4.6560000000000001e-05,0
ER_V20000_D8,128,0,CSC-profile,wall,work_bound,0.00025124099999999998,0
ER_V20000_D8,128,0,CSC-profile,wall,symbolic_capacity,0.000131082,0
ER_V20000_D8,128,0,CSC-profile,wall,symbolic,0.00027532799999999998,0
ER_V20000_D8,128,0,CSC-profile,wall,prefix_numeric_capacity,0.00031127699999999999,0
ER_V20000_D8,128,0,CSC-profile,wall,output_allocate,0.0015328399999999999,0
ER_V20000_D8,128,0,CSC-profile,wall,numeric,0.0011200579999999999,0
ER_V20000_D8,128,0,CSC-profile,wall,return_cleanup,1.313e-06,0
ER_V20000_D8,128,0,CSC-profile,wall,output_free,1.1319999999999999e-06,0
ER_V20000_D8,128,0,DCSC-profile,wall,total,0.004926939,0
ER_V20000_D8,128,0,DCSC-profile,wall,validate,4.8100000000000003e-07,0
ER_V20000_D8,128,0,DCSC-profile,wall,lookup_build,0.00027251199999999998,0
ER_V20000_D8,128,0,DCSC-profile,wall,scratch_setup,5.7179999999999998e-05,0
ER_V20000_D8,128,0,DCSC-profile,wall,work_bound,0.00030831199999999998,0
ER_V20000_D8,128,0,DCSC-profile,wall,symbolic_capacity,0.00012701300000000001,0
ER_V20000_D8,128,0,DCSC-profile,wall,symbolic,0.000307239,0
ER_V20000_D8,128,0,DCSC-profile,wall,prefix_numeric_capacity,0.00047181499999999999,0
ER_V20000_D8,128,0,DCSC-profile,wall,output_allocate,0.0022834190000000001,0
ER_V20000_D8,128,0,DCSC-profile,wall,numeric,0.0010962929999999999,0
ER_V20000_D8,128,0,DCSC-profile,wall,return_cleanup,1.663e-06,0
ER_V20000_D8,128,0,DCSC-profile,wall,output_free,9.4200000000000004e-07,0
ER_V20000_D8,128,0,CombBLAS-profile,wall,total,0.0070307939999999999,0
ER_V20000_D8,128,0,CombBLAS-profile,wall,lookup_build,5.2200999999999997e-05,0
ER_V20000_D8,128,0,CombBLAS-profile,wall,thread_setup,4.2551e-05,0
ER_V20000_D8,128,0,CombBLAS-profile,wall,work_bound,0.000307029,0
ER_V20000_D8,128,0,CombBLAS-profile,wall,work_prefix,5.8352e-05,0
ER_V20000_D8,128,0,CombBLAS-profile,wall,symbolic,0.00047265600000000001,0
ER_V20000_D8,128,0,CombBLAS-profile,wall,output_prefix,5.9966000000000002e-05,0
ER_V20000_D8,128,0,CombBLAS-profile,wall,output_allocate,0.0045373719999999996,0
ER_V20000_D8,128,0,CombBLAS-profile,wall,numeric_scratch_setup,0.00018077699999999999,0
ER_V20000_D8,128,0,CombBLAS-profile,wall,numeric,0.0012913060000000001,0
ER_V20000_D8,128,0,CombBLAS-profile,wall,internal_cleanup,2.5450000000000002e-06,0
ER_V20000_D8,128,0,CombBLAS-profile,wall,return_cleanup,2.5097999999999999e-05,0
ER_V20000_D8,128,0,CombBLAS-profile,wall,output_free,8.8199999999999998e-07,0
ER_V20000_D8,128,0,DCSC-sampled,wall,total,0.004096517,0
ER_V20000_D8,128,0,DCSC-sampled,wall,validate,2.3999999999999998e-07,0
ER_V20000_D8,128,0,DCSC-sampled,wall,lookup_build,0.00025494899999999997,0
ER_V20000_D8,128,0,DCSC-sampled,wall,scratch_setup,4.8813999999999997e-05,0
ER_V20000_D8,128,0,DCSC-sampled,wall,work_bound,0.00031943199999999997,0
ER_V20000_D8,128,0,DCSC-sampled,wall,symbolic_capacity,0.000126112,0
ER_V20000_D8,128,0,DCSC-sampled,wall,symbolic,0.00030672799999999998,0
ER_V20000_D8,128,0,DCSC-sampled,wall,prefix_numeric_capacity,0.00046763700000000002,0
ER_V20000_D8,128,0,DCSC-sampled,wall,output_allocate,0.001549793,0
ER_V20000_D8,128,0,DCSC-sampled,wall,numeric,0.0010191040000000001,0
ER_V20000_D8,128,0,DCSC-sampled,wall,return_cleanup,2.2249999999999999e-06,0
ER_V20000_D8,128,0,DCSC-sampled,wall,output_free,1.4219999999999999e-06,0
ER_V20000_D8,128,0,DCSC-sampled,sampled_worker,lookup,0,10000
ER_V20000_D8,128,0,DCSC-sampled,sampled_worker,alloc_init,0.0019465499999999996,10000
ER_V20000_D8,128,0,DCSC-sampled,sampled_worker,lookup_multiply_hash,0.016254981000000005,10000
ER_V20000_D8,128,0,DCSC-sampled,sampled_worker,compact,0.0031647130000000017,10000
ER_V20000_D8,128,0,DCSC-sampled,sampled_worker,sort,0.01492245699999999,10000
ER_V20000_D8,128,0,DCSC-sampled,sampled_worker,write,0.017952546,10000
ER_V20000_D8,128,0,DCSC-sampled,sampled_worker,scratch_free,0.0081503090000000014,10000
ER_V20000_D8,128,0,CombBLAS-sampled,wall,total,0.0068547269999999997,0
ER_V20000_D8,128,0,CombBLAS-sampled,wall,lookup_build,5.0797000000000002e-05,0
ER_V20000_D8,128,0,CombBLAS-sampled,wall,thread_setup,4.1199000000000003e-05,0
ER_V20000_D8,128,0,CombBLAS-sampled,wall,work_bound,0.00030362299999999999,0
ER_V20000_D8,128,0,CombBLAS-sampled,wall,work_prefix,5.8431999999999999e-05,0
ER_V20000_D8,128,0,CombBLAS-sampled,wall,symbolic,0.00043159699999999998,0
ER_V20000_D8,128,0,CombBLAS-sampled,wall,output_prefix,5.8903999999999997e-05,0
ER_V20000_D8,128,0,CombBLAS-sampled,wall,output_allocate,0.0044357169999999996,0
ER_V20000_D8,128,0,CombBLAS-sampled,wall,numeric_scratch_setup,0.00017803200000000001,0
ER_V20000_D8,128,0,CombBLAS-sampled,wall,numeric,0.0012702060000000001,0
ER_V20000_D8,128,0,CombBLAS-sampled,wall,internal_cleanup,2.835e-06,0
ER_V20000_D8,128,0,CombBLAS-sampled,wall,return_cleanup,2.3045e-05,0
ER_V20000_D8,128,0,CombBLAS-sampled,wall,output_free,2.8999999999999998e-07,0
ER_V20000_D8,128,0,CombBLAS-sampled,sampled_worker,lookup,0.011285460999999997,10000
ER_V20000_D8,128,0,CombBLAS-sampled,sampled_worker,alloc_init,0.0017373930000000016,10000
ER_V20000_D8,128,0,CombBLAS-sampled,sampled_worker,lookup_multiply_hash,0.0090849430000000016,10000
ER_V20000_D8,128,0,CombBLAS-sampled,sampled_worker,compact,0.0032648740000000005,10000
ER_V20000_D8,128,0,CombBLAS-sampled,sampled_worker,sort,0.014582201000000001,10000
ER_V20000_D8,128,0,CombBLAS-sampled,sampled_worker,write,0.011581656999999999,10000
ER_V20000_D8,128,0,CombBLAS-sampled,sampled_worker,scratch_free,0.0041531470000000011,10000
ER_V20000_D8,128,0,CombBLAS-conversion,wall,total,0.011300344,0
ER_V20000_D8,128,0,CombBLAS-conversion,wall,native_call,0.0043502430000000002,0
ER_V20000_D8,128,0,CombBLAS-conversion,wall,tuple_to_dcsc,0.0069468139999999999,0
ER_V20000_D8,128,0,CombBLAS-conversion,wall,dcsc_free,2.5339999999999998e-06,0
ER_V20000_D8,128,0,CombBLAS-conversion,wall,output_free,6.92e-07,0
ER_V20000_D8,128,0,DCSC-dense-lookup,wall,total,0.0038715860000000002,0
ER_V20000_D8,128,0,DCSC-dense-lookup,wall,native_call_and_free,0.0038713049999999998,0
ER_V20000_D8,128,0,DCSC-static,wall,total,0.0044883589999999999,0
ER_V20000_D8,128,0,DCSC-static,wall,native_call_and_free,0.0044879780000000001,0
ER_V20000_D8,128,0,DCSC-dense-static,wall,total,0.0034334050000000001,0
ER_V20000_D8,128,0,DCSC-dense-static,wall,native_call_and_free,0.0034328639999999999,0
ER_V20000_D8,128,1,CSC-control,wall,total,0.0036001449999999999,0
ER_V20000_D8,128,1,CSC-control,wall,native_call_and_free,0.0035997440000000002,0
ER_V20000_D8,128,1,DCSC-dense-static,wall,total,0.0040190479999999999,0
ER_V20000_D8,128,1,DCSC-dense-static,wall,native_call_and_free,0.0040187180000000001,0
ER_V20000_D8,128,1,DCSC-static,wall,total,0.0037641290000000002,0
ER_V20000_D8,128,1,DCSC-static,wall,native_call_and_free,0.003763859,0
ER_V20000_D8,128,1,DCSC-dense-lookup,wall,total,0.0038104079999999999,0
ER_V20000_D8,128,1,DCSC-dense-lookup,wall,native_call_and_free,0.0038103379999999999,0
ER_V20000_D8,128,1,CombBLAS-conversion,wall,total,0.013938303000000001,0
ER_V20000_D8,128,1,CombBLAS-conversion,wall,native_call,0.006915002,0
ER_V20000_D8,128,1,CombBLAS-conversion,wall,tuple_to_dcsc,0.007020475,0
ER_V20000_D8,128,1,CombBLAS-conversion,wall,dcsc_free,2.255e-06,0
ER_V20000_D8,128,1,CombBLAS-conversion,wall,output_free,5.0100000000000005e-07,0
ER_V20000_D8,128,1,CombBLAS-sampled,wall,total,0.0047414329999999998,0
ER_V20000_D8,128,1,CombBLAS-sampled,wall,lookup_build,1.7493999999999999e-05,0
ER_V20000_D8,128,1,CombBLAS-sampled,wall,thread_setup,6.0325000000000003e-05,0
ER_V20000_D8,128,1,CombBLAS-sampled,wall,work_bound,0.00026635100000000001,0
ER_V20000_D8,128,1,CombBLAS-sampled,wall,work_prefix,5.5476999999999998e-05,0
ER_V20000_D8,128,1,CombBLAS-sampled,wall,symbolic,0.00056990199999999995,0
ER_V20000_D8,128,1,CombBLAS-sampled,wall,output_prefix,7.7359000000000003e-05,0
ER_V20000_D8,128,1,CombBLAS-sampled,wall,output_allocate,0.0022108399999999999,0
ER_V20000_D8,128,1,CombBLAS-sampled,wall,numeric_scratch_setup,0.00016131899999999999,0
ER_V20000_D8,128,1,CombBLAS-sampled,wall,numeric,0.0012951550000000001,0
ER_V20000_D8,128,1,CombBLAS-sampled,wall,internal_cleanup,2.6850000000000001e-06,0
ER_V20000_D8,128,1,CombBLAS-sampled,wall,return_cleanup,2.3946000000000001e-05,0
ER_V20000_D8,128,1,CombBLAS-sampled,wall,output_free,5.0999999999999999e-07,0
ER_V20000_D8,128,1,CombBLAS-sampled,sampled_worker,lookup,0.011981946999999993,10000
ER_V20000_D8,128,1,CombBLAS-sampled,sampled_worker,alloc_init,0.0019583650000000018,10000
ER_V20000_D8,128,1,CombBLAS-sampled,sampled_worker,lookup_multiply_hash,0.0089613560000000002,10000
ER_V20000_D8,128,1,CombBLAS-sampled,sampled_worker,compact,0.0032733380000000015,10000
ER_V20000_D8,128,1,CombBLAS-sampled,sampled_worker,sort,0.014644770999999999,10000
ER_V20000_D8,128,1,CombBLAS-sampled,sampled_worker,write,0.011791163,10000
ER_V20000_D8,128,1,CombBLAS-sampled,sampled_worker,scratch_free,0.0041498939999999969,10000
ER_V20000_D8,128,1,DCSC-sampled,wall,total,0.0040453279999999999,0
ER_V20000_D8,128,1,DCSC-sampled,wall,validate,2.7000000000000001e-07,0
ER_V20000_D8,128,1,DCSC-sampled,wall,lookup_build,0.00025561099999999999,0
ER_V20000_D8,128,1,DCSC-sampled,wall,scratch_setup,3.3884999999999998e-05,0
ER_V20000_D8,128,1,DCSC-sampled,wall,work_bound,0.00030798000000000002,0
ER_V20000_D8,128,1,DCSC-sampled,wall,symbolic_capacity,0.00012739500000000001,0
ER_V20000_D8,128,1,DCSC-sampled,wall,symbolic,0.00030882199999999999,0
ER_V20000_D8,128,1,DCSC-sampled,wall,prefix_numeric_capacity,0.000471354,0
ER_V20000_D8,128,1,DCSC-sampled,wall,output_allocate,0.0015406949999999999,0
ER_V20000_D8,128,1,DCSC-sampled,wall,numeric,0.00099581999999999991,0
ER_V20000_D8,128,1,DCSC-sampled,wall,return_cleanup,1.8029999999999999e-06,0
ER_V20000_D8,128,1,DCSC-sampled,wall,output_free,1.624e-06,0
ER_V20000_D8,128,1,DCSC-sampled,sampled_worker,lookup,0,10000
ER_V20000_D8,128,1,DCSC-sampled,sampled_worker,alloc_init,0.0018557349999999998,10000
ER_V20000_D8,128,1,DCSC-sampled,sampled_worker,lookup_multiply_hash,0.015710005000000003,10000
ER_V20000_D8,128,1,DCSC-sampled,sampled_worker,compact,0.0031937240000000015,10000
ER_V20000_D8,128,1,DCSC-sampled,sampled_worker,sort,0.014949769,10000
ER_V20000_D8,128,1,DCSC-sampled,sampled_worker,write,0.017469038000000006,10000
ER_V20000_D8,128,1,DCSC-sampled,sampled_worker,scratch_free,0.0078066410000000013,10000
ER_V20000_D8,128,1,CombBLAS-profile,wall,total,0.0069375460000000002,0
ER_V20000_D8,128,1,CombBLAS-profile,wall,lookup_build,5.1168000000000002e-05,0
ER_V20000_D8,128,1,CombBLAS-profile,wall,thread_setup,4.4396e-05,0
ER_V20000_D8,128,1,CombBLAS-profile,wall,work_bound,0.000304433,0
ER_V20000_D8,128,1,CombBLAS-profile,wall,work_prefix,5.8352e-05,0
ER_V20000_D8,128,1,CombBLAS-profile,wall,symbolic,0.00041475600000000001,0
ER_V20000_D8,128,1,CombBLAS-profile,wall,output_prefix,5.8582000000000003e-05,0
ER_V20000_D8,128,1,CombBLAS-profile,wall,output_allocate,0.004547382,0
ER_V20000_D8,128,1,CombBLAS-profile,wall,numeric_scratch_setup,0.000178202,0
ER_V20000_D8,128,1,CombBLAS-profile,wall,numeric,0.0012545259999999999,0
ER_V20000_D8,128,1,CombBLAS-profile,wall,internal_cleanup,2.4250000000000001e-06,0
ER_V20000_D8,128,1,CombBLAS-profile,wall,return_cleanup,2.2532999999999999e-05,0
ER_V20000_D8,128,1,CombBLAS-profile,wall,output_free,7.3099999999999997e-07,0
ER_V20000_D8,128,1,DCSC-profile,wall,total,0.0041176470000000003,0
ER_V20000_D8,128,1,DCSC-profile,wall,validate,4.51e-07,0
ER_V20000_D8,128,1,DCSC-profile,wall,lookup_build,0.00024738400000000002,0
ER_V20000_D8,128,1,DCSC-profile,wall,scratch_setup,3.6650999999999999e-05,0
ER_V20000_D8,128,1,DCSC-profile,wall,work_bound,0.000307249,0
ER_V20000_D8,128,1,DCSC-profile,wall,symbolic_capacity,0.00014346500000000001,0
ER_V20000_D8,128,1,DCSC-profile,wall,symbolic,0.000329642,0
ER_V20000_D8,128,1,DCSC-profile,wall,prefix_numeric_capacity,0.00046518299999999998,0
ER_V20000_D8,128,1,DCSC-profile,wall,output_allocate,0.0015443119999999999,0
ER_V20000_D8,128,1,DCSC-profile,wall,numeric,0.001040926,0
ER_V20000_D8,128,1,DCSC-profile,wall,return_cleanup,1.1620000000000001e-06,0
ER_V20000_D8,128,1,DCSC-profile,wall,output_free,1.1629999999999999e-06,0
ER_V20000_D8,128,1,CSC-profile,wall,total,0.0044222510000000003,0
ER_V20000_D8,128,1,CSC-profile,wall,validate,2.6e-07,0
ER_V20000_D8,128,1,CSC-profile,wall,lookup_build,4.0000000000000001e-08,0
ER_V20000_D8,128,1,CSC-profile,wall,scratch_setup,7.8770999999999995e-05,0
ER_V20000_D8,128,1,CSC-profile,wall,work_bound,0.000256352,0
ER_V20000_D8,128,1,CSC-profile,wall,symbolic_capacity,0.000149827,0
ER_V20000_D8,128,1,CSC-profile,wall,symbolic,0.00029337299999999998,0
ER_V20000_D8,128,1,CSC-profile,wall,prefix_numeric_capacity,0.00030831100000000002,0
ER_V20000_D8,128,1,CSC-profile,wall,output_allocate,0.0022333740000000002,0
ER_V20000_D8,128,1,CSC-profile,wall,numeric,0.001099268,0
ER_V20000_D8,128,1,CSC-profile,wall,return_cleanup,1.3829999999999999e-06,0
ER_V20000_D8,128,1,CSC-profile,wall,output_free,1.2219999999999999e-06,0
ER_V20000_D8,128,1,CombBLAS-control,wall,total,0.0072829180000000002,0
ER_V20000_D8,128,1,CombBLAS-control,wall,native_call_and_free,0.007282658,0
ER_V20000_D8,128,1,DCSC-control,wall,total,0.0040065750000000001,0
ER_V20000_D8,128,1,DCSC-control,wall,native_call_and_free,0.0040065040000000001,0
ER_V20000_D8,128,2,CombBLAS-control,wall,total,0.0071602130000000003,0
ER_V20000_D8,128,2,CombBLAS-control,wall,native_call_and_free,0.0071599619999999998,0
ER_V20000_D8,128,2,CSC-profile,wall,total,0.0036253029999999999,0
ER_V20000_D8,128,2,CSC-profile,wall,validate,8.0200000000000001e-07,0
ER_V20000_D8,128,2,CSC-profile,wall,lookup_build,4.0000000000000001e-08,0
ER_V20000_D8,128,2,CSC-profile,wall,scratch_setup,4.6357999999999999e-05,0
ER_V20000_D8,128,2,CSC-profile,wall,work_bound,0.000254379,0
ER_V20000_D8,128,2,CSC-profile,wall,symbolic_capacity,0.00013114100000000001,0
ER_V20000_D8,128,2,CSC-profile,wall,symbolic,0.000269046,0
ER_V20000_D8,128,2,CSC-profile,wall,prefix_numeric_capacity,0.000308802,0
ER_V20000_D8,128,2,CSC-profile,wall,output_allocate,0.0015028629999999999,0
ER_V20000_D8,128,2,CSC-profile,wall,numeric,0.0011100890000000001,0
ER_V20000_D8,128,2,CSC-profile,wall,return_cleanup,9.4099999999999997e-07,0
ER_V20000_D8,128,2,CSC-profile,wall,output_free,7.8199999999999999e-07,0
ER_V20000_D8,128,2,DCSC-profile,wall,total,0.0049663349999999997,0
ER_V20000_D8,128,2,DCSC-profile,wall,validate,2.8000000000000002e-07,0
ER_V20000_D8,128,2,DCSC-profile,wall,lookup_build,0.000262353,0
ER_V20000_D8,128,2,DCSC-profile,wall,scratch_setup,5.8511999999999998e-05,0
ER_V20000_D8,128,2,DCSC-profile,wall,work_bound,0.00030736000000000001,0
ER_V20000_D8,128,2,DCSC-profile,wall,symbolic_capacity,0.00012804599999999999,0
ER_V20000_D8,128,2,DCSC-profile,wall,symbolic,0.000315044,0
ER_V20000_D8,128,2,DCSC-profile,wall,prefix_numeric_capacity,0.00046794700000000002,0
ER_V20000_D8,128,2,DCSC-profile,wall,output_allocate,0.0023776209999999999,0
ER_V20000_D8,128,2,DCSC-profile,wall,numeric,0.001046667,0
ER_V20000_D8,128,2,DCSC-profile,wall,return_cleanup,1.3629999999999999e-06,0
ER_V20000_D8,128,2,DCSC-profile,wall,output_free,1.0920000000000001e-06,0
ER_V20000_D8,128,2,CombBLAS-profile,wall,total,0.0070974020000000001,0
ER_V20000_D8,128,2,CombBLAS-profile,wall,lookup_build,5.1919999999999998e-05,0
ER_V20000_D8,128,2,CombBLAS-profile,wall,thread_setup,4.0547999999999999e-05,0
ER_V20000_D8,128,2,CombBLAS-profile,wall,work_bound,0.00030690900000000001,0
ER_V20000_D8,128,2,CombBLAS-profile,wall,work_prefix,5.7479999999999999e-05,0
ER_V20000_D8,128,2,CombBLAS-profile,wall,symbolic,0.00050636099999999999,0
ER_V20000_D8,128,2,CombBLAS-profile,wall,output_prefix,7.9271999999999996e-05,0
ER_V20000_D8,128,2,CombBLAS-profile,wall,output_allocate,0.0045737620000000003,0
ER_V20000_D8,128,2,CombBLAS-profile,wall,numeric_scratch_setup,0.00017934400000000001,0
ER_V20000_D8,128,2,CombBLAS-profile,wall,numeric,0.001276318,0
ER_V20000_D8,128,2,CombBLAS-profile,wall,internal_cleanup,2.655e-06,0
ER_V20000_D8,128,2,CombBLAS-profile,wall,return_cleanup,2.2362999999999999e-05,0
ER_V20000_D8,128,2,CombBLAS-profile,wall,output_free,4.01e-07,0
ER_V20000_D8,128,2,DCSC-sampled,wall,total,0.0039979070000000002,0
ER_V20000_D8,128,2,DCSC-sampled,wall,validate,1.4999999999999999e-07,0
ER_V20000_D8,128,2,DCSC-sampled,wall,lookup_build,0.00024732399999999999,0
ER_V20000_D8,128,2,DCSC-sampled,wall,scratch_setup,3.8133000000000002e-05,0
ER_V20000_D8,128,2,DCSC-sampled,wall,work_bound,0.000304825,0
ER_V20000_D8,128,2,DCSC-sampled,wall,symbolic_capacity,0.000126823,0
ER_V20000_D8,128,2,DCSC-sampled,wall,symbolic,0.000305266,0
ER_V20000_D8,128,2,DCSC-sampled,wall,prefix_numeric_capacity,0.00046106400000000002,0
ER_V20000_D8,128,2,DCSC-sampled,wall,output_allocate,0.001513433,0
ER_V20000_D8,128,2,DCSC-sampled,wall,numeric,0.00099820399999999993,0
ER_V20000_D8,128,2,DCSC-sampled,wall,return_cleanup,1.483e-06,0
ER_V20000_D8,128,2,DCSC-sampled,wall,output_free,1.142e-06,0
ER_V20000_D8,128,2,DCSC-sampled,sampled_worker,lookup,0,10000
ER_V20000_D8,128,2,DCSC-sampled,sampled_worker,alloc_init,0.0019570639999999988,10000
ER_V20000_D8,128,2,DCSC-sampled,sampled_worker,lookup_multiply_hash,0.014810975000000001,10000
ER_V20000_D8,128,2,DCSC-sampled,sampled_worker,compact,0.0031381310000000002,10000
ER_V20000_D8,128,2,DCSC-sampled,sampled_worker,sort,0.014779327000000002,10000
ER_V20000_D8,128,2,DCSC-sampled,sampled_worker,write,0.017698839000000001,10000
ER_V20000_D8,128,2,DCSC-sampled,sampled_worker,scratch_free,0.0080753250000000013,10000
ER_V20000_D8,128,2,CombBLAS-sampled,wall,total,0.0070879539999999996,0
ER_V20000_D8,128,2,CombBLAS-sampled,wall,lookup_build,5.1969999999999999e-05,0
ER_V20000_D8,128,2,CombBLAS-sampled,wall,thread_setup,4.0237000000000001e-05,0
ER_V20000_D8,128,2,CombBLAS-sampled,wall,work_bound,0.000305486,0
ER_V20000_D8,128,2,CombBLAS-sampled,wall,work_prefix,5.9113000000000001e-05,0
ER_V20000_D8,128,2,CombBLAS-sampled,wall,symbolic,0.000433051,0
ER_V20000_D8,128,2,CombBLAS-sampled,wall,output_prefix,5.6789000000000001e-05,0
ER_V20000_D8,128,2,CombBLAS-sampled,wall,output_allocate,0.0046050819999999999,0
ER_V20000_D8,128,2,CombBLAS-sampled,wall,numeric_scratch_setup,0.00021260699999999999,0
ER_V20000_D8,128,2,CombBLAS-sampled,wall,numeric,0.0012979999999999999,0
ER_V20000_D8,128,2,CombBLAS-sampled,wall,internal_cleanup,2.4150000000000002e-06,0
ER_V20000_D8,128,2,CombBLAS-sampled,wall,return_cleanup,2.2844e-05,0
ER_V20000_D8,128,2,CombBLAS-sampled,wall,output_free,2.8999999999999998e-07,0
ER_V20000_D8,128,2,CombBLAS-sampled,sampled_worker,lookup,0.011357837999999995,10000
ER_V20000_D8,128,2,CombBLAS-sampled,sampled_worker,alloc_init,0.0017271600000000002,10000
ER_V20000_D8,128,2,CombBLAS-sampled,sampled_worker,lookup_multiply_hash,0.0091034070000000009,10000
ER_V20000_D8,128,2,CombBLAS-sampled,sampled_worker,compact,0.0032131040000000013,10000
ER_V20000_D8,128,2,CombBLAS-sampled,sampled_worker,sort,0.014490860000000003,10000
ER_V20000_D8,128,2,CombBLAS-sampled,sampled_worker,write,0.011507561000000006,10000
ER_V20000_D8,128,2,CombBLAS-sampled,sampled_worker,scratch_free,0.0039873239999999996,10000
ER_V20000_D8,128,2,CombBLAS-conversion,wall,total,0.011320531999999999,0
ER_V20000_D8,128,2,CombBLAS-conversion,wall,native_call,0.0043560650000000001,0
ER_V20000_D8,128,2,CombBLAS-conversion,wall,tuple_to_dcsc,0.006962233,0
ER_V20000_D8,128,2,CombBLAS-conversion,wall,dcsc_free,1.6029999999999999e-06,0
ER_V20000_D8,128,2,CombBLAS-conversion,wall,output_free,5.6100000000000001e-07,0
ER_V20000_D8,128,2,DCSC-dense-lookup,wall,total,0.0038506450000000002,0
ER_V20000_D8,128,2,DCSC-dense-lookup,wall,native_call_and_free,0.0038503750000000001,0
ER_V20000_D8,128,2,DCSC-static,wall,total,0.0044233629999999996,0
ER_V20000_D8,128,2,DCSC-static,wall,native_call_and_free,0.004423293,0
ER_V20000_D8,128,2,DCSC-dense-static,wall,total,0.0034971780000000001,0
ER_V20000_D8,128,2,DCSC-dense-static,wall,native_call_and_free,0.0034969179999999999,0
ER_V20000_D8,128,2,CSC-control,wall,total,0.0035967479999999999,0
ER_V20000_D8,128,2,CSC-control,wall,native_call_and_free,0.0035964880000000001,0
ER_V20000_D8,128,2,DCSC-control,wall,total,0.0045405480000000002,0
ER_V20000_D8,128,2,DCSC-control,wall,native_call_and_free,0.004540489,0
ER_V20000_D8,128,3,CombBLAS-control,wall,total,0.0070172189999999999,0
ER_V20000_D8,128,3,CombBLAS-control,wall,native_call_and_free,0.0070169689999999996,0
ER_V20000_D8,128,3,DCSC-control,wall,total,0.0039614769999999997,0
ER_V20000_D8,128,3,DCSC-control,wall,native_call_and_free,0.003961198,0
ER_V20000_D8,128,3,CSC-control,wall,total,0.0043058480000000001,0
ER_V20000_D8,128,3,CSC-control,wall,native_call_and_free,0.0043055869999999996,0
ER_V20000_D8,128,3,DCSC-dense-static,wall,total,0.0041261429999999997,0
ER_V20000_D8,128,3,DCSC-dense-static,wall,native_call_and_free,0.0041258830000000003,0
ER_V20000_D8,128,3,DCSC-static,wall,total,0.003830637,0
ER_V20000_D8,128,3,DCSC-static,wall,native_call_and_free,0.0038303669999999999,0
ER_V20000_D8,128,3,DCSC-dense-lookup,wall,total,0.0039823280000000003,0
ER_V20000_D8,128,3,DCSC-dense-lookup,wall,native_call_and_free,0.0039819180000000001,0
ER_V20000_D8,128,3,CombBLAS-conversion,wall,total,0.014199053,0
ER_V20000_D8,128,3,CombBLAS-conversion,wall,native_call,0.0070912099999999997,0
ER_V20000_D8,128,3,CombBLAS-conversion,wall,tuple_to_dcsc,0.0071057990000000003,0
ER_V20000_D8,128,3,CombBLAS-conversion,wall,dcsc_free,1.263e-06,0
ER_V20000_D8,128,3,CombBLAS-conversion,wall,output_free,6.4099999999999998e-07,0
ER_V20000_D8,128,3,CombBLAS-sampled,wall,total,0.0046807580000000001,0
ER_V20000_D8,128,3,CombBLAS-sampled,wall,lookup_build,1.7744000000000002e-05,0
ER_V20000_D8,128,3,CombBLAS-sampled,wall,thread_setup,5.9514e-05,0
ER_V20000_D8,128,3,CombBLAS-sampled,wall,work_bound,0.00026876500000000002,0
ER_V20000_D8,128,3,CombBLAS-sampled,wall,work_prefix,5.4846000000000003e-05,0
ER_V20000_D8,128,3,CombBLAS-sampled,wall,symbolic,0.00044354000000000003,0
ER_V20000_D8,128,3,CombBLAS-sampled,wall,output_prefix,5.5526999999999999e-05,0
ER_V20000_D8,128,3,CombBLAS-sampled,wall,output_allocate,0.0023026359999999998,0
ER_V20000_D8,128,3,CombBLAS-sampled,wall,numeric_scratch_setup,0.00015663100000000001,0
ER_V20000_D8,128,3,CombBLAS-sampled,wall,numeric,0.0012949229999999999,0
ER_V20000_D8,128,3,CombBLAS-sampled,wall,internal_cleanup,3.3069999999999998e-06,0
ER_V20000_D8,128,3,CombBLAS-sampled,wall,return_cleanup,2.2242000000000002e-05,0
ER_V20000_D8,128,3,CombBLAS-sampled,wall,output_free,1.012e-06,0
ER_V20000_D8,128,3,CombBLAS-sampled,sampled_worker,lookup,0.012216751000000001,10000
ER_V20000_D8,128,3,CombBLAS-sampled,sampled_worker,alloc_init,0.0019607630000000008,10000
ER_V20000_D8,128,3,CombBLAS-sampled,sampled_worker,lookup_multiply_hash,0.0089976410000000007,10000
ER_V20000_D8,128,3,CombBLAS-sampled,sampled_worker,compact,0.0032123689999999975,10000
ER_V20000_D8,128,3,CombBLAS-sampled,sampled_worker,sort,0.014532242000000004,10000
ER_V20000_D8,128,3,CombBLAS-sampled,sampled_worker,write,0.012499204000000007,10000
ER_V20000_D8,128,3,CombBLAS-sampled,sampled_worker,scratch_free,0.0040369769999999998,10000
ER_V20000_D8,128,3,DCSC-sampled,wall,total,0.0040531029999999997,0
ER_V20000_D8,128,3,DCSC-sampled,wall,validate,5.4099999999999999e-07,0
ER_V20000_D8,128,3,DCSC-sampled,wall,lookup_build,0.000248316,0
ER_V20000_D8,128,3,DCSC-sampled,wall,scratch_setup,3.3083999999999997e-05,0
ER_V20000_D8,128,3,DCSC-sampled,wall,work_bound,0.00030762999999999998,0
ER_V20000_D8,128,3,DCSC-sampled,wall,symbolic_capacity,0.00012718399999999999,0
ER_V20000_D8,128,3,DCSC-sampled,wall,symbolic,0.00031096599999999998,0
ER_V20000_D8,128,3,DCSC-sampled,wall,prefix_numeric_capacity,0.00049958800000000003,0
ER_V20000_D8,128,3,DCSC-sampled,wall,output_allocate,0.0015428390000000001,0
ER_V20000_D8,128,3,DCSC-sampled,wall,numeric,0.00098045100000000002,0
ER_V20000_D8,128,3,DCSC-sampled,wall,return_cleanup,1.062e-06,0
ER_V20000_D8,128,3,DCSC-sampled,wall,output_free,1.372e-06,0
ER_V20000_D8,128,3,DCSC-sampled,sampled_worker,lookup,0,10000
ER_V20000_D8,128,3,DCSC-sampled,sampled_worker,alloc_init,0.0019911399999999993,10000
ER_V20000_D8,128,3,DCSC-sampled,sampled_worker,lookup_multiply_hash,0.014290891999999999,10000
ER_V20000_D8,128,3,DCSC-sampled,sampled_worker,compact,0.003131142999999999,10000
ER_V20000_D8,128,3,DCSC-sampled,sampled_worker,sort,0.014813529000000001,10000
ER_V20000_D8,128,3,DCSC-sampled,sampled_worker,write,0.017113724,10000
ER_V20000_D8,128,3,DCSC-sampled,sampled_worker,scratch_free,0.0076779560000000005,10000
ER_V20000_D8,128,3,CombBLAS-profile,wall,total,0.0070683070000000002,0
ER_V20000_D8,128,3,CombBLAS-profile,wall,lookup_build,5.1909000000000001e-05,0
ER_V20000_D8,128,3,CombBLAS-profile,wall,thread_setup,4.4014999999999998e-05,0
ER_V20000_D8,128,3,CombBLAS-profile,wall,work_bound,0.00030537499999999998,0
ER_V20000_D8,128,3,CombBLAS-profile,wall,work_prefix,5.8461999999999997e-05,0
ER_V20000_D8,128,3,CombBLAS-profile,wall,symbolic,0.00045756799999999999,0
ER_V20000_D8,128,3,CombBLAS-profile,wall,output_prefix,8.0374e-05,0
ER_V20000_D8,128,3,CombBLAS-profile,wall,output_allocate,0.0046189789999999996,0
ER_V20000_D8,128,3,CombBLAS-profile,wall,numeric_scratch_setup,0.00017612800000000001,0
ER_V20000_D8,128,3,CombBLAS-profile,wall,numeric,0.0012503880000000001,0
ER_V20000_D8,128,3,CombBLAS-profile,wall,internal_cleanup,2.1040000000000001e-06,0
ER_V20000_D8,128,3,CombBLAS-profile,wall,return_cleanup,2.2532999999999999e-05,0
ER_V20000_D8,128,3,CombBLAS-profile,wall,output_free,4.01e-07,0
ER_V20000_D8,128,3,DCSC-profile,wall,total,0.0040464009999999998,0
ER_V20000_D8,128,3,DCSC-profile,wall,validate,3.8099999999999998e-07,0
ER_V20000_D8,128,3,DCSC-profile,wall,lookup_build,0.00024770499999999997,0
ER_V20000_D8,128,3,DCSC-profile,wall,scratch_setup,3.6739999999999997e-05,0
ER_V20000_D8,128,3,DCSC-profile,wall,work_bound,0.00030194899999999998,0
ER_V20000_D8,128,3,DCSC-profile,wall,symbolic_capacity,0.00012738499999999999,0
ER_V20000_D8,128,3,DCSC-profile,wall,symbolic,0.00030594599999999997,0
ER_V20000_D8,128,3,DCSC-profile,wall,prefix_numeric_capacity,0.00046415999999999997,0
ER_V20000_D8,128,3,DCSC-profile,wall,output_allocate,0.001516079,0
ER_V20000_D8,128,3,DCSC-profile,wall,numeric,0.001043811,0
ER_V20000_D8,128,3,DCSC-profile,wall,return_cleanup,1.393e-06,0
ER_V20000_D8,128,3,DCSC-profile,wall,output_free,7.92e-07,0
ER_V20000_D8,128,3,CSC-profile,wall,total,0.0044263389999999996,0
ER_V20000_D8,128,3,CSC-profile,wall,validate,6.3200000000000005e-07,0
ER_V20000_D8,128,3,CSC-profile,wall,lookup_build,2.9999999999999997e-08,0
ER_V20000_D8,128,3,CSC-profile,wall,scratch_setup,7.4373000000000001e-05,0
ER_V20000_D8,128,3,CSC-profile,wall,work_bound,0.00024993900000000002,0
ER_V20000_D8,128,3,CSC-profile,wall,symbolic_capacity,0.00013215300000000001,0
ER_V20000_D8,128,3,CSC-profile,wall,symbolic,0.00026764399999999999,0
ER_V20000_D8,128,3,CSC-profile,wall,prefix_numeric_capacity,0.00030718899999999998,0
ER_V20000_D8,128,3,CSC-profile,wall,output_allocate,0.002313397,0
ER_V20000_D8,128,3,CSC-profile,wall,numeric,0.0010796499999999999,0
ER_V20000_D8,128,3,CSC-profile,wall,return_cleanup,4.8100000000000003e-07,0
ER_V20000_D8,128,3,CSC-profile,wall,output_free,7.92e-07,0
ER_V20000_D8,128,4,DCSC-profile,wall,total,0.0048757410000000003,0
ER_V20000_D8,128,4,DCSC-profile,wall,validate,2.3999999999999998e-07,0
ER_V20000_D8,128,4,DCSC-profile,wall,lookup_build,0.00026065000000000002,0
ER_V20000_D8,128,4,DCSC-profile,wall,scratch_setup,6.5796000000000005e-05,0
ER_V20000_D8,128,4,DCSC-profile,wall,work_bound,0.00030411400000000002,0
ER_V20000_D8,128,4,DCSC-profile,wall,symbolic_capacity,0.00012918700000000001,0
ER_V20000_D8,128,4,DCSC-profile,wall,symbolic,0.00030388300000000002,0
ER_V20000_D8,128,4,DCSC-profile,wall,prefix_numeric_capacity,0.00051628000000000004,0
ER_V20000_D8,128,4,DCSC-profile,wall,output_allocate,0.0022741520000000002,0
ER_V20000_D8,128,4,DCSC-profile,wall,numeric,0.0010189839999999999,0
ER_V20000_D8,128,4,DCSC-profile,wall,return_cleanup,1.3030000000000001e-06,0
ER_V20000_D8,128,4,DCSC-profile,wall,output_free,1.0920000000000001e-06,0
ER_V20000_D8,128,4,CombBLAS-profile,wall,total,0.0070715830000000002,0
ER_V20000_D8,128,4,CombBLAS-profile,wall,lookup_build,5.3733000000000002e-05,0
ER_V20000_D8,128,4,CombBLAS-profile,wall,thread_setup,3.8494000000000001e-05,0
ER_V20000_D8,128,4,CombBLAS-profile,wall,work_bound,0.00033594400000000002,0
ER_V20000_D8,128,4,CombBLAS-profile,wall,work_prefix,7.9232000000000003e-05,0
ER_V20000_D8,128,4,CombBLAS-profile,wall,symbolic,0.00055189900000000001,0
ER_V20000_D8,128,4,CombBLAS-profile,wall,output_prefix,5.8241e-05,0
ER_V20000_D8,128,4,CombBLAS-profile,wall,output_allocate,0.0045434739999999996,0
ER_V20000_D8,128,4,CombBLAS-profile,wall,numeric_scratch_setup,0.00017404399999999999,0
ER_V20000_D8,128,4,CombBLAS-profile,wall,numeric,0.001211043,0
ER_V20000_D8,128,4,CombBLAS-profile,wall,internal_cleanup,2.7049999999999999e-06,0
ER_V20000_D8,128,4,CombBLAS-profile,wall,return_cleanup,2.2413e-05,0
ER_V20000_D8,128,4,CombBLAS-profile,wall,output_free,2.8999999999999998e-07,0
ER_V20000_D8,128,4,DCSC-sampled,wall,total,0.0042353030000000002,0
ER_V20000_D8,128,4,DCSC-sampled,wall,validate,2.1e-07,0
ER_V20000_D8,128,4,DCSC-sampled,wall,lookup_build,0.00024780599999999999,0
ER_V20000_D8,128,4,DCSC-sampled,wall,scratch_setup,3.9144999999999999e-05,0
ER_V20000_D8,128,4,DCSC-sampled,wall,work_bound,0.00030195899999999997,0
ER_V20000_D8,128,4,DCSC-sampled,wall,symbolic_capacity,0.00012586100000000001,0
ER_V20000_D8,128,4,DCSC-sampled,wall,symbolic,0.000300146,0
ER_V20000_D8,128,4,DCSC-sampled,wall,prefix_numeric_capacity,0.00051165100000000001,0
ER_V20000_D8,128,4,DCSC-sampled,wall,output_allocate,0.001707315,0
ER_V20000_D8,128,4,DCSC-sampled,wall,numeric,0.00099879599999999993,0
ER_V20000_D8,128,4,DCSC-sampled,wall,return_cleanup,1.342e-06,0
ER_V20000_D8,128,4,DCSC-sampled,wall,output_free,1.0219999999999999e-06,0
ER_V20000_D8,128,4,DCSC-sampled,sampled_worker,lookup,0,10000
ER_V20000_D8,128,4,DCSC-sampled,sampled_worker,alloc_init,0.0020424189999999997,10000
ER_V20000_D8,128,4,DCSC-sampled,sampled_worker,lookup_multiply_hash,0.014247128000000001,10000
ER_V20000_D8,128,4,DCSC-sampled,sampled_worker,compact,0.003144284999999998,10000
ER_V20000_D8,128,4,DCSC-sampled,sampled_worker,sort,0.014779542999999997,10000
ER_V20000_D8,128,4,DCSC-sampled,sampled_worker,write,0.018282103999999997,10000
ER_V20000_D8,128,4,DCSC-sampled,sampled_worker,scratch_free,0.0080036480000000021,10000
ER_V20000_D8,128,4,CombBLAS-sampled,wall,total,0.0068796450000000002,0
ER_V20000_D8,128,4,CombBLAS-sampled,wall,lookup_build,5.1439e-05,0
ER_V20000_D8,128,4,CombBLAS-sampled,wall,thread_setup,4.1539000000000003e-05,0
ER_V20000_D8,128,4,CombBLAS-sampled,wall,work_bound,0.00030301200000000002,0
ER_V20000_D8,128,4,CombBLAS-sampled,wall,work_prefix,5.7840000000000002e-05,0
ER_V20000_D8,128,4,CombBLAS-sampled,wall,symbolic,0.00042745100000000002,0
ER_V20000_D8,128,4,CombBLAS-sampled,wall,output_prefix,7.5043000000000006e-05,0
ER_V20000_D8,128,4,CombBLAS-sampled,wall,output_allocate,0.0045211619999999996,0
ER_V20000_D8,128,4,CombBLAS-sampled,wall,numeric_scratch_setup,0.00017576700000000001,0
ER_V20000_D8,128,4,CombBLAS-sampled,wall,numeric,0.0012009130000000001,0
ER_V20000_D8,128,4,CombBLAS-sampled,wall,internal_cleanup,2.5450000000000002e-06,0
ER_V20000_D8,128,4,CombBLAS-sampled,wall,return_cleanup,2.2592999999999999e-05,0
ER_V20000_D8,128,4,CombBLAS-sampled,wall,output_free,2.8099999999999999e-07,0
ER_V20000_D8,128,4,CombBLAS-sampled,sampled_worker,lookup,0.011607725000000003,10000
ER_V20000_D8,128,4,CombBLAS-sampled,sampled_worker,alloc_init,0.0017364420000000004,10000
ER_V20000_D8,128,4,CombBLAS-sampled,sampled_worker,lookup_multiply_hash,0.0090837959999999999,10000
ER_V20000_D8,128,4,CombBLAS-sampled,sampled_worker,compact,0.0032343450000000013,10000
ER_V20000_D8,128,4,CombBLAS-sampled,sampled_worker,sort,0.014415941000000003,10000
ER_V20000_D8,128,4,CombBLAS-sampled,sampled_worker,write,0.011517753,10000
ER_V20000_D8,128,4,CombBLAS-sampled,sampled_worker,scratch_free,0.0040712859999999986,10000
ER_V20000_D8,128,4,CombBLAS-conversion,wall,total,0.011272048999999999,0
ER_V20000_D8,128,4,CombBLAS-conversion,wall,native_call,0.0043246140000000001,0
ER_V20000_D8,128,4,CombBLAS-conversion,wall,tuple_to_dcsc,0.0069451510000000001,0
ER_V20000_D8,128,4,CombBLAS-conversion,wall,dcsc_free,1.643e-06,0
ER_V20000_D8,128,4,CombBLAS-conversion,wall,output_free,5.7100000000000002e-07,0
ER_V20000_D8,128,4,DCSC-dense-lookup,wall,total,0.0039017430000000001,0
ER_V20000_D8,128,4,DCSC-dense-lookup,wall,native_call_and_free,0.0039016630000000001,0
ER_V20000_D8,128,4,DCSC-static,wall,total,0.0044073929999999999,0
ER_V20000_D8,128,4,DCSC-static,wall,native_call_and_free,0.0044073439999999997,0
ER_V20000_D8,128,4,DCSC-dense-static,wall,total,0.0034248989999999999,0
ER_V20000_D8,128,4,DCSC-dense-static,wall,native_call_and_free,0.0034248379999999999,0
ER_V20000_D8,128,4,CSC-control,wall,total,0.0035748569999999999,0
ER_V20000_D8,128,4,CSC-control,wall,native_call_and_free,0.0035747959999999999,0
ER_V20000_D8,128,4,DCSC-control,wall,total,0.0046137590000000003,0
ER_V20000_D8,128,4,DCSC-control,wall,native_call_and_free,0.0046137089999999997,0
ER_V20000_D8,128,4,CombBLAS-control,wall,total,0.0070055960000000002,0
ER_V20000_D8,128,4,CombBLAS-control,wall,native_call_and_free,0.007005336,0
ER_V20000_D8,128,4,CSC-profile,wall,total,0.0036063969999999999,0
ER_V20000_D8,128,4,CSC-profile,wall,validate,1.0219999999999999e-06,0
ER_V20000_D8,128,4,CSC-profile,wall,lookup_build,4.0000000000000001e-08,0
ER_V20000_D8,128,4,CSC-profile,wall,scratch_setup,4.4586000000000003e-05,0
ER_V20000_D8,128,4,CSC-profile,wall,work_bound,0.00023785599999999999,0
ER_V20000_D8,128,4,CSC-profile,wall,symbolic_capacity,0.00013148200000000001,0
ER_V20000_D8,128,4,CSC-profile,wall,symbolic,0.00026967700000000001,0
ER_V20000_D8,128,4,CSC-profile,wall,prefix_numeric_capacity,0.00030623800000000002,0
ER_V20000_D8,128,4,CSC-profile,wall,output_allocate,0.00152276,0
ER_V20000_D8,128,4,CSC-profile,wall,numeric,0.0010904109999999999,0
ER_V20000_D8,128,4,CSC-profile,wall,return_cleanup,9.7199999999999997e-07,0
ER_V20000_D8,128,4,CSC-profile,wall,output_free,1.122e-06,0
ER_V20000_D8,128,5,DCSC-profile,wall,total,0.0048893779999999998,0
ER_V20000_D8,128,5,DCSC-profile,wall,validate,4.6100000000000001e-07,0
ER_V20000_D8,128,5,DCSC-profile,wall,lookup_build,0.00027042800000000002,0
ER_V20000_D8,128,5,DCSC-profile,wall,scratch_setup,6.7710000000000001e-05,0
ER_V20000_D8,128,5,DCSC-profile,wall,work_bound,0.00031190800000000001,0
ER_V20000_D8,128,5,DCSC-profile,wall,symbolic_capacity,0.00012930799999999999,0
ER_V20000_D8,128,5,DCSC-profile,wall,symbolic,0.00030533600000000002,0
ER_V20000_D8,128,5,DCSC-profile,wall,prefix_numeric_capacity,0.00046693599999999999,0
ER_V20000_D8,128,5,DCSC-profile,wall,output_allocate,0.0022948109999999999,0
ER_V20000_D8,128,5,DCSC-profile,wall,numeric,0.0010401150000000001,0
ER_V20000_D8,128,5,DCSC-profile,wall,return_cleanup,1.0920000000000001e-06,0
ER_V20000_D8,128,5,DCSC-profile,wall,output_free,1.203e-06,0
ER_V20000_D8,128,5,CSC-profile,wall,total,0.0043499330000000003,0
ER_V20000_D8,128,5,CSC-profile,wall,validate,4.4099999999999999e-07,0
ER_V20000_D8,128,5,CSC-profile,wall,lookup_build,2.9999999999999997e-08,0
ER_V20000_D8,128,5,CSC-profile,wall,scratch_setup,7.6145999999999999e-05,0
ER_V20000_D8,128,5,CSC-profile,wall,work_bound,0.00025583000000000002,0
ER_V20000_D8,128,5,CSC-profile,wall,symbolic_capacity,0.00013070099999999999,0
ER_V20000_D8,128,5,CSC-profile,wall,symbolic,0.00026251399999999999,0
ER_V20000_D8,128,5,CSC-profile,wall,prefix_numeric_capacity,0.00030521500000000001,0
ER_V20000_D8,128,5,CSC-profile,wall,output_allocate,0.0022642629999999999,0
ER_V20000_D8,128,5,CSC-profile,wall,numeric,0.0010534699999999999,0
ER_V20000_D8,128,5,CSC-profile,wall,return_cleanup,5.3099999999999998e-07,0
ER_V20000_D8,128,5,CSC-profile,wall,output_free,7.3200000000000004e-07,0
ER_V20000_D8,128,5,CombBLAS-control,wall,total,0.0072317409999999999,0
ER_V20000_D8,128,5,CombBLAS-control,wall,native_call_and_free,0.0072314689999999999,0
ER_V20000_D8,128,5,DCSC-control,wall,total,0.003944726,0
ER_V20000_D8,128,5,DCSC-control,wall,native_call_and_free,0.0039444550000000004,0
ER_V20000_D8,128,5,CSC-control,wall,total,0.004220746,0
ER_V20000_D8,128,5,CSC-control,wall,native_call_and_free,0.0042204859999999999,0
ER_V20000_D8,128,5,DCSC-dense-static,wall,total,0.0040049409999999997,0
ER_V20000_D8,128,5,DCSC-dense-static,wall,native_call_and_free,0.004004891,0
ER_V20000_D8,128,5,DCSC-static,wall,total,0.003794478,0
ER_V20000_D8,128,5,DCSC-static,wall,native_call_and_free,0.003794408,0
ER_V20000_D8,128,5,DCSC-dense-lookup,wall,total,0.0038805530000000001,0
ER_V20000_D8,128,5,DCSC-dense-lookup,wall,native_call_and_free,0.0038804830000000001,0
ER_V20000_D8,128,5,CombBLAS-conversion,wall,total,0.01409301,0
ER_V20000_D8,128,5,CombBLAS-conversion,wall,native_call,0.0069742670000000001,0
ER_V20000_D8,128,5,CombBLAS-conversion,wall,tuple_to_dcsc,0.0071158769999999996,0
ER_V20000_D8,128,5,CombBLAS-conversion,wall,dcsc_free,2.074e-06,0
ER_V20000_D8,128,5,CombBLAS-conversion,wall,output_free,5.7100000000000002e-07,0
ER_V20000_D8,128,5,CombBLAS-sampled,wall,total,0.0045838210000000001,0
ER_V20000_D8,128,5,CombBLAS-sampled,wall,lookup_build,1.7513999999999999e-05,0
ER_V20000_D8,128,5,CombBLAS-sampled,wall,thread_setup,5.9403e-05,0
ER_V20000_D8,128,5,CombBLAS-sampled,wall,work_bound,0.00026487899999999998,0
ER_V20000_D8,128,5,CombBLAS-sampled,wall,work_prefix,5.5426000000000001e-05,0
ER_V20000_D8,128,5,CombBLAS-sampled,wall,symbolic,0.00043577600000000002,0
ER_V20000_D8,128,5,CombBLAS-sampled,wall,output_prefix,5.5937000000000003e-05,0
ER_V20000_D8,128,5,CombBLAS-sampled,wall,output_allocate,0.0022976260000000001,0
ER_V20000_D8,128,5,CombBLAS-sampled,wall,numeric_scratch_setup,0.00015683099999999999,0
ER_V20000_D8,128,5,CombBLAS-sampled,wall,numeric,0.001214239,0
ER_V20000_D8,128,5,CombBLAS-sampled,wall,internal_cleanup,2.695e-06,0
ER_V20000_D8,128,5,CombBLAS-sampled,wall,return_cleanup,2.2744000000000001e-05,0
ER_V20000_D8,128,5,CombBLAS-sampled,wall,output_free,6.8100000000000002e-07,0
ER_V20000_D8,128,5,CombBLAS-sampled,sampled_worker,lookup,0.011657233000000003,10000
ER_V20000_D8,128,5,CombBLAS-sampled,sampled_worker,alloc_init,0.0017733320000000009,10000
ER_V20000_D8,128,5,CombBLAS-sampled,sampled_worker,lookup_multiply_hash,0.0089460329999999991,10000
ER_V20000_D8,128,5,CombBLAS-sampled,sampled_worker,compact,0.0032184760000000009,10000
ER_V20000_D8,128,5,CombBLAS-sampled,sampled_worker,sort,0.014490721000000002,10000
ER_V20000_D8,128,5,CombBLAS-sampled,sampled_worker,write,0.012011379000000001,10000
ER_V20000_D8,128,5,CombBLAS-sampled,sampled_worker,scratch_free,0.0041336419999999981,10000
ER_V20000_D8,128,5,DCSC-sampled,wall,total,0.0040588450000000002,0
ER_V20000_D8,128,5,DCSC-sampled,wall,validate,4.3099999999999998e-07,0
ER_V20000_D8,128,5,DCSC-sampled,wall,lookup_build,0.00024780499999999998,0
ER_V20000_D8,128,5,DCSC-sampled,wall,scratch_setup,3.4916999999999998e-05,0
ER_V20000_D8,128,5,DCSC-sampled,wall,work_bound,0.00031376199999999998,0
ER_V20000_D8,128,5,DCSC-sampled,wall,symbolic_capacity,0.00012660300000000001,0
ER_V20000_D8,128,5,DCSC-sampled,wall,symbolic,0.000313942,0
ER_V20000_D8,128,5,DCSC-sampled,wall,prefix_numeric_capacity,0.00049688300000000005,0
ER_V20000_D8,128,5,DCSC-sampled,wall,output_allocate,0.0015442520000000001,0
ER_V20000_D8,128,5,DCSC-sampled,wall,numeric,0.00097797599999999998,0
ER_V20000_D8,128,5,DCSC-sampled,wall,return_cleanup,1.1820000000000001e-06,0
ER_V20000_D8,128,5,DCSC-sampled,wall,output_free,1.0219999999999999e-06,0
ER_V20000_D8,128,5,DCSC-sampled,sampled_worker,lookup,0,10000
ER_V20000_D8,128,5,DCSC-sampled,sampled_worker,alloc_init,0.0020041989999999999,10000
ER_V20000_D8,128,5,DCSC-sampled,sampled_worker,lookup_multiply_hash,0.013893731999999997,10000
ER_V20000_D8,128,5,DCSC-sampled,sampled_worker,compact,0.0031205150000000008,10000
ER_V20000_D8,128,5,DCSC-sampled,sampled_worker,sort,0.014819579999999997,10000
ER_V20000_D8,128,5,DCSC-sampled,sampled_worker,write,0.01706585,10000
ER_V20000_D8,128,5,DCSC-sampled,sampled_worker,scratch_free,0.0075978590000000028,10000
ER_V20000_D8,128,5,CombBLAS-profile,wall,total,0.006936925,0
ER_V20000_D8,128,5,CombBLAS-profile,wall,lookup_build,5.1728999999999999e-05,0
ER_V20000_D8,128,5,CombBLAS-profile,wall,thread_setup,4.2993e-05,0
ER_V20000_D8,128,5,CombBLAS-profile,wall,work_bound,0.00030309100000000002,0
ER_V20000_D8,128,5,CombBLAS-profile,wall,work_prefix,5.6258000000000002e-05,0
ER_V20000_D8,128,5,CombBLAS-profile,wall,symbolic,0.00046666500000000001,0
ER_V20000_D8,128,5,CombBLAS-profile,wall,output_prefix,7.9312000000000002e-05,0
ER_V20000_D8,128,5,CombBLAS-profile,wall,output_allocate,0.0045503970000000003,0
ER_V20000_D8,128,5,CombBLAS-profile,wall,numeric_scratch_setup,0.00018078699999999999,0
ER_V20000_D8,128,5,CombBLAS-profile,wall,numeric,0.0011797229999999999,0
ER_V20000_D8,128,5,CombBLAS-profile,wall,internal_cleanup,2.6450000000000001e-06,0
ER_V20000_D8,128,5,CombBLAS-profile,wall,return_cleanup,2.2583e-05,0
ER_V20000_D8,128,5,CombBLAS-profile,wall,output_free,6.7199999999999998e-07,0
ER_V20000_D8,128,6,DCSC-sampled,wall,total,0.0039848929999999998,0
ER_V20000_D8,128,6,DCSC-sampled,wall,validate,2.2100000000000001e-07,0
ER_V20000_D8,128,6,DCSC-sampled,wall,lookup_build,0.00024768499999999998,0
ER_V20000_D8,128,6,DCSC-sampled,wall,scratch_setup,3.9484999999999999e-05,0
ER_V20000_D8,128,6,DCSC-sampled,wall,work_bound,0.00030408399999999998,0
ER_V20000_D8,128,6,DCSC-sampled,wall,symbolic_capacity,0.00012697300000000001,0
ER_V20000_D8,128,6,DCSC-sampled,wall,symbolic,0.00030274099999999998,0
ER_V20000_D8,128,6,DCSC-sampled,wall,prefix_numeric_capacity,0.00046228699999999997,0
ER_V20000_D8,128,6,DCSC-sampled,wall,output_allocate,0.0015105260000000001,0
ER_V20000_D8,128,6,DCSC-sampled,wall,numeric,0.00098847600000000007,0
ER_V20000_D8,128,6,DCSC-sampled,wall,return_cleanup,1.313e-06,0
ER_V20000_D8,128,6,DCSC-sampled,wall,output_free,1.052e-06,0
ER_V20000_D8,128,6,DCSC-sampled,sampled_worker,lookup,0,10000
ER_V20000_D8,128,6,DCSC-sampled,sampled_worker,alloc_init,0.0020781319999999999,10000
ER_V20000_D8,128,6,DCSC-sampled,sampled_worker,lookup_multiply_hash,0.013914155999999999,10000
ER_V20000_D8,128,6,DCSC-sampled,sampled_worker,compact,0.0031185419999999989,10000
ER_V20000_D8,128,6,DCSC-sampled,sampled_worker,sort,0.014763491,10000
ER_V20000_D8,128,6,DCSC-sampled,sampled_worker,write,0.018065236000000002,10000
ER_V20000_D8,128,6,DCSC-sampled,sampled_worker,scratch_free,0.0077010440000000032,10000
ER_V20000_D8,128,6,CombBLAS-sampled,wall,total,0.0067386140000000004,0
ER_V20000_D8,128,6,CombBLAS-sampled,wall,lookup_build,5.1208000000000002e-05,0
ER_V20000_D8,128,6,CombBLAS-sampled,wall,thread_setup,4.0278000000000003e-05,0
ER_V20000_D8,128,6,CombBLAS-sampled,wall,work_bound,0.00030060599999999997,0
ER_V20000_D8,128,6,CombBLAS-sampled,wall,work_prefix,5.8051999999999999e-05,0
ER_V20000_D8,128,6,CombBLAS-sampled,wall,symbolic,0.00041091800000000003,0
ER_V20000_D8,128,6,CombBLAS-sampled,wall,output_prefix,5.7921000000000003e-05,0
ER_V20000_D8,128,6,CombBLAS-sampled,wall,output_allocate,0.0044217809999999996,0
ER_V20000_D8,128,6,CombBLAS-sampled,wall,numeric_scratch_setup,0.00017209899999999999,0
ER_V20000_D8,128,6,CombBLAS-sampled,wall,numeric,0.0012002130000000001,0
ER_V20000_D8,128,6,CombBLAS-sampled,wall,internal_cleanup,2.4940000000000002e-06,0
ER_V20000_D8,128,6,CombBLAS-sampled,wall,return_cleanup,2.2313000000000001e-05,0
ER_V20000_D8,128,6,CombBLAS-sampled,wall,output_free,6.8199999999999999e-07,0
ER_V20000_D8,128,6,CombBLAS-sampled,sampled_worker,lookup,0.011670230000000002,10000
ER_V20000_D8,128,6,CombBLAS-sampled,sampled_worker,alloc_init,0.0016871640000000012,10000
ER_V20000_D8,128,6,CombBLAS-sampled,sampled_worker,lookup_multiply_hash,0.0091329799999999971,10000
ER_V20000_D8,128,6,CombBLAS-sampled,sampled_worker,compact,0.0032423680000000015,10000
ER_V20000_D8,128,6,CombBLAS-sampled,sampled_worker,sort,0.014479708000000006,10000
ER_V20000_D8,128,6,CombBLAS-sampled,sampled_worker,write,0.011647857000000005,10000
ER_V20000_D8,128,6,CombBLAS-sampled,sampled_worker,scratch_free,0.0040226590000000013,10000
ER_V20000_D8,128,6,CombBLAS-conversion,wall,total,0.011280065000000001,0
ER_V20000_D8,128,6,CombBLAS-conversion,wall,native_call,0.0043158780000000004,0
ER_V20000_D8,128,6,CombBLAS-conversion,wall,tuple_to_dcsc,0.00696074,0
ER_V20000_D8,128,6,CombBLAS-conversion,wall,dcsc_free,2.5950000000000001e-06,0
ER_V20000_D8,128,6,CombBLAS-conversion,wall,output_free,7.92e-07,0
ER_V20000_D8,128,6,DCSC-dense-lookup,wall,total,0.0039427530000000002,0
ER_V20000_D8,128,6,DCSC-dense-lookup,wall,native_call_and_free,0.0039426009999999996,0
ER_V20000_D8,128,6,DCSC-static,wall,total,0.0044599749999999997,0
ER_V20000_D8,128,6,DCSC-static,wall,native_call_and_free,0.0044598939999999998,0
ER_V20000_D8,128,6,DCSC-dense-static,wall,total,0.0034594339999999999,0
ER_V20000_D8,128,6,DCSC-dense-static,wall,native_call_and_free,0.0034593549999999999,0
ER_V20000_D8,128,6,CSC-control,wall,total,0.0035744850000000001,0
ER_V20000_D8,128,6,CSC-control,wall,native_call_and_free,0.0035744150000000001,0
ER_V20000_D8,128,6,DCSC-control,wall,total,0.0045971359999999999,0
ER_V20000_D8,128,6,DCSC-control,wall,native_call_and_free,0.0045970469999999999,0
ER_V20000_D8,128,6,CombBLAS-control,wall,total,0.0069579949999999998,0
ER_V20000_D8,128,6,CombBLAS-control,wall,native_call_and_free,0.0069579150000000003,0
ER_V20000_D8,128,6,CSC-profile,wall,total,0.0037055069999999998,0
ER_V20000_D8,128,6,CSC-profile,wall,validate,6.4099999999999998e-07,0
ER_V20000_D8,128,6,CSC-profile,wall,lookup_build,4.0000000000000001e-08,0
ER_V20000_D8,128,6,CSC-profile,wall,scratch_setup,4.689e-05,0
ER_V20000_D8,128,6,CSC-profile,wall,work_bound,0.00024946799999999998,0
ER_V20000_D8,128,6,CSC-profile,wall,symbolic_capacity,0.000131202,0
ER_V20000_D8,128,6,CSC-profile,wall,symbolic,0.00027402600000000002,0
ER_V20000_D8,128,6,CSC-profile,wall,prefix_numeric_capacity,0.00038158099999999998,0
ER_V20000_D8,128,6,CSC-profile,wall,output_allocate,0.001531929,0
ER_V20000_D8,128,6,CSC-profile,wall,numeric,0.001087345,0
ER_V20000_D8,128,6,CSC-profile,wall,return_cleanup,1.122e-06,0
ER_V20000_D8,128,6,CSC-profile,wall,output_free,1.192e-06,0
ER_V20000_D8,128,6,DCSC-profile,wall,total,0.0048896790000000001,0
ER_V20000_D8,128,6,DCSC-profile,wall,validate,4.4000000000000002e-07,0
ER_V20000_D8,128,6,DCSC-profile,wall,lookup_build,0.00026030999999999998,0
ER_V20000_D8,128,6,DCSC-profile,wall,scratch_setup,5.6789000000000001e-05,0
ER_V20000_D8,128,6,DCSC-profile,wall,work_bound,0.000307139,0
ER_V20000_D8,128,6,DCSC-profile,wall,symbolic_capacity,0.000128336,0
ER_V20000_D8,128,6,DCSC-profile,wall,symbolic,0.00031590600000000002,0
ER_V20000_D8,128,6,DCSC-profile,wall,prefix_numeric_capacity,0.00049114199999999997,0
ER_V20000_D8,128,6,DCSC-profile,wall,output_allocate,0.0023006820000000001,0
ER_V20000_D8,128,6,DCSC-profile,wall,numeric,0.001025888,0
ER_V20000_D8,128,6,DCSC-profile,wall,return_cleanup,1.322e-06,0
ER_V20000_D8,128,6,DCSC-profile,wall,output_free,1.663e-06,0
ER_V20000_D8,128,6,CombBLAS-profile,wall,total,0.0070229100000000003,0
ER_V20000_D8,128,6,CombBLAS-profile,wall,lookup_build,8.1936999999999998e-05,0
ER_V20000_D8,128,6,CombBLAS-profile,wall,thread_setup,6.2739999999999999e-05,0
ER_V20000_D8,128,6,CombBLAS-profile,wall,work_bound,0.00030451399999999998,0
ER_V20000_D8,128,6,CombBLAS-profile,wall,work_prefix,5.6688999999999999e-05,0
ER_V20000_D8,128,6,CombBLAS-profile,wall,symbolic,0.000464771,0
ER_V20000_D8,128,6,CombBLAS-profile,wall,output_prefix,5.9264e-05,0
ER_V20000_D8,128,6,CombBLAS-profile,wall,output_allocate,0.0045857550000000004,0
ER_V20000_D8,128,6,CombBLAS-profile,wall,numeric_scratch_setup,0.000174334,0
ER_V20000_D8,128,6,CombBLAS-profile,wall,numeric,0.0012068350000000001,0
ER_V20000_D8,128,6,CombBLAS-profile,wall,internal_cleanup,3.1360000000000001e-06,0
ER_V20000_D8,128,6,CombBLAS-profile,wall,return_cleanup,2.2583e-05,0
ER_V20000_D8,128,6,CombBLAS-profile,wall,output_free,2.91e-07,0
ER_V20000_D8,128,7,DCSC-sampled,wall,total,0.0040366229999999996,0
ER_V20000_D8,128,7,DCSC-sampled,wall,validate,2.6100000000000002e-07,0
ER_V20000_D8,128,7,DCSC-sampled,wall,lookup_build,0.00024749400000000001,0
ER_V20000_D8,128,7,DCSC-sampled,wall,scratch_setup,3.7863e-05,0
ER_V20000_D8,128,7,DCSC-sampled,wall,work_bound,0.00030118799999999998,0
ER_V20000_D8,128,7,DCSC-sampled,wall,symbolic_capacity,0.00012630200000000001,0
ER_V20000_D8,128,7,DCSC-sampled,wall,symbolic,0.00031133700000000002,0
ER_V20000_D8,128,7,DCSC-sampled,wall,prefix_numeric_capacity,0.00048571200000000001,0
ER_V20000_D8,128,7,DCSC-sampled,wall,output_allocate,0.001539964,0
ER_V20000_D8,128,7,DCSC-sampled,wall,numeric,0.00098382700000000005,0
ER_V20000_D8,128,7,DCSC-sampled,wall,return_cleanup,1.412e-06,0
ER_V20000_D8,128,7,DCSC-sampled,wall,output_free,1.2020000000000001e-06,0
ER_V20000_D8,128,7,DCSC-sampled,sampled_worker,lookup,0,10000
ER_V20000_D8,128,7,DCSC-sampled,sampled_worker,alloc_init,0.0020565739999999994,10000
ER_V20000_D8,128,7,DCSC-sampled,sampled_worker,lookup_multiply_hash,0.013636423000000002,10000
ER_V20000_D8,128,7,DCSC-sampled,sampled_worker,compact,0.003125755,10000
ER_V20000_D8,128,7,DCSC-sampled,sampled_worker,sort,0.014769681,10000
ER_V20000_D8,128,7,DCSC-sampled,sampled_worker,write,0.017844906000000004,10000
ER_V20000_D8,128,7,DCSC-sampled,sampled_worker,scratch_free,0.0077685209999999979,10000
ER_V20000_D8,128,7,CombBLAS-profile,wall,total,0.0070115669999999998,0
ER_V20000_D8,128,7,CombBLAS-profile,wall,lookup_build,5.1688999999999999e-05,0
ER_V20000_D8,128,7,CombBLAS-profile,wall,thread_setup,3.8915000000000003e-05,0
ER_V20000_D8,128,7,CombBLAS-profile,wall,work_bound,0.00030193899999999998,0
ER_V20000_D8,128,7,CombBLAS-profile,wall,work_prefix,5.9153000000000001e-05,0
ER_V20000_D8,128,7,CombBLAS-profile,wall,symbolic,0.00047688500000000003,0
ER_V20000_D8,128,7,CombBLAS-profile,wall,output_prefix,7.9371999999999998e-05,0
ER_V20000_D8,128,7,CombBLAS-profile,wall,output_allocate,0.0046153619999999996,0
ER_V20000_D8,128,7,CombBLAS-profile,wall,numeric_scratch_setup,0.000172972,0
ER_V20000_D8,128,7,CombBLAS-profile,wall,numeric,0.0011892000000000001,0
ER_V20000_D8,128,7,CombBLAS-profile,wall,internal_cleanup,2.926e-06,0
ER_V20000_D8,128,7,CombBLAS-profile,wall,return_cleanup,2.2413e-05,0
ER_V20000_D8,128,7,CombBLAS-profile,wall,output_free,6.8100000000000002e-07,0
ER_V20000_D8,128,7,DCSC-profile,wall,total,0.0040483949999999998,0
ER_V20000_D8,128,7,DCSC-profile,wall,validate,4.7100000000000002e-07,0
ER_V20000_D8,128,7,DCSC-profile,wall,lookup_build,0.000247786,0
ER_V20000_D8,128,7,DCSC-profile,wall,scratch_setup,3.7991999999999998e-05,0
ER_V20000_D8,128,7,DCSC-profile,wall,work_bound,0.000298793,0
ER_V20000_D8,128,7,DCSC-profile,wall,symbolic_capacity,0.00012597199999999999,0
ER_V20000_D8,128,7,DCSC-profile,wall,symbolic,0.00030514499999999999,0
ER_V20000_D8,128,7,DCSC-profile,wall,prefix_numeric_capacity,0.00046140500000000002,0
ER_V20000_D8,128,7,DCSC-profile,wall,output_allocate,0.0015169090000000001,0
ER_V20000_D8,128,7,DCSC-profile,wall,numeric,0.001051136,0
ER_V20000_D8,128,7,DCSC-profile,wall,return_cleanup,1.3829999999999999e-06,0
ER_V20000_D8,128,7,DCSC-profile,wall,output_free,1.333e-06,0
ER_V20000_D8,128,7,CSC-profile,wall,total,0.0044497740000000001,0
ER_V20000_D8,128,7,CSC-profile,wall,validate,7.8100000000000002e-07,0
ER_V20000_D8,128,7,CSC-profile,wall,lookup_build,4.0000000000000001e-08,0
ER_V20000_D8,128,7,CSC-profile,wall,scratch_setup,7.4642999999999997e-05,0
ER_V20000_D8,128,7,CSC-profile,wall,work_bound,0.00025483899999999998,0
ER_V20000_D8,128,7,CSC-profile,wall,symbolic_capacity,0.000130791,0
ER_V20000_D8,128,7,CSC-profile,wall,symbolic,0.000267493,0
ER_V20000_D8,128,7,CSC-profile,wall,prefix_numeric_capacity,0.00030429399999999998,0
ER_V20000_D8,128,7,CSC-profile,wall,output_allocate,0.0023485839999999999,0
ER_V20000_D8,128,7,CSC-profile,wall,numeric,0.0010661150000000001,0
ER_V20000_D8,128,7,CSC-profile,wall,return_cleanup,1.0219999999999999e-06,0
ER_V20000_D8,128,7,CSC-profile,wall,output_free,1.1119999999999999e-06,0
ER_V20000_D8,128,7,CombBLAS-control,wall,total,0.0072676390000000002,0
ER_V20000_D8,128,7,CombBLAS-control,wall,native_call_and_free,0.0072672889999999997,0
ER_V20000_D8,128,7,DCSC-control,wall,total,0.004052913,0
ER_V20000_D8,128,7,DCSC-control,wall,native_call_and_free,0.0040528530000000004,0
ER_V20000_D8,128,7,CSC-control,wall,total,0.0043012290000000002,0
ER_V20000_D8,128,7,CSC-control,wall,native_call_and_free,0.0043011589999999997,0
ER_V20000_D8,128,7,DCSC-dense-static,wall,total,0.0040863879999999998,0
ER_V20000_D8,128,7,DCSC-dense-static,wall,native_call_and_free,0.0040863280000000002,0
ER_V20000_D8,128,7,DCSC-static,wall,total,0.0037761930000000002,0
ER_V20000_D8,128,7,DCSC-static,wall,native_call_and_free,0.0037761219999999998,0
ER_V20000_D8,128,7,DCSC-dense-lookup,wall,total,0.0038174319999999999,0
ER_V20000_D8,128,7,DCSC-dense-lookup,wall,native_call_and_free,0.003817361,0
ER_V20000_D8,128,7,CombBLAS-conversion,wall,total,0.014250832999999999,0
ER_V20000_D8,128,7,CombBLAS-conversion,wall,native_call,0.0071769650000000004,0
ER_V20000_D8,128,7,CombBLAS-conversion,wall,tuple_to_dcsc,0.0070714230000000003,0
ER_V20000_D8,128,7,CombBLAS-conversion,wall,dcsc_free,1.804e-06,0
ER_V20000_D8,128,7,CombBLAS-conversion,wall,output_free,5.9100000000000004e-07,0
ER_V20000_D8,128,7,CombBLAS-sampled,wall,total,0.0046962380000000001,0
ER_V20000_D8,128,7,CombBLAS-sampled,wall,lookup_build,1.7523000000000001e-05,0
ER_V20000_D8,128,7,CombBLAS-sampled,wall,thread_setup,6.0545999999999999e-05,0
ER_V20000_D8,128,7,CombBLAS-sampled,wall,work_bound,0.00026455800000000002,0
ER_V20000_D8,128,7,CombBLAS-sampled,wall,work_prefix,5.5074999999999997e-05,0
ER_V20000_D8,128,7,CombBLAS-sampled,wall,symbolic,0.00043285099999999999,0
ER_V20000_D8,128,7,CombBLAS-sampled,wall,output_prefix,5.5145000000000001e-05,0
ER_V20000_D8,128,7,CombBLAS-sampled,wall,output_allocate,0.0023655270000000001,0
ER_V20000_D8,128,7,CombBLAS-sampled,wall,numeric_scratch_setup,0.000153735,0
ER_V20000_D8,128,7,CombBLAS-sampled,wall,numeric,0.001266248,0
ER_V20000_D8,128,7,CombBLAS-sampled,wall,internal_cleanup,2.2350000000000002e-06,0
ER_V20000_D8,128,7,CombBLAS-sampled,wall,return_cleanup,2.2362999999999999e-05,0
ER_V20000_D8,128,7,CombBLAS-sampled,wall,output_free,3.7e-07,0
ER_V20000_D8,128,7,CombBLAS-sampled,sampled_worker,lookup,0.013564818999999994,10000
ER_V20000_D8,128,7,CombBLAS-sampled,sampled_worker,alloc_init,0.0020282779999999997,10000
ER_V20000_D8,128,7,CombBLAS-sampled,sampled_worker,lookup_multiply_hash,0.0089941299999999978,10000
ER_V20000_D8,128,7,CombBLAS-sampled,sampled_worker,compact,0.003225983,10000
ER_V20000_D8,128,7,CombBLAS-sampled,sampled_worker,sort,0.014600211999999996,10000
ER_V20000_D8,128,7,CombBLAS-sampled,sampled_worker,write,0.013460020000000012,10000
ER_V20000_D8,128,7,CombBLAS-sampled,sampled_worker,scratch_free,0.0042073299999999987,10000
ER_V20000_D8,128,8,CombBLAS-conversion,wall,total,0.011281296999999999,0
ER_V20000_D8,128,8,CombBLAS-conversion,wall,native_call,0.0043263080000000001,0
ER_V20000_D8,128,8,CombBLAS-conversion,wall,tuple_to_dcsc,0.0069522749999999999,0
ER_V20000_D8,128,8,CombBLAS-conversion,wall,dcsc_free,2.013e-06,0
ER_V20000_D8,128,8,CombBLAS-conversion,wall,output_free,6.5199999999999996e-07,0
ER_V20000_D8,128,8,DCSC-dense-lookup,wall,total,0.0038010800000000001,0
ER_V20000_D8,128,8,DCSC-dense-lookup,wall,native_call_and_free,0.0038007800000000001,0
ER_V20000_D8,128,8,DCSC-static,wall,total,0.0043226109999999996,0
ER_V20000_D8,128,8,DCSC-static,wall,native_call_and_free,0.00432234,0
ER_V20000_D8,128,8,DCSC-dense-static,wall,total,0.0034240770000000002,0
ER_V20000_D8,128,8,DCSC-dense-static,wall,native_call_and_free,0.0034237970000000001,0
ER_V20000_D8,128,8,CSC-control,wall,total,0.003607439,0
ER_V20000_D8,128,8,CSC-control,wall,native_call_and_free,0.0036068580000000001,0
ER_V20000_D8,128,8,DCSC-control,wall,total,0.0045833510000000003,0
ER_V20000_D8,128,8,DCSC-control,wall,native_call_and_free,0.0045830699999999999,0
ER_V20000_D8,128,8,CombBLAS-control,wall,total,0.0071542910000000001,0
ER_V20000_D8,128,8,CombBLAS-control,wall,native_call_and_free,0.007154021,0
ER_V20000_D8,128,8,CSC-profile,wall,total,0.003655681,0
ER_V20000_D8,128,8,CSC-profile,wall,validate,4.6100000000000001e-07,0
ER_V20000_D8,128,8,CSC-profile,wall,lookup_build,2.9999999999999997e-08,0
ER_V20000_D8,128,8,CSC-profile,wall,scratch_setup,4.7802000000000001e-05,0
ER_V20000_D8,128,8,CSC-profile,wall,work_bound,0.00025560999999999997,0
ER_V20000_D8,128,8,CSC-profile,wall,symbolic_capacity,0.00014793400000000001,0
ER_V20000_D8,128,8,CSC-profile,wall,symbolic,0.00028568799999999998,0
ER_V20000_D8,128,8,CSC-profile,wall,prefix_numeric_capacity,0.000304684,0
ER_V20000_D8,128,8,CSC-profile,wall,output_allocate,0.00152772,0
ER_V20000_D8,128,8,CSC-profile,wall,numeric,0.0010837889999999999,0
ER_V20000_D8,128,8,CSC-profile,wall,return_cleanup,8.5099999999999998e-07,0
ER_V20000_D8,128,8,CSC-profile,wall,output_free,1.0529999999999999e-06,0
ER_V20000_D8,128,8,DCSC-profile,wall,total,0.0048757119999999999,0
ER_V20000_D8,128,8,DCSC-profile,wall,validate,2.4999999999999999e-07,0
ER_V20000_D8,128,8,DCSC-profile,wall,lookup_build,0.00025996899999999998,0
ER_V20000_D8,128,8,DCSC-profile,wall,scratch_setup,5.6888999999999997e-05,0
ER_V20000_D8,128,8,DCSC-profile,wall,work_bound,0.00030437299999999998,0
ER_V20000_D8,128,8,DCSC-profile,wall,symbolic_capacity,0.00014563,0
ER_V20000_D8,128,8,DCSC-profile,wall,symbolic,0.000327769,0
ER_V20000_D8,128,8,DCSC-profile,wall,prefix_numeric_capacity,0.00046283700000000001,0
ER_V20000_D8,128,8,DCSC-profile,wall,output_allocate,0.002290013,0
ER_V20000_D8,128,8,DCSC-profile,wall,numeric,0.001025998,0
ER_V20000_D8,128,8,DCSC-profile,wall,return_cleanup,1.0219999999999999e-06,0
ER_V20000_D8,128,8,DCSC-profile,wall,output_free,9.0100000000000003e-07,0
ER_V20000_D8,128,8,CombBLAS-profile,wall,total,0.0071035940000000004,0
ER_V20000_D8,128,8,CombBLAS-profile,wall,lookup_build,5.3343000000000001e-05,0
ER_V20000_D8,128,8,CombBLAS-profile,wall,thread_setup,4.0658000000000003e-05,0
ER_V20000_D8,128,8,CombBLAS-profile,wall,work_bound,0.000303021,0
ER_V20000_D8,128,8,CombBLAS-profile,wall,work_prefix,5.8201000000000001e-05,0
ER_V20000_D8,128,8,CombBLAS-profile,wall,symbolic,0.00046532300000000002,0
ER_V20000_D8,128,8,CombBLAS-profile,wall,output_prefix,5.8150999999999999e-05,0
ER_V20000_D8,128,8,CombBLAS-profile,wall,output_allocate,0.0047200230000000003,0
ER_V20000_D8,128,8,CombBLAS-profile,wall,numeric_scratch_setup,0.000175697,0
ER_V20000_D8,128,8,CombBLAS-profile,wall,numeric,0.001203027,0
ER_V20000_D8,128,8,CombBLAS-profile,wall,internal_cleanup,2.745e-06,0
ER_V20000_D8,128,8,CombBLAS-profile,wall,return_cleanup,2.2654e-05,0
ER_V20000_D8,128,8,CombBLAS-profile,wall,output_free,6.9100000000000003e-07,0
ER_V20000_D8,128,8,DCSC-sampled,wall,total,0.0040471730000000003,0
ER_V20000_D8,128,8,DCSC-sampled,wall,validate,4.4999999999999998e-07,0
ER_V20000_D8,128,8,DCSC-sampled,wall,lookup_build,0.00024783599999999998,0
ER_V20000_D8,128,8,DCSC-sampled,wall,scratch_setup,3.7341e-05,0
ER_V20000_D8,128,8,DCSC-sampled,wall,work_bound,0.00030107799999999998,0
ER_V20000_D8,128,8,DCSC-sampled,wall,symbolic_capacity,0.00014539899999999999,0
ER_V20000_D8,128,8,DCSC-sampled,wall,symbolic,0.000325063,0
ER_V20000_D8,128,8,DCSC-sampled,wall,prefix_numeric_capacity,0.000459221,0
ER_V20000_D8,128,8,DCSC-sampled,wall,output_allocate,0.001546536,0
ER_V20000_D8,128,8,DCSC-sampled,wall,numeric,0.00098162300000000004,0
ER_V20000_D8,128,8,DCSC-sampled,wall,return_cleanup,1.522e-06,0
ER_V20000_D8,128,8,DCSC-sampled,wall,output_free,1.0330000000000001e-06,0
ER_V20000_D8,128,8,DCSC-sampled,sampled_worker,lookup,0,10000
ER_V20000_D8,128,8,DCSC-sampled,sampled_worker,alloc_init,0.002028691999999999,10000
ER_V20000_D8,128,8,DCSC-sampled,sampled_worker,lookup_multiply_hash,0.013525278000000005,10000
ER_V20000_D8,128,8,DCSC-sampled,sampled_worker,compact,0.0031233630000000027,10000
ER_V20000_D8,128,8,DCSC-sampled,sampled_worker,sort,0.014783817999999995,10000
ER_V20000_D8,128,8,DCSC-sampled,sampled_worker,write,0.017226432000000007,10000
ER_V20000_D8,128,8,DCSC-sampled,sampled_worker,scratch_free,0.0078883370000000005,10000
ER_V20000_D8,128,8,CombBLAS-sampled,wall,total,0.0069951869999999999,0
ER_V20000_D8,128,8,CombBLAS-sampled,wall,lookup_build,5.1579000000000002e-05,0
ER_V20000_D8,128,8,CombBLAS-sampled,wall,thread_setup,4.0828999999999998e-05,0
ER_V20000_D8,128,8,CombBLAS-sampled,wall,work_bound,0.00030019500000000001,0
ER_V20000_D8,128,8,CombBLAS-sampled,wall,work_prefix,5.7661000000000002e-05,0
ER_V20000_D8,128,8,CombBLAS-sampled,wall,symbolic,0.00048985900000000004,0
ER_V20000_D8,128,8,CombBLAS-sampled,wall,output_prefix,5.7259999999999997e-05,0
ER_V20000_D8,128,8,CombBLAS-sampled,wall,output_allocate,0.0045893920000000003,0
ER_V20000_D8,128,8,CombBLAS-sampled,wall,numeric_scratch_setup,0.00017091799999999999,0
ER_V20000_D8,128,8,CombBLAS-sampled,wall,numeric,0.0012117849999999999,0
ER_V20000_D8,128,8,CombBLAS-sampled,wall,internal_cleanup,2.1840000000000002e-06,0
ER_V20000_D8,128,8,CombBLAS-sampled,wall,return_cleanup,2.2753000000000001e-05,0
ER_V20000_D8,128,8,CombBLAS-sampled,wall,output_free,7.0200000000000001e-07,0
ER_V20000_D8,128,8,CombBLAS-sampled,sampled_worker,lookup,0.011657610999999998,10000
ER_V20000_D8,128,8,CombBLAS-sampled,sampled_worker,alloc_init,0.0017030410000000008,10000
ER_V20000_D8,128,8,CombBLAS-sampled,sampled_worker,lookup_multiply_hash,0.0090684679999999997,10000
ER_V20000_D8,128,8,CombBLAS-sampled,sampled_worker,compact,0.0032168769999999999,10000
ER_V20000_D8,128,8,CombBLAS-sampled,sampled_worker,sort,0.014407625000000004,10000
ER_V20000_D8,128,8,CombBLAS-sampled,sampled_worker,write,0.011547707999999999,10000
ER_V20000_D8,128,8,CombBLAS-sampled,sampled_worker,scratch_free,0.0040712539999999981,10000
ER_V20000_D8,128,9,CombBLAS-conversion,wall,total,0.011302357000000001,0
ER_V20000_D8,128,9,CombBLAS-conversion,wall,native_call,0.0043442519999999998,0
ER_V20000_D8,128,9,CombBLAS-conversion,wall,tuple_to_dcsc,0.0069552700000000004,0
ER_V20000_D8,128,9,CombBLAS-conversion,wall,dcsc_free,2.0839999999999999e-06,0
ER_V20000_D8,128,9,CombBLAS-conversion,wall,output_free,5.51e-07,0
ER_V20000_D8,128,9,CombBLAS-sampled,wall,total,0.0045578119999999996,0
ER_V20000_D8,128,9,CombBLAS-sampled,wall,lookup_build,1.7113e-05,0
ER_V20000_D8,128,9,CombBLAS-sampled,wall,thread_setup,6.0375999999999999e-05,0
ER_V20000_D8,128,9,CombBLAS-sampled,wall,work_bound,0.00026503799999999999,0
ER_V20000_D8,128,9,CombBLAS-sampled,wall,work_prefix,5.5075999999999999e-05,0
ER_V20000_D8,128,9,CombBLAS-sampled,wall,symbolic,0.0004328,0
ER_V20000_D8,128,9,CombBLAS-sampled,wall,output_prefix,5.3832999999999998e-05,0
ER_V20000_D8,128,9,CombBLAS-sampled,wall,output_allocate,0.002263181,0
ER_V20000_D8,128,9,CombBLAS-sampled,wall,numeric_scratch_setup,0.000154587,0
ER_V20000_D8,128,9,CombBLAS-sampled,wall,numeric,0.0012300989999999999,0
ER_V20000_D8,128,9,CombBLAS-sampled,wall,internal_cleanup,2.5550000000000001e-06,0
ER_V20000_D8,128,9,CombBLAS-sampled,wall,return_cleanup,2.2422999999999999e-05,0
ER_V20000_D8,128,9,CombBLAS-sampled,wall,output_free,6.8100000000000002e-07,0
ER_V20000_D8,128,9,CombBLAS-sampled,sampled_worker,lookup,0.012557886000000001,10000
ER_V20000_D8,128,9,CombBLAS-sampled,sampled_worker,alloc_init,0.0019123490000000003,10000
ER_V20000_D8,128,9,CombBLAS-sampled,sampled_worker,lookup_multiply_hash,0.008923680000000005,10000
ER_V20000_D8,128,9,CombBLAS-sampled,sampled_worker,compact,0.0032186150000000002,10000
ER_V20000_D8,128,9,CombBLAS-sampled,sampled_worker,sort,0.014228314000000004,10000
ER_V20000_D8,128,9,CombBLAS-sampled,sampled_worker,write,0.012293078000000001,10000
ER_V20000_D8,128,9,CombBLAS-sampled,sampled_worker,scratch_free,0.0040425869999999994,10000
ER_V20000_D8,128,9,DCSC-sampled,wall,total,0.00394699,0
ER_V20000_D8,128,9,DCSC-sampled,wall,validate,6.8199999999999999e-07,0
ER_V20000_D8,128,9,DCSC-sampled,wall,lookup_build,0.00024816600000000002,0
ER_V20000_D8,128,9,DCSC-sampled,wall,scratch_setup,3.2231999999999999e-05,0
ER_V20000_D8,128,9,DCSC-sampled,wall,work_bound,0.00030490399999999999,0
ER_V20000_D8,128,9,DCSC-sampled,wall,symbolic_capacity,0.00013256499999999999,0
ER_V20000_D8,128,9,DCSC-sampled,wall,symbolic,0.00030490500000000001,0
ER_V20000_D8,128,9,DCSC-sampled,wall,prefix_numeric_capacity,0.000459882,0
ER_V20000_D8,128,9,DCSC-sampled,wall,output_allocate,0.0014852579999999999,0
ER_V20000_D8,128,9,DCSC-sampled,wall,numeric,0.00097589200000000001,0
ER_V20000_D8,128,9,DCSC-sampled,wall,return_cleanup,1.2219999999999999e-06,0
ER_V20000_D8,128,9,DCSC-sampled,wall,output_free,1.223e-06,0
ER_V20000_D8,128,9,DCSC-sampled,sampled_worker,lookup,0,10000
ER_V20000_D8,128,9,DCSC-sampled,sampled_worker,alloc_init,0.0019655689999999995,10000
ER_V20000_D8,128,9,DCSC-sampled,sampled_worker,lookup_multiply_hash,0.013436528999999997,10000
ER_V20000_D8,128,9,DCSC-sampled,sampled_worker,compact,0.0031165919999999992,10000
ER_V20000_D8,128,9,DCSC-sampled,sampled_worker,sort,0.014785991000000009,10000
ER_V20000_D8,128,9,DCSC-sampled,sampled_worker,write,0.016782231999999998,10000
ER_V20000_D8,128,9,DCSC-sampled,sampled_worker,scratch_free,0.0076372770000000013,10000
ER_V20000_D8,128,9,CombBLAS-profile,wall,total,0.0070146030000000003,0
ER_V20000_D8,128,9,CombBLAS-profile,wall,lookup_build,5.1839000000000003e-05,0
ER_V20000_D8,128,9,CombBLAS-profile,wall,thread_setup,4.3954e-05,0
ER_V20000_D8,128,9,CombBLAS-profile,wall,work_bound,0.00030183899999999998,0
ER_V20000_D8,128,9,CombBLAS-profile,wall,work_prefix,5.702e-05,0
ER_V20000_D8,128,9,CombBLAS-profile,wall,symbolic,0.00040755099999999997,0
ER_V20000_D8,128,9,CombBLAS-profile,wall,output_prefix,5.6478999999999999e-05,0
ER_V20000_D8,128,9,CombBLAS-profile,wall,output_allocate,0.0046559799999999997,0
ER_V20000_D8,128,9,CombBLAS-profile,wall,numeric_scratch_setup,0.00021306799999999999,0
ER_V20000_D8,128,9,CombBLAS-profile,wall,numeric,0.0012017449999999999,0
ER_V20000_D8,128,9,CombBLAS-profile,wall,internal_cleanup,1.6729999999999999e-06,0
ER_V20000_D8,128,9,CombBLAS-profile,wall,return_cleanup,2.2904e-05,0
ER_V20000_D8,128,9,CombBLAS-profile,wall,output_free,5.0100000000000005e-07,0
ER_V20000_D8,128,9,DCSC-profile,wall,total,0.0040117240000000004,0
ER_V20000_D8,128,9,DCSC-profile,wall,validate,4.2100000000000002e-07,0
ER_V20000_D8,128,9,DCSC-profile,wall,lookup_build,0.00024808499999999999,0
ER_V20000_D8,128,9,DCSC-profile,wall,scratch_setup,3.7271999999999998e-05,0
ER_V20000_D8,128,9,DCSC-profile,wall,work_bound,0.00030115699999999998,0
ER_V20000_D8,128,9,DCSC-profile,wall,symbolic_capacity,0.00012668299999999999,0
ER_V20000_D8,128,9,DCSC-profile,wall,symbolic,0.00030596699999999998,0
ER_V20000_D8,128,9,DCSC-profile,wall,prefix_numeric_capacity,0.00046030300000000001,0
ER_V20000_D8,128,9,DCSC-profile,wall,output_allocate,0.001495258,0
ER_V20000_D8,128,9,DCSC-profile,wall,numeric,0.0010345039999999999,0
ER_V20000_D8,128,9,DCSC-profile,wall,return_cleanup,1.172e-06,0
ER_V20000_D8,128,9,DCSC-profile,wall,output_free,8.0100000000000004e-07,0
ER_V20000_D8,128,9,CSC-profile,wall,total,0.0043950700000000001,0
ER_V20000_D8,128,9,CSC-profile,wall,validate,4.6100000000000001e-07,0
ER_V20000_D8,128,9,CSC-profile,wall,lookup_build,4.0000000000000001e-08,0
ER_V20000_D8,128,9,CSC-profile,wall,scratch_setup,7.2979999999999996e-05,0
ER_V20000_D8,128,9,CSC-profile,wall,work_bound,0.000242234,0
ER_V20000_D8,128,9,CSC-profile,wall,symbolic_capacity,0.00013429800000000001,0
ER_V20000_D8,128,9,CSC-profile,wall,symbolic,0.00026623,0
ER_V20000_D8,128,9,CSC-profile,wall,prefix_numeric_capacity,0.00030694899999999999,0
ER_V20000_D8,128,9,CSC-profile,wall,output_allocate,0.0023131269999999999,0
ER_V20000_D8,128,9,CSC-profile,wall,numeric,0.001056857,0
ER_V20000_D8,128,9,CSC-profile,wall,return_cleanup,7.1099999999999995e-07,0
ER_V20000_D8,128,9,CSC-profile,wall,output_free,1.122e-06,0
ER_V20000_D8,128,9,CombBLAS-control,wall,total,0.0071291940000000002,0
ER_V20000_D8,128,9,CombBLAS-control,wall,native_call_and_free,0.0071288530000000001,0
ER_V20000_D8,128,9,DCSC-control,wall,total,0.00393604,0
ER_V20000_D8,128,9,DCSC-control,wall,native_call_and_free,0.003935778,0
ER_V20000_D8,128,9,CSC-control,wall,total,0.0042796680000000004,0
ER_V20000_D8,128,9,CSC-control,wall,native_call_and_free,0.0042794080000000002,0
ER_V20000_D8,128,9,DCSC-dense-static,wall,total,0.0040476640000000003,0
ER_V20000_D8,128,9,DCSC-dense-static,wall,native_call_and_free,0.0040471730000000003,0
ER_V20000_D8,128,9,DCSC-static,wall,total,0.0038057490000000002,0
ER_V20000_D8,128,9,DCSC-static,wall,native_call_and_free,0.0038054880000000001,0
ER_V20000_D8,128,9,DCSC-dense-lookup,wall,total,0.0038552640000000002,0
ER_V20000_D8,128,9,DCSC-dense-lookup,wall,native_call_and_free,0.0038550239999999999,0
ER_V20000_D8,128,10,DCSC-static,wall,total,0.0043964720000000002,0
ER_V20000_D8,128,10,DCSC-static,wall,native_call_and_free,0.004396212,0
ER_V20000_D8,128,10,DCSC-dense-static,wall,total,0.0034066140000000001,0
ER_V20000_D8,128,10,DCSC-dense-static,wall,native_call_and_free,0.0034061730000000002,0
ER_V20000_D8,128,10,CSC-control,wall,total,0.0035300399999999999,0
ER_V20000_D8,128,10,CSC-control,wall,native_call_and_free,0.0035299810000000002,0
ER_V20000_D8,128,10,DCSC-control,wall,total,0.0045360289999999996,0
ER_V20000_D8,128,10,DCSC-control,wall,native_call_and_free,0.0045357690000000003,0
ER_V20000_D8,128,10,CombBLAS-control,wall,total,0.0074119850000000003,0
ER_V20000_D8,128,10,CombBLAS-control,wall,native_call_and_free,0.0074117250000000001,0
ER_V20000_D8,128,10,CSC-profile,wall,total,0.0036611719999999999,0
ER_V20000_D8,128,10,CSC-profile,wall,validate,8.6199999999999996e-07,0
ER_V20000_D8,128,10,CSC-profile,wall,lookup_build,4.0000000000000001e-08,0
ER_V20000_D8,128,10,CSC-profile,wall,scratch_setup,6.4964999999999999e-05,0
ER_V20000_D8,128,10,CSC-profile,wall,work_bound,0.00025814499999999999,0
ER_V20000_D8,128,10,CSC-profile,wall,symbolic_capacity,0.00013144200000000001,0
ER_V20000_D8,128,10,CSC-profile,wall,symbolic,0.00026620000000000002,0
ER_V20000_D8,128,10,CSC-profile,wall,prefix_numeric_capacity,0.00030863199999999998,0
ER_V20000_D8,128,10,CSC-profile,wall,output_allocate,0.0015308159999999999,0
ER_V20000_D8,128,10,CSC-profile,wall,numeric,0.001097806,0
ER_V20000_D8,128,10,CSC-profile,wall,return_cleanup,1.1519999999999999e-06,0
ER_V20000_D8,128,10,CSC-profile,wall,output_free,1.052e-06,0
ER_V20000_D8,128,10,DCSC-profile,wall,total,0.0048573460000000002,0
ER_V20000_D8,128,10,DCSC-profile,wall,validate,4.6100000000000001e-07,0
ER_V20000_D8,128,10,DCSC-profile,wall,lookup_build,0.00026768400000000002,0
ER_V20000_D8,128,10,DCSC-profile,wall,scratch_setup,6.6006999999999993e-05,0
ER_V20000_D8,128,10,DCSC-profile,wall,work_bound,0.000305445,0
ER_V20000_D8,128,10,DCSC-profile,wall,symbolic_capacity,0.00012795600000000001,0
ER_V20000_D8,128,10,DCSC-profile,wall,symbolic,0.00030517499999999998,0
ER_V20000_D8,128,10,DCSC-profile,wall,prefix_numeric_capacity,0.000460653,0
ER_V20000_D8,128,10,DCSC-profile,wall,output_allocate,0.0022926280000000001,0
ER_V20000_D8,128,10,DCSC-profile,wall,numeric,0.001028913,0
ER_V20000_D8,128,10,DCSC-profile,wall,return_cleanup,1.3430000000000001e-06,0
ER_V20000_D8,128,10,DCSC-profile,wall,output_free,1.012e-06,0
ER_V20000_D8,128,10,CombBLAS-profile,wall,total,0.007026717,0
ER_V20000_D8,128,10,CombBLAS-profile,wall,lookup_build,5.2460999999999998e-05,0
ER_V20000_D8,128,10,CombBLAS-profile,wall,thread_setup,4.4776e-05,0
ER_V20000_D8,128,10,CombBLAS-profile,wall,work_bound,0.00030225,0
ER_V20000_D8,128,10,CombBLAS-profile,wall,work_prefix,5.8502000000000003e-05,0
ER_V20000_D8,128,10,CombBLAS-profile,wall,symbolic,0.00046571299999999998,0
ER_V20000_D8,128,10,CombBLAS-profile,wall,output_prefix,5.7609999999999999e-05,0
ER_V20000_D8,128,10,CombBLAS-profile,wall,output_allocate,0.0046457210000000002,0
ER_V20000_D8,128,10,CombBLAS-profile,wall,numeric_scratch_setup,0.00017495499999999999,0
ER_V20000_D8,128,10,CombBLAS-profile,wall,numeric,0.0011992000000000001,0
ER_V20000_D8,128,10,CombBLAS-profile,wall,internal_cleanup,2.3740000000000001e-06,0
ER_V20000_D8,128,10,CombBLAS-profile,wall,return_cleanup,2.2413999999999999e-05,0
ER_V20000_D8,128,10,CombBLAS-profile,wall,output_free,6.8100000000000002e-07,0
ER_V20000_D8,128,10,DCSC-sampled,wall,total,0.0040018859999999996,0
ER_V20000_D8,128,10,DCSC-sampled,wall,validate,2.2000000000000001e-07,0
ER_V20000_D8,128,10,DCSC-sampled,wall,lookup_build,0.00025613099999999999,0
ER_V20000_D8,128,10,DCSC-sampled,wall,scratch_setup,3.8464000000000003e-05,0
ER_V20000_D8,128,10,DCSC-sampled,wall,work_bound,0.000297781,0
ER_V20000_D8,128,10,DCSC-sampled,wall,symbolic_capacity,0.00012785499999999999,0
ER_V20000_D8,128,10,DCSC-sampled,wall,symbolic,0.00030644800000000002,0
ER_V20000_D8,128,10,DCSC-sampled,wall,prefix_numeric_capacity,0.00045881999999999997,0
ER_V20000_D8,128,10,DCSC-sampled,wall,output_allocate,0.0015412360000000001,0
ER_V20000_D8,128,10,DCSC-sampled,wall,numeric,0.00097266500000000005,0
ER_V20000_D8,128,10,DCSC-sampled,wall,return_cleanup,1.0419999999999999e-06,0
ER_V20000_D8,128,10,DCSC-sampled,wall,output_free,1.0419999999999999e-06,0
ER_V20000_D8,128,10,DCSC-sampled,sampled_worker,lookup,0,10000
ER_V20000_D8,128,10,DCSC-sampled,sampled_worker,alloc_init,0.0019286319999999998,10000
ER_V20000_D8,128,10,DCSC-sampled,sampled_worker,lookup_multiply_hash,0.013258966999999995,10000
ER_V20000_D8,128,10,DCSC-sampled,sampled_worker,compact,0.0031085319999999998,10000
ER_V20000_D8,128,10,DCSC-sampled,sampled_worker,sort,0.014775641000000004,10000
ER_V20000_D8,128,10,DCSC-sampled,sampled_worker,write,0.017239359000000003,10000
ER_V20000_D8,128,10,DCSC-sampled,sampled_worker,scratch_free,0.0077525620000000019,10000
ER_V20000_D8,128,10,CombBLAS-sampled,wall,total,0.0069709699999999999,0
ER_V20000_D8,128,10,CombBLAS-sampled,wall,lookup_build,8.1194999999999998e-05,0
ER_V20000_D8,128,10,CombBLAS-sampled,wall,thread_setup,6.3212000000000004e-05,0
ER_V20000_D8,128,10,CombBLAS-sampled,wall,work_bound,0.00034033300000000001,0
ER_V20000_D8,128,10,CombBLAS-sampled,wall,work_prefix,5.8201000000000001e-05,0
ER_V20000_D8,128,10,CombBLAS-sampled,wall,symbolic,0.00042547599999999999,0
ER_V20000_D8,128,10,CombBLAS-sampled,wall,output_prefix,5.7259999999999997e-05,0
ER_V20000_D8,128,10,CombBLAS-sampled,wall,output_allocate,0.0045402380000000003,0
ER_V20000_D8,128,10,CombBLAS-sampled,wall,numeric_scratch_setup,0.00017683900000000001,0
ER_V20000_D8,128,10,CombBLAS-sampled,wall,numeric,0.001202968,0
ER_V20000_D8,128,10,CombBLAS-sampled,wall,internal_cleanup,2.475e-06,0
ER_V20000_D8,128,10,CombBLAS-sampled,wall,return_cleanup,2.1982000000000001e-05,0
ER_V20000_D8,128,10,CombBLAS-sampled,wall,output_free,7.3099999999999997e-07,0
ER_V20000_D8,128,10,CombBLAS-sampled,sampled_worker,lookup,0.011600493999999999,10000
ER_V20000_D8,128,10,CombBLAS-sampled,sampled_worker,alloc_init,0.0016926710000000011,10000
ER_V20000_D8,128,10,CombBLAS-sampled,sampled_worker,lookup_multiply_hash,0.0090585890000000006,10000
ER_V20000_D8,128,10,CombBLAS-sampled,sampled_worker,compact,0.0032165889999999989,10000
ER_V20000_D8,128,10,CombBLAS-sampled,sampled_worker,sort,0.014361562999999999,10000
ER_V20000_D8,128,10,CombBLAS-sampled,sampled_worker,write,0.011462441999999995,10000
ER_V20000_D8,128,10,CombBLAS-sampled,sampled_worker,scratch_free,0.0040173590000000007,10000
ER_V20000_D8,128,10,CombBLAS-conversion,wall,total,0.011287719,0
ER_V20000_D8,128,10,CombBLAS-conversion,wall,native_call,0.0043090450000000001,0
ER_V20000_D8,128,10,CombBLAS-conversion,wall,tuple_to_dcsc,0.0069762499999999998,0
ER_V20000_D8,128,10,CombBLAS-conversion,wall,dcsc_free,1.593e-06,0
ER_V20000_D8,128,10,CombBLAS-conversion,wall,output_free,7.7100000000000001e-07,0
ER_V20000_D8,128,10,DCSC-dense-lookup,wall,total,0.0038108590000000002,0
ER_V20000_D8,128,10,DCSC-dense-lookup,wall,native_call_and_free,0.0038105890000000001,0
ER_V20000_D8,128,11,DCSC-static,wall,total,0.0044511170000000001,0
ER_V20000_D8,128,11,DCSC-static,wall,native_call_and_free,0.0044508569999999999,0
ER_V20000_D8,128,11,DCSC-dense-lookup,wall,total,0.0037762830000000001,0
ER_V20000_D8,128,11,DCSC-dense-lookup,wall,native_call_and_free,0.0037760319999999999,0
ER_V20000_D8,128,11,CombBLAS-conversion,wall,total,0.013960584999999999,0
ER_V20000_D8,128,11,CombBLAS-conversion,wall,native_call,0.0068498070000000003,0
ER_V20000_D8,128,11,CombBLAS-conversion,wall,tuple_to_dcsc,0.0071071720000000001,0
ER_V20000_D8,128,11,CombBLAS-conversion,wall,dcsc_free,2.5450000000000002e-06,0
ER_V20000_D8,128,11,CombBLAS-conversion,wall,output_free,9.9099999999999991e-07,0
ER_V20000_D8,128,11,CombBLAS-sampled,wall,total,0.004501634,0
ER_V20000_D8,128,11,CombBLAS-sampled,wall,lookup_build,1.7965000000000002e-05,0
ER_V20000_D8,128,11,CombBLAS-sampled,wall,thread_setup,6.1748000000000006e-05,0
ER_V20000_D8,128,11,CombBLAS-sampled,wall,work_bound,0.00026343500000000001,0
ER_V20000_D8,128,11,CombBLAS-sampled,wall,work_prefix,5.5075999999999999e-05,0
ER_V20000_D8,128,11,CombBLAS-sampled,wall,symbolic,0.00044263899999999999,0
ER_V20000_D8,128,11,CombBLAS-sampled,wall,output_prefix,5.3041999999999998e-05,0
ER_V20000_D8,128,11,CombBLAS-sampled,wall,output_allocate,0.0021890680000000002,0
ER_V20000_D8,128,11,CombBLAS-sampled,wall,numeric_scratch_setup,0.00015739199999999999,0
ER_V20000_D8,128,11,CombBLAS-sampled,wall,numeric,0.0012357799999999999,0
ER_V20000_D8,128,11,CombBLAS-sampled,wall,internal_cleanup,2.5450000000000002e-06,0
ER_V20000_D8,128,11,CombBLAS-sampled,wall,return_cleanup,2.2603e-05,0
ER_V20000_D8,128,11,CombBLAS-sampled,wall,output_free,2.91e-07,0
ER_V20000_D8,128,11,CombBLAS-sampled,sampled_worker,lookup,0.012760812999999998,10000
ER_V20000_D8,128,11,CombBLAS-sampled,sampled_worker,alloc_init,0.0019329740000000014,10000
ER_V20000_D8,128,11,CombBLAS-sampled,sampled_worker,lookup_multiply_hash,0.0090269999999999986,10000
ER_V20000_D8,128,11,CombBLAS-sampled,sampled_worker,compact,0.0032465069999999992,10000
ER_V20000_D8,128,11,CombBLAS-sampled,sampled_worker,sort,0.014502452000000002,10000
ER_V20000_D8,128,11,CombBLAS-sampled,sampled_worker,write,0.012738601999999996,10000
ER_V20000_D8,128,11,CombBLAS-sampled,sampled_worker,scratch_free,0.0043754960000000013,10000
ER_V20000_D8,128,11,DCSC-sampled,wall,total,0.0040664189999999999,0
ER_V20000_D8,128,11,DCSC-sampled,wall,validate,4.4999999999999998e-07,0
ER_V20000_D8,128,11,DCSC-sampled,wall,lookup_build,0.00025043100000000002,0
ER_V20000_D8,128,11,DCSC-sampled,wall,scratch_setup,3.4696000000000001e-05,0
ER_V20000_D8,128,11,DCSC-sampled,wall,work_bound,0.00030809099999999997,0
ER_V20000_D8,128,11,DCSC-sampled,wall,symbolic_capacity,0.000127615,0
ER_V20000_D8,128,11,DCSC-sampled,wall,symbolic,0.00030663799999999997,0
ER_V20000_D8,128,11,DCSC-sampled,wall,prefix_numeric_capacity,0.00046156499999999999,0
ER_V20000_D8,128,11,DCSC-sampled,wall,output_allocate,0.0015844089999999999,0
ER_V20000_D8,128,11,DCSC-sampled,wall,numeric,0.00098992799999999995,0
ER_V20000_D8,128,11,DCSC-sampled,wall,return_cleanup,1.283e-06,0
ER_V20000_D8,128,11,DCSC-sampled,wall,output_free,1.2419999999999999e-06,0
ER_V20000_D8,128,11,DCSC-sampled,sampled_worker,lookup,0,10000
ER_V20000_D8,128,11,DCSC-sampled,sampled_worker,alloc_init,0.002021593999999999,10000
ER_V20000_D8,128,11,DCSC-sampled,sampled_worker,lookup_multiply_hash,0.013357113999999993,10000
ER_V20000_D8,128,11,DCSC-sampled,sampled_worker,compact,0.003103925,10000
ER_V20000_D8,128,11,DCSC-sampled,sampled_worker,sort,0.014805185,10000
ER_V20000_D8,128,11,DCSC-sampled,sampled_worker,write,0.016706374999999992,10000
ER_V20000_D8,128,11,DCSC-sampled,sampled_worker,scratch_free,0.0075915069999999991,10000
ER_V20000_D8,128,11,CombBLAS-profile,wall,total,0.0069678149999999996,0
ER_V20000_D8,128,11,CombBLAS-profile,wall,lookup_build,5.1288000000000001e-05,0
ER_V20000_D8,128,11,CombBLAS-profile,wall,thread_setup,4.3173000000000002e-05,0
ER_V20000_D8,128,11,CombBLAS-profile,wall,work_bound,0.00030164900000000003,0
ER_V20000_D8,128,11,CombBLAS-profile,wall,work_prefix,5.8802999999999999e-05,0
ER_V20000_D8,128,11,CombBLAS-profile,wall,symbolic,0.00041403399999999997,0
ER_V20000_D8,128,11,CombBLAS-profile,wall,output_prefix,5.6558000000000003e-05,0
ER_V20000_D8,128,11,CombBLAS-profile,wall,output_allocate,0.0046598780000000001,0
ER_V20000_D8,128,11,CombBLAS-profile,wall,numeric_scratch_setup,0.000178662,0
ER_V20000_D8,128,11,CombBLAS-profile,wall,numeric,0.001175976,0
ER_V20000_D8,128,11,CombBLAS-profile,wall,internal_cleanup,3.2160000000000002e-06,0
ER_V20000_D8,128,11,CombBLAS-profile,wall,return_cleanup,2.3946000000000001e-05,0
ER_V20000_D8,128,11,CombBLAS-profile,wall,output_free,5.7100000000000002e-07,0
ER_V20000_D8,128,11,DCSC-profile,wall,total,0.0040782420000000002,0
ER_V20000_D8,128,11,DCSC-profile,wall,validate,4.2100000000000002e-07,0
ER_V20000_D8,128,11,DCSC-profile,wall,lookup_build,0.00025452800000000001,0
ER_V20000_D8,128,11,DCSC-profile,wall,scratch_setup,3.7020999999999997e-05,0
ER_V20000_D8,128,11,DCSC-profile,wall,work_bound,0.00030534600000000001,0
ER_V20000_D8,128,11,DCSC-profile,wall,symbolic_capacity,0.00012648299999999999,0
ER_V20000_D8,128,11,DCSC-profile,wall,symbolic,0.00030266000000000001,0
ER_V20000_D8,128,11,DCSC-profile,wall,prefix_numeric_capacity,0.000461104,0
ER_V20000_D8,128,11,DCSC-profile,wall,output_allocate,0.0015479090000000001,0
ER_V20000_D8,128,11,DCSC-profile,wall,numeric,0.001039524,0
ER_V20000_D8,128,11,DCSC-profile,wall,return_cleanup,1.6729999999999999e-06,0
ER_V20000_D8,128,11,DCSC-profile,wall,output_free,1.463e-06,0
ER_V20000_D8,128,11,CSC-profile,wall,total,0.0043442419999999999,0
ER_V20000_D8,128,11,CSC-profile,wall,validate,6.5199999999999996e-07,0
ER_V20000_D8,128,11,CSC-profile,wall,lookup_build,2.9999999999999997e-08,0
ER_V20000_D8,128,11,CSC-profile,wall,scratch_setup,0.000100843,0
ER_V20000_D8,128,11,CSC-profile,wall,work_bound,0.00024774500000000001,0
ER_V20000_D8,128,11,CSC-profile,wall,symbolic_capacity,0.00013167300000000001,0
ER_V20000_D8,128,11,CSC-profile,wall,symbolic,0.000268134,0
ER_V20000_D8,128,11,CSC-profile,wall,prefix_numeric_capacity,0.00030644800000000002,0
ER_V20000_D8,128,11,CSC-profile,wall,output_allocate,0.0022363489999999999,0
ER_V20000_D8,128,11,CSC-profile,wall,numeric,0.001050575,0
ER_V20000_D8,128,11,CSC-profile,wall,return_cleanup,5.1099999999999996e-07,0
ER_V20000_D8,128,11,CSC-profile,wall,output_free,1.0720000000000001e-06,0
ER_V20000_D8,128,11,CombBLAS-control,wall,total,0.0072587720000000001,0
ER_V20000_D8,128,11,CombBLAS-control,wall,native_call_and_free,0.0072585219999999999,0
ER_V20000_D8,128,11,DCSC-control,wall,total,0.0039384650000000004,0
ER_V20000_D8,128,11,DCSC-control,wall,native_call_and_free,0.003938184,0
ER_V20000_D8,128,11,CSC-control,wall,total,0.0042424059999999998,0
ER_V20000_D8,128,11,CSC-control,wall,native_call_and_free,0.0042421560000000004,0
ER_V20000_D8,128,11,DCSC-dense-static,wall,total,0.0040723299999999999,0
ER_V20000_D8,128,11,DCSC-dense-static,wall,native_call_and_free,0.0040722500000000003,0
