dataset,threads,backend,kind,phase,samples,mean_ms,median_ms,cv_pct
ER_V20000_D8,1,CSC-control,wall,native_call_and_free,12,75.19361258333333,75.2205245,0.23688298368813976
ER_V20000_D8,1,CSC-control,wall,total,12,75.19396325,75.22089500000001,0.23690119236278098
ER_V20000_D8,1,CSC-profile,wall,lookup_build,12,3.4916666666666664e-05,3.55e-05,14.624834081005758
ER_V20000_D8,1,CSC-profile,wall,numeric,12,57.51875991666667,57.5257415,0.29045606279340425
ER_V20000_D8,1,CSC-profile,wall,output_allocate,12,1.5444721666666668,1.607418,12.43198069816467
ER_V20000_D8,1,CSC-profile,wall,output_free,12,0.0008305833333333333,0.0007965,13.241100680207712
ER_V20000_D8,1,CSC-profile,wall,prefix_numeric_capacity,12,0.14795133333333332,0.147558,1.0393993276622813
ER_V20000_D8,1,CSC-profile,wall,return_cleanup,12,0.0012583333333333333,0.0013075000000000003,17.808044300897475
ER_V20000_D8,1,CSC-profile,wall,scratch_setup,12,0.01867758333333333,0.018836000000000002,15.187228343289245
ER_V20000_D8,1,CSC-profile,wall,symbolic,12,15.793146416666668,15.786603,0.3689041703484943
ER_V20000_D8,1,CSC-profile,wall,symbolic_capacity,12,0.13119825,0.1311565,0.2276581700936747
ER_V20000_D8,1,CSC-profile,wall,total,12,75.51193508333333,75.491209,0.20910060519788595
ER_V20000_D8,1,CSC-profile,wall,validate,12,0.0008240833333333334,0.000806,33.232543536781286
ER_V20000_D8,1,CSC-profile,wall,work_bound,12,0.35472275000000003,0.35303699999999993,1.1911458733529434
ER_V20000_D8,1,CombBLAS-control,wall,native_call_and_free,12,83.89733033333333,83.8776285,0.12249884062450629
ER_V20000_D8,1,CombBLAS-control,wall,total,12,83.89784383333333,83.8782795,0.12242613918183907
ER_V20000_D8,1,CombBLAS-conversion,wall,dcsc_free,12,0.0033671666666666667,0.0033664999999999997,17.530918425136637
ER_V20000_D8,1,CombBLAS-conversion,wall,native_call,12,83.75646841666668,83.731844,0.2316951081475144
ER_V20000_D8,1,CombBLAS-conversion,wall,output_free,12,0.0006765,0.0006869999999999999,14.63607483790451
ER_V20000_D8,1,CombBLAS-conversion,wall,total,12,90.83643008333334,90.86112250000001,0.15169448408291242
ER_V20000_D8,1,CombBLAS-conversion,wall,tuple_to_dcsc,12,7.075854666666666,7.0807455,1.594978506773852
ER_V20000_D8,1,CombBLAS-profile,wall,internal_cleanup,12,0.0024111666666666665,0.0024695,12.336767871591446
ER_V20000_D8,1,CombBLAS-profile,wall,lookup_build,12,0.018673333333333333,0.018516,3.412221966840184
ER_V20000_D8,1,CombBLAS-profile,wall,numeric,12,63.37241016666667,63.36295650000001,0.13942353041135008
ER_V20000_D8,1,CombBLAS-profile,wall,numeric_scratch_setup,12,0.08546999999999999,0.08553949999999999,1.31328614006592
ER_V20000_D8,1,CombBLAS-profile,wall,output_allocate,12,2.1960633333333335,2.1640355000000002,4.161873416376434
ER_V20000_D8,1,CombBLAS-profile,wall,output_free,12,0.00037491666666666663,0.00039549999999999996,46.10598618475665
ER_V20000_D8,1,CombBLAS-profile,wall,output_prefix,12,0.02703275,0.011867999999999998,184.33217610139218
ER_V20000_D8,1,CombBLAS-profile,wall,return_cleanup,12,0.0005769166666666667,0.0005859999999999999,3.0522581586093787
ER_V20000_D8,1,CombBLAS-profile,wall,symbolic,12,18.12028475,18.092855999999998,0.5046797125552773
ER_V20000_D8,1,CombBLAS-profile,wall,thread_setup,12,0.0021349999999999997,0.002084,13.141589028332723
ER_V20000_D8,1,CombBLAS-profile,wall,total,12,86.83418383333333,86.810343,0.10394825920458725
ER_V20000_D8,1,CombBLAS-profile,wall,work_bound,12,2.9949149166666666,2.9913674999999995,0.6226009434588338
ER_V20000_D8,1,CombBLAS-profile,wall,work_prefix,12,0.013775583333333334,0.014012,6.156353074997165
ER_V20000_D8,1,CombBLAS-sampled,sampled_worker,alloc_init,12,1.5555178333332627,1.5546764999999305,0.2428127982202101
ER_V20000_D8,1,CombBLAS-sampled,sampled_worker,compact,12,3.209763833333361,3.20727350000003,0.30624104513092953
ER_V20000_D8,1,CombBLAS-sampled,sampled_worker,lookup,12,2.077418749999993,2.0774939999999975,0.47534541330686914
ER_V20000_D8,1,CombBLAS-sampled,sampled_worker,lookup_multiply_hash,12,8.98321166666666,8.971092999999989,0.3983334112250813
ER_V20000_D8,1,CombBLAS-sampled,sampled_worker,scratch_free,12,0.703628166666644,0.7020424999999793,1.0451097137608762
ER_V20000_D8,1,CombBLAS-sampled,sampled_worker,sort,12,14.985940083333341,14.98945850000005,0.16994376436962538
ER_V20000_D8,1,CombBLAS-sampled,sampled_worker,write,12,2.12635691666663,2.10863399999996,2.6407415944721464
ER_V20000_D8,1,CombBLAS-sampled,wall,internal_cleanup,12,0.0026859166666666667,0.002715,14.727518923326805
ER_V20000_D8,1,CombBLAS-sampled,wall,lookup_build,12,0.01836283333333333,0.018175,3.5163706270482096
ER_V20000_D8,1,CombBLAS-sampled,wall,numeric,12,65.69702400000001,65.70411750000001,0.1888695629320806
ER_V20000_D8,1,CombBLAS-sampled,wall,numeric_scratch_setup,12,0.08438183333333334,0.08418600000000001,1.700523167753992
ER_V20000_D8,1,CombBLAS-sampled,wall,output_allocate,12,2.336266666666667,2.341822,3.991773915875513
ER_V20000_D8,1,CombBLAS-sampled,wall,output_free,12,0.0003520833333333333,0.000375,27.00626980151343
ER_V20000_D8,1,CombBLAS-sampled,wall,output_prefix,12,0.012781166666666666,0.012535000000000001,7.616014729320727
ER_V20000_D8,1,CombBLAS-sampled,wall,return_cleanup,12,0.0005651666666666667,0.0005459999999999999,10.894285734040624
ER_V20000_D8,1,CombBLAS-sampled,wall,symbolic,12,18.255948166666666,18.201029000000002,2.0425798259493595
ER_V20000_D8,1,CombBLAS-sampled,wall,thread_setup,12,0.0040778333333333335,0.0037870000000000004,49.401825048380054
ER_V20000_D8,1,CombBLAS-sampled,wall,total,12,89.4252945,89.2729465,0.46703675070556905
ER_V20000_D8,1,CombBLAS-sampled,wall,work_bound,12,2.998438416666666,2.9918335,0.6714592710823633
ER_V20000_D8,1,CombBLAS-sampled,wall,work_prefix,12,0.014343333333333333,0.014513,7.134340783121931
ER_V20000_D8,1,DCSC-control,wall,native_call_and_free,12,82.17377625,82.11747749999999,0.2897794221868671
ER_V20000_D8,1,DCSC-control,wall,total,12,82.17405941666667,82.1177635,0.28978349347267623
ER_V20000_D8,1,DCSC-dense-lookup,wall,native_call_and_free,12,74.89298533333333,74.92521799999999,0.32141817638016157
ER_V20000_D8,1,DCSC-dense-lookup,wall,total,12,74.89327508333334,74.9255135,0.3214063939843086
ER_V20000_D8,1,DCSC-dense-static,wall,native_call_and_free,12,75.17940541666667,75.1786245,0.4198058604799879
ER_V20000_D8,1,DCSC-dense-static,wall,total,12,75.17970683333333,75.1789245,0.419789549894121
ER_V20000_D8,1,DCSC-profile,wall,lookup_build,12,0.24471591666666667,0.244414,0.7966283635476517
ER_V20000_D8,1,DCSC-profile,wall,numeric,12,60.16951575,60.229542499999994,0.36983453978762615
ER_V20000_D8,1,DCSC-profile,wall,output_allocate,12,1.5254698333333334,1.4163315,10.798074485757418
ER_V20000_D8,1,DCSC-profile,wall,output_free,12,0.0009735833333333334,0.0009969999999999998,16.45212457647937
ER_V20000_D8,1,DCSC-profile,wall,prefix_numeric_capacity,12,0.14797200000000002,0.1479285,0.2811119305018439
ER_V20000_D8,1,DCSC-profile,wall,return_cleanup,12,0.0012115,0.001142,35.548902581148134
ER_V20000_D8,1,DCSC-profile,wall,scratch_setup,12,0.021163833333333333,0.019052,14.38797456656351
ER_V20000_D8,1,DCSC-profile,wall,symbolic,12,19.078035166666666,19.0350085,0.8165296173668642
ER_V20000_D8,1,DCSC-profile,wall,symbolic_capacity,12,0.12882108333333334,0.1285115,1.1251423332556723
ER_V20000_D8,1,DCSC-profile,wall,total,12,82.49700533333333,82.477954,0.29082446988387006
ER_V20000_D8,1,DCSC-profile,wall,validate,12,0.00032741666666666667,0.000261,31.73159925412409
ER_V20000_D8,1,DCSC-profile,wall,work_bound,12,1.1787366666666665,1.1788265,0.33405385858322895
ER_V20000_D8,1,DCSC-sampled,sampled_worker,alloc_init,12,1.1438455833333228,1.1407204999999863,0.6987750674478572
ER_V20000_D8,1,DCSC-sampled,sampled_worker,compact,12,3.0878057500000127,3.086544000000006,0.2578887668017618
ER_V20000_D8,1,DCSC-sampled,sampled_worker,lookup,12,0.0,0.0,0
ER_V20000_D8,1,DCSC-sampled,sampled_worker,lookup_multiply_hash,12,10.95289141666665,10.944736499999978,0.1838505928199407
ER_V20000_D8,1,DCSC-sampled,sampled_worker,scratch_free,12,0.781081333333297,0.7686894999999643,5.545610171986014
ER_V20000_D8,1,DCSC-sampled,sampled_worker,sort,12,14.74546133333331,14.745855999999991,0.2618984873111417
ER_V20000_D8,1,DCSC-sampled,sampled_worker,write,12,1.044802166666648,1.0378464999999837,2.867096793998185
ER_V20000_D8,1,DCSC-sampled,wall,lookup_build,12,0.24449391666666664,0.243612,0.823949857844148
ER_V20000_D8,1,DCSC-sampled,wall,numeric,12,62.48532983333333,62.4756905,0.19535078146654028
ER_V20000_D8,1,DCSC-sampled,wall,output_allocate,12,1.7347955833333333,1.7208154999999998,2.922448538577253
ER_V20000_D8,1,DCSC-sampled,wall,output_free,12,0.00111775,0.001147,16.716442243019
ER_V20000_D8,1,DCSC-sampled,wall,prefix_numeric_capacity,12,0.14830191666666667,0.147918,1.0410157457767817
ER_V20000_D8,1,DCSC-sampled,wall,return_cleanup,12,0.0011789166666666667,0.0012020000000000002,11.04361512569253
ER_V20000_D8,1,DCSC-sampled,wall,scratch_setup,12,0.024836916666666667,0.0247325,2.058573553967175
ER_V20000_D8,1,DCSC-sampled,wall,symbolic,12,19.041489000000002,19.042823000000002,0.41123885022265333
ER_V20000_D8,1,DCSC-sampled,wall,symbolic_capacity,12,0.1280005,0.12783,0.4954043613971561
ER_V20000_D8,1,DCSC-sampled,wall,total,12,84.98662116666667,84.9826425,0.1309744681292644
ER_V20000_D8,1,DCSC-sampled,wall,validate,12,0.00038325,0.0003555,39.62030941286899
ER_V20000_D8,1,DCSC-sampled,wall,work_bound,12,1.1766234166666667,1.1754845,0.2930906724631257
ER_V20000_D8,1,DCSC-static,wall,native_call_and_free,12,81.18862225,81.25803900000001,0.1767170852008473
ER_V20000_D8,1,DCSC-static,wall,total,12,81.1889165,81.2583395,0.1767156822988274
ER_V20000_D8,16,CSC-control,wall,native_call_and_free,12,6.272005166666666,6.261624,1.4872572165626048
ER_V20000_D8,16,CSC-control,wall,total,12,6.272439250000001,6.26207,1.4873126038024629
ER_V20000_D8,16,CSC-profile,wall,lookup_build,12,3.266666666666667e-05,2.9999999999999997e-05,13.007702840797926
ER_V20000_D8,16,CSC-profile,wall,numeric,12,3.649924583333333,3.6382480000000004,1.200850705745329
ER_V20000_D8,16,CSC-profile,wall,output_allocate,12,1.0841526666666665,1.083353,12.037111633257084
ER_V20000_D8,16,CSC-profile,wall,output_free,12,0.00112225,0.0011070000000000001,20.86860917556794
ER_V20000_D8,16,CSC-profile,wall,prefix_numeric_capacity,12,0.23195075,0.209597,19.62332188913324
ER_V20000_D8,16,CSC-profile,wall,return_cleanup,12,0.0006369166666666667,0.0006065,18.03313449475481
ER_V20000_D8,16,CSC-profile,wall,scratch_setup,12,0.04086783333333333,0.041494500000000004,15.019917220796092
ER_V20000_D8,16,CSC-profile,wall,symbolic,12,1.0824535,1.0824105,1.5377805894606411
ER_V20000_D8,16,CSC-profile,wall,symbolic_capacity,12,0.13302525,0.13115149999999998,2.8834771671144646
ER_V20000_D8,16,CSC-profile,wall,total,12,6.271239583333333,6.2994069999999995,2.6990113285621047
ER_V20000_D8,16,CSC-profile,wall,validate,12,0.0007196666666666666,0.0007160000000000001,31.16872442730263
ER_V20000_D8,16,CSC-profile,wall,work_bound,12,0.046289250000000004,0.045642,8.528629864566595
ER_V20000_D8,16,CombBLAS-control,wall,native_call_and_free,12,7.58619575,7.585979,0.5366084773899604
ER_V20000_D8,16,CombBLAS-control,wall,total,12,7.586531416666667,7.58625,0.5362159007684028
ER_V20000_D8,16,CombBLAS-conversion,wall,dcsc_free,12,0.0021507500000000003,0.002134,12.780587975589915
ER_V20000_D8,16,CombBLAS-conversion,wall,native_call,12,7.198621416666667,7.023074500000001,4.241214197770046
ER_V20000_D8,16,CombBLAS-conversion,wall,output_free,12,0.00066025,0.000661,23.313113645739076
ER_V20000_D8,16,CombBLAS-conversion,wall,total,12,13.768133166666667,13.7331845,2.3794340531755047
ER_V20000_D8,16,CombBLAS-conversion,wall,tuple_to_dcsc,12,6.566638833333333,6.6065205,1.9560286646990508
ER_V20000_D8,16,CombBLAS-profile,wall,internal_cleanup,12,0.0021675,0.002124,10.459073882698046
ER_V20000_D8,16,CombBLAS-profile,wall,lookup_build,12,0.03353266666666666,0.030012499999999998,21.04666453210448
ER_V20000_D8,16,CombBLAS-profile,wall,numeric,12,4.0792355,4.077696,0.5246514328248195
ER_V20000_D8,16,CombBLAS-profile,wall,numeric_scratch_setup,12,0.1024715,0.09859899999999999,7.066743464432703
ER_V20000_D8,16,CombBLAS-profile,wall,output_allocate,12,1.9171429166666667,1.9207239999999999,4.081163079356289
ER_V20000_D8,16,CombBLAS-profile,wall,output_free,12,0.0004023333333333334,0.0004705,26.282796404068463
ER_V20000_D8,16,CombBLAS-profile,wall,output_prefix,12,0.010795666666666667,0.0107555,2.25283791903866
ER_V20000_D8,16,CombBLAS-profile,wall,return_cleanup,12,0.0024045833333333337,0.0024245000000000004,7.762317565671193
ER_V20000_D8,16,CombBLAS-profile,wall,symbolic,12,1.2678643333333333,1.268062,2.7090655739400638
ER_V20000_D8,16,CombBLAS-profile,wall,thread_setup,12,0.005569916666666667,0.005550500000000001,13.166877482120054
ER_V20000_D8,16,CombBLAS-profile,wall,total,12,7.691641916666667,7.7138245,1.6113556583827604
ER_V20000_D8,16,CombBLAS-profile,wall,work_bound,12,0.258817,0.2565365,5.03018696307629
ER_V20000_D8,16,CombBLAS-profile,wall,work_prefix,12,0.011177333333333334,0.010931000000000001,6.410197698300985
ER_V20000_D8,16,CombBLAS-sampled,sampled_worker,alloc_init,12,1.526049083333333,1.5260844999999996,0.15122618592430515
ER_V20000_D8,16,CombBLAS-sampled,sampled_worker,compact,12,3.210097749999999,3.208730499999999,0.21936449388088955
ER_V20000_D8,16,CombBLAS-sampled,sampled_worker,lookup,12,1.9858153333333315,1.9814964999999982,0.6425651257236173
ER_V20000_D8,16,CombBLAS-sampled,sampled_worker,lookup_multiply_hash,12,9.035064833333331,9.033124499999998,0.33065336758757397
ER_V20000_D8,16,CombBLAS-sampled,sampled_worker,scratch_free,12,0.644228583333334,0.6425360000000007,0.9833592623012672
ER_V20000_D8,16,CombBLAS-sampled,sampled_worker,sort,12,14.888749333333335,14.882000999999999,0.17160376180684825
ER_V20000_D8,16,CombBLAS-sampled,sampled_worker,write,12,1.9458749166666665,1.9208509999999999,6.049195322688264
ER_V20000_D8,16,CombBLAS-sampled,wall,internal_cleanup,12,0.0020689166666666664,0.002114,13.284910928717814
ER_V20000_D8,16,CombBLAS-sampled,wall,lookup_build,12,0.026906,0.029757,31.246386597939658
ER_V20000_D8,16,CombBLAS-sampled,wall,numeric,12,4.2526175833333335,4.238054,1.064414031235161
ER_V20000_D8,16,CombBLAS-sampled,wall,numeric_scratch_setup,12,0.09526566666666667,0.09716099999999998,4.413896419301404
ER_V20000_D8,16,CombBLAS-sampled,wall,output_allocate,12,2.0568024166666667,2.0282505,9.160476735979616
ER_V20000_D8,16,CombBLAS-sampled,wall,output_free,12,0.00041683333333333335,0.000396,38.015118694759046
ER_V20000_D8,16,CombBLAS-sampled,wall,output_prefix,12,0.010014166666666666,0.010164,8.084498452201103
ER_V20000_D8,16,CombBLAS-sampled,wall,return_cleanup,12,0.002381833333333333,0.0022995000000000003,13.351520359300382
ER_V20000_D8,16,CombBLAS-sampled,wall,symbolic,12,1.2518418333333334,1.2537145,1.4233497217578153
ER_V20000_D8,16,CombBLAS-sampled,wall,thread_setup,12,0.008334833333333333,0.005986,70.98264897584052
ER_V20000_D8,16,CombBLAS-sampled,wall,total,12,7.9660485833333325,7.9915875,2.170585275962104
ER_V20000_D8,16,CombBLAS-sampled,wall,work_bound,12,0.24876883333333336,0.2516175,3.4886667610599855
ER_V20000_D8,16,CombBLAS-sampled,wall,work_prefix,12,0.010567083333333333,0.0107105,9.743544413620029
ER_V20000_D8,16,DCSC-control,wall,native_call_and_free,12,6.913879583333333,6.9119115,1.4762964336570972
ER_V20000_D8,16,DCSC-control,wall,total,12,6.914224333333333,6.912347,1.4760809172822773
ER_V20000_D8,16,DCSC-dense-lookup,wall,native_call_and_free,12,6.49924375,6.5415315,3.987522624362195
ER_V20000_D8,16,DCSC-dense-lookup,wall,total,12,6.4995476666666665,6.541822,3.9873244106235872
ER_V20000_D8,16,DCSC-dense-static,wall,native_call_and_free,12,6.276261833333333,6.280936500000001,1.0137488515899835
ER_V20000_D8,16,DCSC-dense-static,wall,total,12,6.2767160833333335,6.281321999999999,1.0144458238770113
ER_V20000_D8,16,DCSC-profile,wall,lookup_build,12,0.25331508333333336,0.25199849999999996,2.1522971686871797
ER_V20000_D8,16,DCSC-profile,wall,numeric,12,3.8129657499999996,3.812192,0.16828179491439285
ER_V20000_D8,16,DCSC-profile,wall,output_allocate,12,1.134971,1.2319280000000001,11.152035690584285
ER_V20000_D8,16,DCSC-profile,wall,output_free,12,0.0009952499999999998,0.0010264999999999999,10.140916335783777
ER_V20000_D8,16,DCSC-profile,wall,prefix_numeric_capacity,12,0.296614,0.2850765,9.524722830320279
ER_V20000_D8,16,DCSC-profile,wall,return_cleanup,12,0.0008547499999999999,0.000861,10.031007697462273
ER_V20000_D8,16,DCSC-profile,wall,scratch_setup,12,0.033904833333333335,0.0323065,19.66291370081993
ER_V20000_D8,16,DCSC-profile,wall,symbolic,12,1.2510985833333335,1.252056,0.7615351875316448
ER_V20000_D8,16,DCSC-profile,wall,symbolic_capacity,12,0.13253583333333332,0.1295135,4.730785673213341
ER_V20000_D8,16,DCSC-profile,wall,total,12,7.041250583333333,7.116243,2.147297981944261
ER_V20000_D8,16,DCSC-profile,wall,validate,12,0.0004660833333333333,0.000446,21.115937680907223
ER_V20000_D8,16,DCSC-profile,wall,work_bound,12,0.12346849999999998,0.12371749999999998,2.775686545161606
ER_V20000_D8,16,DCSC-sampled,sampled_worker,alloc_init,12,1.1159387499999998,1.1136915,0.48112936639907994
ER_V20000_D8,16,DCSC-sampled,sampled_worker,compact,12,3.1094737499999985,3.101430999999999,0.7038401079530153
ER_V20000_D8,16,DCSC-sampled,sampled_worker,lookup,12,0.0,0.0,0
ER_V20000_D8,16,DCSC-sampled,sampled_worker,lookup_multiply_hash,12,11.020382333333332,10.989642499999999,0.6419246725698259
ER_V20000_D8,16,DCSC-sampled,sampled_worker,scratch_free,12,0.728396500000001,0.6905865000000008,17.865689293227852
ER_V20000_D8,16,DCSC-sampled,sampled_worker,sort,12,14.724890916666666,14.725811500000004,0.18300676077760433
ER_V20000_D8,16,DCSC-sampled,sampled_worker,write,12,1.1315294999999996,1.1203184999999996,3.6547831514224236
ER_V20000_D8,16,DCSC-sampled,wall,lookup_build,12,0.2475980833333333,0.245255,1.4576087769163064
ER_V20000_D8,16,DCSC-sampled,wall,numeric,12,3.9769849999999995,3.961543,1.243562793568421
ER_V20000_D8,16,DCSC-sampled,wall,output_allocate,12,0.9808219166666666,0.9880345,1.9013087175693835
ER_V20000_D8,16,DCSC-sampled,wall,output_free,12,0.001139,0.001042,22.762453368348034
ER_V20000_D8,16,DCSC-sampled,wall,prefix_numeric_capacity,12,0.28200933333333333,0.2833385,1.2178108347838073
ER_V20000_D8,16,DCSC-sampled,wall,return_cleanup,12,0.0008665833333333334,0.000872,13.550724190169147
ER_V20000_D8,16,DCSC-sampled,wall,scratch_setup,12,0.029366333333333335,0.0290155,3.6610391683473202
ER_V20000_D8,16,DCSC-sampled,wall,symbolic,12,1.2473105,1.247828,0.3794507264429529
ER_V20000_D8,16,DCSC-sampled,wall,symbolic_capacity,12,0.1276125,0.127224,1.5603351628415658
ER_V20000_D8,16,DCSC-sampled,wall,total,12,7.015885166666667,7.011628000000001,0.7769315445833234
ER_V20000_D8,16,DCSC-sampled,wall,validate,12,0.0003776666666666667,0.00025100000000000003,45.017825078340685
ER_V20000_D8,16,DCSC-sampled,wall,work_bound,12,0.12173166666666667,0.1214425,1.0671031051924256
ER_V20000_D8,16,DCSC-static,wall,native_call_and_free,12,6.84771925,6.865222,1.333990313285196
ER_V20000_D8,16,DCSC-static,wall,total,12,6.848134333333333,6.865828,1.3345939443074928
ER_V20000_D8,128,CSC-control,wall,native_call_and_free,12,3.8718777500000003,3.6191565,8.72242432815385
ER_V20000_D8,128,CSC-control,wall,total,12,3.8721105,3.619577,8.721748468974514
ER_V20000_D8,128,CSC-profile,wall,lookup_build,12,3.583333333333333e-05,4e-05,13.758325076975856
ER_V20000_D8,128,CSC-profile,wall,numeric,12,1.08295275,1.085567,1.9891666482939603
ER_V20000_D8,128,CSC-profile,wall,output_allocate,12,1.9048351666666667,1.883107,20.01746831086133
ER_V20000_D8,128,CSC-profile,wall,output_free,12,0.0010320833333333334,0.0010919999999999999,15.493561053516606
ER_V20000_D8,128,CSC-profile,wall,prefix_numeric_capacity,12,0.3133016666666667,0.307069,6.598456394298545
ER_V20000_D8,128,CSC-profile,wall,return_cleanup,12,0.0009158333333333333,0.0009565000000000001,32.091381080362126
ER_V20000_D8,128,CSC-profile,wall,scratch_setup,12,0.06457641666666666,0.06897249999999999,26.705976658655654
ER_V20000_D8,128,CSC-profile,wall,symbolic,12,0.27211275,0.26859,3.1550149134916636
ER_V20000_D8,128,CSC-profile,wall,symbolic_capacity,12,0.13447716666666668,0.131462,4.845034124157188
ER_V20000_D8,128,CSC-profile,wall,total,12,4.026117583333333,4.0248745,9.277873517684402
ER_V20000_D8,128,CSC-profile,wall,validate,12,0.000653,0.0006464999999999999,31.889470898369456
ER_V20000_D8,128,CSC-profile,wall,work_bound,12,0.2511365,0.25281000000000003,2.338669713544661
ER_V20000_D8,128,CombBLAS-control,wall,native_call_and_free,12,7.160230583333333,7.156991499999999,1.8186765197532366
ER_V20000_D8,128,CombBLAS-control,wall,total,12,7.160490083333333,7.157252000000001,1.8190007356830062
ER_V20000_D8,128,CombBLAS-conversion,wall,dcsc_free,12,0.0020005,0.0020435,20.641777383493555
ER_V20000_D8,128,CombBLAS-conversion,wall,native_call,12,5.444471333333333,4.353154,24.211080473083328
ER_V20000_D8,128,CombBLAS-conversion,wall,output_free,12,0.0006570833333333333,0.000616,20.04698274866277
ER_V20000_D8,128,CombBLAS-conversion,wall,total,12,12.457178916666667,11.3114445,11.085880638010952
ER_V20000_D8,128,CombBLAS-conversion,wall,tuple_to_dcsc,12,7.0099565833333335,6.9692415,0.9577064029862558
ER_V20000_D8,128,CombBLAS-profile,wall,internal_cleanup,12,0.00259575,0.00265,15.72749605540035
ER_V20000_D8,128,CombBLAS-profile,wall,lookup_build,12,0.054601416666666666,0.0519145,15.153235545060898
ER_V20000_D8,128,CombBLAS-profile,wall,numeric,12,1.2199405833333334,1.204931,3.0107170939669428
ER_V20000_D8,128,CombBLAS-profile,wall,numeric_scratch_setup,12,0.17991416666666668,0.17716500000000002,5.731539069448904
ER_V20000_D8,128,CombBLAS-profile,wall,output_allocate,12,4.604507083333333,4.6005585,1.2027685899922411
ER_V20000_D8,128,CombBLAS-profile,wall,output_free,12,0.0005660833333333334,0.0006215,31.882906736959207
ER_V20000_D8,128,CombBLAS-profile,wall,output_prefix,12,0.06526508333333333,0.058923,15.58235946641669
ER_V20000_D8,128,CombBLAS-profile,wall,return_cleanup,12,0.022869749999999998,0.022557999999999998,3.4439349636871657
ER_V20000_D8,128,CombBLAS-profile,wall,symbolic,12,0.46368183333333335,0.465518,8.334612468145874
ER_V20000_D8,128,CombBLAS-profile,wall,thread_setup,12,0.04393441666666667,0.043083,13.703322885659414
ER_V20000_D8,128,CombBLAS-profile,wall,total,12,7.024146916666666,7.0248135000000005,0.7629187026721588
ER_V20000_D8,128,CombBLAS-profile,wall,work_bound,12,0.3064994166666667,0.30376200000000003,2.9555434289356577
ER_V20000_D8,128,CombBLAS-profile,wall,work_prefix,12,0.05970866666666667,0.058352,9.960891438979765
ER_V20000_D8,128,CombBLAS-sampled,sampled_worker,alloc_init,12,1.8208276666666676,1.7553625000000013,6.646664105649831
ER_V20000_D8,128,CombBLAS-sampled,sampled_worker,compact,12,3.23195375,3.222299,0.6136326128509819
ER_V20000_D8,128,CombBLAS-sampled,sampled_worker,lookup,12,11.993234,11.663920500000001,5.363512562904252
ER_V20000_D8,128,CombBLAS-sampled,sampled_worker,lookup_multiply_hash,12,9.03183525,9.0427945,0.7116261557648565
ER_V20000_D8,128,CombBLAS-sampled,sampled_worker,scratch_free,12,4.105746249999999,4.071269999999998,2.514440011566296
ER_V20000_D8,128,CombBLAS-sampled,sampled_worker,sort,12,14.478050833333336,14.490790500000003,0.7518307271445309
ER_V20000_D8,128,CombBLAS-sampled,sampled_worker,write,12,12.004868666666669,11.719510000000003,4.9999149936571765
ER_V20000_D8,128,CombBLAS-sampled,wall,internal_cleanup,12,0.0025808333333333334,0.0025450000000000004,10.858186623283299
ER_V20000_D8,128,CombBLAS-sampled,wall,lookup_build,12,0.03696175,0.034381,56.63643772445282
ER_V20000_D8,128,CombBLAS-sampled,wall,numeric,12,1.2433774166666667,1.2329394999999999,3.022210632234385
ER_V20000_D8,128,CombBLAS-sampled,wall,numeric_scratch_setup,12,0.16889641666666666,0.1661185,9.422426338862257
ER_V20000_D8,128,CombBLAS-sampled,wall,output_allocate,12,3.3951874999999996,3.3936539999999997,33.151906067849936
ER_V20000_D8,128,CombBLAS-sampled,wall,output_free,12,0.0005434166666666667,0.0005955000000000001,42.13692247902638
ER_V20000_D8,128,CombBLAS-sampled,wall,output_prefix,12,0.05950166666666667,0.0570245,12.854569624092344
ER_V20000_D8,128,CombBLAS-sampled,wall,return_cleanup,12,0.02265425,0.022598,2.116245897006862
ER_V20000_D8,128,CombBLAS-sampled,wall,symbolic,12,0.4479883333333333,0.432951,9.12841480738447
ER_V20000_D8,128,CombBLAS-sampled,wall,thread_setup,12,0.05243383333333333,0.0594585,18.822851498683395
ER_V20000_D8,128,CombBLAS-sampled,wall,total,12,5.774066083333333,5.7400235,19.94104157561818
ER_V20000_D8,128,CombBLAS-sampled,wall,work_bound,12,0.28719008333333335,0.28448000000000007,8.329686402821807
ER_V20000_D8,128,CombBLAS-sampled,wall,work_prefix,12,0.056689583333333335,0.056569,2.7703021111054285
ER_V20000_D8,128,DCSC-control,wall,native_call_and_free,12,4.279199,4.294311,7.213831294455013
ER_V20000_D8,128,DCSC-control,wall,total,12,4.279387583333333,4.294471,7.213027960769709
ER_V20000_D8,128,DCSC-dense-lookup,wall,native_call_and_free,12,3.85820575,3.8526995,1.5211391979389435
ER_V20000_D8,128,DCSC-dense-lookup,wall,total,12,3.858411166666667,3.8529545,1.5215181242489266
ER_V20000_D8,128,DCSC-dense-static,wall,native_call_and_free,12,3.749932333333333,3.7509045,8.302567579233557
ER_V20000_D8,128,DCSC-dense-static,wall,total,12,3.75017675,3.7510594999999998,8.301086196995865
ER_V20000_D8,128,DCSC-profile,wall,lookup_build,12,0.2582828333333333,0.2601395,3.401892137051721
ER_V20000_D8,128,DCSC-profile,wall,numeric,12,1.0410632499999999,1.0398195000000001,1.8245137949147532
ER_V20000_D8,128,DCSC-profile,wall,output_allocate,12,1.9778160833333336,2.2787855,19.437979332548565
ER_V20000_D8,128,DCSC-profile,wall,output_free,12,0.0011214166666666666,0.001092,22.570952237603414
ER_V20000_D8,128,DCSC-profile,wall,prefix_numeric_capacity,12,0.47081375,0.4646715,3.38107123128531
ER_V20000_D8,128,DCSC-profile,wall,return_cleanup,12,0.0013242500000000001,0.0013325,14.487268269545053
ER_V20000_D8,128,DCSC-profile,wall,scratch_setup,12,0.051213249999999995,0.056839,24.23101462833786
ER_V20000_D8,128,DCSC-profile,wall,symbolic,12,0.3108093333333333,0.30595649999999996,2.8690732320021994
ER_V20000_D8,128,DCSC-profile,wall,symbolic_capacity,12,0.13045533333333334,0.12800099999999998,4.900185820037776
ER_V20000_D8,128,DCSC-profile,wall,total,12,4.54862825,4.866529,9.102319676047777
ER_V20000_D8,128,DCSC-profile,wall,validate,12,0.00039650000000000004,0.00043050000000000006,21.45500367425493
ER_V20000_D8,128,DCSC-profile,wall,work_bound,12,0.3052620833333333,0.30539550000000004,1.107550704038942
ER_V20000_D8,128,DCSC-sampled,sampled_worker,alloc_init,12,1.9896916666666664,1.9976694999999993,3.0087919135527907
ER_V20000_D8,128,DCSC-sampled,sampled_worker,compact,12,3.132435,3.1245590000000014,0.7748816476129204
ER_V20000_D8,128,DCSC-sampled,sampled_worker,lookup,12,0.0,0.0,0
ER_V20000_D8,128,DCSC-sampled,sampled_worker,lookup_multiply_hash,12,14.194681666666668,13.903943999999997,6.4354998968394
ER_V20000_D8,128,DCSC-sampled,sampled_worker,scratch_free,12,7.804248833333334,7.7605414999999995,2.299190446586065
ER_V20000_D8,128,DCSC-sampled,sampled_worker,sort,12,14.812334333333332,14.784904500000001,0.3914472819344555
ER_V20000_D8,128,DCSC-sampled,sampled_worker,write,12,17.453886750000002,17.354198500000006,2.8143145029118593
ER_V20000_D8,128,DCSC-sampled,wall,lookup_build,12,0.24996283333333333,0.24800099999999997,1.3321063132568614
ER_V20000_D8,128,DCSC-sampled,wall,numeric,12,0.9885634999999999,0.9861515,1.2548937266166151
ER_V20000_D8,128,DCSC-sampled,wall,output_allocate,12,1.5505213333333334,1.5420375000000002,3.401333571472463
ER_V20000_D8,128,DCSC-sampled,wall,output_free,12,0.0011998333333333334,0.0011719999999999999,15.262773111167256
ER_V20000_D8,128,DCSC-sampled,wall,prefix_numeric_capacity,12,0.4746386666666667,0.464962,3.78995506006465
ER_V20000_D8,128,DCSC-sampled,wall,return_cleanup,12,0.0014075833333333334,0.0013275,22.56407131432168
ER_V20000_D8,128,DCSC-sampled,wall,scratch_setup,12,0.037338249999999996,0.037602,11.221953060836833
ER_V20000_D8,128,DCSC-sampled,wall,symbolic,12,0.30858349999999996,0.306683,1.996013868211321
ER_V20000_D8,128,DCSC-sampled,wall,symbolic_capacity,12,0.12889058333333334,0.12707849999999998,4.072684285498505
ER_V20000_D8,128,DCSC-sampled,wall,total,12,4.04758225,4.0462505,1.700893543332086
ER_V20000_D8,128,DCSC-sampled,wall,validate,12,0.00034383333333333336,0.00026550000000000006,45.397197257250305
ER_V20000_D8,128,DCSC-sampled,wall,work_bound,12,0.3060595,0.30486450000000004,1.8604959671455858
ER_V20000_D8,128,DCSC-static,wall,native_call_and_free,12,4.159846833333333,4.359276,7.496783499890196
ER_V20000_D8,128,DCSC-static,wall,total,12,4.160039666666666,4.3595415,7.496563996326742
amazon0312.mtx,1,CSC-control,wall,native_call_and_free,4,1084.00720925,1084.0559375,0.029124698379707853
amazon0312.mtx,1,CSC-control,wall,total,4,1084.0077255,1084.056404,0.029123478225498965
amazon0312.mtx,1,CSC-profile,wall,lookup_build,4,3.775e-05,4e-05,11.902119705702935
amazon0312.mtx,1,CSC-profile,wall,numeric,4,820.984825,820.85446,0.06350028859711318
amazon0312.mtx,1,CSC-profile,wall,output_allocate,4,11.68696275,11.682587000000002,0.26207546667992937
amazon0312.mtx,1,CSC-profile,wall,output_free,4,0.0015807500000000001,0.0016185,17.210706490284185
amazon0312.mtx,1,CSC-profile,wall,prefix_numeric_capacity,4,2.8610344999999997,2.8377325,1.6840392052700983
amazon0312.mtx,1,CSC-profile,wall,return_cleanup,4,0.0019837500000000003,0.0019490000000000002,5.49907904462825
amazon0312.mtx,1,CSC-profile,wall,scratch_setup,4,0.65628875,0.6576460000000001,5.059926291628983
amazon0312.mtx,1,CSC-profile,wall,symbolic,4,235.875373,235.77766,0.11930650248318629
amazon0312.mtx,1,CSC-profile,wall,symbolic_capacity,4,3.2761509999999996,3.2576335,1.2383180367151738
amazon0312.mtx,1,CSC-profile,wall,total,4,1084.68657475,1084.3676854999999,0.06855363230419331
amazon0312.mtx,1,CSC-profile,wall,validate,4,0.00054125,0.000516,14.913018273397551
amazon0312.mtx,1,CSC-profile,wall,work_bound,4,9.34173425,9.3414065,0.9941966392129811
amazon0312.mtx,1,CombBLAS-control,wall,native_call_and_free,4,1264.0460930000002,1263.91803,0.034075925083613796
amazon0312.mtx,1,CombBLAS-control,wall,total,4,1264.046569,1263.918551,0.034083270819373186
amazon0312.mtx,1,CombBLAS-conversion,wall,dcsc_free,4,0.004267999999999999,0.004377999999999999,13.135556313917464
amazon0312.mtx,1,CombBLAS-conversion,wall,native_call,4,1263.95023425,1263.5492425,0.09640323493147786
amazon0312.mtx,1,CombBLAS-conversion,wall,output_free,4,0.0007292500000000001,0.000727,22.3995011866699
amazon0312.mtx,1,CombBLAS-conversion,wall,total,4,1317.2913925,1316.9201705,0.09068494951651292
amazon0312.mtx,1,CombBLAS-conversion,wall,tuple_to_dcsc,4,53.33609875,53.335465,0.07282371467376948
amazon0312.mtx,1,CombBLAS-profile,wall,internal_cleanup,4,0.00364675,0.0036265,6.020022275496994
amazon0312.mtx,1,CombBLAS-profile,wall,lookup_build,4,0.32171675,0.3175385,2.4372821799392663
amazon0312.mtx,1,CombBLAS-profile,wall,numeric,4,914.91876125,914.619968,0.0815195494310287
amazon0312.mtx,1,CombBLAS-profile,wall,numeric_scratch_setup,4,2.17199825,2.1694455,0.6596758651615973
amazon0312.mtx,1,CombBLAS-profile,wall,output_allocate,4,17.763274,17.772516500000002,0.20914751584804853
amazon0312.mtx,1,CombBLAS-profile,wall,output_free,4,0.0006814999999999999,0.0007015,18.162141962620325
amazon0312.mtx,1,CombBLAS-profile,wall,output_prefix,4,0.3043435,0.3050245,0.9788020720011688
amazon0312.mtx,1,CombBLAS-profile,wall,return_cleanup,4,0.00062375,0.0005865,11.838447311351077
amazon0312.mtx,1,CombBLAS-profile,wall,symbolic,4,279.107578,279.110506,0.08443674011069609
amazon0312.mtx,1,CombBLAS-profile,wall,thread_setup,4,0.003254,0.0033415000000000003,13.32668115113971
amazon0312.mtx,1,CombBLAS-profile,wall,total,4,1281.30521525,1281.043701,0.07033048721083601
amazon0312.mtx,1,CombBLAS-profile,wall,work_bound,4,66.4824275,66.4967075,0.17347705921154458
amazon0312.mtx,1,CombBLAS-profile,wall,work_prefix,4,0.2268575,0.225728,1.149384738856685
amazon0312.mtx,1,CombBLAS-sampled,sampled_worker,alloc_init,4,0.9259422499999888,0.9267899999999877,0.3891296043703342
amazon0312.mtx,1,CombBLAS-sampled,sampled_worker,compact,4,1.6212464999999538,1.6210304999999574,0.08164159134515298
amazon0312.mtx,1,CombBLAS-sampled,sampled_worker,lookup,4,2.0401957499999828,2.0413079999999826,0.2897265088292512
amazon0312.mtx,1,CombBLAS-sampled,sampled_worker,lookup_multiply_hash,4,7.908247999999906,7.908197999999884,0.05889497294820929
amazon0312.mtx,1,CombBLAS-sampled,sampled_worker,scratch_free,4,0.38263849999995897,0.3830844999999585,0.5765299210165127
amazon0312.mtx,1,CombBLAS-sampled,sampled_worker,sort,4,7.010429749999912,6.971724499999921,1.104897052009032
amazon0312.mtx,1,CombBLAS-sampled,sampled_worker,write,4,1.1394882500000185,1.1395465000000196,0.20489826724217702
amazon0312.mtx,1,CombBLAS-sampled,wall,internal_cleanup,4,0.004068,0.003958,7.879705223610919
amazon0312.mtx,1,CombBLAS-sampled,wall,lookup_build,4,0.35718775,0.333049,14.456849883558263
amazon0312.mtx,1,CombBLAS-sampled,wall,numeric,4,919.04096425,918.8738265000001,0.06733766938390845
amazon0312.mtx,1,CombBLAS-sampled,wall,numeric_scratch_setup,4,2.17170525,2.1736745,0.6834878634351945
amazon0312.mtx,1,CombBLAS-sampled,wall,output_allocate,4,17.7780275,17.769220500000003,0.39853279555553944
amazon0312.mtx,1,CombBLAS-sampled,wall,output_free,4,0.000581,0.0006209999999999999,32.057462826234776
amazon0312.mtx,1,CombBLAS-sampled,wall,output_prefix,4,0.304767,0.3048495,0.5355802573736981
amazon0312.mtx,1,CombBLAS-sampled,wall,return_cleanup,4,0.0005760000000000001,0.0005760000000000001,1.9410312304685693
amazon0312.mtx,1,CombBLAS-sampled,wall,symbolic,4,278.908273,278.70079050000004,0.16711322138659443
amazon0312.mtx,1,CombBLAS-sampled,wall,thread_setup,4,0.005339999999999999,0.0050895,34.816947058782645
amazon0312.mtx,1,CombBLAS-sampled,wall,total,4,1285.1608605,1284.7159045,0.08183736622255328
amazon0312.mtx,1,CombBLAS-sampled,wall,work_bound,4,66.3631915,66.382388,0.15377505966701063
amazon0312.mtx,1,CombBLAS-sampled,wall,work_prefix,4,0.22611350000000002,0.226389,0.47365577458218583
amazon0312.mtx,1,DCSC-control,wall,native_call_and_free,4,1289.19022125,1289.1166804999998,0.024556444689990735
amazon0312.mtx,1,DCSC-control,wall,total,4,1289.19050875,1289.1169704999998,0.024556625066928673
amazon0312.mtx,1,DCSC-dense-lookup,wall,native_call_and_free,4,1091.89003075,1092.497899,0.11702805650104693
amazon0312.mtx,1,DCSC-dense-lookup,wall,total,4,1091.89039425,1092.4982355,0.11702173715669273
amazon0312.mtx,1,DCSC-dense-static,wall,native_call_and_free,4,1088.4311695,1088.524724,0.04900561396653203
amazon0312.mtx,1,DCSC-dense-static,wall,total,4,1088.4316205,1088.52518,0.04900057630682967
amazon0312.mtx,1,DCSC-profile,wall,lookup_build,4,5.476085250000001,5.4739985,0.12934317671674758
amazon0312.mtx,1,DCSC-profile,wall,numeric,4,937.8452377499999,937.5922375000001,0.06671037749545106
amazon0312.mtx,1,DCSC-profile,wall,output_allocate,4,12.2395175,12.2083655,0.9221300571990498
amazon0312.mtx,1,DCSC-profile,wall,output_free,4,0.0018989999999999999,0.0018390000000000001,7.263356621450086
amazon0312.mtx,1,DCSC-profile,wall,prefix_numeric_capacity,4,2.8257747500000003,2.8252334999999995,0.08927027865098003
amazon0312.mtx,1,DCSC-profile,wall,return_cleanup,4,0.00153525,0.0015429999999999999,6.861012599784686
amazon0312.mtx,1,DCSC-profile,wall,scratch_setup,4,0.64257975,0.644972,0.8932975807406608
amazon0312.mtx,1,DCSC-profile,wall,symbolic,4,295.75200574999997,295.78683,0.07313245147521988
amazon0312.mtx,1,DCSC-profile,wall,symbolic_capacity,4,3.19423625,3.1934295,0.12204256961153724
amazon0312.mtx,1,DCSC-profile,wall,total,4,1287.1351245,1286.6895550000002,0.06520934612850304
amazon0312.mtx,1,DCSC-profile,wall,validate,4,0.000386,0.000366,34.68504621501525
amazon0312.mtx,1,DCSC-profile,wall,work_bound,4,29.15580975,29.145019,0.3467913313907798
amazon0312.mtx,1,DCSC-sampled,sampled_worker,alloc_init,4,0.6838227500000201,0.6821580000000197,0.7059063090720576
amazon0312.mtx,1,DCSC-sampled,sampled_worker,compact,4,1.6152687499999532,1.5908819999999566,2.68932644887394
amazon0312.mtx,1,DCSC-sampled,sampled_worker,lookup,4,0.0,0.0,0
amazon0312.mtx,1,DCSC-sampled,sampled_worker,lookup_multiply_hash,4,10.606129999999894,10.605237499999877,0.0912399983362603
amazon0312.mtx,1,DCSC-sampled,sampled_worker,scratch_free,4,0.3975634999999558,0.3978334999999561,0.9618192997875877
amazon0312.mtx,1,DCSC-sampled,sampled_worker,sort,4,6.916874499999914,6.899902499999924,0.6172348046025283
amazon0312.mtx,1,DCSC-sampled,sampled_worker,write,4,0.6441927499999903,0.6438239999999907,0.21142085980502265
amazon0312.mtx,1,DCSC-sampled,wall,lookup_build,4,5.642955499999999,5.582387,3.3117238128724353
amazon0312.mtx,1,DCSC-sampled,wall,numeric,4,940.58145875,940.3973735,0.05920787893283935
amazon0312.mtx,1,DCSC-sampled,wall,output_allocate,4,12.129741249999999,12.1328395,0.05942291708135201
amazon0312.mtx,1,DCSC-sampled,wall,output_free,4,0.0017859999999999998,0.0017735000000000001,6.628852203587065
amazon0312.mtx,1,DCSC-sampled,wall,prefix_numeric_capacity,4,2.8186662499999997,2.818025,0.17051479361476393
amazon0312.mtx,1,DCSC-sampled,wall,return_cleanup,4,0.001698,0.0017430000000000002,12.91955887425224
amazon0312.mtx,1,DCSC-sampled,wall,scratch_setup,4,0.64524775,0.646485,0.8819105650737764
amazon0312.mtx,1,DCSC-sampled,wall,symbolic,4,295.5584495,295.60865849999993,0.04391527041580986
amazon0312.mtx,1,DCSC-sampled,wall,symbolic_capacity,4,3.18816725,3.1866165,0.2403933003466195
amazon0312.mtx,1,DCSC-sampled,wall,total,4,1289.66070825,1289.4511815,0.037959534928992573
amazon0312.mtx,1,DCSC-sampled,wall,validate,4,0.00031825,0.000261,31.33954266382331
amazon0312.mtx,1,DCSC-sampled,wall,work_bound,4,29.092162249999998,29.0691385,0.28711222053741964
amazon0312.mtx,1,DCSC-static,wall,native_call_and_free,4,1287.277442,1286.909877,0.0859257140705225
amazon0312.mtx,1,DCSC-static,wall,total,4,1287.2780457499998,1286.9105285,0.08592267517450475
amazon0312.mtx,16,CSC-control,wall,native_call_and_free,12,88.52488725,88.507483,0.256008459382212
amazon0312.mtx,16,CSC-control,wall,total,12,88.52519625,88.50779899999999,0.25600976835863676
amazon0312.mtx,16,CSC-profile,wall,lookup_build,12,3.675e-05,4e-05,12.525137850014946
amazon0312.mtx,16,CSC-profile,wall,numeric,12,51.992724249999995,52.052173,0.253731734004386
amazon0312.mtx,16,CSC-profile,wall,output_allocate,12,11.842247166666667,11.843871499999999,0.2672149245279089
amazon0312.mtx,16,CSC-profile,wall,output_free,12,0.0014193333333333332,0.0013874999999999998,19.28522841816142
amazon0312.mtx,16,CSC-profile,wall,prefix_numeric_capacity,12,4.2830245,4.2478015000000005,2.0518829483623833
amazon0312.mtx,16,CSC-profile,wall,return_cleanup,12,0.0019105833333333334,0.0020889999999999997,19.352988723502758
amazon0312.mtx,16,CSC-profile,wall,scratch_setup,12,0.8006105833333333,0.780537,12.301351192017814
amazon0312.mtx,16,CSC-profile,wall,symbolic,12,15.47361125,15.480987,0.5169568666465407
amazon0312.mtx,16,CSC-profile,wall,symbolic_capacity,12,3.3044350833333334,3.3082149999999997,0.5549246213016065
amazon0312.mtx,16,CSC-profile,wall,total,12,88.770962,88.7925705,0.21166827001888658
amazon0312.mtx,16,CSC-profile,wall,validate,12,0.0006870833333333334,0.000696,30.10897324270571
amazon0312.mtx,16,CSC-profile,wall,work_bound,12,1.070176,1.0689300000000002,2.585381051966476
amazon0312.mtx,16,CombBLAS-control,wall,native_call_and_free,12,248.50809275,248.5527775,0.14455317140248636
amazon0312.mtx,16,CombBLAS-control,wall,total,12,248.50867966666667,248.55354899999998,0.14455650690317834
amazon0312.mtx,16,CombBLAS-conversion,wall,dcsc_free,12,0.002828,0.0028405,9.301146959188946
amazon0312.mtx,16,CombBLAS-conversion,wall,native_call,12,248.33361449999998,248.25654400000002,0.13189499157453863
amazon0312.mtx,16,CombBLAS-conversion,wall,output_free,12,0.0005793333333333333,0.000536,17.070775257936475
amazon0312.mtx,16,CombBLAS-conversion,wall,total,12,303.0092896666667,302.9358515,0.1400594405527294
amazon0312.mtx,16,CombBLAS-conversion,wall,tuple_to_dcsc,12,54.67219025,54.669554,0.2545717317685978
amazon0312.mtx,16,CombBLAS-profile,wall,internal_cleanup,12,0.003329166666666667,0.0032670000000000004,8.900088773847253
amazon0312.mtx,16,CombBLAS-profile,wall,lookup_build,12,0.33889166666666665,0.3312505,7.823314354599979
amazon0312.mtx,16,CombBLAS-profile,wall,numeric,12,172.57892966666665,172.5951945,0.07091683376941925
amazon0312.mtx,16,CombBLAS-profile,wall,numeric_scratch_setup,12,2.370524,2.3467955000000003,2.4542103170155287
amazon0312.mtx,16,CombBLAS-profile,wall,output_allocate,12,18.1318235,18.121506500000002,0.22316498416865183
amazon0312.mtx,16,CombBLAS-profile,wall,output_free,12,0.0006413333333333333,0.0005465,26.43543319384151
amazon0312.mtx,16,CombBLAS-profile,wall,output_prefix,12,0.14176766666666668,0.1409755,2.2377476996440824
amazon0312.mtx,16,CombBLAS-profile,wall,return_cleanup,12,0.0028385,0.002805,7.256819782930706
amazon0312.mtx,16,CombBLAS-profile,wall,symbolic,12,46.783782583333334,46.7364885,0.3150241357002167
amazon0312.mtx,16,CombBLAS-profile,wall,thread_setup,12,0.010909333333333333,0.010841,6.906905346639573
amazon0312.mtx,16,CombBLAS-profile,wall,total,12,250.21869241666667,250.116762,0.12604845379142365
amazon0312.mtx,16,CombBLAS-profile,wall,work_bound,12,9.713179333333334,9.684980499999998,0.8897189902541092
amazon0312.mtx,16,CombBLAS-profile,wall,work_prefix,12,0.14201233333333332,0.1389915,7.696860277078044
amazon0312.mtx,16,CombBLAS-sampled,sampled_worker,alloc_init,12,0.892621416666667,0.8898285000000001,0.684725015453494
amazon0312.mtx,16,CombBLAS-sampled,sampled_worker,compact,12,1.6237276666666667,1.6224045000000002,0.20163738024704556
amazon0312.mtx,16,CombBLAS-sampled,sampled_worker,lookup,12,2.1208046666666664,2.1173754999999996,0.4836463489970633
amazon0312.mtx,16,CombBLAS-sampled,sampled_worker,lookup_multiply_hash,12,8.190989833333333,8.18685,0.24199373900326718
amazon0312.mtx,16,CombBLAS-sampled,sampled_worker,scratch_free,12,0.3856429166666649,0.3851219999999982,0.7528075277833501
amazon0312.mtx,16,CombBLAS-sampled,sampled_worker,sort,12,7.004974499999999,7.005248499999999,0.22002040465522438
amazon0312.mtx,16,CombBLAS-sampled,sampled_worker,write,12,1.1130424166666673,1.1112880000000007,0.6825523676042327
amazon0312.mtx,16,CombBLAS-sampled,wall,internal_cleanup,12,0.003804,0.004043,12.992736549010313
amazon0312.mtx,16,CombBLAS-sampled,wall,lookup_build,12,0.3995815,0.400959,20.42396486827719
amazon0312.mtx,16,CombBLAS-sampled,wall,numeric,12,172.80616241666667,172.786962,0.09543731088887569
amazon0312.mtx,16,CombBLAS-sampled,wall,numeric_scratch_setup,12,2.3317480833333337,2.304039,2.922638437575779
amazon0312.mtx,16,CombBLAS-sampled,wall,output_allocate,12,18.189092333333335,18.171327,0.7130070303053934
amazon0312.mtx,16,CombBLAS-sampled,wall,output_free,12,0.0006180833333333333,0.000566,18.88997215247539
amazon0312.mtx,16,CombBLAS-sampled,wall,output_prefix,12,0.13743116666666666,0.13808,3.064803761095916
amazon0312.mtx,16,CombBLAS-sampled,wall,return_cleanup,12,0.0029883333333333333,0.002931,10.127425881505225
amazon0312.mtx,16,CombBLAS-sampled,wall,symbolic,12,46.855345416666665,46.824903,0.27269548796616394
amazon0312.mtx,16,CombBLAS-sampled,wall,thread_setup,12,0.011463583333333333,0.011943,10.219350556111902
amazon0312.mtx,16,CombBLAS-sampled,wall,total,12,250.51186908333335,250.54358600000003,0.09783869327336304
amazon0312.mtx,16,CombBLAS-sampled,wall,work_bound,12,9.678341833333333,9.639598499999998,1.408791855026401
amazon0312.mtx,16,CombBLAS-sampled,wall,work_prefix,12,0.09523174999999999,0.09428600000000001,44.1503011880992
amazon0312.mtx,16,DCSC-control,wall,native_call_and_free,12,106.45596716666667,106.447756,0.15091361867709088
amazon0312.mtx,16,DCSC-control,wall,total,12,106.45628708333334,106.44813650000002,0.15085995835023974
amazon0312.mtx,16,DCSC-dense-lookup,wall,native_call_and_free,12,89.67193158333333,89.642605,0.10771745492667278
amazon0312.mtx,16,DCSC-dense-lookup,wall,total,12,89.67229125000001,89.642976,0.10768030440165705
amazon0312.mtx,16,DCSC-dense-static,wall,native_call_and_free,12,222.70000975000002,222.583911,0.10945995519546166
amazon0312.mtx,16,DCSC-dense-static,wall,total,12,222.70052900000002,222.58442150000002,0.10945120277111425
amazon0312.mtx,16,DCSC-profile,wall,lookup_build,12,5.469772416666666,5.4679325,0.15316835906827714
amazon0312.mtx,16,DCSC-profile,wall,numeric,12,58.8511965,58.8526365,0.09679020894581507
amazon0312.mtx,16,DCSC-profile,wall,output_allocate,12,12.36749925,12.3270575,1.0816300348425312
amazon0312.mtx,16,DCSC-profile,wall,output_free,12,0.0016331666666666667,0.0016185,15.934367372914108
amazon0312.mtx,16,DCSC-profile,wall,prefix_numeric_capacity,12,3.7519161666666667,3.7542055,2.1030865145968667
amazon0312.mtx,16,DCSC-profile,wall,return_cleanup,12,0.0012984166666666667,0.0012325,14.670197988423554
amazon0312.mtx,16,DCSC-profile,wall,scratch_setup,12,0.7092911666666667,0.721889,5.497908205115563
amazon0312.mtx,16,DCSC-profile,wall,symbolic,12,19.1517605,19.134589000000002,0.27241078351978465
amazon0312.mtx,16,DCSC-profile,wall,symbolic_capacity,12,3.26587125,3.2712239999999997,0.39692335577484256
amazon0312.mtx,16,DCSC-profile,wall,total,12,106.34645075,106.3193655,0.13893705925444882
amazon0312.mtx,16,DCSC-profile,wall,validate,12,0.0003908333333333333,0.0003055,42.55493914240162
amazon0312.mtx,16,DCSC-profile,wall,work_bound,12,2.7757553333333336,2.7806979999999997,0.6109469819307914
amazon0312.mtx,16,DCSC-sampled,sampled_worker,alloc_init,12,0.6723599166666682,0.6716660000000015,0.33895295139084075
amazon0312.mtx,16,DCSC-sampled,sampled_worker,compact,12,1.6046671666666648,1.6016169999999983,0.44296726651609486
amazon0312.mtx,16,DCSC-sampled,sampled_worker,lookup,12,0.0,0.0,0
amazon0312.mtx,16,DCSC-sampled,sampled_worker,lookup_multiply_hash,12,10.93659641666666,10.927457499999994,0.5844302536865152
amazon0312.mtx,16,DCSC-sampled,sampled_worker,scratch_free,12,0.42979891666666514,0.42772799999999855,1.3340717728252462
amazon0312.mtx,16,DCSC-sampled,sampled_worker,sort,12,6.927153083333332,6.920467499999999,0.3714325995247874
amazon0312.mtx,16,DCSC-sampled,sampled_worker,write,12,0.7336746666666679,0.7166100000000012,6.39647733863685
amazon0312.mtx,16,DCSC-sampled,wall,lookup_build,12,5.475849166666666,5.460203,0.9340569428624651
amazon0312.mtx,16,DCSC-sampled,wall,numeric,12,59.0047305,58.9693955,0.11758596681059313
amazon0312.mtx,16,DCSC-sampled,wall,output_allocate,12,12.36990325,12.3565845,0.6011440288966237
amazon0312.mtx,16,DCSC-sampled,wall,output_free,12,0.0015755833333333333,0.001593,13.523208345994872
amazon0312.mtx,16,DCSC-sampled,wall,prefix_numeric_capacity,12,3.738005333333333,3.7640345,1.852008659697642
amazon0312.mtx,16,DCSC-sampled,wall,return_cleanup,12,0.0014630833333333334,0.0014875,9.294409845594235
amazon0312.mtx,16,DCSC-sampled,wall,scratch_setup,12,0.665402,0.665542,0.31209600878403515
amazon0312.mtx,16,DCSC-sampled,wall,symbolic,12,19.143699833333333,19.132775499999997,0.2672271066931988
amazon0312.mtx,16,DCSC-sampled,wall,symbolic_capacity,12,3.248367583333333,3.249357,0.64130759383545
amazon0312.mtx,16,DCSC-sampled,wall,total,12,106.413755,106.4028405,0.11705681113652383
amazon0312.mtx,16,DCSC-sampled,wall,validate,12,0.00042666666666666667,0.000456,34.64859163579019
amazon0312.mtx,16,DCSC-sampled,wall,work_bound,12,2.7642669166666667,2.7661504999999997,0.41815478377061716
amazon0312.mtx,16,DCSC-static,wall,native_call_and_free,12,265.7403233333334,265.73278799999997,0.05393977096079067
amazon0312.mtx,16,DCSC-static,wall,total,12,265.74080425,265.733339,0.05392171493777487
amazon0312.mtx,128,CSC-control,wall,native_call_and_free,12,57.94816591666667,57.798995999999995,1.0133991513026928
amazon0312.mtx,128,CSC-control,wall,total,12,57.94845075,57.7992705,1.013437464188207
amazon0312.mtx,128,CSC-profile,wall,lookup_build,12,3.6e-05,4e-05,13.655445559030214
amazon0312.mtx,128,CSC-profile,wall,numeric,12,22.763016083333333,22.5236445,7.581198618476316
amazon0312.mtx,128,CSC-profile,wall,output_allocate,12,15.3733445,15.310505000000001,9.96040582086671
amazon0312.mtx,128,CSC-profile,wall,output_free,12,0.001183,0.001192,11.756374962992783
amazon0312.mtx,128,CSC-profile,wall,prefix_numeric_capacity,12,6.0004409999999995,5.982098,1.235236652527682
amazon0312.mtx,128,CSC-profile,wall,return_cleanup,12,0.0018895,0.0019035,11.55738432645319
amazon0312.mtx,128,CSC-profile,wall,scratch_setup,12,1.3619394999999999,1.3710745,15.476080899682136
amazon0312.mtx,128,CSC-profile,wall,symbolic,12,7.03218675,7.0368215,1.2097944883216574
amazon0312.mtx,128,CSC-profile,wall,symbolic_capacity,12,3.2967478333333333,3.288567,1.6222420876852888
amazon0312.mtx,128,CSC-profile,wall,total,12,57.922045,57.329215000000005,4.016283992029432
amazon0312.mtx,128,CSC-profile,wall,validate,12,0.0007146666666666667,0.0006860000000000001,15.28876361979055
amazon0312.mtx,128,CSC-profile,wall,work_bound,12,2.0904635000000003,2.0453529999999995,10.872335847377766
amazon0312.mtx,128,CombBLAS-control,wall,native_call_and_free,12,96.66478774999999,96.4764325,0.6694243720719091
amazon0312.mtx,128,CombBLAS-control,wall,total,12,96.66536291666667,96.477043,0.669455335559176
amazon0312.mtx,128,CombBLAS-conversion,wall,dcsc_free,12,0.00295575,0.0028555,14.965005314861992
amazon0312.mtx,128,CombBLAS-conversion,wall,native_call,12,94.94122216666668,93.712481,1.8669235062493772
amazon0312.mtx,128,CombBLAS-conversion,wall,output_free,12,0.0006003333333333334,0.0005415,26.94421939515014
amazon0312.mtx,128,CombBLAS-conversion,wall,total,12,154.75977608333332,153.9161635,1.124737100673412
amazon0312.mtx,128,CombBLAS-conversion,wall,tuple_to_dcsc,12,59.8149345,59.76181999999999,0.6248366196545759
amazon0312.mtx,128,CombBLAS-profile,wall,internal_cleanup,12,0.002921333333333333,0.0029055,9.14287039754144
amazon0312.mtx,128,CombBLAS-profile,wall,lookup_build,12,0.8218214166666667,0.857019,16.27578309832211
amazon0312.mtx,128,CombBLAS-profile,wall,numeric,12,50.73600266666667,50.74675,0.3009587829331658
amazon0312.mtx,128,CombBLAS-profile,wall,numeric_scratch_setup,12,3.43539975,3.4172685,3.050394686695011
amazon0312.mtx,128,CombBLAS-profile,wall,output_allocate,12,24.112718833333336,24.144258,2.7402578246563905
amazon0312.mtx,128,CombBLAS-profile,wall,output_free,12,0.0007389166666666666,0.000691,28.59011616254276
amazon0312.mtx,128,CombBLAS-profile,wall,output_prefix,12,0.17812150000000002,0.176533,3.972819971020218
amazon0312.mtx,128,CombBLAS-profile,wall,return_cleanup,12,0.024957833333333332,0.025092999999999997,3.4168054070408487
amazon0312.mtx,128,CombBLAS-profile,wall,symbolic,12,13.920192416666666,13.903506,0.5886293878794944
amazon0312.mtx,128,CombBLAS-profile,wall,thread_setup,12,0.06517825,0.0650395,2.409044967652953
amazon0312.mtx,128,CombBLAS-profile,wall,total,12,97.66086383333334,97.639798,0.6401274005480351
amazon0312.mtx,128,CombBLAS-profile,wall,work_bound,12,4.106303083333334,4.082205,3.7137271832274794
amazon0312.mtx,128,CombBLAS-profile,wall,work_prefix,12,0.25642275,0.256011,0.7899870297284216
amazon0312.mtx,128,CombBLAS-sampled,sampled_worker,alloc_init,12,0.92856875,0.9222915,1.8310019234851886
amazon0312.mtx,128,CombBLAS-sampled,sampled_worker,compact,12,1.627783916666667,1.6209140000000009,0.8671369231212803
amazon0312.mtx,128,CombBLAS-sampled,sampled_worker,lookup,12,5.0258148333333335,5.056355499999999,8.694511118293281
amazon0312.mtx,128,CombBLAS-sampled,sampled_worker,lookup_multiply_hash,12,14.56640625,14.590116499999999,25.672692733724347
amazon0312.mtx,128,CombBLAS-sampled,sampled_worker,scratch_free,12,1.7817849999999988,1.7675579999999984,2.474887869120474
amazon0312.mtx,128,CombBLAS-sampled,sampled_worker,sort,12,7.0127939166666655,7.009239499999997,0.2698550132620544
amazon0312.mtx,128,CombBLAS-sampled,sampled_worker,write,12,5.6406583333333336,5.6465830000000015,32.952017329319965
amazon0312.mtx,128,CombBLAS-sampled,wall,internal_cleanup,12,0.0028354166666666666,0.00282,6.51861365281371
amazon0312.mtx,128,CombBLAS-sampled,wall,lookup_build,12,0.9821720833333334,0.9889220000000002,8.90679142054437
amazon0312.mtx,128,CombBLAS-sampled,wall,numeric,12,50.496002999999995,50.576974,0.43651498498715646
amazon0312.mtx,128,CombBLAS-sampled,wall,numeric_scratch_setup,12,2.974935916666667,2.995405,12.308080352425774
amazon0312.mtx,128,CombBLAS-sampled,wall,output_allocate,12,21.72486633333333,21.4860195,17.086404767280012
amazon0312.mtx,128,CombBLAS-sampled,wall,output_free,12,0.0006735833333333333,0.000676,30.634636768623125
amazon0312.mtx,128,CombBLAS-sampled,wall,output_prefix,12,0.13418058333333335,0.14291900000000002,32.76483710985833
amazon0312.mtx,128,CombBLAS-sampled,wall,return_cleanup,12,0.02452225,0.024217000000000002,2.3352332873593262
amazon0312.mtx,128,CombBLAS-sampled,wall,symbolic,12,13.720775916666668,13.797423,1.4932116837901024
amazon0312.mtx,128,CombBLAS-sampled,wall,thread_setup,12,0.07093266666666667,0.06843600000000001,9.66877784036714
amazon0312.mtx,128,CombBLAS-sampled,wall,total,12,94.04635741666667,93.8997555,4.954564200024323
amazon0312.mtx,128,CombBLAS-sampled,wall,work_bound,12,3.6828784999999997,3.7235115000000003,7.000112199556978
amazon0312.mtx,128,CombBLAS-sampled,wall,work_prefix,12,0.23151983333333334,0.24737450000000002,12.777096072213595
amazon0312.mtx,128,DCSC-control,wall,native_call_and_free,12,71.38804891666666,72.0713195,1.8882245817428553
amazon0312.mtx,128,DCSC-control,wall,total,12,71.38830716666666,72.0716955,1.8882404381737061
amazon0312.mtx,128,DCSC-dense-lookup,wall,native_call_and_free,12,54.686563,54.767787,3.301311946179359
amazon0312.mtx,128,DCSC-dense-lookup,wall,total,12,54.68689525,54.768147500000005,3.3013429465312845
amazon0312.mtx,128,DCSC-dense-static,wall,native_call_and_free,12,87.288239,87.307512,1.5920993797686214
amazon0312.mtx,128,DCSC-dense-static,wall,total,12,87.28866216666667,87.3079175,1.5920971515813633
amazon0312.mtx,128,DCSC-profile,wall,lookup_build,12,5.7562845000000005,5.775427,0.7739717063231674
amazon0312.mtx,128,DCSC-profile,wall,numeric,12,27.036674,26.817264,2.6422651283823066
amazon0312.mtx,128,DCSC-profile,wall,output_allocate,12,15.552709499999999,16.6104325,9.199142282774162
amazon0312.mtx,128,DCSC-profile,wall,output_free,12,0.0019095833333333332,0.0018934999999999998,11.152676974417671
amazon0312.mtx,128,DCSC-profile,wall,prefix_numeric_capacity,12,6.4806878333333335,6.448047,1.2891102537303296
amazon0312.mtx,128,DCSC-profile,wall,return_cleanup,12,0.00153625,0.001493,15.134760017371201
amazon0312.mtx,128,DCSC-profile,wall,scratch_setup,12,1.1058669166666666,1.1943610000000002,17.905582197831546
amazon0312.mtx,128,DCSC-profile,wall,symbolic,12,8.847448333333334,8.8027385,2.764497075504682
amazon0312.mtx,128,DCSC-profile,wall,symbolic_capacity,12,3.2200082500000002,3.2238685,0.666226464302144
amazon0312.mtx,128,DCSC-profile,wall,total,12,72.43468283333333,73.030439,3.1548956374001085
amazon0312.mtx,128,DCSC-profile,wall,validate,12,0.00043674999999999996,0.0004315,26.0477928871098
amazon0312.mtx,128,DCSC-profile,wall,work_bound,12,4.431033416666667,4.204058,16.036486693258116
amazon0312.mtx,128,DCSC-sampled,sampled_worker,alloc_init,12,1.5546709166666661,1.5350119999999996,4.149897789298797
amazon0312.mtx,128,DCSC-sampled,sampled_worker,compact,12,1.6271671666666672,1.615148500000001,1.8551372048933588
amazon0312.mtx,128,DCSC-sampled,sampled_worker,lookup,12,0.0,0.0,0
amazon0312.mtx,128,DCSC-sampled,sampled_worker,lookup_multiply_hash,12,51.099132166666664,50.887690000000006,2.596543022051415
amazon0312.mtx,128,DCSC-sampled,sampled_worker,scratch_free,12,2.248440083333332,2.2476694999999984,1.671834761990481
amazon0312.mtx,128,DCSC-sampled,sampled_worker,sort,12,7.016850000000001,7.005853000000003,1.0125457261596342
amazon0312.mtx,128,DCSC-sampled,sampled_worker,write,12,4.236907,4.2138599999999995,6.229452381926554
amazon0312.mtx,128,DCSC-sampled,wall,lookup_build,12,5.711910916666667,5.712972000000001,0.1689630555677859
amazon0312.mtx,128,DCSC-sampled,wall,numeric,12,27.061660333333336,26.765204,2.7772876707350083
amazon0312.mtx,128,DCSC-sampled,wall,output_allocate,12,13.864601,13.816204,0.95353552383808
amazon0312.mtx,128,DCSC-sampled,wall,output_free,12,0.0018043333333333331,0.0018135,13.264936046355599
amazon0312.mtx,128,DCSC-sampled,wall,prefix_numeric_capacity,12,6.557125416666667,6.5086085,2.935001100980557
amazon0312.mtx,128,DCSC-sampled,wall,return_cleanup,12,0.0016113333333333333,0.0015725,12.789948778040216
amazon0312.mtx,128,DCSC-sampled,wall,scratch_setup,12,0.855799,0.8546344999999999,2.857812944372716
amazon0312.mtx,128,DCSC-sampled,wall,symbolic,12,8.6985375,8.679843,0.6441219250722555
amazon0312.mtx,128,DCSC-sampled,wall,symbolic_capacity,12,3.2237731666666667,3.2260975,0.6381674806289032
amazon0312.mtx,128,DCSC-sampled,wall,total,12,70.46082725,70.133423,1.2400793751786487
amazon0312.mtx,128,DCSC-sampled,wall,validate,12,0.00031158333333333336,0.000261,31.231921205558084
amazon0312.mtx,128,DCSC-sampled,wall,work_bound,12,4.483620083333333,4.5334845,2.821455340837687
amazon0312.mtx,128,DCSC-static,wall,native_call_and_free,12,103.590717,104.7768625,1.9805423466715844
amazon0312.mtx,128,DCSC-static,wall,total,12,103.59099675,104.77712799999999,1.9805327807632738
cant.mtx,1,CSC-control,wall,native_call_and_free,3,1845.9545930000002,1850.3864130000002,0.3716187587033416
cant.mtx,1,CSC-control,wall,total,3,1845.9551510000001,1850.386734,0.3716277001950906
cant.mtx,1,CSC-profile,wall,lookup_build,3,2.9999999999999997e-05,2.9999999999999997e-05,0.0
cant.mtx,1,CSC-profile,wall,numeric,3,1336.9107953333332,1336.918727,0.034035939027464227
cant.mtx,1,CSC-profile,wall,output_allocate,3,16.254014,16.237593,0.5819637419834884
cant.mtx,1,CSC-profile,wall,output_free,3,0.0010350000000000001,0.001052,3.7726550966465395
cant.mtx,1,CSC-profile,wall,prefix_numeric_capacity,3,0.28132666666666667,0.280589,0.5131150789818554
cant.mtx,1,CSC-profile,wall,return_cleanup,3,0.0011693333333333334,0.001183,3.6217551537486803
cant.mtx,1,CSC-profile,wall,scratch_setup,3,0.080591,0.081166,2.527475080692053
cant.mtx,1,CSC-profile,wall,symbolic,3,444.22670566666665,443.22976400000005,0.5111019928015907
cant.mtx,1,CSC-profile,wall,symbolic_capacity,3,0.35306366666666666,0.35209500000000005,0.9718899861677184
cant.mtx,1,CSC-profile,wall,total,3,1804.38371,1802.795537,0.12948680504703658
cant.mtx,1,CSC-profile,wall,validate,3,0.0007016666666666667,0.000722,23.421053891110766
cant.mtx,1,CSC-profile,wall,work_bound,3,6.274214000000001,6.264335,0.2432880623656189
cant.mtx,1,CombBLAS-control,wall,native_call_and_free,3,1633.8011163333333,1634.244354,0.05720372023237828
cant.mtx,1,CombBLAS-control,wall,total,3,1633.8016303333334,1634.244854,0.05720302822908477
cant.mtx,1,CombBLAS-conversion,wall,dcsc_free,3,0.0031160000000000003,0.003176,14.241252928503295
cant.mtx,1,CombBLAS-conversion,wall,native_call,3,1633.0529413333331,1633.697905,0.1607231037734725
cant.mtx,1,CombBLAS-conversion,wall,output_free,3,0.0011553333333333333,0.001162,2.85617280340787
cant.mtx,1,CombBLAS-conversion,wall,total,3,1703.892772,1704.3775050000002,0.15788438281725328
cant.mtx,1,CombBLAS-conversion,wall,tuple_to_dcsc,3,70.83550266666666,70.813347,0.19932734941322083
cant.mtx,1,CombBLAS-profile,wall,internal_cleanup,3,0.003049333333333333,0.002826,13.262869153781123
cant.mtx,1,CombBLAS-profile,wall,lookup_build,3,0.05895,0.054645000000000006,10.665340993891897
cant.mtx,1,CombBLAS-profile,wall,numeric,3,1305.2255306666666,1305.271529,0.013021882274418717
cant.mtx,1,CombBLAS-profile,wall,numeric_scratch_setup,3,2.1314846666666667,2.143421,1.1251247975212533
cant.mtx,1,CombBLAS-profile,wall,output_allocate,3,24.596421333333332,24.623967,0.27257723635088704
cant.mtx,1,CombBLAS-profile,wall,output_free,3,0.000715,0.000762,17.80385338343567
cant.mtx,1,CombBLAS-profile,wall,output_prefix,3,0.03837366666666667,0.038174,1.2480683633566447
cant.mtx,1,CombBLAS-profile,wall,return_cleanup,3,0.000778,0.000741,25.983304529856337
cant.mtx,1,CombBLAS-profile,wall,symbolic,3,348.06323533333335,348.733434,0.6745031332998628
cant.mtx,1,CombBLAS-profile,wall,thread_setup,3,0.003336333333333333,0.003226,11.39002090776441
cant.mtx,1,CombBLAS-profile,wall,total,3,1711.0290593333332,1711.941342,0.14722571308123777
cant.mtx,1,CombBLAS-profile,wall,work_bound,3,30.870865333333334,30.866009,0.058309952988593476
cant.mtx,1,CombBLAS-profile,wall,work_prefix,3,0.03626,0.036140000000000005,1.4178028734156647
cant.mtx,1,CombBLAS-sampled,sampled_worker,alloc_init,3,4.024768666666774,4.026230000000113,0.15430187897549935
cant.mtx,1,CombBLAS-sampled,sampled_worker,compact,3,5.712516333333255,5.710560999999916,0.15671760271749963
cant.mtx,1,CombBLAS-sampled,sampled_worker,lookup,3,5.275887666666666,5.242065999999978,0.9257078055459893
cant.mtx,1,CombBLAS-sampled,sampled_worker,lookup_multiply_hash,3,121.37480500000034,121.35235600000041,0.03315748156745039
cant.mtx,1,CombBLAS-sampled,sampled_worker,scratch_free,3,0.554486,0.5536850000000005,0.8274845581530641
cant.mtx,1,CombBLAS-sampled,sampled_worker,sort,3,47.76434533333329,47.72465799999978,0.19836669285414754
cant.mtx,1,CombBLAS-sampled,sampled_worker,write,3,4.067570666666685,4.0624070000000065,0.2897707286012584
cant.mtx,1,CombBLAS-sampled,wall,internal_cleanup,3,0.003126,0.003126,6.791078408228044
cant.mtx,1,CombBLAS-sampled,wall,lookup_build,3,0.05264766666666667,0.05223,1.5569573338401774
cant.mtx,1,CombBLAS-sampled,wall,numeric,3,1307.4216263333333,1307.462281,0.022328367953744575
cant.mtx,1,CombBLAS-sampled,wall,numeric_scratch_setup,3,2.134791,2.135075,0.19509611556289022
cant.mtx,1,CombBLAS-sampled,wall,output_allocate,3,24.667153666666668,24.683151,0.7011312546281813
cant.mtx,1,CombBLAS-sampled,wall,output_free,3,0.0006176666666666666,0.000771,35.10729836436178
cant.mtx,1,CombBLAS-sampled,wall,output_prefix,3,0.03821366666666667,0.038264,3.072862237333904
cant.mtx,1,CombBLAS-sampled,wall,return_cleanup,3,0.0007413333333333333,0.000761,6.816463715065189
cant.mtx,1,CombBLAS-sampled,wall,symbolic,3,348.4062896666666,349.880694,0.6615127216259657
cant.mtx,1,CombBLAS-sampled,wall,thread_setup,3,0.004121,0.002525,58.77852442373102
cant.mtx,1,CombBLAS-sampled,wall,total,3,1713.5884246666667,1714.72979,0.1323044715929804
cant.mtx,1,CombBLAS-sampled,wall,work_bound,3,30.82138733333333,30.811183999999997,0.0627249598086597
cant.mtx,1,CombBLAS-sampled,wall,work_prefix,3,0.037648999999999995,0.03642,4.616506329933157
cant.mtx,1,DCSC-control,wall,native_call_and_free,3,1730.8436496666666,1730.66856,0.07288975996509703
cant.mtx,1,DCSC-control,wall,total,3,1730.8438703333334,1730.6688809999998,0.07288416102030644
cant.mtx,1,DCSC-dense-lookup,wall,native_call_and_free,3,1760.0077313333334,1759.670635,0.0378137103682674
cant.mtx,1,DCSC-dense-lookup,wall,total,3,1760.0082656666666,1759.671155,0.03781262738698525
cant.mtx,1,DCSC-dense-static,wall,native_call_and_free,3,1796.0776486666668,1795.518199,0.06659892174437519
cant.mtx,1,DCSC-dense-static,wall,total,3,1796.0778623333333,1795.51825,0.06660124653144736
cant.mtx,1,DCSC-profile,wall,lookup_build,3,0.7992093333333333,0.796207,0.7216252467862819
cant.mtx,1,DCSC-profile,wall,numeric,3,1345.7963366666665,1345.905052,0.02256292540713552
cant.mtx,1,DCSC-profile,wall,output_allocate,3,16.243949333333333,16.238576000000002,0.07206543882998322
cant.mtx,1,DCSC-profile,wall,output_free,3,0.0012326666666666666,0.001223,4.373897122151546
cant.mtx,1,DCSC-profile,wall,prefix_numeric_capacity,3,0.2799796666666667,0.28769100000000003,3.9535783836528666
cant.mtx,1,DCSC-profile,wall,return_cleanup,3,0.0010786666666666666,0.001022,21.96515807898997
cant.mtx,1,DCSC-profile,wall,scratch_setup,3,0.07449266666666668,0.07412200000000001,0.7710968629712348
cant.mtx,1,DCSC-profile,wall,symbolic,3,537.897128,538.10517,0.13608942975758
cant.mtx,1,DCSC-profile,wall,symbolic_capacity,3,0.31993333333333335,0.320074,0.10451750472253395
cant.mtx,1,DCSC-profile,wall,total,3,1929.0725833333333,1928.801931,0.03857023702763579
cant.mtx,1,DCSC-profile,wall,validate,3,0.0005816666666666666,0.000492,44.24729377463958
cant.mtx,1,DCSC-profile,wall,work_bound,3,27.658601333333333,27.614133,0.25664904604732364
cant.mtx,1,DCSC-sampled,sampled_worker,alloc_init,3,2.7819009999998463,2.779804999999856,0.2702774716058535
cant.mtx,1,DCSC-sampled,sampled_worker,compact,3,4.69699799999998,4.693965999999965,0.1335667551504789
cant.mtx,1,DCSC-sampled,sampled_worker,lookup,3,0.0,0.0,0
cant.mtx,1,DCSC-sampled,sampled_worker,lookup_multiply_hash,3,137.33814333333368,137.3033170000004,0.11293247598161693
cant.mtx,1,DCSC-sampled,sampled_worker,scratch_free,3,0.6429386666666677,0.6384600000000017,1.0066538091784287
cant.mtx,1,DCSC-sampled,sampled_worker,sort,3,46.11206933333335,46.10476699999984,0.10020441003316778
cant.mtx,1,DCSC-sampled,sampled_worker,write,3,2.9306993333333367,2.8812840000000026,2.8821730588718473
cant.mtx,1,DCSC-sampled,wall,lookup_build,3,0.7963036666666667,0.796547,0.04509296113620324
cant.mtx,1,DCSC-sampled,wall,numeric,3,1350.1575513333332,1349.9143510000001,0.027832871115151942
cant.mtx,1,DCSC-sampled,wall,output_allocate,3,16.194514,16.214379,0.3215253700228702
cant.mtx,1,DCSC-sampled,wall,output_free,3,0.0011356666666666666,0.001022,15.416633544929171
cant.mtx,1,DCSC-sampled,wall,prefix_numeric_capacity,3,0.270789,0.263876,4.256585191622521
cant.mtx,1,DCSC-sampled,wall,return_cleanup,3,0.0011120000000000001,0.001152,7.0809423327444305
cant.mtx,1,DCSC-sampled,wall,scratch_setup,3,0.07579866666666667,0.07557499999999999,0.9669387835921625
cant.mtx,1,DCSC-sampled,wall,symbolic,3,537.2864003333333,537.672862,0.12284538468117716
cant.mtx,1,DCSC-sampled,wall,symbolic_capacity,3,0.319269,0.318952,0.1448684054766924
cant.mtx,1,DCSC-sampled,wall,total,3,1932.7519566666667,1932.96227,0.04478638011695924
cant.mtx,1,DCSC-sampled,wall,validate,3,0.0004243333333333333,0.000271,52.94638007516113
cant.mtx,1,DCSC-sampled,wall,work_bound,3,27.648592,27.674298,0.14435607556542576
cant.mtx,1,DCSC-static,wall,native_call_and_free,3,1721.6537506666666,1721.7937189999998,0.05924864532369365
cant.mtx,1,DCSC-static,wall,total,3,1721.6540843333332,1721.794079,0.05924829037726095
cant.mtx,16,CSC-control,wall,native_call_and_free,12,134.90707958333334,134.93851600000002,0.5555425650290394
cant.mtx,16,CSC-control,wall,total,12,134.90738108333332,134.93879650000002,0.5555345735690357
cant.mtx,16,CSC-profile,wall,lookup_build,12,3.7583333333333337e-05,4e-05,11.15499887193372
cant.mtx,16,CSC-profile,wall,numeric,12,84.50239983333334,84.49896949999999,0.08213951967254836
cant.mtx,16,CSC-profile,wall,output_allocate,12,16.46282941666667,16.4547995,0.7809499623950755
cant.mtx,16,CSC-profile,wall,output_free,12,0.0009568333333333333,0.0009315,15.262532726569622
cant.mtx,16,CSC-profile,wall,prefix_numeric_capacity,12,0.5652789166666666,0.533623,12.662149593886376
cant.mtx,16,CSC-profile,wall,return_cleanup,12,0.00133425,0.0013675,16.331319974446412
cant.mtx,16,CSC-profile,wall,scratch_setup,12,0.08789691666666667,0.0862705,6.2199879907996385
cant.mtx,16,CSC-profile,wall,symbolic,12,29.00629616666667,29.001388,0.6146795032618112
cant.mtx,16,CSC-profile,wall,symbolic_capacity,12,0.36782458333333334,0.3553165,5.875664474030959
cant.mtx,16,CSC-profile,wall,total,12,131.76624725,131.673077,0.18724065466558715
cant.mtx,16,CSC-profile,wall,validate,12,0.0005626666666666666,0.000466,25.42197528178329
cant.mtx,16,CSC-profile,wall,work_bound,12,0.770734,0.7691705,10.864000665067758
cant.mtx,16,CombBLAS-control,wall,native_call_and_free,12,132.99112416666668,132.92167300000003,0.32401047908825203
cant.mtx,16,CombBLAS-control,wall,total,12,132.99181458333334,132.922134,0.32398271825247993
cant.mtx,16,CombBLAS-conversion,wall,dcsc_free,12,0.0029031666666666667,0.0029909999999999997,13.747733673969016
cant.mtx,16,CombBLAS-conversion,wall,native_call,12,132.53411408333332,132.41955449999998,0.19800639157337543
cant.mtx,16,CombBLAS-conversion,wall,output_free,12,0.0008179999999999999,0.0007765,10.923833991347822
cant.mtx,16,CombBLAS-conversion,wall,total,12,205.68274566666668,205.6323985,0.3036608652386036
cant.mtx,16,CombBLAS-conversion,wall,tuple_to_dcsc,12,73.14484583333333,72.95711299999999,0.8241739293173672
cant.mtx,16,CombBLAS-profile,wall,internal_cleanup,12,0.0027912500000000003,0.00274,10.343077483888571
cant.mtx,16,CombBLAS-profile,wall,lookup_build,12,0.052782833333333334,0.052731,1.3172723763481229
cant.mtx,16,CombBLAS-profile,wall,numeric,12,82.75986533333334,82.748262,0.08966089235918216
cant.mtx,16,CombBLAS-profile,wall,numeric_scratch_setup,12,2.13710575,2.1172615,3.4166916812474093
cant.mtx,16,CombBLAS-profile,wall,output_allocate,12,25.899290166666667,25.8490115,0.9305925070560316
cant.mtx,16,CombBLAS-profile,wall,output_free,12,0.0006555,0.0006565,11.757897380278608
cant.mtx,16,CombBLAS-profile,wall,output_prefix,12,0.016282916666666668,0.016101,2.771994433528913
cant.mtx,16,CombBLAS-profile,wall,return_cleanup,12,0.0026140833333333333,0.002655,8.011023984548093
cant.mtx,16,CombBLAS-profile,wall,symbolic,12,23.389327083333335,23.386785,0.6898368652957437
cant.mtx,16,CombBLAS-profile,wall,thread_setup,12,0.0077406666666666665,0.008161,10.687011881553676
cant.mtx,16,CombBLAS-profile,wall,total,12,136.3746645,136.2923425,0.23441802684339458
cant.mtx,16,CombBLAS-profile,wall,work_bound,12,2.08308625,2.0821985,0.4923520224516048
cant.mtx,16,CombBLAS-profile,wall,work_prefix,12,0.023059083333333334,0.023244499999999998,3.6820516321263965
cant.mtx,16,CombBLAS-sampled,sampled_worker,alloc_init,12,3.9174380833333418,3.9109835000000075,0.5986970962766783
cant.mtx,16,CombBLAS-sampled,sampled_worker,compact,12,5.735658833333329,5.734352999999996,0.32670469416202913
cant.mtx,16,CombBLAS-sampled,sampled_worker,lookup,12,5.3369490000000015,5.292073000000001,2.15584067040717
cant.mtx,16,CombBLAS-sampled,sampled_worker,lookup_multiply_hash,12,121.74178683333332,121.71025799999998,0.11006469258163952
cant.mtx,16,CombBLAS-sampled,sampled_worker,scratch_free,12,0.5137059166666686,0.5127545000000019,0.5427610926158266
cant.mtx,16,CombBLAS-sampled,sampled_worker,sort,12,47.8925785,47.840562000000006,0.2595789158901225
cant.mtx,16,CombBLAS-sampled,sampled_worker,write,12,3.9810937499999985,3.871478499999999,5.03264875289895
cant.mtx,16,CombBLAS-sampled,wall,internal_cleanup,12,0.00306,0.003071,11.033917420689857
cant.mtx,16,CombBLAS-sampled,wall,lookup_build,12,0.07391166666666667,0.058487,66.99004294130722
cant.mtx,16,CombBLAS-sampled,wall,numeric,12,83.02065225000001,82.97880450000001,0.1600224673580528
cant.mtx,16,CombBLAS-sampled,wall,numeric_scratch_setup,12,2.0983095833333336,2.0754155,3.2776637886336326
cant.mtx,16,CombBLAS-sampled,wall,output_allocate,12,25.581499833333332,25.653592,1.873771449685843
cant.mtx,16,CombBLAS-sampled,wall,output_free,12,0.0006118333333333333,0.000606,18.83475601025539
cant.mtx,16,CombBLAS-sampled,wall,output_prefix,12,0.014567083333333333,0.015499500000000003,11.904074038184364
cant.mtx,16,CombBLAS-sampled,wall,return_cleanup,12,0.0025516666666666665,0.0025304999999999998,7.074420098563536
cant.mtx,16,CombBLAS-sampled,wall,symbolic,12,23.168557666666665,23.2091635,0.9216387851838355
cant.mtx,16,CombBLAS-sampled,wall,thread_setup,12,0.00888375,0.009382999999999999,22.23780051925456
cant.mtx,16,CombBLAS-sampled,wall,total,12,136.07017866666666,136.14308599999998,0.3639297589809611
cant.mtx,16,CombBLAS-sampled,wall,work_bound,12,2.078085833333333,2.0750550000000003,0.5104688575069959
cant.mtx,16,CombBLAS-sampled,wall,work_prefix,12,0.019424916666666667,0.019673,20.209843987179557
cant.mtx,16,DCSC-control,wall,native_call_and_free,12,127.72133466666666,127.70236249999999,0.09865979748488377
cant.mtx,16,DCSC-control,wall,total,12,127.72168416666668,127.70268800000001,0.09864342611979862
cant.mtx,16,DCSC-dense-lookup,wall,native_call_and_free,12,129.20926625,129.208546,0.29103166580419254
cant.mtx,16,DCSC-dense-lookup,wall,total,12,129.20973475,129.209072,0.29095310501255484
cant.mtx,16,DCSC-dense-static,wall,native_call_and_free,12,132.31772508333333,132.339922,0.16615485088170978
cant.mtx,16,DCSC-dense-static,wall,total,12,132.31826941666665,132.34032249999998,0.16613595031935802
cant.mtx,16,DCSC-profile,wall,lookup_build,12,0.7977818333333333,0.7948445000000001,0.7975307788396212
cant.mtx,16,DCSC-profile,wall,numeric,12,85.46729133333334,85.43999550000001,0.06614861786672807
cant.mtx,16,DCSC-profile,wall,output_allocate,12,16.562696416666668,16.579248,0.5932796796874633
cant.mtx,16,DCSC-profile,wall,output_free,12,0.0011631666666666667,0.001157,14.404463691940352
cant.mtx,16,DCSC-profile,wall,prefix_numeric_capacity,12,0.82677825,0.817252,3.4313439151640464
cant.mtx,16,DCSC-profile,wall,return_cleanup,12,0.0012015,0.0011975,20.252913495409782
cant.mtx,16,DCSC-profile,wall,scratch_setup,12,0.08764966666666667,0.0848725,7.232483327272236
cant.mtx,16,DCSC-profile,wall,symbolic,12,34.79285108333333,34.83348949999999,0.4745070240681661
cant.mtx,16,DCSC-profile,wall,symbolic_capacity,12,0.33427366666666664,0.3238815,6.1633620826770805
cant.mtx,16,DCSC-profile,wall,total,12,140.67877516666667,140.709975,0.12201933565926486
cant.mtx,16,DCSC-profile,wall,validate,12,0.0004415833333333333,0.000451,40.290983273461165
cant.mtx,16,DCSC-profile,wall,work_bound,12,1.8065840833333333,1.805648,0.3672284539927131
cant.mtx,16,DCSC-sampled,sampled_worker,alloc_init,12,2.698551916666663,2.698256499999997,0.3391996511400015
cant.mtx,16,DCSC-sampled,sampled_worker,compact,12,4.7778685,4.778890499999999,0.21743425496126323
cant.mtx,16,DCSC-sampled,sampled_worker,lookup,12,0.0,0.0,0
cant.mtx,16,DCSC-sampled,sampled_worker,lookup_multiply_hash,12,138.39379274999996,138.31889199999998,0.1175422314743421
cant.mtx,16,DCSC-sampled,sampled_worker,scratch_free,12,0.5433700833333355,0.5431140000000021,0.5539540193974207
cant.mtx,16,DCSC-sampled,sampled_worker,sort,12,46.440490000000004,46.42038600000001,0.1807650226236714
cant.mtx,16,DCSC-sampled,sampled_worker,write,12,2.6262179999999984,2.5645594999999988,5.533992644697245
cant.mtx,16,DCSC-sampled,wall,lookup_build,12,0.8004335,0.7958765,1.1253979926393085
cant.mtx,16,DCSC-sampled,wall,numeric,12,85.68466316666668,85.646341,0.12006511270776037
cant.mtx,16,DCSC-sampled,wall,output_allocate,12,16.47286766666667,16.489901500000002,0.9187199429582713
cant.mtx,16,DCSC-sampled,wall,output_free,12,0.0012266666666666667,0.0012425,19.666132784811296
cant.mtx,16,DCSC-sampled,wall,prefix_numeric_capacity,12,0.8243084166666668,0.81629,2.860338967346112
cant.mtx,16,DCSC-sampled,wall,return_cleanup,12,0.0012575,0.001237,15.241737977248691
cant.mtx,16,DCSC-sampled,wall,scratch_setup,12,0.08402541666666666,0.08400099999999999,1.511345083331828
cant.mtx,16,DCSC-sampled,wall,symbolic,12,34.74657308333334,34.786364,0.4685300517662395
cant.mtx,16,DCSC-sampled,wall,symbolic_capacity,12,0.34672100000000006,0.3276035,10.435070484007428
cant.mtx,16,DCSC-sampled,wall,total,12,140.77880966666666,140.8346895,0.13821524331529964
cant.mtx,16,DCSC-sampled,wall,validate,12,0.00042324999999999996,0.0003605,46.948427675136934
cant.mtx,16,DCSC-sampled,wall,work_bound,12,1.8162331666666667,1.812451,0.4452295923277514
cant.mtx,16,DCSC-static,wall,native_call_and_free,12,128.09099325,128.120078,0.095983102489901
cant.mtx,16,DCSC-static,wall,total,12,128.09145,128.12053350000002,0.0959211899868567
cant.mtx,128,CSC-control,wall,native_call_and_free,12,58.309310333333336,58.3689895,0.733817622767658
cant.mtx,128,CSC-control,wall,total,12,58.309697,58.3692995,0.7338125347252054
cant.mtx,128,CSC-profile,wall,lookup_build,12,3.8333333333333334e-05,4e-05,14.420107784153915
cant.mtx,128,CSC-profile,wall,numeric,12,26.47912666666667,26.380231000000002,2.5531041915552204
cant.mtx,128,CSC-profile,wall,output_allocate,12,21.70833875,21.700670499999998,1.9461287045616793
cant.mtx,128,CSC-profile,wall,output_free,12,0.00123475,0.0012375,21.918434125133903
cant.mtx,128,CSC-profile,wall,prefix_numeric_capacity,12,0.9535063333333332,0.9466760000000001,2.284516911859391
cant.mtx,128,CSC-profile,wall,return_cleanup,12,0.0015029166666666667,0.0014579999999999999,22.116892950151637
cant.mtx,128,CSC-profile,wall,scratch_setup,12,0.2868259166666667,0.2490425,23.602548288243547
cant.mtx,128,CSC-profile,wall,symbolic,12,8.077946416666666,8.0508815,4.939277300710868
cant.mtx,128,CSC-profile,wall,symbolic_capacity,12,0.36938008333333333,0.3557975,7.182791794999948
cant.mtx,128,CSC-profile,wall,total,12,58.91705941666667,58.7788655,2.404699056595823
cant.mtx,128,CSC-profile,wall,validate,12,0.0005418333333333333,0.0005110000000000001,16.27290480251629
cant.mtx,128,CSC-profile,wall,work_bound,12,1.0385429166666666,1.0328665000000001,2.914598070579071
cant.mtx,128,CombBLAS-control,wall,native_call_and_free,12,55.04169058333333,55.061611,0.9501280533591469
cant.mtx,128,CombBLAS-control,wall,total,12,55.042190749999996,55.0620815,0.9500769677380475
cant.mtx,128,CombBLAS-conversion,wall,dcsc_free,12,0.00273925,0.0027045000000000003,13.605786568208098
cant.mtx,128,CombBLAS-conversion,wall,native_call,12,52.77609616666667,51.475172,4.4715612289557285
cant.mtx,128,CombBLAS-conversion,wall,output_free,12,0.0010665000000000002,0.0010425,13.967497645191592
cant.mtx,128,CombBLAS-conversion,wall,total,12,131.6454988333333,130.4837115,1.7470193887003966
cant.mtx,128,CombBLAS-conversion,wall,tuple_to_dcsc,12,78.86552775,78.8467445,0.29420934511221175
cant.mtx,128,CombBLAS-profile,wall,internal_cleanup,12,0.0024464166666666666,0.002495,8.887608738540868
cant.mtx,128,CombBLAS-profile,wall,lookup_build,12,0.08801791666666667,0.086371,22.994204175372772
cant.mtx,128,CombBLAS-profile,wall,numeric,12,15.37323675,15.311987499999999,1.2727288591914725
cant.mtx,128,CombBLAS-profile,wall,numeric_scratch_setup,12,2.33331025,2.350503,1.522915634497072
cant.mtx,128,CombBLAS-profile,wall,output_allocate,12,33.31652458333333,33.27883800000001,2.458928504973791
cant.mtx,128,CombBLAS-profile,wall,output_free,12,0.0005720833333333333,0.000511,26.509252140754683
cant.mtx,128,CombBLAS-profile,wall,output_prefix,12,0.08999266666666667,0.086296,8.361139310015929
cant.mtx,128,CombBLAS-profile,wall,return_cleanup,12,0.023048166666666668,0.0229485,2.213422113365678
cant.mtx,128,CombBLAS-profile,wall,symbolic,12,3.957926166666667,3.7464554999999997,19.197521576828375
cant.mtx,128,CombBLAS-profile,wall,thread_setup,12,0.054785,0.048253,36.81260907306279
cant.mtx,128,CombBLAS-profile,wall,total,12,56.319590000000005,56.126467999999996,1.9719881848942389
cant.mtx,128,CombBLAS-profile,wall,work_bound,12,0.9905814166666665,0.977239,5.0891823950501935
cant.mtx,128,CombBLAS-profile,wall,work_prefix,12,0.08908583333333334,0.086987,7.642023976006849
cant.mtx,128,CombBLAS-sampled,sampled_worker,alloc_init,12,4.297114,4.296294500000001,0.857330998917643
cant.mtx,128,CombBLAS-sampled,sampled_worker,compact,12,6.1691778333333325,6.157091499999998,0.773973227627797
cant.mtx,128,CombBLAS-sampled,sampled_worker,lookup,12,9.395422250000001,9.603004499999994,6.490080149510767
cant.mtx,128,CombBLAS-sampled,sampled_worker,lookup_multiply_hash,12,132.72196591666668,132.826611,1.7672940310534164
cant.mtx,128,CombBLAS-sampled,sampled_worker,scratch_free,12,2.8878585833333337,2.952768500000001,7.805265613581473
cant.mtx,128,CombBLAS-sampled,sampled_worker,sort,12,51.434081416666665,51.360637999999994,0.666132853057084
cant.mtx,128,CombBLAS-sampled,sampled_worker,write,12,25.988393833333333,27.109797500000003,12.06664327529215
cant.mtx,128,CombBLAS-sampled,wall,internal_cleanup,12,0.002584916666666667,0.0025745,13.287502881802219
cant.mtx,128,CombBLAS-sampled,wall,lookup_build,12,0.14275541666666666,0.1370775,23.99324294932097
cant.mtx,128,CombBLAS-sampled,wall,numeric,12,15.10432125,14.995595999999999,4.889532795523165
cant.mtx,128,CombBLAS-sampled,wall,numeric_scratch_setup,12,2.2793865,2.2592480000000004,3.217309920340262
cant.mtx,128,CombBLAS-sampled,wall,output_allocate,12,29.915965,29.930405,15.214508189004517
cant.mtx,128,CombBLAS-sampled,wall,output_free,12,0.00064125,0.0006460000000000001,45.23860427089289
cant.mtx,128,CombBLAS-sampled,wall,output_prefix,12,0.07985833333333332,0.084582,14.18183169277793
cant.mtx,128,CombBLAS-sampled,wall,return_cleanup,12,0.023230333333333332,0.023109499999999998,2.4847012107207678
cant.mtx,128,CombBLAS-sampled,wall,symbolic,12,3.5371055,3.6021535,5.901274516467028
cant.mtx,128,CombBLAS-sampled,wall,thread_setup,12,0.06419241666666667,0.052992,33.73585242536659
cant.mtx,128,CombBLAS-sampled,wall,total,12,51.98126525,51.916539,10.669839664640692
cant.mtx,128,CombBLAS-sampled,wall,work_bound,12,0.7515070833333333,0.76654,30.030923547072693
cant.mtx,128,CombBLAS-sampled,wall,work_prefix,12,0.079653,0.0798435,11.171747903362801
cant.mtx,128,DCSC-control,wall,native_call_and_free,12,60.560870333333334,60.664431500000006,2.2839874329971743
cant.mtx,128,DCSC-control,wall,total,12,60.56134466666667,60.6651125,2.283931029520155
cant.mtx,128,DCSC-dense-lookup,wall,native_call_and_free,12,55.006104916666665,55.01943,7.331235213147648
cant.mtx,128,DCSC-dense-lookup,wall,total,12,55.006591,55.019955499999995,7.331119756517311
cant.mtx,128,DCSC-dense-static,wall,native_call_and_free,12,44.263461166666666,43.960935,2.0433651948968645
cant.mtx,128,DCSC-dense-static,wall,total,12,44.26404975,43.961425999999996,2.043456290580123
cant.mtx,128,DCSC-profile,wall,lookup_build,12,0.9058556666666666,0.8999864999999999,6.725676162023081
cant.mtx,128,DCSC-profile,wall,numeric,12,26.745957,26.3766695,2.231005147879628
cant.mtx,128,DCSC-profile,wall,output_allocate,12,21.638398833333333,21.417513,2.331919335383912
cant.mtx,128,DCSC-profile,wall,output_free,12,0.0014569166666666667,0.001493,13.925797645531908
cant.mtx,128,DCSC-profile,wall,prefix_numeric_capacity,12,1.6493171666666668,1.640381,1.2941453935020797
cant.mtx,128,DCSC-profile,wall,return_cleanup,12,0.0013298333333333333,0.0013325,15.883208303587736
cant.mtx,128,DCSC-profile,wall,scratch_setup,12,0.20668483333333332,0.18629250000000003,16.581881679298917
cant.mtx,128,DCSC-profile,wall,symbolic,12,8.348003833333333,8.151149,3.7845379434888677
cant.mtx,128,DCSC-profile,wall,symbolic_capacity,12,0.3538720833333333,0.336094,9.765692985404824
cant.mtx,128,DCSC-profile,wall,total,12,61.345677916666666,60.4425305,2.276293687539591
cant.mtx,128,DCSC-profile,wall,validate,12,0.00044325,0.0004355,40.38627457722503
cant.mtx,128,DCSC-profile,wall,work_bound,12,1.49427425,1.4927529999999998,4.50932405138101
cant.mtx,128,DCSC-sampled,sampled_worker,alloc_init,12,6.036362166666667,6.015849499999999,1.8658940609933816
cant.mtx,128,DCSC-sampled,sampled_worker,compact,12,7.04861875,7.028549999999998,2.0104561267525716
cant.mtx,128,DCSC-sampled,sampled_worker,lookup,12,0.0,0.0,0
cant.mtx,128,DCSC-sampled,sampled_worker,lookup_multiply_hash,12,356.92598083333326,355.80648599999995,1.1880498600925222
cant.mtx,128,DCSC-sampled,sampled_worker,scratch_free,12,11.852071750000002,11.903204500000003,2.100144181947193
cant.mtx,128,DCSC-sampled,sampled_worker,sort,12,48.7473795,48.768308499999996,0.4064993407004977
cant.mtx,128,DCSC-sampled,sampled_worker,write,12,51.349344416666675,51.24722499999999,1.7281616828101412
cant.mtx,128,DCSC-sampled,wall,lookup_build,12,0.8531364166666666,0.8494395,1.3470762363634672
cant.mtx,128,DCSC-sampled,wall,numeric,12,27.517145666666668,27.548632,0.6798249892102193
cant.mtx,128,DCSC-sampled,wall,output_allocate,12,22.161278499999998,22.1608585,0.7197683959953537
cant.mtx,128,DCSC-sampled,wall,output_free,12,0.0013534166666666668,0.0013775,14.802437356477585
cant.mtx,128,DCSC-sampled,wall,prefix_numeric_capacity,12,1.6681161666666666,1.6544634999999999,1.7758367522971932
cant.mtx,128,DCSC-sampled,wall,return_cleanup,12,0.0015680833333333334,0.0015429999999999999,18.03574081800401
cant.mtx,128,DCSC-sampled,wall,scratch_setup,12,0.18465491666666667,0.1791685,7.047851294993954
cant.mtx,128,DCSC-sampled,wall,symbolic,12,8.748084333333333,8.769694999999999,0.6257578986183229
cant.mtx,128,DCSC-sampled,wall,symbolic_capacity,12,0.36889316666666666,0.347466,11.179436286564588
cant.mtx,128,DCSC-sampled,wall,total,12,63.075306250000004,63.14233350000001,0.4045281559196164
cant.mtx,128,DCSC-sampled,wall,validate,12,0.00031966666666666667,0.00025550000000000003,46.01524382875287
cant.mtx,128,DCSC-sampled,wall,work_bound,12,1.5706749166666667,1.578357,2.2387702199454074
cant.mtx,128,DCSC-static,wall,native_call_and_free,12,43.70235916666667,44.1511845,2.7385319682163627
cant.mtx,128,DCSC-static,wall,total,12,43.70292691666667,44.1518065,2.738510498131818
ecology1.mtx,1,CSC-control,wall,native_call_and_free,12,248.06676841666666,248.08993500000003,0.33587014505158597
ecology1.mtx,1,CSC-control,wall,total,12,248.06711908333335,248.090226,0.3358788064072099
ecology1.mtx,1,CSC-profile,wall,lookup_build,12,3.591666666666667e-05,4e-05,13.98862208351078
ecology1.mtx,1,CSC-profile,wall,numeric,12,170.19562183333335,169.913128,0.7566272445500786
ecology1.mtx,1,CSC-profile,wall,output_allocate,12,10.827362583333333,10.812006999999998,0.5042514313830022
ecology1.mtx,1,CSC-profile,wall,output_free,12,0.0008933333333333334,0.000787,23.329655071333192
ecology1.mtx,1,CSC-profile,wall,prefix_numeric_capacity,12,2.3946370833333335,2.3851845,1.30796475646424
ecology1.mtx,1,CSC-profile,wall,return_cleanup,12,0.0013886666666666667,0.0014375,13.25511987599745
ecology1.mtx,1,CSC-profile,wall,scratch_setup,12,1.2736789166666667,1.2652765000000001,3.0187531956512315
ecology1.mtx,1,CSC-profile,wall,symbolic,12,57.98180633333333,57.7723425,1.6490278912761278
ecology1.mtx,1,CSC-profile,wall,symbolic_capacity,12,2.581025416666667,2.3907399999999996,17.056347106439304
ecology1.mtx,1,CSC-profile,wall,total,12,252.7912105833333,252.77678500000002,0.5954794108861335
ecology1.mtx,1,CSC-profile,wall,validate,12,0.0006003333333333333,0.0005259999999999999,20.946691680381758
ecology1.mtx,1,CSC-profile,wall,work_bound,12,7.534100166666667,7.517879499999999,0.7223669932615957
ecology1.mtx,1,CombBLAS-control,wall,native_call_and_free,12,369.32164766666665,368.9501895,0.36371824160984373
ecology1.mtx,1,CombBLAS-control,wall,total,12,369.32219991666665,368.95072500000003,0.3637159354114656
ecology1.mtx,1,CombBLAS-conversion,wall,dcsc_free,12,0.0031094166666666666,0.0030105,15.183967965846964
ecology1.mtx,1,CombBLAS-conversion,wall,native_call,12,369.3298505,369.34793249999996,0.240543186906368
ecology1.mtx,1,CombBLAS-conversion,wall,output_free,12,0.0007129166666666667,0.0006364999999999999,28.474372335519547
ecology1.mtx,1,CombBLAS-conversion,wall,total,12,415.8783619166667,415.893562,0.2143762265479055
ecology1.mtx,1,CombBLAS-conversion,wall,tuple_to_dcsc,12,46.54462383333333,46.542719,0.13393158759965065
ecology1.mtx,1,CombBLAS-profile,wall,internal_cleanup,12,0.0031735833333333334,0.003146,9.890435203106112
ecology1.mtx,1,CombBLAS-profile,wall,lookup_build,12,0.7780880833333333,0.7725515,1.949643424338324
ecology1.mtx,1,CombBLAS-profile,wall,numeric,12,226.53616025,226.837713,0.4041759585998789
ecology1.mtx,1,CombBLAS-profile,wall,numeric_scratch_setup,12,2.4949811666666664,2.4894095,1.824279724355682
ecology1.mtx,1,CombBLAS-profile,wall,output_allocate,12,15.90045775,15.8668825,0.6078631267996603
ecology1.mtx,1,CombBLAS-profile,wall,output_free,12,0.00045675,0.0004860000000000001,29.188394944564735
ecology1.mtx,1,CombBLAS-profile,wall,output_prefix,12,0.5219735,0.5204785,2.0384390010239173
ecology1.mtx,1,CombBLAS-profile,wall,return_cleanup,12,0.0005843333333333334,0.0005465,16.363235622953287
ecology1.mtx,1,CombBLAS-profile,wall,symbolic,12,90.69498866666667,90.7639405,0.860957139141779
ecology1.mtx,1,CombBLAS-profile,wall,thread_setup,12,0.0035910833333333337,0.0036165,11.885292059760172
ecology1.mtx,1,CombBLAS-profile,wall,total,12,383.34243200000003,383.4481365,0.23626276726432732
ecology1.mtx,1,CombBLAS-profile,wall,work_bound,12,45.8717375,45.8307585,0.22142874886142333
ecology1.mtx,1,CombBLAS-profile,wall,work_prefix,12,0.5361749166666666,0.5341144999999999,0.9428815709434644
ecology1.mtx,1,CombBLAS-sampled,sampled_worker,alloc_init,12,0.4105029999999356,0.4099799999999355,0.4167154007317405
ecology1.mtx,1,CombBLAS-sampled,sampled_worker,compact,12,0.384207999999958,0.38267149999996,1.4223072222427924
ecology1.mtx,1,CombBLAS-sampled,sampled_worker,lookup,12,0.6265287500000402,0.605478000000041,7.763431302741519
ecology1.mtx,1,CombBLAS-sampled,sampled_worker,lookup_multiply_hash,12,0.800778833333315,0.7789864999999888,5.9229344584160355
ecology1.mtx,1,CombBLAS-sampled,sampled_worker,scratch_free,12,0.3193995833333229,0.3193859999999898,0.10148126887182257
ecology1.mtx,1,CombBLAS-sampled,sampled_worker,sort,12,0.5914705833333594,0.5900640000000265,1.3622737970206527
ecology1.mtx,1,CombBLAS-sampled,sampled_worker,write,12,0.33120899999998377,0.33148999999998346,0.24725026675545825
ecology1.mtx,1,CombBLAS-sampled,wall,internal_cleanup,12,0.002944916666666667,0.0028905,8.876915220534526
ecology1.mtx,1,CombBLAS-sampled,wall,lookup_build,12,0.7734818333333333,0.7721205,1.239699360139303
ecology1.mtx,1,CombBLAS-sampled,wall,numeric,12,231.91385208333335,231.77640150000002,0.6728025944716459
ecology1.mtx,1,CombBLAS-sampled,wall,numeric_scratch_setup,12,2.5052500833333333,2.4850410000000003,2.524474677424266
ecology1.mtx,1,CombBLAS-sampled,wall,output_allocate,12,16.025687916666666,16.028231499999997,1.2234560838753
ecology1.mtx,1,CombBLAS-sampled,wall,output_free,12,0.00052025,0.0004965,28.54781167458045
ecology1.mtx,1,CombBLAS-sampled,wall,output_prefix,12,0.5186431666666667,0.5176179999999999,0.8596600626285141
ecology1.mtx,1,CombBLAS-sampled,wall,return_cleanup,12,0.0005644166666666666,0.000541,14.54563146112412
ecology1.mtx,1,CombBLAS-sampled,wall,symbolic,12,90.17952375,90.1917375,0.3397180306778117
ecology1.mtx,1,CombBLAS-sampled,wall,thread_setup,12,0.005439416666666667,0.005666,30.37842982810369
ecology1.mtx,1,CombBLAS-sampled,wall,total,12,388.22282458333336,388.3536105,0.4068239981631759
ecology1.mtx,1,CombBLAS-sampled,wall,work_bound,12,45.76324291666667,45.733787,0.1805655004714006
ecology1.mtx,1,CombBLAS-sampled,wall,work_prefix,12,0.53361375,0.5316705,0.9059084361047692
ecology1.mtx,1,DCSC-control,wall,native_call_and_free,12,372.1448035,372.208369,0.24001462245277022
ecology1.mtx,1,DCSC-control,wall,total,12,372.1451584166667,372.2088845,0.24001124259040027
ecology1.mtx,1,DCSC-dense-lookup,wall,native_call_and_free,12,256.15302583333334,255.9169415,0.3628341821941711
ecology1.mtx,1,DCSC-dense-lookup,wall,total,12,256.1533150833333,255.91721300000003,0.36283487977243506
ecology1.mtx,1,DCSC-dense-static,wall,native_call_and_free,12,254.71008608333335,254.83895450000006,0.4244040639021897
ecology1.mtx,1,DCSC-dense-static,wall,total,12,254.7103539166667,254.83923,0.4244004793913407
ecology1.mtx,1,DCSC-profile,wall,lookup_build,12,13.921596666666666,13.8887435,0.5043061030796386
ecology1.mtx,1,DCSC-profile,wall,numeric,12,202.44436308333331,202.72594700000002,0.5072034863482296
ecology1.mtx,1,DCSC-profile,wall,output_allocate,12,12.085472416666667,12.060266,0.5193402415861781
ecology1.mtx,1,DCSC-profile,wall,output_free,12,0.0007789166666666667,0.0007665,14.091650123313983
ecology1.mtx,1,DCSC-profile,wall,prefix_numeric_capacity,12,2.384379,2.383236,0.23383820888994306
ecology1.mtx,1,DCSC-profile,wall,return_cleanup,12,0.0022110000000000003,0.0022299999999999998,7.840706063492076
ecology1.mtx,1,DCSC-profile,wall,scratch_setup,12,1.3064248333333333,1.2935055000000002,3.1272847903449508
ecology1.mtx,1,DCSC-profile,wall,symbolic,12,94.1642815,94.1680085,0.11034840070380748
ecology1.mtx,1,DCSC-profile,wall,symbolic_capacity,12,2.1890555833333334,2.1850565,0.6977662618786253
ecology1.mtx,1,DCSC-profile,wall,total,12,365.8065701666667,366.050979,0.2555311809252099
ecology1.mtx,1,DCSC-profile,wall,validate,12,0.00029725,0.0002705,26.421109604272445
ecology1.mtx,1,DCSC-profile,wall,work_bound,12,37.30763825,37.314875,0.24202224171841433
ecology1.mtx,1,DCSC-sampled,sampled_worker,alloc_init,12,0.3187967499999906,0.3186294999999905,0.20135955339939637
ecology1.mtx,1,DCSC-sampled,sampled_worker,compact,12,0.3931111666666223,0.39211149999995526,1.2849601627394271
ecology1.mtx,1,DCSC-sampled,sampled_worker,lookup,12,0.0,0.0,0
ecology1.mtx,1,DCSC-sampled,sampled_worker,lookup_multiply_hash,12,1.0447704166666938,1.0441405000000303,0.23433926563810298
ecology1.mtx,1,DCSC-sampled,sampled_worker,scratch_free,12,0.3171136666666585,0.3165639999999926,0.5931898948318829
ecology1.mtx,1,DCSC-sampled,sampled_worker,sort,12,0.5992207500000314,0.5882310000000339,5.329021174360959
ecology1.mtx,1,DCSC-sampled,sampled_worker,write,12,0.3423500833333098,0.3409604999999772,1.4244600074534577
ecology1.mtx,1,DCSC-sampled,wall,lookup_build,12,13.905602416666666,13.898201499999999,0.19467036650180697
ecology1.mtx,1,DCSC-sampled,wall,numeric,12,204.89234925,204.851559,0.39758848064879226
ecology1.mtx,1,DCSC-sampled,wall,output_allocate,12,12.056188583333334,12.0551765,0.20610496302568454
ecology1.mtx,1,DCSC-sampled,wall,output_free,12,0.00076375,0.0007565,9.678726030222991
ecology1.mtx,1,DCSC-sampled,wall,prefix_numeric_capacity,12,2.3913300833333335,2.3840980000000003,0.7298083851852452
ecology1.mtx,1,DCSC-sampled,wall,return_cleanup,12,0.0020005,0.0019085,11.720790414898095
ecology1.mtx,1,DCSC-sampled,wall,scratch_setup,12,1.2956994166666667,1.291888,0.8202552218702351
ecology1.mtx,1,DCSC-sampled,wall,symbolic,12,94.17787766666666,94.13550149999999,0.17011457666610333
ecology1.mtx,1,DCSC-sampled,wall,symbolic_capacity,12,2.1928424166666667,2.189209,0.5364972930076283
ecology1.mtx,1,DCSC-sampled,wall,total,12,368.22712683333333,368.105665,0.22764084019033182
ecology1.mtx,1,DCSC-sampled,wall,validate,12,0.00031558333333333335,0.0002755,29.290512703961713
ecology1.mtx,1,DCSC-sampled,wall,work_bound,12,37.31208616666667,37.253081,0.28318861067076445
ecology1.mtx,1,DCSC-static,wall,native_call_and_free,12,369.40914425,369.7376455,0.1779578815200541
ecology1.mtx,1,DCSC-static,wall,total,12,369.4095050833334,369.73794100000003,0.1779558395546187
ecology1.mtx,16,CSC-control,wall,native_call_and_free,12,42.40966991666667,42.391076,0.3705921300843983
ecology1.mtx,16,CSC-control,wall,total,12,42.4098785,42.3912365,0.37037925609576894
ecology1.mtx,16,CSC-profile,wall,lookup_build,12,5.5083333333333335e-05,4e-05,101.6896940377539
ecology1.mtx,16,CSC-profile,wall,numeric,12,15.208458333333335,15.202849500000001,0.09773527158649112
ecology1.mtx,16,CSC-profile,wall,output_allocate,12,11.027887166666666,11.034308,0.5836628375900121
ecology1.mtx,16,CSC-profile,wall,output_free,12,0.0011356666666666666,0.0011374999999999998,19.018215890875574
ecology1.mtx,16,CSC-profile,wall,prefix_numeric_capacity,12,5.208268666666666,5.1941820000000005,0.9593881057074325
ecology1.mtx,16,CSC-profile,wall,return_cleanup,12,0.0027608333333333335,0.00275,15.919665123852328
ecology1.mtx,16,CSC-profile,wall,scratch_setup,12,1.407305,1.386259,4.802556036246083
ecology1.mtx,16,CSC-profile,wall,symbolic,12,4.58164325,4.5818330000000005,0.3162942453521734
ecology1.mtx,16,CSC-profile,wall,symbolic_capacity,12,2.61450725,2.5923524999999996,4.263914575111622
ecology1.mtx,16,CSC-profile,wall,total,12,42.52579516666666,42.4815345,0.4757645246063889
ecology1.mtx,16,CSC-profile,wall,validate,12,0.0006554166666666667,0.000626,24.35980271761885
ecology1.mtx,16,CSC-profile,wall,work_bound,12,2.4730608333333333,2.4774565,6.02809313396511
ecology1.mtx,16,CombBLAS-control,wall,native_call_and_free,12,47.82413233333333,47.871648,0.6717451441395876
ecology1.mtx,16,CombBLAS-control,wall,total,12,47.82486383333333,47.872269,0.6714636469336869
ecology1.mtx,16,CombBLAS-conversion,wall,dcsc_free,12,0.0028696666666666666,0.0027405000000000003,22.472075993952355
ecology1.mtx,16,CombBLAS-conversion,wall,native_call,12,47.82068725,47.89397,0.4975357743356419
ecology1.mtx,16,CombBLAS-conversion,wall,output_free,12,0.0006303333333333333,0.0006309999999999999,8.550313321494047
ecology1.mtx,16,CombBLAS-conversion,wall,total,12,96.48244458333335,96.501289,0.24744886358323803
ecology1.mtx,16,CombBLAS-conversion,wall,tuple_to_dcsc,12,48.65819366666667,48.636274,0.2751043757546525
ecology1.mtx,16,CombBLAS-profile,wall,internal_cleanup,12,0.003161916666666667,0.003141,9.154218033452462
ecology1.mtx,16,CombBLAS-profile,wall,lookup_build,12,0.8379364166666666,0.7785190000000001,13.877480015853035
ecology1.mtx,16,CombBLAS-profile,wall,numeric,12,16.00012966666667,15.979719,0.6512582313183103
ecology1.mtx,16,CombBLAS-profile,wall,numeric_scratch_setup,12,3.0315513333333337,3.048402,1.574597078853932
ecology1.mtx,16,CombBLAS-profile,wall,output_allocate,12,16.663971333333333,16.733149,0.9306770910881019
ecology1.mtx,16,CombBLAS-profile,wall,output_free,12,0.0006929999999999999,0.000651,12.095703707595936
ecology1.mtx,16,CombBLAS-profile,wall,output_prefix,12,0.15204825,0.1515005,1.6566476978096438
ecology1.mtx,16,CombBLAS-profile,wall,return_cleanup,12,0.002889,0.002891,4.943229385575957
ecology1.mtx,16,CombBLAS-profile,wall,symbolic,12,7.1848095,7.186629,1.531977823993955
ecology1.mtx,16,CombBLAS-profile,wall,thread_setup,12,0.009493916666666668,0.0096135,7.204311211226718
ecology1.mtx,16,CombBLAS-profile,wall,total,12,47.88747791666666,47.912776,0.4032602185628507
ecology1.mtx,16,CombBLAS-profile,wall,work_bound,12,3.778508083333333,3.7646205,0.8448506704414102
ecology1.mtx,16,CombBLAS-profile,wall,work_prefix,12,0.22222633333333333,0.2212695,1.469144893791176
ecology1.mtx,16,CombBLAS-sampled,sampled_worker,alloc_init,12,0.42190608333333546,0.4208445000000021,0.9593527108318513
ecology1.mtx,16,CombBLAS-sampled,sampled_worker,compact,12,0.3859704166666664,0.38521199999999967,1.2481896006074016
ecology1.mtx,16,CombBLAS-sampled,sampled_worker,lookup,12,0.6850041666666644,0.6727699999999979,4.927058939475023
ecology1.mtx,16,CombBLAS-sampled,sampled_worker,lookup_multiply_hash,12,0.824217916666671,0.8218885000000045,1.1493586633790294
ecology1.mtx,16,CombBLAS-sampled,sampled_worker,scratch_free,12,0.327707499999998,0.327961499999998,0.2914843496203954
ecology1.mtx,16,CombBLAS-sampled,sampled_worker,sort,12,0.6098788333333329,0.6049154999999996,1.8397761592811614
ecology1.mtx,16,CombBLAS-sampled,sampled_worker,write,12,0.3514389999999978,0.3516029999999978,0.5975769137743788
ecology1.mtx,16,CombBLAS-sampled,wall,internal_cleanup,12,0.00327825,0.003297,8.948794621537262
ecology1.mtx,16,CombBLAS-sampled,wall,lookup_build,12,0.8749306666666666,0.8615575,10.79836020856139
ecology1.mtx,16,CombBLAS-sampled,wall,numeric,12,16.100947166666668,16.1133605,0.5201303155208786
ecology1.mtx,16,CombBLAS-sampled,wall,numeric_scratch_setup,12,3.0337905833333334,3.045547,1.3123928321873841
ecology1.mtx,16,CombBLAS-sampled,wall,output_allocate,12,16.58106925,16.6114805,0.8800033082093051
ecology1.mtx,16,CombBLAS-sampled,wall,output_free,12,0.0007046666666666667,0.0006270000000000001,26.79341699652533
ecology1.mtx,16,CombBLAS-sampled,wall,output_prefix,12,0.14579783333333332,0.1447675,6.241721989980186
ecology1.mtx,16,CombBLAS-sampled,wall,return_cleanup,12,0.002913666666666667,0.002915,7.296927436820912
ecology1.mtx,16,CombBLAS-sampled,wall,symbolic,12,7.159056083333334,7.1136645000000005,2.2804578009588017
ecology1.mtx,16,CombBLAS-sampled,wall,thread_setup,12,0.011100416666666666,0.010986,12.896527436312494
ecology1.mtx,16,CombBLAS-sampled,wall,total,12,47.85974541666667,47.8375475,0.4176192879779889
ecology1.mtx,16,CombBLAS-sampled,wall,work_bound,12,3.775433833333333,3.776263,1.2593549723734199
ecology1.mtx,16,CombBLAS-sampled,wall,work_prefix,12,0.1706605,0.17191450000000003,30.308345516719957
ecology1.mtx,16,DCSC-control,wall,native_call_and_free,12,61.84974683333333,61.8365825,0.22201940468050244
ecology1.mtx,16,DCSC-control,wall,total,12,61.84993608333333,61.8367675,0.22192381817572315
ecology1.mtx,16,DCSC-dense-lookup,wall,native_call_and_free,12,43.625852583333334,43.5924755,1.3924126395334036
ecology1.mtx,16,DCSC-dense-lookup,wall,total,12,43.62597258333333,43.59265549999999,1.3923860126412733
ecology1.mtx,16,DCSC-dense-static,wall,native_call_and_free,12,41.694355333333334,41.680798,0.4842869402174073
ecology1.mtx,16,DCSC-dense-static,wall,total,12,41.694561666666665,41.6809685,0.4843095605389835
ecology1.mtx,16,DCSC-profile,wall,lookup_build,12,13.92330975,13.908757000000001,0.3206706991293649
ecology1.mtx,16,DCSC-profile,wall,numeric,12,16.26565833333333,16.2383505,0.4504752932710745
ecology1.mtx,16,DCSC-profile,wall,output_allocate,12,12.278521833333333,12.261968,0.40215665095979714
ecology1.mtx,16,DCSC-profile,wall,output_free,12,0.0008875833333333334,0.0008715000000000001,13.959798110913244
ecology1.mtx,16,DCSC-profile,wall,prefix_numeric_capacity,12,4.727246916666667,4.753948,1.5626474882931365
ecology1.mtx,16,DCSC-profile,wall,return_cleanup,12,0.0025772499999999997,0.0022839999999999996,22.685720427279872
ecology1.mtx,16,DCSC-profile,wall,scratch_setup,12,1.4323356666666667,1.4396309999999999,4.289057353894881
ecology1.mtx,16,DCSC-profile,wall,symbolic,12,6.9986809999999995,6.9980825,0.3048601095793227
ecology1.mtx,16,DCSC-profile,wall,symbolic_capacity,12,2.3806441666666665,2.306834,11.789767383584971
ecology1.mtx,16,DCSC-profile,wall,total,12,61.676080166666665,61.615849,0.5051419206700218
ecology1.mtx,16,DCSC-profile,wall,validate,12,0.00037491666666666663,0.00031600000000000004,34.11598513138794
ecology1.mtx,16,DCSC-profile,wall,work_bound,12,3.6657800833333334,3.5641255000000003,3.9049506229586526
ecology1.mtx,16,DCSC-sampled,sampled_worker,alloc_init,12,0.34370649999999836,0.3438399999999984,0.6685521326556441
ecology1.mtx,16,DCSC-sampled,sampled_worker,compact,12,0.40291016666666685,0.3968315000000001,2.7289259643519146
ecology1.mtx,16,DCSC-sampled,sampled_worker,lookup,12,0.0,0.0,0
ecology1.mtx,16,DCSC-sampled,sampled_worker,lookup_multiply_hash,12,1.409925833333337,1.4026660000000037,2.012913547375387
ecology1.mtx,16,DCSC-sampled,sampled_worker,scratch_free,12,0.3529609999999983,0.35108199999999834,2.3052776943636704
ecology1.mtx,16,DCSC-sampled,sampled_worker,sort,12,0.6073630833333326,0.6077194999999993,0.46639934960901686
ecology1.mtx,16,DCSC-sampled,sampled_worker,write,12,0.36647558333333113,0.36475249999999776,2.329502426555074
ecology1.mtx,16,DCSC-sampled,wall,lookup_build,12,13.913212750000001,13.9112315,0.0991955952760869
ecology1.mtx,16,DCSC-sampled,wall,numeric,12,16.27609233333333,16.275170499999998,0.14476559131526248
ecology1.mtx,16,DCSC-sampled,wall,output_allocate,12,12.367312916666666,12.352883,0.6746940548747669
ecology1.mtx,16,DCSC-sampled,wall,output_free,12,0.001011,0.000912,21.324190822445583
ecology1.mtx,16,DCSC-sampled,wall,prefix_numeric_capacity,12,4.779553083333333,4.7718275,1.629379706245907
ecology1.mtx,16,DCSC-sampled,wall,return_cleanup,12,0.003069333333333333,0.002705,27.171384084141206
ecology1.mtx,16,DCSC-sampled,wall,scratch_setup,12,1.3541065,1.343297,1.4687635230917728
ecology1.mtx,16,DCSC-sampled,wall,symbolic,12,7.005959833333333,7.014594,0.3678191417856567
ecology1.mtx,16,DCSC-sampled,wall,symbolic_capacity,12,2.434595416666667,2.3350885,12.129082483576356
ecology1.mtx,16,DCSC-sampled,wall,total,12,61.98298816666667,61.8773955,0.5286349944510402
ecology1.mtx,16,DCSC-sampled,wall,validate,12,0.00027225000000000003,0.0002755,4.91226336169036
ecology1.mtx,16,DCSC-sampled,wall,work_bound,12,3.8477373333333333,3.853406,0.4284401329130606
ecology1.mtx,16,DCSC-static,wall,native_call_and_free,12,58.939045416666666,58.958562,0.2739056026174986
ecology1.mtx,16,DCSC-static,wall,total,12,58.93934541666666,58.958913,0.2739023351756057
ecology1.mtx,128,CSC-control,wall,native_call_and_free,12,60.62082475,59.337354,4.018322687793942
ecology1.mtx,128,CSC-control,wall,total,12,60.62105916666666,59.337469000000006,4.01841516463827
ecology1.mtx,128,CSC-profile,wall,lookup_build,12,4.908333333333333e-05,3.0500000000000003e-05,105.42664887239981
ecology1.mtx,128,CSC-profile,wall,numeric,12,15.010406416666667,14.904426,1.983011861727241
ecology1.mtx,128,CSC-profile,wall,output_allocate,12,17.06144875,16.9582455,2.2691384101863945
ecology1.mtx,128,CSC-profile,wall,output_free,12,0.001471,0.0015425,24.381216286027072
ecology1.mtx,128,CSC-profile,wall,prefix_numeric_capacity,12,12.4254245,12.2267255,5.288166100466566
ecology1.mtx,128,CSC-profile,wall,return_cleanup,12,0.005432916666666667,0.004995,24.793583907096075
ecology1.mtx,128,CSC-profile,wall,scratch_setup,12,4.404790916666666,3.8925959999999997,38.71274490505301
ecology1.mtx,128,CSC-profile,wall,symbolic,12,5.627223,5.701490499999999,2.6056595163702583
ecology1.mtx,128,CSC-profile,wall,symbolic_capacity,12,3.2667623333333333,3.2297350000000002,14.036411315980262
ecology1.mtx,128,CSC-profile,wall,total,12,60.63962541666667,59.95225799999999,4.359683152809596
ecology1.mtx,128,CSC-profile,wall,validate,12,0.0007765,0.0008165,34.40232035437733
ecology1.mtx,128,CSC-profile,wall,work_bound,12,2.835776416666667,2.8492695,3.8754402968451074
ecology1.mtx,128,CombBLAS-control,wall,native_call_and_free,12,47.97620658333334,48.3647635,2.87507021168397
ecology1.mtx,128,CombBLAS-control,wall,total,12,47.97702816666666,48.365365,2.8749680151750394
ecology1.mtx,128,CombBLAS-conversion,wall,dcsc_free,12,0.002655,0.0026855,11.916931532596172
ecology1.mtx,128,CombBLAS-conversion,wall,native_call,12,43.119065666666664,41.982968,7.708886508241233
ecology1.mtx,128,CombBLAS-conversion,wall,output_free,12,0.000719,0.0006810000000000001,17.30058192478025
ecology1.mtx,128,CombBLAS-conversion,wall,total,12,119.28109725,115.64692,11.09459097750433
ecology1.mtx,128,CombBLAS-conversion,wall,tuple_to_dcsc,12,76.15859091666667,70.1355745,16.549298727251568
ecology1.mtx,128,CombBLAS-profile,wall,internal_cleanup,12,0.005180833333333333,0.005265,16.92888978495349
ecology1.mtx,128,CombBLAS-profile,wall,lookup_build,12,1.7042548333333334,1.7187320000000001,12.026589270005791
ecology1.mtx,128,CombBLAS-profile,wall,numeric,12,8.805201833333333,8.8721925,6.431980566993943
ecology1.mtx,128,CombBLAS-profile,wall,numeric_scratch_setup,12,4.351936,4.338461,1.660479862757824
ecology1.mtx,128,CombBLAS-profile,wall,output_allocate,12,28.251587416666666,28.3177335,3.927696988187175
ecology1.mtx,128,CombBLAS-profile,wall,output_free,12,0.0008407499999999999,0.000792,34.08677022795606
ecology1.mtx,128,CombBLAS-profile,wall,output_prefix,12,0.32377416666666664,0.32450199999999996,2.583670575247844
ecology1.mtx,128,CombBLAS-profile,wall,return_cleanup,12,0.02422475,0.024061,4.166012245295475
ecology1.mtx,128,CombBLAS-profile,wall,symbolic,12,3.0825339166666668,3.064082,3.5407847948952904
ecology1.mtx,128,CombBLAS-profile,wall,thread_setup,12,0.06012766666666667,0.058136,8.247943079550616
ecology1.mtx,128,CombBLAS-profile,wall,total,12,49.69851233333333,49.7114115,1.5652854190761971
ecology1.mtx,128,CombBLAS-profile,wall,work_bound,12,2.4148992500000004,2.4219060000000003,5.424684369698299
ecology1.mtx,128,CombBLAS-profile,wall,work_prefix,12,0.6738900833333333,0.6753705,1.4326403968790178
ecology1.mtx,128,CombBLAS-sampled,sampled_worker,alloc_init,12,1.647421916666667,1.6341635000000003,20.18079410537196
ecology1.mtx,128,CombBLAS-sampled,sampled_worker,compact,12,0.40915316666666657,0.40872649999999994,2.7228307587048994
ecology1.mtx,128,CombBLAS-sampled,sampled_worker,lookup,12,2.2603442499999997,2.2468434999999998,10.244663758257344
ecology1.mtx,128,CombBLAS-sampled,sampled_worker,lookup_multiply_hash,12,1.4616450000000007,1.443852000000001,14.061813025252944
ecology1.mtx,128,CombBLAS-sampled,sampled_worker,scratch_free,12,0.8443840833333324,0.802739999999999,13.722200603604046
ecology1.mtx,128,CombBLAS-sampled,sampled_worker,sort,12,1.209619666666666,1.1983294999999998,14.536506040177274
ecology1.mtx,128,CombBLAS-sampled,sampled_worker,write,12,0.6272556666666662,0.6113694999999996,19.433581263897693
ecology1.mtx,128,CombBLAS-sampled,wall,internal_cleanup,12,0.00435425,0.004188,18.952816309001356
ecology1.mtx,128,CombBLAS-sampled,wall,lookup_build,12,1.9491852499999998,1.94989,5.822082549276296
ecology1.mtx,128,CombBLAS-sampled,wall,numeric,12,7.921429000000001,7.9707930000000005,8.72392892111888
ecology1.mtx,128,CombBLAS-sampled,wall,numeric_scratch_setup,12,3.945545,3.979598,9.821250740222085
ecology1.mtx,128,CombBLAS-sampled,wall,output_allocate,12,22.863410083333335,22.8422215,26.603392305598337
ecology1.mtx,128,CombBLAS-sampled,wall,output_free,12,0.00082925,0.000797,33.62075911564492
ecology1.mtx,128,CombBLAS-sampled,wall,output_prefix,12,0.20040116666666666,0.191613,66.04398917799404
ecology1.mtx,128,CombBLAS-sampled,wall,return_cleanup,12,0.023581166666666667,0.023164999999999998,4.2478872494755615
ecology1.mtx,128,CombBLAS-sampled,wall,symbolic,12,2.969781,2.947348,5.296574487169531
ecology1.mtx,128,CombBLAS-sampled,wall,thread_setup,12,0.064791,0.0638525,12.45388779388122
ecology1.mtx,128,CombBLAS-sampled,wall,total,12,42.496155,42.52355,18.350070900628413
ecology1.mtx,128,CombBLAS-sampled,wall,work_bound,12,2.01307275,2.07247,14.24626823496077
ecology1.mtx,128,CombBLAS-sampled,wall,work_prefix,12,0.5397084166666666,0.570379,27.438482063480855
ecology1.mtx,128,DCSC-control,wall,native_call_and_free,12,79.08294325,79.01448950000001,1.707350652205683
ecology1.mtx,128,DCSC-control,wall,total,12,79.08315183333333,79.0145545,1.7074166712690824
ecology1.mtx,128,DCSC-dense-lookup,wall,native_call_and_free,12,59.16947433333333,59.0471765,6.79431627349523
ecology1.mtx,128,DCSC-dense-lookup,wall,total,12,59.16986425,59.047688,6.7941311520475125
ecology1.mtx,128,DCSC-dense-static,wall,native_call_and_free,12,51.81349375,51.4502465,4.196603747654999
ecology1.mtx,128,DCSC-dense-static,wall,total,12,51.81390891666666,51.450697000000005,4.196750209407309
ecology1.mtx,128,DCSC-profile,wall,lookup_build,12,15.244901416666666,15.224656,3.0964097385776443
ecology1.mtx,128,DCSC-profile,wall,numeric,12,16.56678425,16.5165335,1.0352600414789752
ecology1.mtx,128,DCSC-profile,wall,output_allocate,12,18.727281166666668,18.937627499999998,3.595650462304915
ecology1.mtx,128,DCSC-profile,wall,output_free,12,0.0012415000000000002,0.0011070000000000001,32.848028019169476
ecology1.mtx,128,DCSC-profile,wall,prefix_numeric_capacity,12,11.70040825,11.713256500000002,2.226957094132984
ecology1.mtx,128,DCSC-profile,wall,return_cleanup,12,0.006226916666666667,0.006382,27.39276734123468
ecology1.mtx,128,DCSC-profile,wall,scratch_setup,12,2.6255330000000003,2.918337,16.623834621238476
ecology1.mtx,128,DCSC-profile,wall,symbolic,12,7.174351916666667,7.1896445,1.1817437918777847
ecology1.mtx,128,DCSC-profile,wall,symbolic_capacity,12,3.0164046666666664,2.9255560000000003,14.030997344202136
ecology1.mtx,128,DCSC-profile,wall,total,12,79.42726125,79.425738,1.1806697067502436
ecology1.mtx,128,DCSC-profile,wall,validate,12,0.0005160833333333333,0.000441,50.85889318118087
ecology1.mtx,128,DCSC-profile,wall,work_bound,12,4.363550166666666,4.4254025,2.9587625043981656
ecology1.mtx,128,DCSC-sampled,sampled_worker,alloc_init,12,0.7219740833333327,0.6823364999999995,20.79907016581722
ecology1.mtx,128,DCSC-sampled,sampled_worker,compact,12,0.5838563333333332,0.5661289999999998,8.21065015990896
ecology1.mtx,128,DCSC-sampled,sampled_worker,lookup,12,0.0,0.0,0
ecology1.mtx,128,DCSC-sampled,sampled_worker,lookup_multiply_hash,12,125.79042241666666,124.03439900000002,4.295391283715745
ecology1.mtx,128,DCSC-sampled,sampled_worker,scratch_free,12,8.458618833333334,6.946178499999998,42.07684509156454
ecology1.mtx,128,DCSC-sampled,sampled_worker,sort,12,1.9217162499999996,1.9283939999999995,8.94254872656307
ecology1.mtx,128,DCSC-sampled,sampled_worker,write,12,16.67340458333334,16.631593,7.9262350490322016
ecology1.mtx,128,DCSC-sampled,wall,lookup_build,12,14.621776166666667,14.602051500000002,1.0280078159488495
ecology1.mtx,128,DCSC-sampled,wall,numeric,12,16.69828891666667,16.670168,1.3744565975683265
ecology1.mtx,128,DCSC-sampled,wall,output_allocate,12,19.179139666666668,19.0056675,2.1586818780306443
ecology1.mtx,128,DCSC-sampled,wall,output_free,12,0.0013510833333333335,0.0012779999999999998,28.51458891097296
ecology1.mtx,128,DCSC-sampled,wall,prefix_numeric_capacity,12,11.771864,11.737963,3.589330158689297
ecology1.mtx,128,DCSC-sampled,wall,return_cleanup,12,0.00698925,0.007298499999999999,19.96399014969642
ecology1.mtx,128,DCSC-sampled,wall,scratch_setup,12,2.0977759166666665,2.0735520000000003,3.0420600059767393
ecology1.mtx,128,DCSC-sampled,wall,symbolic,12,7.188198750000001,7.190046000000001,0.8651265442563844
ecology1.mtx,128,DCSC-sampled,wall,symbolic_capacity,12,3.0016013333333333,2.837397,14.15523912536852
ecology1.mtx,128,DCSC-sampled,wall,total,12,78.78385791666668,78.671497,1.06087910465113
ecology1.mtx,128,DCSC-sampled,wall,validate,12,0.0003271666666666667,0.000306,30.060742009747557
ecology1.mtx,128,DCSC-sampled,wall,work_bound,12,4.216457916666667,4.1889445,2.4042392192552833
ecology1.mtx,128,DCSC-static,wall,native_call_and_free,12,63.566893666666665,63.89207499999999,5.226041481549254
ecology1.mtx,128,DCSC-static,wall,total,12,63.56737258333334,63.892821000000005,5.22602641216697
